100000
14
25
25
26
36
37
38
42
47
72
79
111
128
137
142
156
170
171
187
207
211
214
218
223
225
226
240
252
257
283
290
294
303
305
313
350
350
355
379
383
393
395
402
402
403
410
425
439
447
447
460
473
485
498
502
505
508
512
513
521
528
565
566
567
572
574
578
584
593
614
636
649
662
662
663
668
683
683
691
723
726
728
743
791
797
810
840
863
871
875
884
885
888
891
892
900
907
921
922
924
928
928
929
943
958
958
963
964
1023
1037
1045
1053
1065
1073
1075
1083
1086
1087
1095
1112
1116
1120
1127
1141
1158
1163
1177
1183
1194
1199
1207
1209
1209
1234
1245
1263
1268
1273
1273
1286
1292
1298
1324
1348
1358
1367
1389
1393
1407
1431
1439
1440
1445
1448
1453
1484
1541
1553
1554
1557
1575
1587
1595
1597
1614
1617
1631
1647
1658
1677
1687
1700
1761
1787
1823
1825
1833
1835
1846
1859
1885
1907
1912
1936
1937
1939
1941
1945
1963
1973
1989
1990
1991
1992
2022
2035
2043
2076
2079
2089
2112
2129
2145
2155
2164
2176
2185
2189
2193
2195
2199
2200
2227
2240
2244
2246
2264
2268
2281
2285
2295
2298
2303
2314
2331
2334
2350
2351
2359
2383
2398
2408
2415
2430
2442
2449
2455
2457
2463
2481
2494
2506
2534
2558
2560
2586
2596
2596
2614
2617
2642
2700
2705
2710
2717
2729
2735
2751
2755
2772
2779
2792
2795
2807
2832
2842
2858
2859
2859
2860
2872
2875
2892
2904
2909
2912
2914
2929
2932
2935
2945
2965
2971
2978
2985
2994
3022
3029
3031
3032
3039
3063
3065
3081
3115
3123
3125
3128
3136
3150
3151
3169
3170
3172
3177
3181
3201
3206
3207
3211
3227
3240
3244
3247
3259
3259
3261
3287
3305
3315
3319
3326
3329
3349
3369
3374
3387
3407
3410
3428
3433
3435
3445
3451
3464
3467
3468
3472
3481
3485
3492
3512
3526
3533
3559
3565
3569
3570
3575
3577
3589
3595
3600
3609
3611
3640
3657
3663
3671
3678
3683
3690
3698
3699
3706
3717
3722
3732
3734
3760
3761
3828
3831
3833
3864
3869
3892
3895
3898
3906
3911
3926
3929
3932
3944
3953
3971
3986
3992
4000
4000
4000
4004
4019
4020
4021
4028
4031
4039
4040
4044
4057
4063
4064
4068
4075
4076
4081
4103
4110
4112
4112
4139
4157
4159
4166
4209
4209
4228
4258
4271
4298
4301
4313
4323
4335
4336
4339
4340
4343
4347
4350
4364
4366
4378
4400
4403
4406
4410
4410
4411
4421
4450
4458
4492
4506
4557
4564
4586
4587
4587
4601
4605
4620
4631
4675
4710
4712
4735
4769
4770
4774
4787
4799
4818
4838
4854
4856
4863
4874
4889
4894
4914
4914
4928
4973
4985
5014
5018
5031
5034
5055
5073
5077
5077
5125
5177
5179
5192
5196
5209
5231
5233
5235
5247
5252
5257
5280
5280
5301
5305
5315
5330
5338
5338
5342
5351
5352
5365
5369
5370
5375
5377
5394
5394
5411
5413
5420
5425
5427
5437
5441
5443
5447
5452
5464
5479
5480
5487
5494
5524
5533
5534
5540
5547
5547
5550
5553
5559
5573
5580
5587
5593
5606
5640
5653
5655
5675
5682
5687
5692
5710
5712
5730
5731
5734
5738
5739
5745
5750
5760
5760
5769
5770
5771
5792
5794
5816
5819
5819
5822
5826
5827
5836
5897
5906
5906
5909
5930
5931
5931
5961
5976
5984
6013
6018
6020
6021
6029
6033
6045
6047
6066
6069
6073
6075
6077
6099
6107
6112
6130
6143
6144
6149
6162
6167
6169
6172
6173
6180
6185
6197
6204
6204
6204
6237
6244
6252
6273
6276
6288
6290
6293
6296
6309
6311
6313
6318
6321
6341
6374
6375
6377
6396
6397
6398
6402
6413
6426
6436
6436
6447
6451
6475
6475
6475
6477
6498
6522
6531
6544
6547
6550
6560
6572
6583
6584
6585
6595
6622
6623
6641
6645
6657
6673
6703
6712
6729
6732
6742
6745
6778
6789
6795
6796
6817
6833
6834
6840
6850
6853
6860
6867
6902
6915
6928
6972
6974
6996
6998
7007
7019
7022
7048
7050
7051
7062
7069
7121
7138
7155
7159
7164
7174
7179
7186
7187
7194
7212
7214
7223
7226
7242
7251
7261
7262
7264
7274
7277
7282
7283
7291
7292
7296
7341
7344
7345
7351
7351
7353
7356
7365
7372
7404
7425
7428
7429
7430
7435
7443
7446
7455
7461
7478
7483
7490
7496
7497
7501
7522
7524
7561
7562
7572
7584
7587
7598
7598
7636
7655
7659
7667
7674
7678
7684
7699
7699
7710
7720
7755
7766
7770
7774
7821
7826
7841
7862
7868
7898
7918
7921
7923
7939
7941
7941
7953
7961
7963
7982
7984
7986
7990
7994
7996
8004
8014
8020
8022
8025
8026
8040
8044
8045
8049
8057
8070
8077
8078
8081
8100
8101
8103
8156
8179
8186
8192
8200
8203
8208
8215
8222
8248
8255
8265
8271
8292
8304
8310
8310
8310
8310
8317
8318
8332
8337
8339
8342
8343
8347
8361
8376
8398
8404
8406
8414
8428
8460
8467
8487
8516
8520
8521
8523
8538
8539
8548
8558
8558
8559
8577
8583
8587
8598
8612
8616
8623
8629
8630
8632
8637
8642
8650
8652
8657
8665
8684
8711
8732
8752
8760
8761
8763
8769
8779
8785
8806
8807
8815
8817
8819
8828
8837
8844
8859
8865
8889
8890
8892
8911
8922
8941
8948
8970
8979
8988
8989
8989
8999
9000
9001
9014
9030
9032
9040
9044
9053
9054
9055
9060
9065
9081
9082
9090
9099
9101
9109
9114
9117
9134
9141
9143
9154
9167
9177
9178
9195
9216
9219
9222
9225
9261
9264
9267
9271
9274
9275
9287
9290
9307
9326
9330
9335
9338
9345
9348
9353
9361
9371
9374
9376
9406
9408
9411
9424
9443
9460
9473
9474
9477
9479
9482
9487
9499
9506
9525
9575
9576
9580
9587
9590
9600
9603
9606
9607
9613
9617
9624
9670
9671
9676
9703
9705
9731
9743
9751
9765
9776
9777
9800
9807
9818
9829
9832
9837
9852
9860
9864
9883
9886
9890
9902
9907
9911
9925
9955
9978
9985
10027
10040
10043
10044
10054
10058
10091
10121
10126
10131
10135
10146
10152
10163
10174
10184
10190
10197
10228
10229
10232
10249
10271
10279
10283
10287
10320
10323
10324
10327
10328
10349
10364
10375
10376
10379
10386
10398
10417
10423
10435
10447
10457
10463
10473
10478
10498
10509
10545
10554
10557
10571
10580
10606
10621
10648
10648
10651
10659
10683
10701
10703
10721
10724
10729
10733
10744
10755
10763
10766
10776
10779
10780
10791
10795
10800
10807
10808
10827
10833
10843
10855
10857
10878
10899
10910
10910
10915
10934
10946
10954
10985
11008
11009
11010
11039
11058
11065
11074
11110
11143
11147
11147
11149
11157
11159
11174
11181
11185
11192
11192
11213
11233
11239
11286
11330
11332
11333
11342
11400
11402
11405
11432
11440
11451
11452
11456
11466
11491
11512
11547
11558
11559
11565
11585
11597
11606
11606
11627
11648
11653
11654
11659
11660
11682
11687
11700
11704
11713
11717
11721
11728
11734
11760
11763
11765
11774
11780
11782
11800
11803
11804
11805
11813
11854
11970
11974
11989
11998
12004
12007
12031
12043
12062
12073
12073
12075
12080
12094
12100
12109
12125
12135
12149
12149
12151
12152
12154
12167
12196
12202
12209
12218
12219
12236
12240
12245
12252
12257
12268
12285
12329
12345
12353
12357
12372
12380
12403
12403
12414
12415
12445
12453
12457
12460
12470
12493
12504
12505
12509
12513
12514
12514
12525
12529
12549
12554
12561
12564
12564
12573
12575
12578
12597
12615
12623
12630
12632
12635
12639
12648
12651
12652
12662
12671
12724
12748
12757
12770
12770
12776
12777
12779
12781
12786
12788
12799
12887
12907
12910
12913
12938
12941
12959
12974
13024
13032
13032
13044
13084
13104
13105
13108
13114
13115
13123
13137
13159
13197
13198
13200
13211
13219
13236
13238
13261
13266
13269
13280
13292
13299
13307
13318
13325
13337
13348
13354
13356
13358
13359
13361
13363
13367
13369
13378
13387
13397
13402
13409
13414
13429
13445
13464
13469
13473
13485
13515
13519
13525
13533
13540
13549
13564
13564
13576
13580
13584
13588
13594
13596
13621
13638
13654
13685
13688
13706
13712
13735
13746
13748
13765
13766
13775
13794
13805
13819
13865
13882
13889
13899
13911
13915
13921
13927
13938
13943
13949
13958
13969
13972
13974
13983
14004
14007
14009
14050
14054
14056
14056
14056
14069
14074
14082
14086
14096
14100
14141
14146
14147
14149
14164
14189
14207
14210
14211
14216
14221
14231
14275
14282
14284
14286
14296
14313
14337
14343
14347
14356
14356
14361
14367
14368
14389
14400
14403
14406
14413
14422
14427
14429
14451
14462
14464
14465
14465
14465
14467
14486
14497
14505
14514
14530
14533
14539
14541
14550
14553
14562
14567
14579
14583
14603
14618
14621
14621
14633
14643
14649
14661
14666
14672
14694
14694
14694
14695
14696
14718
14724
14725
14732
14734
14735
14737
14777
14790
14806
14816
14845
14850
14856
14862
14865
14887
14900
14906
14912
14929
14929
14968
14974
14975
14980
14984
14995
15001
15009
15011
15019
15020
15026
15027
15033
15035
15037
15039
15043
15050
15075
15088
15105
15107
15112
15116
15116
15122
15143
15148
15166
15196
15196
15198
15215
15219
15221
15228
15231
15256
15260
15308
15311
15313
15319
15343
15349
15358
15358
15368
15377
15384
15394
15405
15408
15409
15429
15432
15445
15445
15486
15512
15517
15529
15529
15543
15544
15577
15591
15591
15607
15610
15615
15618
15622
15624
15642
15650
15650
15657
15670
15679
15692
15706
15707
15710
15719
15723
15731
15739
15740
15741
15746
15760
15778
15781
15784
15786
15793
15798
15809
15825
15830
15831
15838
15839
15844
15844
15854
15876
15882
15885
15888
15898
15914
15918
15939
15982
15991
15992
15994
16013
16021
16024
16026
16028
16029
16034
16034
16038
16045
16052
16063
16071
16073
16073
16083
16085
16091
16093
16095
16102
16115
16120
16135
16143
16167
16169
16176
16194
16197
16202
16208
16215
16222
16261
16261
16262
16271
16272
16274
16299
16303
16304
16307
16316
16323
16329
16334
16340
16351
16354
16367
16385
16391
16397
16420
16430
16440
16447
16450
16459
16462
16473
16475
16480
16487
16496
16520
16524
16552
16561
16565
16580
16589
16589
16597
16603
16608
16610
16611
16623
16634
16641
16683
16684
16696
16713
16730
16751
16751
16752
16767
16771
16772
16773
16775
16783
16794
16799
16829
16831
16839
16839
16862
16867
16869
16890
16892
16894
16904
16918
16952
16957
16960
16989
16992
17004
17005
17012
17022
17023
17024
17028
17034
17053
17057
17059
17062
17071
17093
17114
17125
17129
17135
17143
17149
17153
17160
17168
17183
17190
17210
17219
17232
17267
17274
17284
17293
17300
17312
17323
17337
17362
17362
17363
17370
17372
17382
17386
17399
17407
17418
17433
17442
17451
17455
17469
17471
17478
17480
17487
17490
17512
17538
17546
17572
17606
17607
17607
17608
17612
17621
17625
17634
17635
17652
17666
17684
17687
17707
17726
17751
17756
17762
17772
17776
17779
17789
17797
17810
17821
17829
17833
17835
17844
17849
17854
17859
17873
17873
17875
17893
17897
17910
17913
17920
17933
17938
17939
17943
17945
17950
17955
17957
18001
18026
18028
18030
18055
18055
18063
18076
18079
18083
18084
18115
18118
18120
18121
18121
18146
18190
18195
18202
18208
18209
18209
18215
18216
18223
18225
18234
18261
18263
18263
18265
18282
18286
18294
18300
18300
18306
18358
18370
18373
18373
18375
18394
18402
18412
18419
18432
18433
18439
18451
18452
18457
18462
18463
18477
18481
18482
18487
18502
18513
18514
18516
18517
18519
18520
18528
18568
18576
18593
18633
18664
18665
18676
18680
18687
18693
18698
18712
18719
18729
18731
18735
18735
18761
18771
18803
18805
18817
18821
18835
18837
18847
18850
18855
18857
18860
18865
18872
18892
18894
18895
18897
18900
18918
18955
18963
18985
19021
19023
19024
19037
19045
19054
19061
19065
19066
19072
19074
19084
19118
19142
19147
19176
19182
19186
19202
19207
19219
19221
19222
19237
19255
19261
19264
19291
19296
19299
19307
19309
19312
19319
19341
19349
19358
19362
19364
19369
19383
19387
19390
19391
19392
19395
19396
19412
19428
19432
19440
19445
19461
19461
19463
19465
19469
19478
19480
19489
19490
19498
19521
19523
19529
19529
19544
19545
19550
19572
19573
19573
19590
19597
19627
19656
19676
19676
19692
19698
19704
19723
19732
19771
19777
19782
19794
19799
19806
19817
19824
19831
19869
19890
19902
19930
19934
19935
19936
19980
19982
19988
19989
19991
19997
20010
20017
20049
20060
20099
20123
20128
20130
20141
20168
20206
20216
20217
20225
20233
20241
20258
20259
20264
20280
20288
20296
20306
20321
20340
20343
20344
20345
20356
20361
20373
20376
20401
20427
20430
20431
20435
20444
20454
20474
20494
20504
20508
20534
20546
20551
20553
20556
20561
20564
20595
20613
20613
20646
20646
20662
20667
20668
20668
20669
20677
20680
20692
20698
20705
20708
20716
20739
20755
20775
20798
20800
20800
20814
20820
20834
20835
20851
20853
20853
20870
20873
20876
20876
20902
20913
20917
20921
20923
20950
20980
20995
20995
21002
21003
21016
21021
21033
21050
21051
21053
21055
21055
21067
21070
21073
21086
21089
21105
21109
21124
21126
21129
21133
21143
21148
21148
21173
21180
21181
21199
21204
21209
21212
21223
21224
21224
21235
21238
21262
21263
21271
21278
21281
21289
21293
21316
21319
21368
21379
21390
21391
21400
21434
21437
21452
21454
21480
21483
21499
21504
21511
21526
21555
21562
21571
21571
21572
21587
21594
21612
21634
21643
21653
21658
21661
21662
21669
21671
21685
21695
21703
21705
21708
21724
21775
21777
21810
21824
21827
21840
21850
21856
21883
21916
21919
21923
21945
21945
21960
21962
21963
21986
22025
22030
22055
22056
22078
22079
22082
22102
22110
22116
22117
22121
22134
22194
22197
22205
22207
22221
22222
22227
22272
22289
22292
22306
22323
22325
22349
22372
22379
22389
22415
22417
22419
22424
22440
22442
22448
22448
22456
22467
22468
22469
22474
22485
22487
22487
22489
22495
22501
22501
22508
22517
22518
22524
22533
22546
22546
22557
22573
22581
22611
22617
22619
22633
22664
22672
22711
22713
22715
22721
22725
22731
22740
22744
22759
22770
22780
22789
22790
22790
22795
22830
22838
22851
22855
22889
22911
22914
22940
22966
22975
22977
22990
22992
23044
23046
23063
23066
23074
23075
23078
23089
23090
23115
23138
23142
23146
23153
23159
23163
23163
23175
23180
23192
23198
23201
23205
23210
23211
23215
23240
23242
23246
23261
23271
23277
23297
23308
23330
23331
23345
23383
23385
23387
23396
23398
23401
23408
23414
23424
23428
23442
23443
23460
23462
23469
23469
23472
23489
23490
23490
23508
23518
23532
23533
23534
23568
23577
23580
23608
23614
23655
23686
23690
23702
23723
23729
23731
23743
23747
23773
23775
23777
23777
23789
23800
23812
23821
23825
23842
23853
23860
23877
23899
23916
23920
23937
23950
23953
23961
23966
23994
23994
24013
24036
24047
24064
24068
24068
24080
24103
24114
24118
24124
24131
24132
24148
24152
24156
24161
24170
24170
24183
24184
24185
24187
24206
24212
24233
24233
24249
24275
24277
24277
24295
24317
24320
24324
24330
24333
24338
24340
24348
24348
24383
24393
24396
24411
24421
24423
24433
24449
24462
24462
24467
24482
24484
24487
24490
24499
24501
24527
24530
24544
24544
24546
24560
24564
24571
24593
24602
24604
24616
24617
24627
24635
24636
24641
24650
24655
24657
24658
24662
24665
24666
24667
24681
24690
24704
24728
24733
24738
24748
24759
24764
24765
24780
24811
24832
24841
24842
24843
24856
24866
24884
24886
24888
24892
24898
24899
24902
24927
24930
24954
24958
24963
24970
24970
24983
24986
24988
25019
25025
25029
25029
25030
25036
25037
25038
25046
25047
25049
25054
25065
25084
25085
25093
25094
25125
25145
25159
25165
25186
25187
25197
25202
25205
25209
25217
25226
25235
25239
25257
25266
25271
25296
25313
25331
25334
25334
25339
25346
25349
25349
25368
25384
25389
25394
25423
25434
25444
25463
25463
25481
25482
25483
25514
25524
25529
25532
25542
25554
25555
25580
25592
25593
25605
25623
25629
25636
25640
25648
25660
25664
25678
25680
25690
25701
25702
25710
25713
25730
25732
25734
25745
25751
25753
25765
25783
25786
25789
25819
25840
25849
25868
25868
25870
25885
25887
25890
25900
25913
25914
25922
25924
25949
25960
25971
25973
25974
25977
25997
26010
26012
26016
26019
26021
26024
26032
26045
26059
26067
26088
26096
26116
26120
26148
26150
26165
26174
26214
26226
26232
26233
26246
26271
26322
26347
26347
26387
26398
26399
26403
26403
26403
26442
26445
26462
26488
26535
26540
26558
26588
26599
26616
26648
26654
26660
26660
26676
26698
26704
26721
26729
26731
26758
26761
26769
26770
26807
26814
26829
26836
26856
26857
26866
26876
26881
26897
26898
26902
26930
26937
26957
26959
26978
26980
26997
26999
27014
27014
27025
27055
27058
27071
27074
27087
27096
27119
27122
27135
27146
27156
27166
27172
27181
27184
27230
27234
27236
27238
27254
27268
27268
27268
27269
27285
27288
27291
27297
27309
27320
27327
27329
27340
27343
27351
27352
27356
27361
27370
27380
27384
27403
27413
27420
27434
27435
27448
27457
27461
27467
27472
27478
27482
27519
27519
27524
27535
27547
27554
27560
27569
27587
27594
27596
27611
27643
27644
27645
27657
27662
27683
27687
27722
27731
27747
27755
27767
27774
27789
27799
27806
27814
27834
27837
27837
27837
27842
27850
27862
27870
27873
27876
27879
27912
27918
27923
27931
27940
27945
27975
27983
27996
28003
28020
28021
28026
28035
28040
28047
28050
28051
28067
28072
28092
28100
28105
28107
28107
28114
28117
28118
28123
28127
28127
28145
28157
28186
28196
28208
28211
28224
28230
28236
28265
28281
28284
28300
28308
28310
28322
28332
28336
28346
28349
28362
28377
28378
28385
28410
28425
28444
28447
28488
28492
28497
28507
28512
28517
28533
28535
28547
28554
28590
28614
28616
28626
28626
28648
28651
28658
28666
28666
28675
28694
28695
28717
28732
28741
28756
28762
28765
28768
28773
28773
28784
28785
28789
28792
28807
28822
28833
28844
28856
28858
28865
28871
28885
28898
28913
28928
28928
28931
28946
28956
28962
28969
28990
29014
29020
29023
29024
29043
29070
29083
29086
29092
29098
29119
29131
29140
29143
29156
29171
29177
29187
29199
29202
29216
29221
29230
29231
29236
29241
29255
29261
29264
29278
29289
29302
29302
29317
29328
29332
29342
29348
29366
29383
29419
29442
29453
29473
29488
29527
29528
29530
29542
29550
29559
29602
29603
29639
29669
29679
29683
29696
29701
29753
29754
29756
29765
29771
29781
29792
29805
29817
29822
29832
29834
29857
29860
29877
29911
29932
29941
29941
29947
29953
29961
29968
29980
29996
30013
30023
30027
30039
30058
30060
30066
30075
30079
30095
30098
30102
30105
30110
30114
30129
30136
30150
30153
30156
30156
30162
30169
30176
30194
30198
30199
30220
30238
30246
30253
30257
30257
30279
30297
30312
30323
30336
30350
30363
30388
30391
30409
30411
30422
30426
30435
30439
30441
30458
30485
30490
30499
30509
30539
30557
30566
30581
30587
30588
30595
30603
30611
30619
30631
30639
30640
30654
30656
30657
30667
30689
30707
30716
30718
30727
30739
30742
30750
30766
30778
30780
30784
30789
30808
30810
30816
30821
30824
30831
30834
30834
30843
30845
30847
30859
30870
30874
30892
30935
30936
30948
30949
30951
30951
30973
30989
30990
31004
31021
31028
31039
31047
31048
31050
31059
31066
31072
31076
31078
31083
31091
31097
31101
31112
31119
31119
31130
31137
31156
31164
31164
31173
31178
31179
31183
31190
31206
31218
31254
31259
31282
31292
31318
31351
31362
31377
31429
31435
31439
31442
31444
31447
31448
31492
31524
31546
31549
31550
31581
31585
31600
31613
31617
31623
31631
31689
31694
31711
31720
31723
31733
31753
31757
31760
31766
31783
31793
31796
31811
31820
31831
31838
31844
31845
31855
31858
31892
31901
31904
31910
31915
31922
31943
31948
31957
31963
31969
31969
31976
31991
32011
32031
32036
32036
32043
32045
32054
32060
32109
32117
32143
32167
32177
32180
32184
32187
32191
32207
32214
32244
32257
32258
32280
32296
32299
32321
32322
32337
32343
32347
32377
32394
32395
32406
32407
32420
32427
32442
32463
32464
32471
32478
32481
32488
32499
32514
32514
32518
32521
32531
32537
32539
32568
32589
32597
32598
32599
32613
32614
32619
32623
32635
32641
32647
32651
32654
32659
32675
32683
32695
32709
32713
32713
32715
32740
32745
32750
32751
32773
32776
32786
32798
32826
32853
32856
32860
32860
32865
32889
32896
32897
32906
32912
32936
32937
32940
32941
32949
32960
32992
33004
33007
33011
33014
33022
33023
33032
33037
33067
33072
33081
33088
33114
33115
33121
33153
33156
33164
33170
33184
33193
33195
33203
33229
33240
33260
33265
33270
33281
33282
33297
33313
33316
33318
33322
33338
33340
33340
33356
33364
33378
33381
33396
33420
33428
33430
33453
33454
33456
33459
33459
33466
33494
33516
33516
33527
33527
33532
33560
33571
33576
33596
33602
33608
33622
33651
33687
33696
33726
33731
33733
33735
33736
33742
33746
33758
33759
33781
33815
33818
33820
33826
33844
33850
33857
33864
33875
33887
33890
33893
33913
33915
33918
33920
33931
33945
33946
33958
33971
33983
33988
33992
33993
34003
34018
34034
34042
34046
34071
34083
34085
34089
34100
34111
34115
34122
34145
34157
34158
34175
34176
34179
34189
34189
34189
34211
34231
34232
34252
34254
34273
34276
34277
34284
34300
34315
34327
34340
34342
34348
34355
34358
34359
34377
34387
34401
34434
34446
34463
34468
34472
34473
34509
34513
34526
34531
34544
34555
34567
34573
34589
34598
34605
34605
34610
34628
34632
34640
34659
34671
34674
34685
34699
34715
34741
34743
34755
34762
34767
34807
34815
34828
34833
34851
34858
34864
34873
34896
34902
34910
34932
34947
34953
34967
34968
34974
34990
35002
35007
35010
35014
35015
35016
35030
35033
35037
35038
35045
35056
35061
35083
35110
35116
35129
35132
35156
35160
35162
35163
35168
35176
35239
35242
35257
35269
35282
35293
35298
35314
35316
35332
35336
35361
35361
35371
35384
35420
35446
35450
35450
35450
35472
35473
35475
35485
35495
35500
35503
35517
35519
35522
35529
35530
35538
35559
35562
35563
35574
35576
35590
35597
35607
35611
35635
35635
35641
35669
35674
35687
35687
35695
35698
35698
35698
35701
35723
35724
35751
35758
35761
35765
35776
35790
35793
35825
35835
35836
35847
35856
35857
35861
35862
35865
35868
35876
35885
35897
35906
35908
35936
35959
35966
35992
36002
36027
36028
36031
36038
36057
36076
36076
36088
36094
36108
36115
36115
36115
36147
36155
36159
36163
36171
36179
36180
36187
36195
36202
36205
36209
36234
36235
36240
36258
36267
36270
36275
36286
36312
36317
36320
36329
36332
36342
36349
36355
36356
36361
36364
36384
36384
36411
36412
36413
36454
36490
36501
36511
36524
36526
36546
36551
36554
36556
36565
36569
36569
36572
36572
36621
36639
36642
36642
36643
36647
36657
36685
36686
36693
36695
36711
36724
36729
36752
36762
36762
36764
36803
36811
36817
36821
36838
36845
36850
36851
36866
36875
36884
36893
36911
36913
36928
36934
36934
36962
36974
36977
36982
36997
36999
37037
37057
37059
37068
37072
37075
37080
37100
37117
37118
37136
37144
37153
37162
37194
37225
37245
37268
37268
37291
37294
37306
37306
37321
37331
37349
37390
37397
37427
37434
37473
37476
37476
37480
37497
37498
37529
37544
37553
37563
37564
37565
37576
37603
37605
37620
37627
37629
37636
37651
37656
37672
37677
37701
37708
37714
37733
37737
37740
37742
37746
37763
37775
37783
37784
37803
37804
37806
37821
37831
37844
37845
37855
37877
37883
37885
37891
37894
37899
37901
37909
37912
37919
37923
37931
37932
37939
37954
37957
37960
37969
37985
37994
38004
38013
38022
38024
38033
38039
38055
38063
38079
38087
38096
38104
38106
38123
38147
38163
38182
38195
38238
38244
38244
38248
38253
38255
38261
38266
38286
38291
38291
38302
38308
38312
38313
38327
38332
38347
38351
38357
38381
38382
38387
38391
38410
38420
38421
38433
38470
38472
38475
38480
38492
38496
38502
38506
38525
38552
38555
38558
38558
38561
38573
38597
38597
38616
38626
38626
38629
38643
38647
38655
38658
38667
38685
38722
38725
38730
38730
38735
38739
38743
38748
38750
38767
38774
38784
38796
38798
38809
38818
38829
38839
38851
38856
38861
38870
38871
38872
38874
38892
38896
38902
38909
38912
38916
38922
38928
38929
38930
38948
38958
38974
38992
39002
39017
39020
39037
39045
39049
39054
39073
39082
39093
39094
39096
39100
39108
39132
39152
39173
39177
39190
39200
39203
39217
39228
39233
39234
39247
39261
39276
39279
39288
39295
39309
39332
39333
39342
39349
39357
39375
39401
39413
39415
39428
39429
39430
39460
39461
39468
39477
39513
39516
39522
39529
39545
39565
39567
39589
39592
39595
39600
39602
39604
39605
39605
39611
39619
39624
39626
39629
39649
39665
39666
39671
39671
39674
39692
39708
39718
39728
39736
39747
39750
39753
39760
39767
39770
39794
39809
39816
39820
39846
39873
39881
39887
39892
39898
39906
39939
39957
39963
40012
40015
40025
40030
40038
40047
40048
40048
40051
40063
40072
40078
40080
40088
40119
40120
40121
40128
40150
40154
40163
40164
40180
40200
40201
40211
40230
40231
40231
40243
40266
40273
40282
40313
40320
40328
40328
40334
40337
40341
40350
40353
40359
40368
40398
40412
40418
40420
40436
40459
40468
40471
40474
40477
40492
40511
40515
40526
40534
40542
40545
40547
40549
40558
40558
40560
40567
40569
40572
40588
40591
40592
40600
40607
40618
40620
40620
40624
40627
40630
40674
40702
40704
40706
40717
40718
40735
40740
40773
40788
40811
40837
40845
40848
40850
40852
40860
40862
40892
40897
40898
40905
40911
40916
40935
40940
40969
40973
40974
40982
40985
41001
41028
41034
41037
41051
41055
41055
41076
41084
41097
41107
41116
41146
41150
41153
41158
41170
41173
41178
41179
41206
41222
41235
41252
41264
41272
41336
41369
41398
41403
41405
41418
41440
41447
41450
41456
41460
41469
41474
41558
41565
41589
41590
41601
41602
41617
41620
41632
41633
41642
41653
41660
41666
41676
41681
41685
41688
41690
41698
41704
41712
41723
41727
41728
41748
41758
41760
41769
41780
41786
41786
41797
41799
41807
41807
41821
41821
41826
41844
41857
41862
41866
41869
41869
41880
41892
41927
41927
41934
41940
41941
41953
41966
41976
41996
42005
42011
42025
42036
42042
42051
42054
42056
42059
42078
42090
42119
42122
42137
42153
42169
42175
42192
42193
42194
42197
42201
42219
42242
42247
42249
42251
42260
42261
42261
42278
42279
42291
42313
42317
42349
42352
42352
42359
42367
42373
42376
42377
42384
42406
42430
42435
42441
42448
42449
42461
42471
42493
42505
42525
42526
42526
42545
42546
42547
42551
42552
42573
42574
42575
42577
42586
42605
42627
42630
42634
42645
42650
42658
42690
42697
42726
42728
42749
42780
42783
42799
42814
42820
42820
42822
42827
42837
42839
42881
42892
42901
42902
42923
42934
42939
42959
42960
42993
42999
43014
43018
43025
43026
43032
43050
43086
43094
43108
43130
43142
43143
43155
43156
43161
43165
43166
43179
43190
43206
43207
43218
43248
43252
43264
43271
43288
43307
43308
43309
43310
43313
43322
43323
43343
43364
43373
43375
43381
43391
43393
43403
43407
43414
43415
43422
43427
43438
43440
43449
43450
43452
43460
43494
43506
43511
43520
43521
43534
43539
43539
43540
43543
43568
43580
43593
43602
43603
43605
43619
43620
43676
43676
43687
43693
43717
43721
43721
43721
43732
43739
43750
43759
43765
43786
43787
43789
43798
43834
43889
43901
43912
43929
43969
43975
43977
44010
44011
44012
44017
44021
44031
44040
44042
44042
44048
44062
44080
44081
44091
44115
44143
44147
44160
44173
44181
44186
44192
44196
44207
44214
44215
44217
44224
44233
44248
44252
44252
44256
44271
44274
44279
44309
44310
44311
44319
44330
44356
44361
44369
44378
44410
44414
44421
44423
44427
44443
44464
44477
44480
44482
44497
44531
44533
44536
44554
44556
44561
44566
44568
44574
44577
44579
44583
44588
44590
44596
44604
44612
44619
44631
44638
44661
44671
44675
44683
44688
44694
44695
44701
44710
44713
44716
44726
44726
44734
44739
44740
44744
44748
44750
44751
44763
44782
44812
44813
44816
44819
44837
44853
44856
44861
44866
44868
44880
44896
44904
44904
44926
44936
44954
44958
44964
44966
44984
44993
45003
45005
45011
45017
45035
45055
45067
45071
45077
45081
45088
45110
45123
45124
45140
45144
45146
45150
45150
45161
45167
45172
45192
45192
45205
45214
45215
45216
45221
45232
45285
45294
45298
45312
45315
45319
45329
45333
45336
45371
45372
45373
45392
45400
45407
45419
45427
45431
45439
45443
45448
45451
45451
45455
45457
45459
45462
45464
45472
45476
45492
45494
45503
45506
45517
45520
45529
45533
45562
45576
45581
45584
45626
45629
45636
45643
45653
45680
45706
45708
45727
45753
45757
45764
45798
45807
45811
45816
45827
45831
45841
45846
45853
45855
45855
45875
45891
45898
45944
45957
45963
45987
46026
46034
46034
46038
46044
46045
46055
46059
46059
46066
46071
46074
46081
46084
46087
46088
46098
46117
46131
46147
46163
46172
46173
46181
46202
46220
46228
46244
46247
46257
46267
46286
46288
46296
46305
46308
46312
46318
46319
46335
46375
46377
46381
46381
46382
46387
46392
46396
46403
46409
46417
46421
46430
46431
46435
46436
46478
46482
46492
46506
46564
46566
46569
46576
46578
46582
46592
46598
46623
46639
46641
46677
46679
46704
46718
46725
46728
46731
46740
46750
46752
46753
46755
46770
46780
46792
46798
46814
46836
46839
46842
46891
46895
46925
46928
46951
46963
46973
46993
46993
46994
46994
47002
47006
47007
47009
47022
47033
47055
47059
47062
47086
47088
47099
47101
47129
47137
47137
47140
47174
47179
47185
47194
47261
47269
47278
47292
47293
47293
47296
47312
47340
47348
47348
47362
47367
47368
47374
47374
47405
47422
47422
47423
47429
47456
47466
47472
47482
47486
47490
47505
47517
47533
47535
47543
47547
47576
47614
47636
47637
47644
47648
47652
47687
47691
47692
47701
47705
47720
47734
47759
47759
47759
47761
47766
47800
47801
47802
47821
47835
47841
47849
47852
47870
47879
47911
47921
47932
47933
47950
47965
47967
47978
47979
47985
48003
48003
48018
48024
48031
48050
48067
48067
48069
48070
48080
48088
48099
48101
48108
48118
48120
48124
48126
48126
48128
48149
48209
48214
48222
48242
48252
48258
48263
48272
48292
48307
48312
48323
48352
48352
48365
48369
48376
48418
48418
48418
48432
48465
48475
48480
48487
48496
48498
48510
48511
48524
48541
48548
48560
48577
48586
48599
48608
48616
48621
48644
48645
48649
48652
48657
48660
48696
48699
48735
48762
48775
48830
48840
48845
48846
48851
48851
48860
48908
48918
48920
48931
48946
48954
48958
48961
48977
48980
48987
48989
48994
48995
49009
49017
49020
49025
49027
49034
49048
49055
49055
49061
49065
49066
49075
49080
49111
49138
49144
49149
49154
49164
49171
49177
49187
49189
49192
49193
49203
49205
49210
49222
49231
49321
49353
49376
49378
49389
49404
49405
49421
49425
49427
49430
49440
49445
49478
49479
49488
49503
49504
49524
49525
49528
49552
49564
49575
49581
49594
49620
49642
49648
49654
49673
49676
49680
49686
49686
49687
49706
49731
49739
49742
49752
49760
49767
49768
49779
49783
49798
49829
49832
49840
49840
49852
49864
49867
49869
49869
49876
49876
49888
49902
49905
49918
49919
49943
49965
49970
49988
49998
50035
50037
50040
50041
50052
50052
50075
50097
50104
50105
50118
50125
50129
50150
50150
50169
50179
50194
50199
50204
50205
50222
50240
50249
50262
50268
50270
50271
50276
50279
50310
50346
50360
50368
50372
50387
50402
50408
50435
50449
50450
50477
50529
50547
50547
50550
50566
50566
50578
50590
50612
50629
50638
50662
50700
50707
50712
50712
50724
50724
50745
50752
50756
50776
50780
50787
50800
50826
50863
50869
50877
50883
50921
50925
50932
50940
50944
50946
50948
50956
50982
50998
51047
51049
51051
51064
51074
51086
51093
51106
51110
51125
51133
51156
51162
51163
51166
51201
51204
51206
51210
51213
51217
51222
51270
51301
51307
51314
51316
51325
51330
51342
51351
51353
51358
51372
51393
51397
51399
51405
51407
51419
51420
51429
51450
51451
51461
51480
51506
51539
51549
51583
51586
51597
51598
51603
51612
51612
51629
51630
51630
51641
51651
51655
51672
51684
51706
51755
51775
51785
51786
51816
51821
51821
51828
51850
51858
51860
51863
51868
51889
51896
51899
51899
51904
51917
51947
51950
51955
51965
51978
51999
52001
52011
52018
52027
52029
52034
52042
52071
52102
52112
52134
52143
52150
52152
52153
52155
52157
52162
52180
52184
52189
52218
52226
52238
52241
52241
52259
52265
52265
52265
52268
52280
52281
52293
52296
52313
52322
52326
52340
52341
52346
52355
52361
52364
52368
52377
52386
52395
52419
52419
52440
52445
52460
52462
52477
52504
52518
52521
52530
52549
52552
52572
52574
52575
52590
52598
52603
52635
52641
52642
52647
52647
52651
52651
52705
52712
52713
52721
52730
52739
52783
52793
52810
52815
52815
52818
52821
52845
52871
52874
52887
52923
52933
52960
52972
52994
53004
53008
53008
53011
53022
53024
53071
53077
53079
53080
53083
53115
53124
53133
53141
53144
53166
53232
53241
53247
53265
53266
53271
53273
53274
53287
53320
53320
53336
53361
53375
53376
53381
53383
53400
53407
53415
53441
53453
53455
53456
53461
53468
53472
53473
53475
53475
53479
53479
53491
53511
53531
53550
53611
53619
53627
53637
53643
53650
53650
53660
53668
53668
53677
53680
53681
53688
53691
53698
53704
53707
53725
53725
53738
53740
53744
53761
53776
53809
53823
53832
53840
53841
53844
53884
53884
53885
53888
53895
53902
53920
53924
53930
53947
53967
53971
53992
54001
54009
54017
54029
54033
54034
54040
54046
54062
54069
54071
54075
54079
54080
54085
54114
54142
54144
54157
54179
54181
54192
54210
54211
54217
54231
54245
54251
54301
54317
54329
54329
54329
54335
54340
54373
54376
54384
54398
54410
54417
54423
54435
54443
54449
54471
54472
54478
54479
54485
54486
54492
54502
54506
54511
54526
54536
54549
54550
54554
54557
54567
54567
54572
54573
54578
54603
54608
54614
54631
54639
54643
54654
54659
54665
54666
54676
54680
54681
54681
54710
54717
54736
54740
54748
54762
54767
54771
54785
54786
54786
54826
54833
54837
54839
54845
54847
54851
54864
54867
54873
54883
54895
54900
54906
54919
54928
54928
54947
54958
54960
54967
54987
54993
54993
55023
55028
55065
55070
55071
55085
55092
55093
55111
55137
55144
55148
55159
55160
55180
55185
55186
55195
55203
55237
55246
55256
55266
55270
55282
55285
55321
55322
55327
55330
55333
55340
55341
55345
55359
55361
55378
55395
55395
55399
55415
55423
55424
55441
55449
55456
55457
55462
55467
55474
55516
55519
55520
55545
55550
55563
55595
55622
55637
55659
55660
55675
55684
55700
55711
55739
55747
55789
55799
55808
55815
55835
55842
55847
55852
55886
55917
55929
55948
55952
55954
55956
55967
56025
56052
56067
56077
56082
56091
56104
56106
56109
56111
56124
56136
56181
56192
56194
56201
56212
56214
56258
56259
56272
56281
56294
56297
56298
56299
56305
56306
56310
56312
56320
56323
56347
56372
56394
56415
56443
56451
56461
56464
56472
56482
56484
56485
56490
56495
56500
56508
56512
56524
56531
56539
56543
56548
56574
56584
56605
56606
56609
56613
56630
56632
56635
56637
56645
56646
56657
56670
56672
56673
56694
56702
56706
56706
56731
56756
56771
56773
56781
56782
56785
56787
56819
56822
56829
56847
56851
56859
56867
56869
56883
56899
56926
56937
56955
56958
56960
56965
56989
57009
57015
57016
57022
57023
57027
57030
57046
57048
57051
57051
57058
57061
57062
57071
57113
57116
57128
57148
57155
57161
57165
57173
57221
57227
57230
57233
57237
57257
57258
57260
57267
57280
57299
57311
57318
57320
57320
57353
57357
57368
57375
57396
57403
57403
57415
57415
57452
57470
57472
57477
57512
57519
57547
57551
57554
57565
57576
57578
57581
57581
57586
57589
57592
57593
57597
57603
57609
57609
57616
57629
57632
57636
57637
57638
57639
57640
57671
57677
57694
57706
57717
57722
57762
57770
57775
57781
57798
57824
57846
57847
57854
57859
57877
57885
57900
57901
57905
57924
57964
57968
57980
58003
58054
58072
58090
58120
58130
58140
58151
58152
58168
58168
58171
58192
58192
58196
58199
58202
58211
58211
58216
58230
58231
58232
58256
58259
58260
58271
58275
58312
58319
58328
58335
58337
58350
58363
58427
58443
58459
58460
58462
58472
58490
58490
58492
58526
58526
58532
58539
58543
58547
58556
58564
58564
58574
58611
58618
58627
58629
58642
58645
58670
58680
58684
58685
58686
58701
58715
58720
58772
58773
58777
58781
58787
58792
58812
58826
58833
58839
58844
58844
58861
58903
58910
58957
58959
58967
58971
58977
58977
58995
58999
59017
59046
59079
59079
59084
59109
59113
59115
59133
59135
59144
59152
59156
59208
59212
59220
59223
59232
59268
59272
59283
59310
59312
59312
59326
59334
59341
59354
59366
59384
59394
59401
59401
59407
59410
59411
59415
59417
59424
59428
59446
59452
59452
59459
59460
59466
59483
59538
59543
59543
59546
59563
59564
59568
59585
59586
59610
59611
59612
59612
59623
59631
59641
59652
59654
59697
59702
59706
59711
59713
59722
59730
59733
59772
59784
59794
59825
59826
59826
59835
59838
59842
59843
59865
59878
59886
59895
59899
59903
59919
59923
59927
59944
59954
59956
59962
59965
59978
60027
60032
60033
60036
60038
60040
60053
60077
60081
60081
60098
60169
60177
60182
60183
60187
60193
60197
60198
60198
60210
60223
60235
60247
60252
60256
60261
60266
60289
60295
60299
60306
60319
60327
60347
60367
60370
60382
60385
60387
60391
60402
60432
60470
60503
60518
60520
60527
60530
60532
60539
60539
60541
60563
60566
60573
60581
60583
60585
60588
60596
60606
60610
60611
60621
60631
60634
60637
60645
60655
60666
60713
60723
60725
60728
60752
60752
60763
60807
60811
60825
60839
60843
60856
60870
60895
60896
60915
60939
60941
60943
60948
60960
60982
61001
61012
61015
61024
61025
61034
61036
61040
61053
61058
61082
61085
61097
61100
61119
61128
61159
61160
61162
61163
61163
61195
61212
61226
61230
61234
61238
61246
61249
61259
61267
61272
61272
61276
61289
61324
61326
61332
61337
61349
61350
61384
61415
61425
61434
61435
61441
61452
61470
61477
61481
61483
61485
61486
61486
61490
61492
61496
61501
61503
61519
61519
61535
61540
61552
61573
61586
61593
61603
61611
61628
61634
61639
61653
61659
61664
61668
61675
61677
61701
61707
61710
61711
61726
61731
61732
61733
61739
61739
61741
61744
61760
61770
61781
61790
61791
61797
61804
61821
61824
61825
61825
61839
61848
61856
61866
61872
61875
61901
61902
61906
61910
61914
61918
61920
61933
61938
61941
61943
61943
61990
61999
62032
62035
62039
62075
62079
62087
62095
62101
62105
62108
62131
62138
62141
62144
62147
62155
62157
62162
62184
62216
62225
62230
62231
62236
62256
62260
62275
62283
62287
62288
62294
62304
62307
62321
62323
62360
62366
62366
62400
62405
62407
62410
62425
62430
62442
62447
62461
62473
62476
62512
62535
62546
62547
62559
62567
62575
62579
62587
62589
62592
62594
62611
62612
62617
62636
62659
62662
62662
62674
62678
62694
62713
62721
62723
62729
62731
62740
62745
62777
62798
62801
62805
62816
62816
62838
62854
62868
62897
62914
62917
62921
62923
62937
62939
62944
62996
63015
63024
63036
63052
63053
63065
63077
63084
63091
63100
63102
63102
63125
63131
63155
63156
63174
63178
63218
63239
63251
63253
63254
63284
63285
63296
63304
63325
63327
63337
63346
63351
63353
63355
63378
63398
63411
63429
63429
63435
63436
63439
63444
63456
63471
63508
63523
63528
63538
63542
63549
63554
63570
63582
63611
63616
63621
63628
63629
63664
63671
63672
63680
63687
63703
63723
63739
63771
63781
63826
63845
63845
63846
63873
63899
63904
63922
63954
63960
63961
63982
63994
64008
64009
64018
64018
64024
64027
64037
64048
64054
64064
64066
64071
64077
64078
64085
64096
64108
64117
64121
64130
64132
64148
64150
64153
64158
64182
64200
64222
64231
64234
64261
64265
64273
64276
64284
64297
64311
64334
64349
64364
64383
64425
64431
64459
64462
64470
64483
64500
64510
64511
64538
64549
64549
64566
64598
64610
64618
64622
64628
64652
64657
64660
64672
64678
64704
64710
64726
64726
64747
64761
64762
64781
64781
64783
64785
64786
64787
64794
64800
64815
64815
64834
64835
64853
64875
64878
64878
64899
64901
64907
64908
64915
64923
64930
64935
64939
64943
64951
64960
64963
64983
65004
65016
65050
65055
65104
65125
65142
65143
65150
65153
65154
65163
65166
65171
65181
65202
65205
65238
65250
65252
65258
65259
65285
65289
65290
65299
65304
65312
65316
65330
65332
65342
65364
65365
65368
65378
65394
65397
65403
65405
65411
65421
65424
65440
65450
65459
65469
65487
65498
65523
65525
65528
65531
65553
65554
65572
65575
65589
65596
65610
65612
65615
65616
65620
65630
65654
65664
65669
65687
65708
65734
65742
65752
65777
65783
65792
65798
65811
65813
65818
65819
65832
65841
65888
65891
65896
65902
65902
65917
65919
65921
65924
65931
65938
65940
65976
65978
65981
66006
66038
66046
66059
66066
66067
66067
66070
66070
66074
66092
66096
66096
66102
66105
66110
66116
66120
66127
66164
66171
66182
66193
66195
66203
66210
66218
66234
66241
66243
66248
66252
66254
66280
66281
66281
66282
66286
66323
66332
66347
66386
66391
66407
66411
66416
66442
66449
66450
66461
66462
66472
66515
66556
66566
66576
66585
66608
66611
66613
66615
66617
66617
66624
66644
66662
66670
66671
66676
66677
66684
66690
66707
66709
66714
66728
66759
66764
66778
66790
66810
66811
66826
66834
66836
66847
66850
66875
66894
66909
66917
66921
66939
66940
66957
66959
66964
66964
66981
66993
67005
67013
67025
67025
67027
67028
67032
67035
67055
67069
67069
67079
67085
67115
67129
67136
67147
67147
67176
67177
67202
67205
67212
67215
67230
67240
67242
67253
67258
67258
67267
67283
67295
67311
67317
67324
67353
67365
67370
67373
67385
67394
67395
67401
67424
67435
67443
67460
67499
67520
67521
67530
67552
67571
67583
67584
67591
67591
67614
67622
67631
67636
67652
67654
67657
67675
67678
67678
67704
67704
67713
67725
67738
67749
67750
67765
67781
67787
67803
67831
67835
67857
67860
67861
67899
67901
67907
67908
67919
67924
67929
67940
67942
67968
67993
68028
68053
68073
68084
68103
68126
68144
68155
68156
68163
68165
68174
68185
68187
68193
68196
68215
68223
68268
68273
68286
68288
68288
68294
68327
68339
68365
68367
68367
68382
68389
68398
68416
68424
68429
68435
68436
68438
68443
68445
68458
68468
68472
68524
68530
68549
68561
68561
68565
68567
68609
68614
68614
68616
68618
68623
68637
68638
68640
68641
68652
68665
68666
68667
68668
68677
68679
68692
68693
68694
68697
68699
68714
68722
68726
68726
68769
68783
68785
68794
68839
68845
68871
68877
68889
68905
68914
68928
68930
68935
68940
68943
68947
68952
68953
68953
68967
68979
68982
68987
68991
69008
69009
69021
69033
69033
69036
69040
69044
69072
69073
69074
69093
69124
69136
69137
69151
69155
69161
69163
69172
69188
69189
69194
69194
69205
69215
69241
69243
69251
69270
69290
69291
69294
69302
69304
69321
69327
69337
69343
69361
69367
69400
69408
69425
69433
69442
69445
69462
69471
69482
69492
69498
69500
69507
69528
69530
69552
69557
69564
69593
69604
69606
69623
69626
69637
69644
69655
69659
69662
69663
69675
69677
69698
69705
69709
69718
69736
69744
69768
69768
69799
69811
69811
69821
69824
69824
69833
69873
69879
69889
69892
69902
69903
69903
69936
69938
69939
69952
69964
69971
69980
69986
70000
70017
70017
70017
70019
70027
70027
70029
70065
70065
70095
70097
70098
70103
70141
70144
70156
70156
70162
70172
70191
70239
70240
70240
70263
70271
70280
70285
70294
70309
70309
70318
70371
70371
70382
70397
70417
70417
70450
70468
70469
70472
70484
70485
70486
70500
70502
70523
70538
70563
70564
70570
70572
70604
70620
70640
70657
70694
70696
70742
70760
70764
70764
70776
70779
70784
70791
70799
70812
70812
70830
70855
70863
70872
70879
70891
70896
70917
70921
70937
70940
70940
70961
70979
70986
70990
70997
71008
71010
71017
71026
71063
71065
71072
71072
71074
71091
71091
71116
71119
71126
71133
71136
71138
71146
71148
71148
71153
71157
71177
71183
71191
71218
71223
71237
71249
71253
71270
71274
71279
71286
71288
71293
71298
71299
71312
71315
71315
71316
71324
71357
71362
71363
71386
71390
71401
71405
71405
71427
71428
71462
71470
71478
71483
71495
71501
71509
71523
71527
71527
71533
71537
71539
71539
71546
71553
71553
71555
71555
71556
71568
71571
71587
71589
71597
71612
71618
71620
71630
71632
71652
71682
71682
71715
71732
71735
71739
71768
71808
71822
71825
71848
71849
71849
71859
71859
71868
71871
71879
71879
71885
71886
71893
71902
71905
71914
71916
71926
71933
71946
71974
71984
71987
71990
72014
72028
72049
72050
72054
72084
72089
72098
72108
72123
72150
72156
72157
72158
72166
72172
72174
72177
72183
72213
72228
72242
72271
72286
72291
72310
72314
72316
72335
72341
72341
72345
72383
72391
72401
72401
72403
72417
72426
72430
72446
72464
72494
72505
72509
72520
72537
72538
72564
72591
72594
72609
72642
72656
72659
72665
72679
72696
72707
72712
72713
72721
72731
72745
72753
72757
72782
72795
72805
72806
72809
72814
72818
72823
72825
72827
72831
72847
72873
72878
72879
72898
72901
72917
72930
72933
72938
72945
72951
72964
72967
72981
73009
73009
73015
73033
73057
73058
73062
73089
73093
73103
73130
73139
73140
73144
73164
73180
73186
73192
73198
73209
73211
73214
73218
73218
73226
73226
73250
73256
73267
73271
73272
73291
73295
73298
73301
73302
73321
73322
73332
73342
73351
73354
73366
73391
73441
73447
73448
73465
73496
73507
73510
73517
73522
73534
73537
73544
73553
73556
73557
73559
73568
73582
73601
73604
73615
73616
73627
73629
73632
73634
73645
73657
73664
73689
73689
73699
73701
73702
73707
73728
73731
73735
73756
73765
73772
73781
73785
73791
73792
73796
73805
73810
73811
73815
73827
73832
73836
73839
73846
73848
73865
73866
73867
73870
73879
73882
73901
73903
73904
73905
73910
73915
73918
73926
73956
73975
73977
73996
73999
74008
74010
74012
74016
74022
74041
74056
74089
74100
74119
74149
74160
74170
74173
74185
74242
74251
74278
74283
74297
74322
74323
74328
74331
74333
74346
74354
74360
74371
74372
74374
74385
74403
74405
74414
74429
74468
74485
74506
74507
74522
74531
74532
74554
74556
74562
74570
74576
74577
74620
74625
74644
74654
74668
74680
74692
74704
74719
74724
74738
74770
74778
74782
74805
74810
74810
74819
74828
74839
74841
74863
74867
74877
74878
74880
74895
74917
74920
74923
74927
74952
74954
74959
74997
74999
75001
75030
75086
75097
75107
75118
75128
75129
75139
75143
75151
75152
75173
75175
75179
75191
75195
75203
75214
75225
75237
75252
75254
75263
75276
75286
75288
75298
75303
75306
75314
75318
75334
75356
75364
75372
75384
75384
75387
75406
75419
75425
75431
75437
75463
75477
75486
75494
75499
75525
75532
75543
75544
75587
75598
75600
75602
75617
75635
75642
75675
75685
75686
75700
75700
75706
75712
75723
75737
75743
75745
75745
75749
75750
75764
75790
75791
75803
75817
75825
75841
75853
75856
75860
75861
75878
75878
75884
75885
75888
75924
75925
75931
75933
75961
75967
75977
75985
75988
75990
76010
76040
76066
76074
76076
76078
76101
76129
76130
76153
76157
76170
76188
76190
76204
76236
76244
76252
76256
76258
76265
76267
76284
76291
76294
76296
76297
76301
76302
76310
76317
76358
76360
76366
76366
76372
76375
76383
76385
76387
76401
76417
76425
76428
76430
76440
76442
76444
76461
76479
76498
76518
76524
76524
76542
76544
76546
76555
76570
76571
76585
76594
76596
76616
76657
76659
76672
76677
76679
76698
76706
76709
76720
76720
76723
76725
76725
76729
76733
76774
76800
76823
76829
76833
76839
76853
76857
76858
76865
76868
76882
76886
76899
76903
76926
76933
76950
76959
76968
76978
76983
77000
77004
77009
77021
77040
77040
77049
77056
77071
77080
77095
77107
77114
77122
77127
77171
77180
77186
77226
77258
77263
77268
77277
77292
77296
77300
77308
77315
77340
77345
77347
77352
77367
77372
77374
77383
77388
77407
77408
77410
77414
77420
77427
77435
77470
77489
77491
77495
77506
77510
77513
77521
77537
77547
77560
77595
77600
77620
77622
77630
77652
77661
77670
77672
77680
77682
77690
77691
77700
77709
77729
77731
77736
77738
77745
77746
77751
77752
77754
77756
77758
77761
77784
77786
77787
77792
77797
77801
77808
77809
77816
77820
77820
77829
77829
77830
77834
77851
77867
77895
77905
77922
77946
77947
77948
77951
77957
77995
77996
78024
78025
78026
78032
78053
78055
78059
78072
78078
78084
78093
78119
78142
78151
78152
78164
78180
78195
78203
78206
78219
78225
78240
78248
78254
78256
78267
78267
78276
78294
78296
78302
78328
78333
78350
78355
78363
78366
78379
78381
78390
78392
78434
78445
78447
78448
78481
78486
78494
78498
78502
78511
78529
78539
78539
78549
78584
78598
78600
78606
78607
78607
78627
78630
78638
78642
78643
78665
78682
78724
78730
78731
78746
78747
78804
78812
78813
78824
78825
78837
78855
78862
78865
78876
78877
78879
78879
78896
78898
78901
78911
78945
78981
78984
78999
79001
79012
79035
79049
79057
79078
79080
79088
79091
79094
79100
79102
79105
79133
79134
79138
79158
79166
79215
79244
79246
79274
79274
79276
79282
79285
79327
79328
79341
79358
79362
79364
79378
79389
79390
79395
79395
79413
79420
79447
79451
79470
79483
79483
79489
79503
79503
79505
79506
79522
79528
79530
79533
79547
79551
79556
79558
79594
79597
79602
79606
79611
79611
79613
79617
79634
79658
79668
79671
79686
79688
79695
79711
79718
79739
79785
79792
79824
79843
79847
79848
79861
79885
79888
79889
79942
79945
79945
79947
79957
79957
79964
79977
80001
80002
80006
80007
80007
80014
80016
80021
80037
80043
80048
80062
80076
80135
80176
80192
80199
80205
80206
80212
80223
80225
80227
80232
80243
80263
80270
80299
80301
80303
80308
80358
80361
80361
80377
80380
80383
80395
80412
80431
80453
80462
80480
80485
80489
80502
80520
80541
80542
80544
80559
80562
80572
80576
80587
80588
80589
80593
80605
80615
80621
80631
80645
80647
80651
80658
80694
80701
80704
80711
80717
80722
80725
80747
80750
80752
80755
80765
80785
80790
80802
80802
80811
80814
80822
80828
80834
80836
80845
80876
80878
80896
80920
80924
80928
80952
80964
80967
80977
81009
81010
81043
81049
81055
81072
81073
81077
81092
81092
81102
81116
81139
81146
81148
81154
81157
81160
81167
81168
81176
81182
81184
81196
81215
81233
81233
81241
81267
81268
81294
81300
81306
81318
81322
81327
81332
81345
81354
81360
81369
81371
81377
81399
81407
81410
81414
81427
81433
81443
81448
81453
81459
81475
81496
81497
81497
81516
81529
81533
81553
81569
81578
81590
81605
81611
81620
81634
81638
81662
81662
81685
81703
81716
81722
81731
81756
81775
81787
81789
81789
81802
81807
81818
81821
81838
81849
81863
81867
81869
81874
81882
81891
81896
81906
81911
81916
81934
81943
81976
81991
81993
81993
82009
82010
82027
82037
82044
82071
82077
82080
82100
82112
82125
82125
82132
82139
82143
82147
82156
82168
82169
82177
82179
82190
82197
82205
82214
82233
82241
82250
82256
82262
82272
82285
82291
82297
82302
82308
82311
82334
82336
82351
82353
82378
82395
82406
82415
82423
82432
82455
82466
82468
82477
82482
82482
82494
82498
82537
82552
82555
82555
82576
82578
82578
82580
82603
82603
82617
82636
82646
82659
82668
82674
82680
82692
82704
82710
82722
82729
82733
82736
82737
82746
82753
82760
82769
82773
82776
82779
82795
82797
82805
82805
82816
82823
82834
82846
82853
82864
82865
82873
82878
82883
82887
82895
82899
82902
82911
82913
82923
82926
82933
82941
82958
82963
82970
82978
82986
82989
83002
83004
83010
83015
83016
83021
83029
83035
83068
83081
83094
83132
83144
83181
83199
83205
83210
83246
83252
83254
83257
83258
83273
83283
83288
83289
83290
83291
83325
83326
83341
83359
83361
83371
83380
83387
83404
83406
83408
83414
83415
83420
83443
83451
83454
83462
83489
83505
83514
83521
83526
83526
83532
83536
83538
83547
83564
83573
83582
83584
83588
83589
83620
83620
83630
83632
83634
83644
83656
83667
83672
83674
83694
83695
83697
83714
83742
83759
83773
83773
83774
83779
83782
83788
83820
83847
83847
83851
83883
83897
83911
83912
83914
83944
83944
83956
83958
83968
83985
83992
84007
84023
84073
84073
84087
84096
84112
84140
84141
84141
84149
84176
84186
84196
84198
84198
84220
84228
84240
84241
84248
84257
84258
84261
84292
84293
84309
84311
84347
84357
84366
84371
84377
84391
84398
84427
84447
84451
84452
84452
84477
84481
84490
84496
84506
84543
84557
84562
84563
84565
84568
84574
84589
84608
84623
84627
84655
84664
84681
84686
84698
84699
84700
84710
84722
84729
84745
84753
84758
84775
84777
84788
84816
84818
84822
84843
84883
84895
84905
84921
84938
84947
84947
84950
84964
84985
85003
85007
85021
85047
85054
85063
85074
85080
85103
85113
85144
85145
85157
85178
85185
85210
85225
85226
85228
85235
85248
85250
85259
85263
85278
85284
85303
85323
85324
85325
85349
85354
85356
85382
85390
85399
85403
85414
85416
85418
85427
85459
85460
85460
85461
85470
85484
85486
85486
85506
85509
85539
85539
85542
85545
85554
85565
85566
85580
85581
85604
85625
85643
85653
85657
85663
85664
85669
85679
85686
85689
85712
85716
85727
85730
85731
85733
85737
85738
85741
85764
85771
85785
85792
85801
85803
85809
85828
85832
85835
85838
85847
85857
85864
85865
85880
85901
85916
85918
85931
85933
85933
85935
85948
85960
85981
85991
85998
86020
86028
86032
86039
86041
86060
86074
86097
86106
86117
86124
86133
86144
86150
86165
86169
86175
86196
86200
86224
86225
86260
86265
86268
86269
86272
86289
86291
86291
86299
86303
86310
86313
86315
86317
86329
86334
86349
86353
86368
86371
86382
86383
86396
86408
86428
86432
86434
86447
86479
86496
86503
86510
86513
86514
86518
86528
86551
86556
86559
86561
86565
86571
86571
86578
86596
86624
86628
86639
86651
86656
86679
86682
86685
86688
86695
86711
86714
86720
86723
86728
86730
86731
86739
86741
86745
86751
86753
86754
86779
86781
86783
86784
86797
86816
86830
86847
86857
86864
86875
86883
86901
86915
86917
86920
86924
86935
86937
86952
86964
86977
87009
87016
87034
87039
87043
87044
87050
87082
87093
87106
87144
87153
87169
87172
87177
87177
87180
87192
87195
87197
87202
87207
87219
87222
87228
87238
87247
87266
87282
87303
87307
87335
87340
87380
87386
87411
87412
87436
87438
87441
87445
87456
87513
87515
87518
87546
87554
87558
87559
87572
87583
87595
87611
87621
87622
87633
87638
87642
87652
87652
87659
87671
87677
87702
87711
87718
87729
87734
87734
87752
87762
87793
87822
87825
87839
87843
87859
87862
87875
87893
87903
87922
87940
87976
87986
87986
87988
88010
88012
88013
88020
88022
88041
88049
88058
88080
88139
88154
88157
88161
88170
88172
88178
88185
88190
88192
88193
88195
88197
88203
88221
88240
88240
88241
88244
88249
88251
88259
88270
88285
88286
88305
88318
88325
88329
88331
88363
88364
88364
88368
88374
88375
88389
88417
88429
88433
88436
88441
88442
88452
88475
88477
88491
88498
88508
88511
88515
88538
88543
88549
88564
88577
88613
88617
88624
88640
88640
88653
88669
88671
88673
88676
88697
88707
88724
88735
88742
88747
88756
88757
88760
88768
88797
88825
88837
88853
88861
88881
88882
88900
88901
88914
88945
88948
88957
88965
88967
88967
88973
89017
89020
89023
89025
89039
89042
89046
89053
89053
89056
89063
89074
89076
89079
89100
89101
89126
89128
89133
89134
89135
89141
89146
89148
89173
89175
89182
89198
89205
89208
89215
89228
89238
89238
89243
89256
89269
89277
89314
89317
89320
89328
89335
89338
89341
89342
89345
89374
89386
89390
89395
89404
89412
89452
89485
89486
89488
89497
89503
89511
89512
89523
89533
89549
89558
89560
89567
89572
89572
89586
89594
89597
89601
89606
89607
89608
89615
89621
89663
89672
89679
89683
89688
89691
89703
89706
89732
89750
89750
89767
89768
89770
89774
89779
89781
89791
89791
89795
89812
89827
89831
89849
89860
89878
89883
89888
89891
89892
89897
89898
89900
89903
89914
89930
89943
89945
89961
89968
89980
89990
90000
90007
90025
90028
90029
90035
90042
90055
90058
90075
90092
90097
90102
90102
90115
90128
90132
90134
90146
90153
90172
90174
90181
90207
90213
90216
90226
90237
90274
90274
90276
90279
90282
90282
90300
90312
90313
90324
90353
90362
90364
90369
90389
90390
90392
90403
90406
90435
90440
90448
90454
90457
90475
90478
90489
90492
90505
90530
90536
90554
90560
90575
90581
90606
90613
90622
90626
90645
90648
90655
90670
90673
90687
90704
90716
90721
90723
90726
90732
90737
90741
90760
90761
90768
90784
90790
90801
90806
90829
90839
90857
90869
90872
90881
90886
90902
90904
90906
90914
90925
90929
90929
90937
90948
90949
90964
90964
90965
90971
91009
91013
91018
91022
91030
91034
91035
91058
91060
91062
91062
91070
91075
91085
91104
91108
91135
91145
91167
91175
91179
91185
91207
91209
91221
91226
91227
91229
91233
91251
91288
91307
91320
91345
91345
91346
91359
91361
91366
91389
91396
91397
91413
91421
91423
91428
91467
91527
91529
91538
91542
91556
91556
91565
91567
91573
91574
91576
91578
91613
91634
91678
91679
91682
91687
91694
91709
91711
91724
91731
91738
91762
91764
91770
91774
91782
91787
91803
91821
91843
91852
91867
91879
91889
91903
91916
91919
91942
91961
91971
91981
91993
92000
92009
92019
92025
92029
92066
92073
92080
92098
92101
92118
92123
92128
92132
92154
92155
92156
92158
92191
92196
92210
92224
92235
92243
92245
92253
92258
92266
92304
92311
92314
92326
92331
92338
92340
92377
92384
92390
92400
92406
92420
92468
92479
92484
92504
92504
92510
92533
92535
92542
92548
92558
92562
92568
92578
92582
92630
92636
92645
92645
92648
92649
92661
92663
92673
92679
92686
92688
92689
92692
92714
92714
92716
92720
92720
92731
92743
92746
92808
92811
92821
92823
92847
92852
92865
92882
92890
92894
92898
92928
92930
92933
92938
92944
92957
92971
92996
93003
93014
93016
93031
93035
93040
93044
93049
93051
93054
93080
93082
93091
93095
93096
93104
93121
93122
93130
93132
93147
93154
93173
93175
93189
93189
93201
93204
93216
93219
93224
93235
93239
93249
93251
93262
93264
93264
93264
93268
93275
93292
93304
93319
93342
93345
93359
93365
93378
93381
93392
93412
93415
93417
93434
93434
93450
93452
93453
93466
93472
93500
93505
93553
93560
93575
93592
93600
93611
93627
93636
93636
93650
93661
93671
93675
93678
93687
93711
93724
93726
93737
93740
93742
93746
93747
93748
93758
93760
93764
93781
93797
93829
93838
93845
93856
93881
93892
93899
93901
93902
93902
93912
93922
93948
93968
93978
93988
93990
93992
93996
94006
94007
94015
94026
94027
94034
94045
94045
94052
94055
94086
94109
94110
94123
94144
94145
94178
94204
94213
94243
94253
94275
94278
94279
94323
94327
94342
94343
94351
94356
94361
94364
94381
94386
94390
94397
94415
94415
94427
94428
94438
94444
94448
94486
94497
94498
94498
94498
94534
94563
94564
94571
94583
94593
94595
94619
94624
94626
94642
94653
94654
94655
94676
94678
94725
94729
94733
94765
94768
94795
94823
94844
94851
94854
94859
94873
94878
94898
94905
94924
94937
94981
94987
95003
95013
95022
95029
95033
95044
95064
95098
95101
95108
95132
95154
95183
95205
95226
95226
95233
95240
95252
95256
95261
95273
95286
95289
95308
95311
95313
95328
95337
95338
95356
95361
95363
95374
95384
95389
95390
95415
95420
95429
95443
95449
95451
95461
95463
95486
95492
95494
95497
95545
95567
95573
95582
95595
95600
95604
95648
95676
95685
95704
95709
95710
95716
95730
95734
95748
95749
95750
95771
95773
95780
95786
95787
95791
95802
95806
95849
95859
95862
95884
95914
95943
95948
95954
95964
95968
95969
95982
95987
95997
96001
96005
96013
96015
96021
96025
96057
96072
96076
96079
96080
96085
96089
96093
96113
96133
96133
96138
96148
96149
96162
96167
96174
96184
96184
96189
96195
96196
96229
96236
96240
96245
96272
96285
96289
96292
96298
96308
96308
96324
96331
96346
96346
96353
96373
96376
96398
96401
96404
96406
96408
96420
96430
96437
96437
96451
96455
96465
96468
96470
96479
96509
96515
96521
96526
96541
96541
96542
96558
96563
96568
96581
96583
96598
96600
96605
96635
96652
96666
96667
96668
96669
96700
96719
96727
96728
96739
96745
96758
96761
96774
96776
96778
96781
96782
96808
96822
96833
96849
96853
96858
96873
96873
96900
96900
96905
96905
96914
96915
96940
96942
96953
96959
96980
96990
96995
96997
97012
97019
97059
97059
97063
97071
97085
97115
97132
97132
97135
97140
97167
97180
97220
97220
97223
97235
97236
97241
97245
97249
97263
97263
97271
97276
97288
97291
97309
97310
97316
97318
97320
97325
97328
97341
97350
97356
97361
97365
97366
97371
97377
97386
97389
97391
97395
97399
97406
97433
97438
97445
97448
97453
97465
97466
97469
97470
97481
97516
97520
97526
97526
97527
97539
97551
97555
97557
97565
97573
97584
97602
97602
97608
97629
97643
97655
97661
97670
97702
97704
97747
97751
97753
97770
97810
97821
97831
97832
97834
97891
97897
97909
97913
97916
97922
97924
97944
97952
97996
97996
98008
98009
98019
98025
98034
98038
98053
98080
98081
98110
98110
98111
98112
98113
98116
98116
98131
98156
98156
98167
98170
98172
98178
98180
98187
98199
98201
98223
98233
98240
98252
98259
98268
98277
98284
98286
98286
98287
98290
98308
98310
98312
98313
98326
98330
98343
98355
98378
98378
98380
98396
98397
98401
98403
98417
98418
98422
98433
98436
98450
98485
98485
98499
98500
98500
98505
98525
98531
98532
98537
98556
98570
98570
98575
98596
98602
98604
98606
98622
98670
98686
98689
98692
98693
98697
98725
98725
98734
98749
98749
98749
98762
98766
98804
98819
98820
98823
98838
98855
98872
98882
98896
98910
98912
98912
98926
98936
98941
98955
98957
98968
98974
99016
99016
99018
99021
99029
99029
99032
99036
99036
99041
99062
99067
99067
99079
99088
99090
99092
99105
99105
99112
99116
99156
99182
99190
99212
99226
99233
99238
99240
99259
99311
99323
99331
99357
99389
99389
99405
99408
99419
99432
99433
99433
99440
99457
99458
99471
99480
99493
99494
99509
99525
99541
99542
99556
99569
99570
99571
99586
99608
99611
99617
99635
99646
99658
99689
99712
99722
99725
99753
99771
99773
99783
99783
99789
99790
99794
99803
99815
99829
99834
99836
99838
99857
99857
99865
99880
99880
99907
99912
99922
99924
99924
99933
99935
99940
99943
99945
99946
99956
99975
99980
99990
99996
100006
100010
100037
100039
100065
100069
100072
100074
100076
100087
100088
100109
100119
100139
100143
100161
100166
100179
100198
100201
100211
100215
100216
100218
100240
100246
100260
100268
100285
100291
100304
100326
100328
100331
100338
100374
100374
100388
100388
100401
100403
100405
100416
100424
100426
100428
100437
100445
100446
100459
100504
100506
100510
100513
100528
100531
100533
100542
100561
100575
100590
100606
100607
100610
100638
100646
100650
100666
100671
100681
100682
100684
100690
100695
100697
100698
100712
100718
100722
100727
100749
100760
100763
100769
100771
100779
100784
100799
100800
100801
100806
100814
100821
100826
100828
100830
100846
100852
100865
100878
100879
100898
100907
100914
100916
100925
100939
100962
100973
100984
100987
100994
100997
101002
101022
101031
101053
101060
101074
101076
101081
101094
101126
101130
101132
101165
101174
101176
101222
101227
101249
101251
101251
101256
101267
101271
101283
101294
101295
101297
101298
101305
101314
101314
101317
101320
101327
101337
101347
101347
101354
101360
101383
101386
101397
101409
101414
101415
101430
101439
101458
101469
101490
101499
101526
101534
101536
101544
101561
101585
101594
101603
101609
101642
101643
101645
101661
101670
101685
101703
101711
101722
101731
101736
101738
101739
101749
101757
101771
101782
101784
101790
101816
101819
101819
101828
101830
101855
101869
101875
101879
101888
101891
101896
101897
101905
101928
101934
101938
101947
101951
101955
101959
101964
101967
101979
101987
101989
102000
102003
102007
102014
102017
102026
102032
102034
102035
102038
102051
102061
102076
102111
102142
102168
102173
102174
102180
102186
102188
102258
102271
102292
102296
102306
102310
102311
102328
102333
102350
102355
102367
102369
102369
102371
102372
102375
102386
102389
102402
102417
102429
102430
102473
102484
102526
102543
102551
102556
102558
102567
102572
102573
102576
102581
102598
102598
102599
102599
102612
102631
102637
102641
102649
102653
102672
102681
102684
102690
102712
102724
102730
102731
102736
102746
102773
102775
102784
102786
102788
102791
102830
102831
102847
102850
102852
102882
102882
102888
102896
102898
102935
102949
102961
102962
102967
102990
103011
103048
103055
103087
103095
103098
103105
103106
103122
103133
103133
103142
103147
103153
103164
103166
103170
103172
103194
103194
103198
103207
103210
103224
103229
103233
103240
103245
103273
103277
103297
103312
103313
103319
103324
103331
103335
103335
103336
103337
103338
103339
103351
103351
103354
103359
103369
103374
103391
103393
103398
103403
103411
103414
103418
103438
103462
103492
103501
103511
103514
103524
103559
103574
103582
103588
103601
103601
103661
103663
103682
103717
103718
103742
103770
103783
103784
103803
103803
103822
103827
103827
103839
103848
103858
103870
103890
103917
103924
103950
103957
103957
103962
103963
103966
103982
103987
104012
104018
104025
104029
104055
104061
104065
104068
104068
104077
104091
104094
104105
104107
104122
104163
104184
104188
104188
104189
104190
104204
104207
104209
104216
104224
104233
104258
104269
104282
104291
104310
104322
104328
104328
104346
104363
104370
104370
104370
104374
104398
104402
104412
104415
104428
104436
104441
104444
104450
104452
104459
104460
104466
104466
104467
104473
104489
104501
104517
104548
104558
104589
104598
104601
104603
104604
104607
104609
104616
104618
104624
104645
104671
104672
104676
104680
104682
104683
104700
104744
104764
104785
104786
104813
104819
104819
104827
104866
104872
104896
104904
104916
104928
104942
104942
104946
104946
104948
104949
104958
104966
104966
104980
104998
105001
105009
105011
105014
105023
105026
105028
105029
105089
105097
105114
105119
105138
105138
105138
105149
105154
105160
105163
105173
105175
105177
105180
105185
105185
105189
105191
105222
105245
105246
105254
105283
105285
105285
105307
105315
105326
105329
105334
105341
105342
105346
105355
105375
105397
105400
105414
105421
105426
105445
105453
105455
105456
105468
105502
105510
105517
105528
105550
105556
105562
105566
105566
105573
105578
105582
105602
105613
105613
105617
105627
105634
105640
105650
105658
105660
105667
105668
105668
105688
105693
105737
105748
105776
105793
105796
105796
105811
105818
105831
105845
105863
105867
105925
105936
105940
105943
105949
105949
105957
105997
106002
106018
106027
106031
106039
106056
106072
106074
106085
106097
106108
106122
106126
106129
106133
106135
106153
106173
106177
106178
106199
106211
106212
106232
106242
106246
106258
106272
106278
106306
106315
106321
106327
106327
106328
106336
106337
106347
106358
106364
106370
106374
106398
106403
106403
106413
106423
106436
106446
106452
106461
106476
106481
106482
106494
106496
106498
106523
106532
106540
106548
106551
106552
106552
106556
106570
106577
106599
106606
106619
106627
106633
106635
106650
106651
106655
106676
106689
106711
106717
106729
106729
106740
106773
106810
106828
106829
106853
106862
106866
106872
106875
106883
106889
106900
106914
106915
106921
106949
106960
106969
106971
106972
106979
106983
106995
107018
107022
107036
107040
107046
107047
107048
107059
107071
107084
107099
107155
107159
107163
107166
107167
107188
107190
107190
107191
107198
107206
107209
107235
107240
107263
107272
107288
107326
107345
107351
107351
107387
107400
107407
107410
107411
107419
107422
107424
107448
107454
107473
107480
107486
107491
107491
107497
107497
107498
107504
107508
107524
107538
107561
107577
107601
107622
107623
107633
107642
107643
107659
107660
107663
107674
107678
107680
107681
107682
107685
107707
107711
107716
107749
107765
107776
107782
107785
107789
107832
107852
107853
107951
107970
107975
107975
107981
107988
108019
108037
108054
108055
108058
108076
108108
108111
108116
108151
108171
108174
108182
108199
108212
108233
108243
108277
108277
108277
108279
108283
108318
108322
108324
108333
108347
108359
108385
108387
108393
108407
108416
108420
108421
108425
108435
108440
108453
108464
108472
108479
108485
108514
108551
108552
108557
108569
108569
108570
108584
108598
108601
108624
108635
108658
108676
108722
108727
108734
108744
108754
108772
108821
108837
108848
108855
108856
108888
108902
108905
108911
108918
108932
108932
108941
108972
109004
109023
109024
109033
109045
109048
109076
109097
109109
109114
109132
109132
109147
109148
109153
109154
109173
109174
109176
109177
109193
109205
109215
109240
109252
109253
109255
109255
109258
109261
109262
109281
109292
109308
109314
109318
109318
109325
109331
109332
109338
109339
109343
109349
109418
109427
109432
109469
109477
109480
109504
109504
109508
109534
109537
109561
109562
109569
109596
109599
109606
109617
109633
109639
109640
109644
109653
109656
109672
109727
109745
109748
109764
109767
109770
109775
109783
109785
109785
109787
109793
109798
109802
109802
109813
109820
109828
109832
109835
109840
109861
109880
109923
109965
109980
109987
110003
110004
110004
110040
110046
110052
110061
110063
110064
110079
110079
110091
110095
110106
110114
110119
110146
110147
110150
110151
110168
110169
110194
110210
110216
110227
110239
110244
110258
110275
110281
110291
110296
110298
110312
110312
110316
110331
110356
110364
110391
110392
110397
110418
110434
110439
110441
110454
110457
110468
110469
110471
110471
110483
110489
110497
110518
110519
110522
110526
110552
110558
110577
110577
110597
110598
110606
110612
110616
110618
110621
110636
110641
110647
110647
110682
110685
110698
110700
110712
110721
110735
110747
110754
110779
110782
110790
110811
110826
110845
110872
110887
110890
110906
110916
110935
110939
110943
110953
110971
111024
111030
111034
111035
111040
111058
111070
111076
111086
111091
111091
111094
111099
111109
111119
111127
111167
111175
111182
111183
111200
111200
111207
111222
111223
111224
111225
111229
111236
111250
111260
111263
111267
111276
111284
111288
111294
111294
111297
111308
111325
111336
111338
111349
111353
111353
111354
111367
111369
111370
111371
111385
111387
111391
111397
111403
111405
111412
111414
111437
111443
111448
111451
111480
111493
111507
111512
111514
111516
111529
111533
111535
111536
111546
111565
111569
111569
111575
111583
111584
111586
111587
111612
111617
111624
111655
111672
111685
111704
111704
111708
111718
111735
111750
111757
111766
111789
111789
111795
111816
111820
111832
111841
111854
111858
111879
111885
111899
111908
111927
111936
111952
111959
111974
111985
111994
111999
112000
112007
112020
112028
112055
112058
112066
112071
112074
112083
112110
112125
112125
112128
112139
112146
112171
112188
112188
112191
112208
112267
112268
112276
112304
112349
112350
112358
112364
112368
112371
112377
112381
112390
112424
112433
112438
112447
112448
112448
112448
112494
112504
112520
112532
112535
112539
112541
112546
112570
112574
112600
112601
112606
112610
112617
112624
112633
112641
112658
112676
112683
112687
112707
112708
112718
112719
112725
112740
112750
112770
112772
112799
112799
112802
112825
112834
112839
112841
112848
112854
112863
112864
112874
112876
112891
112939
112942
112947
112955
112964
112994
113006
113010
113013
113013
113020
113022
113060
113080
113093
113111
113126
113130
113151
113151
113178
113179
113190
113191
113207
113212
113221
113221
113223
113229
113248
113254
113258
113271
113298
113319
113323
113337
113354
113359
113398
113404
113422
113431
113457
113476
113486
113493
113516
113525
113564
113565
113572
113576
113619
113622
113649
113650
113653
113662
113677
113697
113715
113725
113740
113745
113776
113792
113806
113814
113814
113823
113841
113845
113852
113858
113860
113861
113863
113880
113881
113895
113900
113916
113951
113958
113975
113985
113990
114013
114036
114045
114074
114077
114080
114105
114109
114133
114137
114151
114159
114161
114191
114194
114207
114208
114210
114216
114216
114237
114249
114269
114271
114285
114295
114310
114338
114360
114363
114364
114378
114393
114406
114418
114430
114433
114443
114450
114470
114494
114505
114513
114524
114529
114565
114587
114605
114607
114613
114619
114624
114653
114660
114669
114686
114691
114693
114709
114711
114727
114735
114735
114738
114738
114761
114762
114765
114768
114794
114797
114804
114810
114824
114824
114843
114848
114850
114861
114863
114882
114896
114898
114899
114924
114924
114927
114933
114949
114953
114960
114993
114995
115005
115009
115019
115024
115035
115051
115074
115080
115098
115123
115135
115179
115199
115220
115233
115254
115255
115255
115257
115281
115287
115308
115312
115317
115333
115340
115346
115351
115359
115364
115370
115373
115377
115406
115408
115421
115430
115436
115436
115438
115439
115453
115454
115464
115487
115489
115499
115502
115504
115522
115542
115546
115555
115575
115585
115600
115602
115606
115629
115642
115644
115672
115673
115681
115700
115706
115728
115740
115750
115770
115775
115793
115801
115826
115844
115862
115864
115874
115879
115895
115896
115902
115905
115907
115911
115915
115916
115931
115934
115946
115947
115975
115993
115995
115995
116010
116011
116017
116029
116040
116041
116047
116052
116059
116066
116067
116071
116085
116101
116107
116132
116155
116173
116176
116181
116197
116202
116207
116208
116212
116215
116233
116253
116255
116261
116264
116277
116284
116287
116288
116302
116336
116340
116355
116361
116373
116377
116378
116387
116390
116392
116403
116415
116418
116419
116420
116435
116448
116449
116452
116458
116461
116489
116491
116518
116540
116561
116566
116569
116575
116591
116601
116602
116603
116612
116619
116623
116635
116654
116666
116671
116683
116687
116695
116699
116737
116739
116787
116793
116796
116811
116818
116820
116828
116840
116844
116845
116855
116858
116880
116886
116887
116896
116896
116911
116927
116929
116931
116941
116957
116962
116964
116985
116986
116992
116995
116999
117002
117007
117016
117029
117039
117044
117049
117054
117055
117057
117060
117067
117079
117081
117083
117090
117102
117117
117134
117138
117153
117158
117158
117196
117202
117206
117211
117220
117263
117268
117276
117291
117324
117324
117334
117337
117363
117368
117389
117416
117438
117439
117462
117473
117476
117486
117487
117487
117490
117491
117499
117521
117528
117546
117548
117567
117571
117587
117589
117601
117631
117648
117658
117664
117698
117700
117700
117705
117721
117744
117753
117767
117787
117793
117797
117806
117812
117813
117816
117831
117854
117862
117864
117868
117869
117872
117874
117881
117882
117887
117889
117941
117953
117961
117971
117974
117989
117995
118006
118009
118020
118039
118044
118058
118105
118106
118109
118127
118138
118144
118149
118155
118157
118164
118172
118173
118190
118192
118194
118207
118211
118218
118218
118226
118234
118246
118259
118325
118335
118361
118362
118366
118400
118403
118409
118435
118447
118466
118474
118483
118502
118504
118539
118546
118557
118570
118585
118595
118609
118615
118619
118621
118622
118639
118663
118689
118699
118703
118706
118721
118733
118733
118743
118754
118768
118782
118790
118791
118822
118828
118833
118834
118850
118852
118856
118865
118865
118885
118924
118927
118928
118928
118940
118943
118946
118949
118980
118987
118987
118999
119001
119022
119022
119026
119039
119053
119054
119065
119071
119079
119081
119084
119098
119106
119114
119116
119120
119156
119205
119215
119218
119219
119226
119232
119233
119248
119261
119267
119270
119279
119279
119284
119286
119291
119291
119310
119310
119312
119315
119325
119326
119344
119358
119366
119388
119389
119401
119415
119417
119418
119429
119431
119446
119451
119456
119464
119466
119475
119480
119511
119515
119518
119538
119539
119549
119562
119563
119564
119579
119589
119592
119612
119613
119631
119648
119659
119668
119679
119686
119690
119695
119724
119729
119730
119734
119778
119820
119823
119837
119840
119854
119864
119866
119884
119890
119891
119891
119891
119898
119930
119941
119990
119996
119997
120046
120048
120056
120057
120074
120098
120124
120125
120137
120149
120157
120160
120165
120173
120176
120225
120243
120244
120247
120254
120258
120260
120261
120265
120283
120285
120294
120298
120300
120302
120331
120350
120352
120366
120369
120374
120380
120383
120390
120404
120416
120424
120437
120438
120453
120456
120469
120469
120472
120477
120486
120490
120492
120493
120499
120520
120522
120529
120536
120536
120538
120545
120557
120572
120576
120592
120594
120594
120620
120627
120637
120669
120675
120679
120680
120688
120699
120705
120706
120714
120723
120734
120735
120745
120750
120750
120753
120754
120787
120796
120799
120806
120813
120817
120822
120850
120860
120868
120879
120896
120913
120915
120918
120919
120928
120941
120950
120985
121012
121028
121038
121040
121041
121045
121067
121075
121085
121090
121098
121135
121138
121172
121183
121184
121184
121192
121211
121211
121217
121255
121255
121256
121266
121270
121273
121274
121289
121310
121310
121319
121322
121323
121335
121382
121385
121422
121423
121431
121454
121465
121465
121485
121492
121498
121500
121508
121511
121513
121518
121521
121526
121535
121541
121569
121588
121607
121624
121626
121643
121644
121644
121666
121672
121685
121701
121717
121720
121728
121730
121732
121734
121740
121746
121747
121790
121791
121798
121801
121801
121833
121834
121846
121853
121861
121871
121883
121899
121901
121911
121915
121934
121939
121943
121956
121958
121967
121968
121978
121988
121990
121991
122000
122019
122022
122051
122057
122073
122080
122093
122093
122095
122101
122113
122115
122125
122126
122131
122136
122169
122169
122170
122195
122207
122215
122226
122244
122245
122245
122247
122277
122289
122293
122337
122339
122345
122366
122369
122380
122388
122397
122408
122412
122415
122438
122454
122454
122458
122458
122462
122489
122502
122505
122517
122520
122523
122525
122531
122540
122541
122580
122589
122591
122593
122597
122600
122600
122627
122633
122639
122643
122652
122654
122661
122671
122674
122689
122705
122722
122728
122729
122740
122743
122747
122747
122758
122770
122778
122781
122791
122794
122798
122799
122800
122804
122805
122815
122829
122837
122838
122853
122868
122881
122886
122886
122886
122895
122899
122953
122962
122989
122990
122997
123013
123019
123028
123034
123035
123052
123056
123072
123084
123096
123130
123133
123136
123143
123148
123148
123169
123173
123174
123193
123195
123206
123209
123216
123220
123228
123238
123248
123274
123295
123299
123320
123324
123327
123333
123341
123351
123358
123359
123380
123380
123385
123397
123404
123406
123407
123412
123424
123431
123431
123431
123443
123445
123450
123460
123460
123476
123486
123506
123509
123519
123529
123535
123535
123547
123553
123571
123572
123581
123591
123599
123603
123622
123657
123657
123672
123689
123718
123719
123767
123781
123788
123792
123801
123811
123825
123835
123844
123855
123874
123889
123890
123892
123903
123907
123909
123910
123915
123919
123926
123936
123969
123971
123981
123997
124007
124032
124034
124042
124042
124066
124067
124072
124085
124089
124092
124095
124114
124131
124146
124149
124162
124171
124187
124217
124218
124220
124221
124234
124240
124242
124259
124265
124275
124275
124289
124292
124296
124306
124306
124310
124318
124323
124330
124335
124340
124355
124356
124361
124373
124373
124381
124393
124396
124398
124399
124409
124420
124426
124431
124448
124457
124467
124492
124511
124531
124536
124537
124539
124555
124562
124564
124567
124569
124577
124599
124601
124604
124608
124642
124655
124665
124686
124695
124696
124701
124714
124727
124732
124734
124746
124748
124763
124800
124802
124808
124818
124828
124844
124876
124878
124892
124893
124901
124954
124963
124994
124995
125021
125023
125028
125033
125034
125034
125038
125049
125053
125067
125094
125099
125167
125170
125210
125249
125259
125262
125266
125320
125331
125337
125365
125369
125370
125381
125389
125391
125395
125404
125421
125432
125441
125446
125472
125481
125483
125486
125500
125528
125538
125541
125547
125548
125549
125554
125555
125558
125569
125572
125573
125573
125576
125578
125603
125630
125631
125633
125636
125651
125680
125698
125715
125718
125771
125788
125796
125796
125819
125821
125831
125850
125860
125861
125879
125884
125892
125905
125911
125925
125926
125927
125936
125940
125945
125952
125952
125964
125970
125972
125974
125976
125996
126007
126015
126030
126030
126031
126051
126063
126066
126069
126070
126077
126079
126081
126086
126135
126148
126153
126157
126158
126162
126167
126188
126194
126202
126242
126260
126267
126280
126296
126303
126315
126329
126339
126364
126384
126406
126406
126408
126429
126448
126461
126475
126479
126518
126534
126542
126548
126566
126568
126569
126581
126587
126612
126625
126628
126639
126644
126650
126659
126665
126671
126709
126727
126728
126739
126786
126787
126788
126790
126794
126796
126796
126798
126806
126813
126816
126819
126826
126832
126843
126856
126866
126875
126885
126889
126907
126920
126932
126932
126935
126935
126959
126985
126988
126989
127006
127010
127020
127037
127043
127050
127077
127085
127091
127108
127116
127117
127122
127125
127139
127148
127150
127158
127160
127167
127167
127172
127192
127207
127209
127219
127220
127221
127224
127228
127235
127263
127285
127295
127305
127311
127344
127356
127363
127366
127366
127377
127385
127395
127408
127408
127411
127413
127419
127425
127436
127447
127456
127460
127462
127470
127471
127472
127481
127495
127524
127569
127578
127583
127584
127590
127600
127631
127650
127653
127655
127657
127676
127677
127684
127689
127708
127717
127722
127747
127762
127787
127794
127795
127798
127799
127801
127802
127807
127814
127816
127827
127831
127832
127836
127845
127856
127859
127867
127870
127902
127909
127916
127937
127939
127942
127968
127971
127980
127982
127991
128000
128009
128012
128019
128021
128027
128029
128030
128056
128071
128075
128082
128085
128091
128101
128108
128126
128145
128147
128161
128188
128198
128205
128221
128259
128270
128272
128275
128284
128290
128291
128292
128308
128347
128357
128363
128366
128370
128387
128387
128390
128399
128421
128423
128428
128436
128455
128456
128469
128477
128508
128508
128524
128534
128542
128545
128555
128568
128574
128579
128588
128593
128611
128619
128628
128635
128640
128640
128643
128655
128673
128678
128686
128693
128698
128717
128720
128736
128742
128748
128757
128783
128796
128802
128813
128818
128824
128835
128841
128845
128850
128867
128872
128913
128915
128928
128932
128935
128939
128948
128957
128976
128984
128998
129005
129010
129029
129035
129047
129055
129057
129060
129071
129088
129096
129135
129136
129142
129184
129185
129197
129201
129202
129206
129212
129232
129232
129251
129255
129258
129267
129283
129292
129300
129301
129302
129304
129321
129338
129349
129365
129387
129394
129430
129442
129465
129468
129469
129490
129490
129498
129498
129513
129515
129529
129533
129556
129561
129594
129600
129615
129621
129625
129638
129654
129654
129706
129729
129736
129737
129757
129774
129781
129818
129831
129869
129891
129892
129893
129897
129899
129906
129912
129940
129961
129967
129976
130004
130018
130020
130025
130050
130060
130067
130071
130090
130110
130122
130126
130128
130128
130139
130157
130168
130178
130194
130201
130202
130238
130241
130249
130254
130257
130260
130262
130264
130277
130281
130289
130297
130308
130309
130310
130313
130314
130316
130325
130327
130331
130356
130369
130379
130385
130413
130414
130414
130415
130415
130428
130433
130435
130436
130438
130467
130475
130481
130487
130492
130500
130502
130505
130516
130517
130523
130524
130545
130605
130606
130609
130613
130619
130621
130627
130635
130646
130661
130672
130689
130692
130698
130705
130748
130753
130758
130760
130760
130764
130769
130776
130788
130788
130793
130803
130809
130811
130822
130828
130841
130872
130877
130884
130895
130896
130902
130910
130912
130916
130923
130927
130934
130952
130953
130975
131001
131008
131026
131039
131042
131053
131058
131067
131077
131083
131087
131092
131094
131110
131125
131141
131148
131151
131166
131167
131169
131185
131187
131187
131198
131205
131206
131218
131221
131239
131253
131276
131284
131295
131304
131313
131318
131319
131324
131335
131345
131358
131361
131374
131376
131380
131381
131389
131391
131402
131403
131414
131425
131443
131465
131470
131496
131497
131503
131508
131515
131518
131530
131534
131546
131573
131577
131578
131597
131599
131604
131610
131619
131627
131675
131682
131685
131708
131718
131729
131737
131740
131743
131749
131749
131760
131765
131794
131815
131823
131831
131855
131861
131864
131878
131886
131939
131953
132000
132039
132055
132055
132055
132058
132065
132068
132075
132089
132093
132102
132114
132128
132140
132140
132149
132153
132173
132204
132207
132213
132220
132245
132246
132281
132282
132292
132295
132300
132316
132317
132318
132332
132336
132381
132403
132411
132425
132426
132433
132437
132437
132438
132476
132480
132494
132501
132503
132524
132526
132530
132534
132543
132544
132546
132550
132562
132568
132585
132641
132644
132653
132654
132657
132658
132660
132664
132665
132670
132675
132683
132710
132746
132753
132755
132757
132766
132772
132772
132778
132790
132792
132804
132808
132809
132815
132817
132823
132828
132834
132857
132857
132861
132870
132892
132893
132896
132923
132923
132935
132948
132951
133007
133008
133012
133035
133037
133049
133076
133083
133091
133097
133104
133110
133116
133116
133122
133126
133134
133150
133164
133178
133188
133188
133193
133239
133240
133250
133251
133252
133257
133257
133274
133282
133289
133292
133300
133304
133319
133320
133323
133378
133408
133414
133485
133492
133514
133521
133531
133538
133544
133547
133554
133573
133576
133581
133595
133604
133625
133626
133643
133644
133645
133660
133691
133692
133695
133699
133711
133731
133745
133747
133761
133779
133790
133797
133806
133809
133819
133821
133851
133857
133864
133893
133893
133903
133904
133943
133945
133946
133964
133983
133991
134009
134017
134018
134021
134024
134032
134038
134044
134052
134057
134062
134095
134095
134101
134104
134105
134115
134124
134134
134143
134148
134149
134175
134185
134203
134215
134222
134232
134239
134241
134259
134271
134283
134297
134314
134335
134356
134357
134371
134379
134398
134432
134440
134445
134448
134449
134461
134461
134464
134474
134481
134483
134487
134510
134516
134526
134531
134532
134537
134563
134566
134575
134577
134589
134601
134605
134612
134620
134622
134630
134636
134637
134647
134662
134666
134693
134694
134707
134723
134741
134751
134753
134767
134778
134803
134807
134809
134842
134855
134856
134859
134867
134878
134879
134886
134888
134912
134914
134945
134966
134975
134992
134996
134996
135001
135017
135021
135023
135025
135039
135041
135065
135066
135067
135072
135079
135091
135092
135107
135112
135143
135151
135155
135162
135184
135195
135202
135206
135209
135230
135245
135245
135247
135268
135272
135281
135283
135299
135308
135328
135329
135336
135352
135363
135372
135382
135392
135416
135421
135425
135427
135429
135434
135436
135443
135444
135478
135498
135501
135503
135506
135511
135520
135521
135523
135527
135543
135543
135550
135552
135552
135563
135564
135565
135568
135575
135586
135601
135602
135610
135613
135620
135620
135623
135624
135628
135633
135644
135658
135661
135667
135674
135674
135680
135685
135689
135696
135714
135721
135784
135788
135796
135806
135823
135825
135852
135858
135874
135893
135894
135896
135909
135911
135913
135923
135933
135933
135937
135949
135951
135954
135967
135986
135991
135999
136020
136025
136049
136068
136074
136076
136095
136097
136098
136112
136113
136116
136135
136136
136154
136161
136205
136205
136216
136220
136238
136245
136247
136255
136257
136270
136284
136285
136311
136320
136325
136336
136341
136348
136349
136350
136355
136374
136381
136408
136423
136428
136429
136434
136439
136448
136464
136464
136464
136470
136478
136491
136498
136505
136512
136529
136554
136554
136559
136561
136563
136597
136599
136599
136612
136618
136619
136634
136639
136645
136646
136657
136659
136665
136673
136676
136694
136705
136716
136739
136768
136779
136787
136793
136807
136828
136844
136849
136866
136880
136925
136940
136947
136951
136953
136998
136998
137027
137029
137032
137050
137058
137065
137066
137067
137074
137077
137089
137089
137095
137100
137105
137131
137134
137144
137146
137159
137163
137174
137195
137213
137223
137232
137236
137247
137257
137257
137259
137262
137280
137312
137318
137321
137334
137341
137349
137357
137372
137387
137388
137390
137391
137393
137397
137413
137428
137428
137445
137448
137458
137471
137487
137490
137509
137511
137511
137511
137519
137526
137527
137545
137549
137553
137570
137571
137573
137596
137604
137611
137612
137635
137640
137651
137654
137663
137687
137691
137694
137711
137733
137733
137737
137743
137752
137754
137760
137763
137777
137778
137781
137787
137814
137824
137826
137832
137846
137851
137854
137874
137897
137904
137916
137917
137925
137935
137955
137981
137996
138000
138002
138018
138031
138033
138034
138046
138052
138068
138071
138073
138092
138093
138094
138111
138134
138134
138139
138143
138158
138160
138191
138204
138211
138223
138243
138249
138267
138291
138294
138308
138311
138313
138315
138319
138333
138348
138359
138361
138380
138393
138394
138398
138456
138466
138481
138486
138488
138500
138502
138508
138517
138531
138543
138545
138546
138552
138553
138560
138570
138576
138580
138582
138582
138600
138602
138605
138607
138613
138615
138624
138628
138635
138649
138649
138649
138650
138660
138663
138674
138687
138690
138717
138727
138767
138788
138807
138810
138815
138828
138836
138837
138861
138875
138891
138892
138907
138908
138914
138918
138931
138933
138949
138992
138997
139028
139055
139058
139073
139079
139104
139117
139119
139119
139132
139138
139162
139201
139211
139216
139218
139221
139240
139248
139272
139274
139291
139295
139311
139325
139326
139327
139341
139355
139363
139368
139403
139420
139423
139434
139451
139490
139493
139503
139515
139517
139519
139539
139570
139576
139577
139593
139601
139604
139624
139626
139640
139657
139675
139675
139705
139707
139711
139725
139740
139769
139781
139785
139788
139795
139796
139799
139804
139808
139826
139832
139832
139840
139850
139860
139862
139883
139891
139902
139902
139904
139904
139907
139954
139966
139972
139972
139975
139988
140001
140001
140013
140017
140021
140026
140037
140042
140050
140050
140052
140072
140073
140091
140094
140111
140118
140119
140124
140128
140132
140144
140167
140169
140172
140175
140182
140193
140194
140196
140210
140211
140279
140280
140294
140322
140331
140347
140378
140391
140405
140416
140419
140426
140433
140440
140451
140461
140463
140464
140474
140477
140478
140480
140505
140510
140518
140526
140537
140538
140539
140540
140543
140564
140576
140578
140591
140596
140600
140606
140621
140623
140635
140638
140649
140665
140668
140688
140693
140697
140698
140716
140717
140727
140734
140739
140753
140763
140766
140787
140806
140836
140841
140910
140912
140938
140968
140980
140983
140986
141003
141004
141017
141022
141023
141031
141033
141036
141047
141053
141069
141087
141128
141133
141158
141172
141197
141203
141212
141221
141222
141236
141257
141259
141266
141269
141276
141282
141303
141305
141310
141348
141353
141373
141385
141385
141392
141393
141410
141418
141428
141431
141440
141448
141477
141478
141480
141495
141499
141500
141516
141522
141522
141547
141556
141560
141562
141569
141580
141603
141605
141617
141624
141632
141632
141640
141652
141673
141680
141688
141689
141695
141697
141699
141708
141713
141716
141734
141735
141805
141806
141810
141861
141862
141893
141927
141929
141943
141966
141969
141977
141999
142000
142002
142009
142026
142042
142048
142053
142070
142077
142086
142091
142099
142102
142111
142117
142123
142125
142155
142164
142172
142189
142218
142223
142231
142235
142241
142272
142288
142308
142311
142329
142340
142343
142393
142398
142401
142404
142411
142412
142421
142422
142425
142437
142483
142494
142497
142546
142561
142571
142581
142585
142586
142597
142599
142609
142611
142616
142634
142646
142671
142673
142675
142676
142709
142712
142714
142719
142726
142732
142735
142754
142765
142772
142772
142778
142794
142814
142819
142831
142883
142892
142908
142919
142920
142931
142942
142953
142954
142955
142957
142965
142968
142973
142982
142991
142993
143009
143011
143014
143074
143075
143082
143084
143094
143098
143127
143141
143146
143147
143150
143169
143181
143185
143229
143241
143244
143252
143254
143266
143283
143289
143299
143307
143308
143309
143320
143323
143326
143358
143360
143374
143383
143386
143388
143392
143413
143430
143433
143434
143436
143438
143478
143479
143479
143504
143514
143521
143528
143538
143541
143543
143543
143544
143546
143550
143550
143559
143566
143585
143609
143630
143633
143657
143659
143688
143695
143705
143712
143721
143734
143743
143745
143748
143776
143789
143791
143834
143840
143844
143858
143862
143879
143897
143911
143914
143919
143926
143935
143939
143940
143944
143948
143953
143955
143960
143964
143969
143971
143972
143976
143981
143982
143986
143998
143998
144012
144014
144033
144038
144042
144052
144070
144079
144081
144091
144131
144139
144143
144143
144147
144158
144172
144187
144205
144212
144228
144231
144234
144243
144277
144285
144291
144292
144299
144319
144319
144357
144366
144372
144390
144399
144415
144442
144457
144466
144475
144480
144482
144495
144496
144519
144541
144551
144564
144572
144578
144578
144594
144605
144606
144610
144616
144626
144640
144644
144654
144662
144666
144673
144679
144681
144693
144697
144706
144706
144709
144710
144748
144749
144750
144750
144760
144763
144776
144786
144787
144820
144820
144823
144841
144850
144858
144867
144897
144913
144928
144937
144938
144943
144949
144996
145014
145028
145028
145030
145031
145032
145043
145048
145051
145059
145060
145066
145066
145068
145077
145111
145115
145158
145166
145174
145186
145220
145223
145250
145267
145274
145284
145294
145295
145301
145301
145318
145335
145344
145344
145351
145383
145390
145392
145410
145421
145424
145429
145429
145437
145437
145440
145441
145460
145475
145479
145487
145488
145490
145511
145569
145569
145588
145595
145595
145624
145635
145666
145666
145684
145699
145708
145774
145780
145782
145804
145825
145841
145843
145848
145859
145862
145864
145864
145877
145880
145885
145890
145895
145927
145934
145940
145954
145982
145982
145983
145994
146002
146005
146007
146017
146017
146035
146036
146038
146043
146052
146055
146062
146065
146069
146079
146128
146130
146130
146137
146147
146169
146173
146179
146186
146187
146189
146208
146212
146220
146236
146244
146266
146280
146300
146316
146329
146332
146340
146350
146366
146369
146381
146381
146413
146422
146429
146437
146440
146445
146459
146474
146479
146480
146492
146499
146515
146537
146540
146551
146567
146576
146593
146599
146602
146605
146622
146632
146633
146637
146649
146662
146664
146679
146680
146685
146711
146720
146743
146778
146778
146779
146802
146811
146834
146837
146850
146851
146872
146872
146877
146880
146897
146899
146943
146958
146985
146986
146992
146997
146999
147022
147037
147046
147061
147073
147079
147089
147103
147106
147113
147136
147144
147164
147166
147167
147181
147201
147209
147215
147223
147244
147254
147260
147279
147285
147285
147312
147320
147320
147333
147341
147350
147359
147380
147396
147404
147417
147433
147436
147437
147447
147456
147479
147487
147506
147508
147510
147530
147533
147535
147543
147554
147588
147603
147612
147623
147624
147641
147678
147690
147694
147700
147701
147719
147722
147726
147727
147753
147758
147758
147766
147777
147794
147796
147817
147818
147830
147850
147854
147857
147860
147876
147914
147915
147923
147924
147925
147931
147932
147936
147958
147960
147967
147972
147973
147978
147991
147994
147998
147999
148001
148013
148027
148042
148062
148066
148069
148072
148080
148081
148095
148123
148143
148175
148175
148176
148179
148187
148196
148196
148232
148234
148264
148287
148331
148334
148338
148348
148349
148351
148366
148372
148377
148381
148394
148410
148422
148428
148437
148454
148483
148506
148508
148516
148518
148519
148523
148535
148541
148547
148547
148554
148564
148567
148577
148591
148597
148598
148605
148608
148611
148612
148622
148628
148631
148638
148661
148701
148708
148715
148718
148739
148742
148746
148765
148772
148774
148786
148793
148803
148816
148826
148847
148875
148887
148891
148894
148918
148922
148940
148948
148953
148954
148956
148965
148970
148972
148977
148977
148981
148982
148988
149025
149028
149055
149067
149071
149094
149098
149101
149109
149137
149142
149165
149167
149188
149192
149214
149231
149235
149242
149257
149270
149270
149273
149277
149279
149289
149292
149325
149326
149338
149361
149378
149447
149465
149471
149472
149474
149480
149514
149515
149557
149569
149570
149623
149634
149636
149647
149653
149662
149669
149669
149671
149697
149715
149716
149728
149731
149737
149755
149797
149804
149843
149847
149849
149855
149857
149858
149862
149882
149899
149913
149929
149941
149966
149968
149977
150002
150012
150026
150039
150054
150060
150060
150069
150073
150078
150087
150088
150137
150142
150146
150162
150173
150177
150180
150190
150194
150218
150232
150238
150238
150278
150299
150302
150309
150318
150319
150337
150360
150361
150369
150371
150374
150375
150384
150399
150401
150413
150413
150415
150433
150437
150451
150461
150470
150472
150474
150485
150500
150503
150510
150519
150540
150550
150566
150575
150584
150608
150635
150642
150660
150660
150663
150668
150669
150669
150671
150677
150696
150714
150717
150720
150728
150736
150764
150764
150775
150775
150777
150793
150796
150826
150848
150849
150852
150872
150877
150888
150900
150900
150911
150919
150921
150944
150954
150956
150960
150966
150980
150984
150987
150988
151017
151031
151041
151042
151097
151102
151129
151156
151161
151175
151188
151189
151206
151223
151251
151267
151270
151270
151274
151277
151286
151293
151309
151315
151322
151331
151337
151356
151383
151404
151426
151444
151458
151458
151466
151481
151491
151497
151523
151524
151528
151528
151538
151540
151571
151573
151577
151591
151629
151633
151642
151645
151646
151656
151673
151680
151702
151703
151721
151739
151748
151764
151777
151786
151788
151796
151800
151823
151835
151869
151874
151900
151914
151919
151929
151948
151963
151971
151973
151981
152012
152016
152018
152034
152071
152073
152085
152090
152120
152124
152126
152140
152148
152159
152160
152165
152171
152185
152194
152210
152222
152224
152238
152244
152253
152287
152313
152318
152343
152346
152380
152383
152387
152395
152396
152407
152422
152423
152429
152432
152455
152458
152458
152459
152460
152469
152476
152488
152494
152523
152531
152536
152542
152545
152550
152568
152569
152589
152591
152595
152596
152604
152612
152619
152626
152634
152658
152677
152680
152681
152685
152691
152696
152703
152705
152709
152717
152719
152775
152777
152780
152783
152788
152795
152795
152802
152802
152806
152820
152837
152855
152872
152878
152890
152896
152906
152911
152911
152919
152919
152923
152925
152928
152931
152940
152943
152980
152991
152999
153002
153003
153005
153008
153019
153032
153038
153064
153065
153075
153083
153085
153088
153132
153148
153156
153165
153171
153212
153216
153216
153228
153230
153230
153244
153260
153284
153291
153302
153312
153344
153348
153357
153365
153366
153367
153383
153390
153402
153427
153446
153448
153456
153474
153484
153505
153527
153533
153537
153542
153544
153555
153562
153587
153596
153604
153644
153651
153656
153663
153676
153679
153727
153732
153738
153748
153748
153752
153763
153765
153778
153782
153808
153813
153831
153866
153867
153877
153886
153909
153927
153931
153939
153951
153961
153973
153975
153996
153998
154011
154037
154049
154050
154060
154069
154071
154080
154080
154084
154099
154125
154134
154143
154154
154178
154180
154191
154207
154214
154231
154231
154259
154267
154292
154312
154325
154330
154347
154372
154383
154385
154391
154397
154437
154439
154456
154478
154479
154493
154495
154504
154508
154512
154528
154549
154562
154565
154568
154581
154604
154610
154611
154614
154625
154625
154642
154650
154678
154697
154701
154704
154707
154710
154712
154719
154721
154721
154724
154736
154758
154762
154771
154775
154792
154797
154799
154808
154809
154812
154830
154836
154863
154881
154883
154894
154907
154922
154926
154927
154937
154949
154980
154981
154996
154997
155002
155009
155027
155030
155051
155118
155139
155140
155163
155169
155187
155220
155236
155250
155256
155266
155273
155280
155283
155289
155307
155319
155329
155363
155364
155369
155394
155419
155431
155442
155447
155453
155461
155476
155478
155488
155495
155503
155507
155532
155572
155579
155591
155596
155616
155641
155648
155652
155659
155675
155676
155679
155680
155689
155696
155702
155714
155718
155732
155738
155739
155759
155766
155768
155769
155785
155791
155797
155801
155810
155824
155831
155855
155856
155862
155871
155871
155889
155894
155906
155906
155920
155929
155944
155947
155965
155965
155965
155966
155979
155997
156003
156008
156019
156040
156044
156044
156052
156055
156059
156063
156069
156078
156091
156096
156097
156113
156121
156122
156122
156132
156133
156136
156137
156144
156148
156151
156166
156177
156182
156194
156197
156200
156212
156224
156234
156251
156265
156267
156283
156287
156343
156384
156392
156403
156415
156433
156445
156449
156455
156456
156461
156467
156471
156483
156490
156493
156493
156494
156500
156501
156505
156534
156534
156535
156537
156546
156554
156559
156571
156585
156591
156603
156605
156606
156619
156629
156640
156643
156655
156663
156672
156687
156687
156699
156700
156705
156708
156708
156730
156739
156765
156766
156775
156796
156810
156823
156839
156846
156849
156863
156864
156866
156868
156882
156887
156901
156917
156945
156957
156965
156973
156974
156979
156992
156992
157024
157026
157029
157029
157053
157055
157063
157093
157094
157114
157122
157129
157149
157162
157205
157208
157260
157264
157270
157275
157275
157291
157295
157299
157329
157344
157347
157353
157361
157367
157368
157372
157373
157376
157386
157390
157408
157416
157452
157463
157481
157483
157488
157490
157490
157499
157526
157530
157532
157533
157545
157552
157555
157556
157572
157574
157605
157607
157621
157627
157629
157633
157634
157636
157649
157650
157651
157668
157677
157686
157716
157718
157746
157770
157771
157777
157786
157791
157797
157804
157807
157813
157818
157823
157834
157839
157851
157860
157863
157886
157913
157920
157922
157927
157957
157960
157991
158002
158004
158013
158025
158030
158049
158051
158060
158070
158073
158083
158087
158088
158097
158114
158118
158124
158125
158138
158145
158175
158178
158192
158198
158213
158215
158226
158237
158243
158248
158275
158280
158305
158312
158312
158314
158322
158330
158332
158350
158350
158354
158360
158368
158419
158425
158428
158428
158431
158432
158436
158443
158463
158468
158476
158479
158487
158494
158498
158506
158518
158522
158527
158538
158556
158562
158580
158591
158610
158611
158612
158614
158622
158628
158631
158640
158643
158645
158645
158653
158663
158670
158692
158726
158742
158754
158767
158781
158790
158796
158801
158807
158808
158816
158818
158830
158846
158848
158853
158855
158871
158909
158924
158941
158967
158968
158970
158978
158978
158982
158985
158989
158997
158998
159005
159007
159027
159029
159040
159064
159080
159081
159101
159114
159117
159117
159140
159141
159156
159160
159162
159171
159173
159181
159201
159242
159247
159249
159275
159279
159286
159305
159325
159334
159344
159353
159368
159370
159371
159378
159381
159399
159400
159406
159413
159415
159427
159428
159430
159455
159469
159473
159483
159512
159513
159520
159539
159541
159541
159545
159573
159583
159595
159605
159613
159616
159624
159664
159666
159674
159686
159692
159698
159706
159717
159730
159732
159741
159751
159751
159778
159784
159800
159825
159828
159832
159842
159844
159848
159851
159863
159876
159878
159880
159889
159925
159933
159951
159956
159969
159985
160007
160012
160035
160036
160050
160051
160060
160065
160069
160077
160077
160095
160100
160116
160117
160132
160138
160143
160154
160167
160168
160176
160178
160184
160194
160207
160218
160225
160238
160251
160263
160272
160275
160280
160283
160312
160326
160349
160374
160375
160377
160381
160394
160396
160397
160410
160433
160438
160438
160453
160457
160471
160493
160513
160530
160544
160548
160560
160560
160592
160600
160615
160624
160643
160649
160664
160671
160673
160685
160692
160704
160709
160710
160715
160725
160726
160731
160734
160736
160737
160763
160767
160780
160786
160792
160799
160840
160854
160894
160906
160913
160914
160958
160969
160994
161012
161026
161043
161048
161050
161053
161054
161055
161059
161065
161068
161110
161115
161124
161125
161126
161130
161174
161194
161207
161242
161245
161251
161262
161270
161287
161299
161301
161320
161328
161331
161332
161333
161348
161353
161356
161365
161378
161397
161399
161408
161424
161426
161430
161431
161432
161436
161441
161442
161452
161469
161473
161476
161481
161487
161492
161494
161508
161515
161516
161523
161530
161553
161572
161581
161593
161611
161636
161646
161650
161658
161660
161667
161680
161682
161695
161696
161697
161710
161742
161746
161748
161765
161793
161806
161816
161840
161849
161853
161862
161867
161874
161894
161914
161933
161938
161954
161958
161962
162012
162014
162018
162023
162027
162031
162036
162049
162050
162059
162063
162063
162073
162092
162100
162109
162119
162119
162130
162145
162153
162170
162188
162197
162204
162213
162223
162225
162241
162242
162243
162254
162261
162271
162305
162306
162324
162334
162366
162373
162381
162381
162388
162391
162399
162405
162410
162422
162427
162429
162445
162451
162465
162468
162486
162495
162532
162536
162562
162566
162592
162623
162647
162666
162673
162676
162691
162693
162703
162709
162713
162727
162730
162779
162795
162818
162821
162821
162834
162873
162875
162879
162891
162892
162895
162899
162912
162967
162976
162991
163011
163015
163036
163045
163066
163073
163075
163091
163094
163096
163108
163127
163130
163132
163133
163144
163156
163168
163202
163203
163214
163234
163248
163250
163251
163255
163316
163322
163324
163328
163352
163356
163366
163370
163385
163401
163427
163432
163435
163436
163451
163457
163460
163478
163478
163480
163481
163488
163522
163523
163537
163537
163545
163553
163563
163588
163595
163620
163623
163630
163631
163633
163653
163668
163676
163687
163704
163723
163739
163742
163753
163765
163778
163784
163803
163806
163823
163823
163856
163860
163884
163885
163893
163899
163925
163928
163977
163991
164004
164013
164024
164037
164057
164059
164060
164067
164083
164087
164091
164112
164117
164120
164130
164131
164142
164150
164157
164186
164195
164210
164211
164212
164224
164261
164267
164278
164303
164306
164313
164318
164443
164446
164479
164484
164487
164494
164494
164503
164511
164514
164522
164537
164553
164558
164568
164573
164581
164583
164619
164639
164650
164654
164658
164669
164676
164684
164693
164696
164707
164717
164732
164734
164746
164747
164747
164756
164757
164759
164775
164778
164779
164807
164816
164816
164827
164831
164837
164845
164851
164864
164866
164880
164901
164945
164949
164950
164961
164965
164967
164969
164979
164997
165024
165028
165040
165043
165044
165047
165059
165065
165081
165084
165093
165094
165105
165124
165145
165156
165161
165168
165185
165198
165212
165224
165254
165268
165284
165312
165313
165316
165316
165322
165328
165329
165332
165357
165375
165384
165394
165407
165425
165446
165459
165471
165476
165495
165496
165496
165509
165532
165544
165563
165576
165580
165593
165600
165607
165622
165624
165625
165629
165630
165634
165648
165649
165652
165653
165665
165667
165674
165678
165690
165704
165730
165733
165774
165778
165784
165787
165789
165818
165822
165825
165828
165831
165846
165849
165860
165868
165888
165894
165896
165898
165901
165915
165926
165950
165953
165963
165967
165971
165972
165983
166000
166004
166016
166039
166042
166043
166052
166084
166089
166103
166107
166118
166139
166141
166158
166159
166163
166177
166180
166186
166189
166201
166216
166219
166224
166239
166239
166258
166281
166282
166302
166319
166319
166327
166374
166381
166382
166388
166390
166408
166413
166414
166430
166456
166471
166472
166480
166483
166489
166491
166514
166514
166514
166521
166522
166538
166545
166584
166599
166602
166626
166632
166633
166640
166654
166664
166669
166676
166678
166683
166685
166686
166695
166697
166710
166714
166715
166724
166737
166766
166820
166837
166844
166845
166846
166855
166865
166877
166890
166909
166909
166915
166918
166923
166934
166954
166960
166976
166978
166984
166993
167004
167023
167038
167085
167097
167100
167128
167129
167131
167140
167143
167161
167174
167181
167189
167206
167221
167224
167238
167245
167255
167271
167279
167287
167318
167321
167329
167343
167349
167355
167357
167389
167395
167395
167401
167415
167420
167433
167446
167452
167453
167462
167489
167497
167512
167517
167526
167529
167529
167536
167551
167561
167573
167584
167600
167609
167636
167651
167654
167654
167682
167697
167722
167727
167727
167731
167735
167740
167771
167786
167793
167812
167816
167825
167838
167861
167870
167918
167922
167929
167930
167955
167956
167981
167995
168028
168048
168060
168067
168070
168074
168081
168089
168091
168094
168111
168114
168141
168146
168148
168174
168192
168206
168213
168225
168238
168243
168249
168279
168301
168303
168329
168329
168349
168359
168367
168372
168373
168393
168394
168397
168414
168417
168424
168431
168452
168460
168463
168467
168472
168478
168490
168492
168501
168513
168515
168516
168526
168534
168586
168593
168600
168604
168605
168626
168645
168674
168679
168682
168688
168691
168694
168699
168701
168737
168753
168769
168774
168820
168830
168836
168841
168861
168883
168885
168892
168895
168916
168932
168935
168955
168955
168959
168964
168979
169018
169026
169041
169058
169068
169075
169079
169081
169085
169091
169118
169122
169153
169157
169157
169162
169186
169212
169219
169239
169242
169251
169260
169277
169290
169291
169313
169315
169317
169319
169321
169333
169334
169338
169349
169372
169381
169387
169388
169391
169392
169413
169419
169442
169444
169450
169454
169457
169461
169473
169475
169477
169490
169509
169519
169522
169530
169533
169539
169543
169547
169547
169565
169575
169576
169584
169594
169602
169604
169604
169607
169619
169627
169632
169633
169639
169639
169647
169660
169668
169676
169679
169683
169684
169703
169725
169737
169746
169768
169779
169791
169810
169815
169834
169855
169866
169876
169881
169886
169895
169917
169921
169932
169946
169958
169970
169979
169987
170005
170005
170021
170032
170032
170070
170080
170085
170113
170121
170133
170136
170144
170147
170147
170148
170163
170166
170167
170202
170211
170217
170220
170221
170224
170233
170237
170253
170264
170278
170283
170290
170293
170320
170327
170336
170368
170372
170374
170398
170418
170422
170425
170431
170435
170469
170472
170474
170483
170490
170492
170515
170517
170521
170530
170553
170558
170566
170578
170583
170613
170626
170642
170642
170645
170653
170669
170673
170686
170690
170711
170720
170730
170732
170740
170742
170769
170773
170782
170792
170795
170797
170799
170814
170820
170827
170829
170831
170887
170888
170889
170899
170901
170949
170951
170954
170959
170960
170961
170973
170974
170995
171015
171030
171073
171091
171098
171133
171134
171154
171158
171178
171217
171232
171267
171278
171284
171310
171321
171326
171384
171396
171432
171468
171472
171483
171494
171496
171501
171502
171503
171513
171534
171585
171590
171592
171602
171603
171619
171625
171642
171661
171663
171664
171705
171706
171750
171753
171757
171799
171803
171803
171816
171816
171829
171835
171844
171847
171862
171865
171879
171881
171918
171923
171934
171941
171961
171984
172021
172021
172021
172035
172046
172065
172085
172087
172096
172130
172134
172165
172171
172208
172211
172224
172235
172240
172246
172249
172267
172330
172334
172367
172384
172418
172430
172432
172450
172471
172490
172497
172511
172511
172526
172527
172529
172530
172532
172553
172592
172627
172628
172645
172651
172669
172694
172698
172698
172728
172748
172752
172753
172756
172776
172777
172781
172812
172819
172827
172870
172872
172885
172895
172902
172906
172908
172911
172913
172919
172922
172939
172949
172990
172998
173001
173001
173003
173007
173025
173029
173039
173045
173046
173055
173063
173078
173079
173080
173080
173090
173135
173153
173164
173170
173174
173190
173200
173221
173221
173234
173236
173243
173246
173255
173258
173272
173292
173299
173304
173332
173336
173340
173352
173353
173353
173368
173378
173413
173414
173418
173421
173421
173428
173432
173432
173444
173446
173456
173456
173457
173462
173466
173476
173479
173513
173518
173527
173530
173533
173538
173549
173567
173573
173578
173580
173591
173592
173593
173608
173609
173658
173660
173684
173691
173714
173721
173729
173729
173736
173748
173767
173772
173776
173776
173796
173796
173819
173826
173834
173842
173850
173854
173858
173862
173874
173878
173893
173907
173922
173931
173943
173945
173946
173960
173984
173990
173993
174036
174043
174082
174085
174094
174110
174114
174114
174117
174121
174160
174173
174173
174196
174199
174219
174225
174227
174231
174234
174235
174255
174256
174257
174258
174274
174278
174279
174284
174287
174294
174309
174315
174315
174324
174344
174345
174386
174387
174415
174420
174422
174424
174424
174440
174441
174442
174444
174445
174448
174479
174485
174487
174491
174491
174496
174501
174515
174516
174525
174539
174547
174551
174557
174559
174565
174575
174579
174580
174604
174614
174615
174632
174637
174655
174657
174663
174674
174687
174690
174714
174734
174739
174745
174750
174770
174771
174774
174785
174796
174796
174818
174862
174865
174873
174880
174881
174882
174891
174918
174933
174933
174942
174950
174957
174970
174970
174972
174980
174980
174992
174994
174996
174996
175008
175009
175018
175037
175042
175047
175053
175068
175071
175073
175075
175091
175110
175126
175127
175131
175133
175153
175154
175155
175155
175169
175197
175199
175199
175201
175205
175207
175212
175213
175236
175253
175282
175285
175326
175331
175349
175359
175378
175379
175383
175389
175411
175415
175418
175429
175453
175473
175480
175514
175539
175545
175552
175577
175586
175594
175595
175597
175609
175620
175622
175627
175630
175653
175682
175686
175693
175706
175717
175721
175730
175735
175736
175772
175774
175780
175828
175837
175841
175844
175845
175851
175855
175859
175861
175865
175875
175878
175881
175912
175916
175917
175922
175924
175925
175931
175939
175966
175966
175969
175970
175978
175983
175984
175990
175993
176022
176032
176033
176035
176042
176046
176053
176058
176063
176072
176110
176118
176129
176130
176132
176137
176144
176147
176165
176184
176199
176207
176227
176234
176239
176247
176274
176279
176282
176282
176284
176285
176311
176311
176314
176340
176344
176357
176374
176377
176378
176403
176406
176410
176419
176422
176431
176434
176437
176442
176443
176467
176471
176472
176497
176513
176518
176526
176549
176580
176588
176590
176609
176619
176630
176633
176634
176635
176640
176660
176661
176675
176681
176699
176715
176723
176724
176729
176733
176738
176758
176760
176780
176784
176808
176815
176832
176862
176865
176876
176877
176889
176893
176905
176937
176937
176942
176957
176969
176970
176980
176990
177001
177022
177027
177030
177030
177035
177037
177039
177055
177064
177070
177073
177079
177087
177121
177122
177123
177130
177131
177136
177144
177172
177182
177185
177186
177191
177216
177217
177218
177222
177274
177276
177295
177298
177304
177310
177311
177321
177331
177332
177359
177396
177405
177408
177415
177420
177428
177433
177450
177451
177455
177461
177473
177477
177479
177479
177500
177539
177572
177578
177581
177583
177607
177610
177613
177615
177637
177642
177665
177695
177702
177712
177714
177739
177740
177748
177760
177787
177790
177792
177792
177803
177815
177844
177866
177897
177924
177925
177935
177957
177967
177970
177987
177998
178011
178023
178025
178035
178036
178038
178040
178041
178059
178073
178081
178084
178092
178097
178109
178119
178136
178139
178144
178154
178200
178210
178237
178253
178302
178307
178316
178337
178342
178354
178360
178391
178392
178398
178445
178458
178474
178487
178506
178506
178507
178512
178513
178514
178524
178568
178592
178618
178620
178639
178647
178651
178653
178676
178707
178708
178711
178712
178728
178728
178732
178732
178738
178741
178779
178779
178783
178809
178811
178822
178826
178833
178842
178875
178891
178897
178903
178906
178913
178919
178926
178928
178928
178946
178950
178953
178964
178964
178976
178991
178992
179010
179011
179032
179036
179038
179044
179061
179067
179091
179096
179098
179100
179123
179127
179137
179138
179143
179148
179161
179162
179169
179178
179180
179188
179225
179236
179238
179256
179258
179259
179260
179266
179276
179293
179295
179301
179309
179309
179315
179316
179322
179335
179368
179382
179387
179408
179411
179411
179412
179430
179434
179439
179462
179465
179472
179476
179482
179509
179521
179526
179535
179545
179557
179560
179561
179576
179578
179603
179612
179633
179633
179652
179656
179657
179666
179689
179724
179727
179743
179749
179750
179752
179760
179772
179779
179800
179831
179832
179838
179846
179850
179852
179853
179871
179875
179894
179898
179920
179945
179969
179973
179979
179984
179988
180007
180030
180034
180050
180052
180058
180088
180112
180127
180132
180134
180149
180160
180161
180171
180177
180178
180182
180193
180194
180207
180215
180216
180219
180220
180226
180228
180240
180253
180276
180277
180305
180319
180338
180338
180344
180350
180392
180400
180427
180433
180433
180438
180442
180446
180454
180461
180471
180473
180476
180486
180501
180508
180510
180519
180526
180532
180535
180541
180552
180554
180561
180561
180562
180587
180589
180605
180621
180624
180647
180690
180701
180717
180722
180732
180734
180735
180752
180766
180774
180792
180793
180802
180808
180816
180821
180823
180859
180859
180867
180881
180893
180906
180915
180929
180940
180956
180986
181030
181035
181045
181048
181074
181075
181086
181089
181091
181096
181099
181110
181127
181131
181134
181139
181150
181164
181171
181173
181177
181189
181213
181227
181231
181246
181254
181255
181260
181287
181296
181309
181314
181319
181322
181341
181342
181353
181354
181358
181416
181423
181431
181436
181437
181447
181447
181463
181469
181470
181478
181508
181547
181551
181566
181570
181593
181597
181601
181620
181636
181636
181639
181648
181662
181671
181693
181710
181725
181732
181733
181736
181750
181755
181790
181791
181800
181806
181808
181809
181815
181825
181856
181873
181874
181893
181896
181911
181914
181925
181938
181956
181961
181966
181967
181974
181976
181978
181980
181982
181992
181996
181998
182004
182005
182015
182049
182052
182060
182062
182079
182095
182116
182136
182145
182149
182160
182176
182176
182179
182181
182184
182227
182231
182237
182240
182240
182243
182248
182272
182284
182299
182301
182302
182310
182332
182337
182339
182346
182349
182351
182372
182380
182395
182409
182434
182435
182444
182452
182483
182484
182486
182489
182504
182508
182516
182529
182557
182557
182582
182586
182588
182603
182608
182625
182626
182627
182629
182657
182703
182721
182730
182752
182756
182759
182760
182765
182772
182796
182798
182813
182822
182827
182828
182841
182847
182874
182895
182902
182902
182908
182915
182917
182931
182936
182936
182938
182953
182962
182986
183012
183032
183032
183034
183057
183084
183090
183093
183096
183103
183109
183125
183128
183137
183153
183157
183157
183163
183178
183182
183187
183191
183195
183195
183197
183203
183214
183219
183219
183235
183242
183248
183249
183254
183260
183271
183274
183285
183294
183331
183341
183347
183347
183371
183371
183374
183393
183398
183409
183412
183415
183417
183426
183448
183454
183462
183473
183497
183539
183545
183565
183572
183575
183594
183602
183612
183632
183648
183651
183666
183674
183675
183688
183708
183731
183734
183761
183799
183807
183808
183818
183845
183861
183863
183865
183897
183897
183901
183912
183919
183919
183922
183942
183944
183949
183962
183964
183975
183982
184012
184014
184021
184023
184027
184033
184043
184057
184058
184058
184061
184082
184099
184110
184139
184164
184175
184188
184193
184208
184210
184222
184224
184224
184237
184239
184245
184276
184284
184287
184294
184298
184304
184310
184311
184312
184319
184329
184334
184334
184339
184343
184352
184353
184370
184370
184371
184381
184382
184401
184410
184412
184419
184426
184437
184460
184466
184506
184506
184510
184514
184531
184538
184539
184539
184542
184547
184553
184579
184585
184596
184600
184627
184631
184633
184635
184670
184675
184678
184679
184680
184680
184683
184694
184694
184709
184738
184740
184747
184759
184782
184805
184816
184817
184834
184840
184853
184864
184883
184883
184886
184890
184891
184899
184902
184904
184915
184918
184919
184929
184931
184935
184940
184951
184957
184975
184983
184992
184995
185000
185028
185042
185057
185071
185077
185077
185081
185084
185086
185112
185121
185126
185142
185143
185148
185150
185154
185171
185182
185185
185199
185216
185245
185252
185253
185280
185282
185287
185291
185321
185331
185337
185350
185366
185376
185388
185391
185414
185419
185420
185438
185438
185441
185466
185472
185485
185496
185520
185531
185531
185554
185560
185581
185584
185601
185615
185616
185628
185636
185639
185639
185640
185642
185650
185658
185659
185667
185685
185685
185705
185715
185720
185761
185761
185769
185777
185785
185788
185791
185806
185807
185822
185825
185829
185832
185835
185846
185860
185876
185884
185889
185903
185911
185913
185923
185932
185938
185939
185939
185941
185943
185964
185987
185988
186009
186009
186012
186031
186032
186033
186040
186041
186042
186046
186048
186057
186059
186064
186071
186107
186130
186137
186145
186167
186175
186189
186191
186202
186257
186275
186285
186292
186298
186299
186306
186309
186313
186327
186365
186371
186380
186388
186395
186406
186408
186412
186442
186459
186474
186480
186485
186495
186507
186529
186551
186556
186558
186570
186574
186575
186576
186584
186602
186603
186617
186621
186629
186645
186646
186653
186663
186664
186701
186703
186717
186718
186728
186728
186738
186763
186779
186780
186780
186798
186805
186806
186807
186814
186815
186817
186844
186845
186846
186853
186856
186875
186875
186882
186891
186924
186926
186938
186953
186963
186966
186968
186992
186995
187005
187006
187010
187013
187023
187024
187034
187046
187071
187078
187082
187096
187107
187121
187125
187127
187131
187147
187158
187159
187164
187167
187168
187175
187184
187196
187199
187217
187226
187250
187256
187276
187280
187283
187285
187290
187290
187296
187319
187323
187328
187340
187344
187358
187358
187361
187362
187364
187380
187397
187401
187402
187410
187411
187417
187424
187432
187474
187476
187479
187480
187520
187554
187557
187560
187562
187589
187600
187602
187606
187617
187627
187644
187679
187688
187704
187716
187730
187752
187758
187766
187780
187793
187801
187802
187807
187819
187839
187843
187847
187850
187854
187857
187873
187873
187882
187891
187897
187923
187940
187941
187948
187988
187994
187999
188005
188011
188023
188045
188052
188092
188098
188098
188100
188106
188111
188177
188180
188197
188225
188225
188227
188239
188243
188249
188291
188300
188315
188324
188324
188327
188328
188333
188335
188337
188348
188355
188375
188382
188382
188398
188408
188418
188460
188472
188477
188482
188495
188498
188501
188504
188530
188531
188532
188532
188532
188535
188548
188560
188560
188571
188579
188592
188598
188613
188613
188617
188624
188635
188644
188645
188656
188656
188666
188687
188692
188693
188727
188729
188745
188750
188764
188808
188852
188879
188881
188888
188896
188905
188916
188917
188919
188929
188937
188943
188948
188958
188965
188972
188991
188996
189018
189023
189031
189038
189042
189045
189055
189062
189063
189071
189077
189079
189084
189092
189093
189093
189099
189111
189119
189121
189146
189170
189177
189203
189211
189220
189222
189253
189259
189268
189280
189286
189294
189300
189306
189310
189314
189391
189396
189397
189400
189417
189427
189452
189470
189472
189502
189509
189510
189511
189517
189533
189534
189540
189543
189552
189560
189607
189615
189616
189617
189621
189635
189638
189641
189641
189642
189652
189655
189667
189668
189674
189694
189705
189716
189739
189769
189773
189773
189781
189806
189837
189839
189863
189868
189870
189894
189903
189907
189922
189936
189944
189954
189955
189958
189963
189963
189964
189972
190005
190020
190054
190058
190065
190070
190077
190081
190094
190127
190137
190139
190142
190161
190162
190165
190165
190165
190168
190176
190178
190179
190194
190196
190200
190218
190220
190231
190251
190262
190278
190292
190296
190333
190358
190371
190372
190397
190407
190408
190411
190430
190448
190450
190488
190488
190513
190538
190546
190560
190594
190616
190618
190628
190629
190637
190638
190649
190698
190701
190701
190708
190712
190714
190718
190729
190733
190736
190738
190745
190759
190767
190777
190787
190805
190806
190807
190819
190825
190830
190856
190860
190883
190901
190928
190940
190944
190955
190977
190985
190991
191026
191036
191045
191055
191088
191096
191101
191107
191127
191135
191142
191173
191199
191200
191207
191208
191229
191236
191242
191251
191259
191264
191276
191283
191290
191290
191297
191302
191303
191309
191314
191316
191329
191332
191353
191361
191361
191370
191379
191384
191391
191400
191401
191402
191414
191420
191421
191422
191425
191427
191427
191454
191508
191516
191520
191527
191530
191534
191550
191550
191550
191575
191583
191586
191592
191614
191620
191621
191632
191637
191645
191649
191651
191653
191667
191670
191674
191682
191688
191689
191704
191712
191727
191736
191746
191747
191754
191754
191771
191793
191794
191794
191809
191810
191822
191838
191865
191867
191872
191875
191896
191896
191901
191919
191937
191969
191970
191976
191982
192000
192008
192017
192026
192029
192051
192058
192058
192066
192073
192081
192099
192123
192126
192135
192142
192152
192155
192156
192164
192181
192187
192192
192204
192209
192232
192234
192260
192291
192293
192302
192303
192306
192334
192336
192347
192371
192378
192382
192388
192395
192431
192436
192450
192451
192454
192460
192461
192463
192468
192469
192471
192472
192494
192500
192521
192529
192529
192536
192543
192548
192567
192574
192584
192591
192596
192605
192613
192631
192639
192640
192643
192648
192657
192672
192679
192698
192705
192711
192718
192722
192725
192744
192758
192792
192812
192820
192830
192832
192857
192862
192870
192894
192904
192916
192929
192931
192934
192937
192949
192961
192963
192967
192969
192972
192975
192977
192981
192984
192990
193001
193005
193026
193027
193034
193034
193040
193042
193046
193050
193054
193061
193072
193084
193085
193091
193108
193109
193134
193138
193139
193140
193160
193171
193173
193177
193177
193182
193183
193183
193191
193203
193214
193230
193234
193236
193238
193255
193270
193270
193286
193288
193293
193301
193320
193325
193335
193336
193355
193361
193386
193388
193390
193399
193400
193418
193432
193438
193440
193441
193450
193452
193455
193455
193465
193478
193487
193490
193494
193508
193511
193516
193520
193530
193541
193560
193562
193570
193572
193572
193579
193591
193592
193595
193596
193603
193645
193657
193657
193668
193668
193673
193682
193711
193720
193735
193746
193771
193788
193790
193800
193818
193819
193822
193823
193828
193831
193836
193852
193854
193862
193867
193871
193874
193882
193887
193895
193895
193911
193924
193951
193960
193972
193987
193997
193998
194024
194031
194068
194088
194099
194102
194125
194125
194128
194131
194134
194152
194154
194158
194171
194182
194194
194195
194205
194216
194220
194232
194233
194236
194262
194271
194274
194277
194278
194289
194292
194307
194309
194332
194337
194344
194356
194367
194386
194387
194394
194396
194397
194400
194403
194414
194419
194433
194441
194444
194460
194473
194475
194477
194525
194526
194528
194537
194542
194548
194551
194574
194607
194607
194623
194628
194650
194677
194684
194688
194692
194703
194706
194715
194727
194753
194756
194784
194795
194806
194809
194812
194822
194825
194825
194826
194835
194839
194842
194843
194850
194883
194884
194891
194907
194936
194946
194958
194960
194976
194982
194987
194995
194999
195008
195013
195019
195024
195041
195056
195062
195068
195068
195074
195075
195085
195127
195130
195138
195158
195168
195173
195194
195200
195201
195202
195203
195210
195219
195251
195254
195268
195269
195276
195299
195332
195333
195338
195348
195364
195364
195372
195402
195406
195411
195416
195418
195423
195449
195454
195461
195497
195504
195515
195524
195526
195530
195532
195534
195535
195558
195563
195565
195568
195578
195585
195586
195588
195588
195589
195597
195600
195603
195627
195655
195657
195664
195693
195694
195702
195707
195711
195725
195733
195746
195754
195766
195771
195774
195775
195784
195784
195788
195804
195809
195815
195816
195855
195862
195864
195868
195881
195883
195926
195934
195937
195941
195951
195961
195965
195965
195968
195971
195974
195986
196003
196041
196051
196059
196071
196071
196085
196089
196095
196101
196111
196113
196117
196139
196147
196150
196171
196172
196199
196202
196202
196205
196221
196222
196262
196264
196266
196275
196276
196277
196280
196297
196307
196312
196329
196348
196357
196359
196359
196360
196370
196371
196384
196395
196411
196414
196420
196432
196456
196460
196461
196466
196496
196499
196513
196536
196550
196556
196564
196566
196573
196587
196596
196615
196618
196689
196691
196692
196700
196723
196731
196739
196754
196771
196777
196788
196788
196792
196803
196808
196819
196845
196845
196852
196854
196865
196867
196959
196996
197000
197001
197001
197006
197015
197027
197048
197049
197054
197070
197074
197075
197077
197120
197128
197140
197148
197151
197157
197162
197172
197173
197199
197201
197211
197218
197239
197249
197257
197257
197272
197272
197292
197317
197324
197336
197337
197339
197344
197350
197352
197360
197369
197393
197409
197410
197415
197422
197426
197428
197446
197455
197473
197479
197502
197505
197510
197510
197525
197530
197534
197535
197552
197558
197564
197588
197590
197598
197599
197601
197612
197616
197631
197636
197645
197648
197658
197696
197702
197717
197729
197730
197736
197739
197761
197773
197776
197780
197781
197800
197819
197831
197839
197842
197846
197863
197874
197875
197880
197897
197919
197926
197943
197944
197944
197950
197952
197967
197978
198000
198024
198028
198033
198044
198052
198074
198074
198091
198096
198108
198122
198128
198135
198156
198166
198189
198193
198208
198212
198221
198224
198231
198234
198242
198269
198272
198283
198289
198293
198305
198306
198322
198323
198325
198329
198332
198358
198363
198384
198388
198420
198437
198452
198469
198473
198497
198525
198527
198552
198555
198573
198585
198589
198592
198603
198607
198635
198637
198646
198661
198694
198696
198697
198713
198717
198732
198750
198750
198763
198770
198773
198786
198786
198809
198811
198815
198855
198857
198874
198878
198888
198897
198899
198899
198904
198916
198943
198971
198972
198983
198998
199002
199037
199038
199044
199046
199052
199054
199060
199071
199077
199079
199082
199088
199099
199105
199123
199137
199148
199164
199169
199186
199197
199206
199208
199209
199212
199232
199237
199250
199251
199268
199276
199283
199349
199349
199352
199356
199356
199394
199396
199396
199404
199408
199411
199425
199426
199433
199444
199456
199459
199482
199485
199489
199506
199533
199584
199609
199618
199622
199625
199631
199643
199654
199662
199675
199676
199682
199712
199714
199717
199732
199744
199744
199744
199747
199753
199760
199766
199775
199786
199808
199808
199812
199814
199821
199833
199851
199852
199902
199904
199907
199926
199928
199958
199964
199969
199971
199974
199976
200005
200009
200011
200039
200039
200047
200076
200078
200078
200096
200103
200116
200155
200172
200181
200184
200187
200210
200210
200211
200214
200215
200218
200233
200234
200250
200280
200289
200305
200306
200313
200323
200345
200365
200380
200404
200412
200421
200431
200441
200455
200476
200487
200493
200495
200509
200526
200541
200562
200581
200586
200598
200599
200622
200632
200656
200661
200669
200675
200693
200694
200694
200717
200724
200732
200735
200737
200747
200761
200762
200768
200785
200790
200792
200809
200811
200825
200848
200862
200868
200886
200895
200910
200912
200913
200916
200933
200935
200938
200963
200965
200977
200980
200982
200990
200994
200994
201028
201033
201038
201040
201041
201079
201091
201107
201115
201128
201141
201144
201169
201199
201200
201209
201233
201237
201250
201276
201299
201325
201325
201331
201339
201344
201356
201365
201376
201385
201387
201391
201395
201418
201420
201435
201439
201468
201484
201503
201505
201507
201517
201517
201524
201525
201526
201530
201538
201556
201569
201586
201588
201597
201600
201612
201649
201682
201687
201691
201697
201697
201698
201719
201736
201739
201767
201767
201776
201794
201816
201818
201819
201839
201848
201856
201865
201893
201894
201894
201910
201911
201914
201915
201916
201917
201951
201954
201956
201962
201970
201972
201982
201985
201996
201996
202008
202010
202012
202019
202021
202026
202029
202051
202058
202062
202068
202075
202075
202102
202106
202111
202120
202129
202140
202142
202178
202192
202194
202203
202216
202227
202250
202254
202266
202275
202276
202279
202282
202291
202302
202304
202313
202314
202324
202326
202339
202339
202351
202366
202373
202389
202398
202398
202406
202408
202417
202435
202441
202454
202454
202483
202485
202487
202489
202497
202515
202526
202531
202532
202549
202571
202588
202593
202626
202637
202641
202646
202647
202648
202650
202654
202658
202661
202681
202700
202700
202727
202727
202772
202778
202778
202794
202795
202799
202806
202825
202837
202852
202861
202868
202875
202890
202891
202910
202914
202924
202931
202939
202939
202947
202961
202970
202974
202990
203037
203038
203068
203081
203114
203122
203135
203136
203141
203143
203146
203161
203169
203170
203175
203176
203199
203200
203203
203207
203215
203217
203239
203241
203247
203248
203253
203286
203301
203314
203314
203348
203356
203358
203369
203404
203405
203427
203433
203440
203449
203449
203482
203488
203488
203491
203498
203506
203510
203514
203541
203541
203557
203565
203595
203595
203616
203620
203626
203632
203632
203634
203644
203651
203654
203655
203665
203670
203681
203694
203700
203709
203722
203723
203730
203750
203759
203762
203778
203788
203793
203804
203809
203814
203822
203846
203851
203860
203861
203871
203875
203913
203924
203937
203938
203968
203970
203974
203981
203985
203995
204014
204014
204035
204037
204039
204056
204059
204065
204072
204085
204101
204138
204152
204157
204173
204195
204214
204250
204274
204285
204286
204300
204301
204316
204336
204350
204402
204412
204428
204429
204448
204457
204465
204480
204487
204489
204492
204506
204520
204522
204534
204540
204543
204562
204575
204586
204591
204591
204604
204617
204620
204635
204640
204662
204662
204685
204686
204688
204692
204703
204709
204709
204711
204711
204716
204724
204727
204752
204759
204761
204770
204783
204789
204815
204825
204841
204845
204852
204866
204868
204869
204888
204890
204895
204902
204910
204917
204949
204966
204966
205000
205013
205027
205031
205043
205066
205068
205076
205085
205086
205091
205092
205143
205150
205150
205218
205244
205252
205253
205259
205293
205300
205313
205326
205326
205331
205343
205350
205372
205389
205396
205404
205420
205432
205460
205471
205482
205488
205493
205510
205518
205569
205571
205585
205594
205601
205618
205620
205623
205629
205630
205641
205652
205666
205672
205675
205710
205719
205725
205727
205750
205758
205759
205762
205769
205772
205773
205781
205784
205809
205815
205827
205829
205839
205847
205869
205873
205877
205903
205911
205924
205927
205936
205953
206005
206029
206044
206062
206063
206070
206089
206096
206098
206108
206119
206132
206133
206143
206145
206147
206148
206156
206156
206156
206167
206180
206213
206221
206225
206234
206251
206269
206291
206302
206307
206311
206315
206317
206318
206334
206337
206337
206352
206364
206365
206372
206375
206375
206383
206393
206408
206433
206458
206467
206475
206493
206494
206494
206505
206508
206519
206525
206602
206607
206618
206622
206623
206648
206654
206662
206677
206680
206681
206688
206701
206703
206706
206722
206725
206735
206736
206765
206789
206800
206800
206815
206823
206829
206829
206841
206841
206851
206867
206878
206879
206890
206892
206915
206920
206924
206934
206955
206955
206963
206963
206965
206976
206977
206981
207001
207021
207028
207030
207038
207046
207048
207057
207058
207082
207098
207107
207108
207115
207123
207161
207172
207191
207201
207203
207203
207209
207211
207212
207213
207217
207226
207231
207248
207250
207251
207251
207292
207307
207328
207341
207349
207358
207376
207384
207390
207405
207410
207413
207456
207476
207492
207504
207530
207533
207537
207537
207549
207550
207573
207574
207577
207582
207587
207596
207604
207606
207669
207671
207676
207683
207693
207703
207707
207708
207718
207721
207738
207741
207751
207767
207774
207800
207806
207813
207830
207851
207864
207877
207888
207894
207894
207902
207948
207950
207990
207995
207997
208002
208018
208027
208030
208034
208042
208044
208062
208071
208093
208094
208100
208100
208100
208112
208116
208124
208140
208141
208142
208160
208167
208180
208197
208203
208212
208215
208224
208225
208226
208237
208256
208294
208298
208300
208315
208320
208321
208324
208351
208370
208375
208379
208381
208394
208405
208414
208417
208430
208436
208458
208473
208484
208501
208507
208509
208510
208527
208533
208536
208550
208554
208592
208596
208615
208643
208687
208694
208723
208729
208737
208739
208744
208744
208744
208755
208761
208763
208781
208783
208795
208806
208807
208838
208845
208849
208853
208862
208866
208875
208893
208904
208910
208921
208937
208946
208957
208961
208975
208979
208997
209017
209021
209029
209034
209036
209042
209045
209057
209073
209083
209085
209092
209111
209126
209138
209140
209148
209167
209168
209177
209209
209213
209214
209217
209218
209229
209236
209247
209277
209283
209291
209293
209296
209316
209339
209347
209355
209357
209365
209379
209382
209384
209386
209394
209396
209399
209412
209425
209448
209467
209470
209472
209474
209479
209486
209493
209500
209502
209504
209520
209521
209526
209529
209533
209555
209560
209566
209614
209622
209659
209661
209662
209665
209671
209682
209709
209752
209763
209764
209775
209791
209803
209808
209811
209849
209863
209869
209871
209872
209873
209885
209896
209930
209934
209940
209941
209942
209944
209965
209988
209995
209996
209998
210007
210017
210048
210054
210058
210069
210074
210079
210082
210099
210099
210164
210172
210197
210198
210207
210224
210233
210242
210257
210263
210265
210274
210303
210305
210325
210326
210329
210344
210347
210352
210354
210356
210373
210387
210389
210395
210404
210409
210421
210431
210465
210485
210489
210496
210508
210510
210526
210538
210541
210545
210556
210576
210576
210581
210582
210591
210621
210622
210630
210647
210655
210663
210688
210698
210710
210719
210726
210751
210759
210803
210804
210804
210811
210817
210848
210869
210871
210876
210900
210915
210918
210925
210930
210930
210932
210935
210939
210946
210957
210965
210968
210977
210980
210990
210993
210994
211004
211005
211006
211019
211037
211044
211059
211084
211086
211088
211117
211127
211128
211130
211142
211173
211178
211204
211205
211215
211225
211229
211230
211244
211299
211305
211313
211318
211380
211409
211412
211425
211448
211459
211486
211494
211502
211510
211520
211523
211525
211530
211531
211537
211560
211581
211583
211590
211592
211603
211604
211611
211617
211641
211652
211653
211663
211663
211672
211680
211693
211694
211726
211731
211732
211742
211744
211744
211747
211795
211807
211808
211813
211839
211876
211902
211907
211932
211943
211959
211982
212037
212037
212050
212060
212108
212125
212149
212155
212176
212188
212194
212202
212210
212227
212228
212228
212236
212252
212255
212268
212273
212281
212292
212309
212313
212315
212349
212362
212401
212409
212413
212419
212422
212423
212440
212444
212448
212509
212515
212561
212563
212571
212579
212611
212612
212622
212623
212629
212651
212671
212675
212702
212720
212727
212745
212748
212759
212764
212769
212780
212782
212799
212799
212805
212808
212825
212837
212842
212851
212868
212873
212873
212884
212886
212893
212896
212909
212944
212946
212965
212970
212973
213005
213039
213044
213045
213059
213064
213080
213087
213090
213097
213099
213113
213114
213116
213126
213128
213138
213143
213156
213164
213186
213212
213215
213219
213222
213245
213246
213247
213249
213252
213262
213289
213320
213321
213346
213376
213376
213378
213387
213419
213434
213437
213439
213441
213445
213472
213484
213488
213503
213508
213509
213511
213539
213541
213543
213551
213555
213563
213566
213575
213602
213616
213623
213632
213645
213647
213658
213665
213686
213707
213717
213720
213731
213743
213758
213762
213763
213769
213794
213813
213815
213826
213863
213865
213877
213877
213922
213926
213927
213931
213935
213937
213938
213946
213962
213964
213965
213966
213979
213993
214004
214008
214022
214045
214046
214049
214103
214107
214118
214120
214132
214138
214142
214144
214148
214162
214165
214179
214185
214194
214208
214243
214257
214264
214281
214294
214303
214326
214327
214331
214333
214357
214370
214379
214383
214384
214392
214395
214404
214411
214411
214421
214425
214429
214438
214450
214450
214455
214468
214469
214475
214487
214521
214544
214549
214554
214558
214570
214583
214594
214594
214597
214604
214614
214617
214645
214652
214685
214691
214722
214733
214742
214747
214748
214753
214770
214812
214823
214829
214831
214855
214855
214866
214871
214885
214932
214941
214955
214966
214978
214992
214998
215014
215022
215037
215038
215040
215044
215061
215065
215079
215079
215085
215089
215101
215115
215119
215180
215189
215193
215209
215232
215232
215237
215238
215243
215243
215259
215259
215263
215270
215273
215296
215296
215298
215299
215301
215302
215304
215323
215334
215345
215359
215362
215367
215368
215377
215378
215382
215390
215390
215391
215401
215402
215403
215406
215414
215417
215419
215422
215426
215432
215435
215457
215473
215481
215488
215490
215491
215506
215507
215517
215526
215529
215537
215542
215543
215551
215562
215573
215587
215593
215597
215619
215643
215644
215648
215661
215668
215694
215698
215699
215706
215715
215722
215725
215731
215732
215739
215755
215755
215763
215772
215777
215780
215783
215784
215823
215828
215838
215847
215850
215859
215876
215876
215885
215887
215902
215908
215920
215926
215929
215945
215947
215959
215966
215967
215975
215985
215995
215998
216004
216009
216023
216039
216048
216053
216063
216063
216065
216066
216073
216098
216102
216116
216120
216123
216127
216141
216145
216150
216154
216156
216191
216194
216194
216204
216219
216241
216257
216257
216278
216287
216310
216315
216323
216347
216350
216372
216374
216415
216426
216431
216447
216447
216448
216450
216450
216457
216461
216467
216469
216470
216484
216490
216491
216492
216501
216516
216526
216527
216538
216552
216558
216562
216568
216586
216590
216598
216602
216603
216615
216625
216628
216656
216658
216679
216681
216682
216698
216707
216711
216717
216744
216746
216766
216775
216797
216806
216807
216820
216820
216821
216828
216830
216833
216835
216839
216840
216866
216867
216868
216874
216892
216893
216900
216902
216918
216927
216932
216944
216954
216965
216966
216971
216974
216974
216992
217003
217024
217030
217048
217064
217070
217073
217074
217089
217099
217117
217125
217133
217149
217150
217156
217171
217187
217198
217207
217208
217211
217243
217246
217248
217248
217252
217288
217292
217301
217328
217337
217357
217371
217371
217377
217380
217407
217436
217443
217459
217460
217461
217465
217487
217492
217496
217504
217519
217538
217544
217561
217572
217579
217597
217602
217620
217656
217660
217661
217676
217680
217691
217695
217697
217705
217709
217712
217723
217727
217730
217730
217788
217822
217824
217865
217870
217877
217885
217892
217892
217903
217913
217916
217944
217956
217962
217965
217966
217974
217986
217991
218005
218014
218020
218036
218049
218054
218062
218063
218079
218081
218083
218091
218096
218124
218126
218132
218134
218140
218152
218160
218176
218185
218185
218190
218196
218201
218203
218230
218231
218267
218287
218293
218301
218306
218308
218314
218315
218322
218326
218328
218332
218337
218340
218360
218361
218362
218365
218378
218411
218422
218425
218438
218444
218445
218475
218486
218490
218496
218499
218501
218503
218507
218514
218524
218524
218554
218583
218593
218599
218599
218611
218623
218634
218641
218646
218652
218655
218661
218682
218689
218701
218709
218733
218745
218746
218762
218767
218770
218775
218777
218782
218804
218809
218815
218816
218816
218825
218834
218844
218848
218853
218855
218855
218855
218892
218913
218927
218940
218959
218961
219002
219009
219009
219014
219016
219019
219021
219021
219038
219066
219077
219077
219099
219104
219108
219119
219145
219148
219168
219172
219178
219181
219184
219186
219192
219209
219214
219218
219226
219246
219259
219264
219267
219273
219281
219298
219307
219308
219322
219349
219351
219354
219364
219374
219381
219381
219393
219393
219406
219422
219443
219448
219467
219467
219488
219491
219498
219511
219525
219538
219543
219559
219571
219573
219599
219628
219633
219634
219644
219672
219684
219697
219702
219703
219705
219723
219726
219728
219731
219732
219757
219778
219787
219804
219812
219813
219833
219834
219842
219843
219846
219865
219872
219880
219882
219896
219903
219907
219928
219931
219943
219945
219978
220022
220027
220044
220046
220075
220079
220092
220097
220098
220104
220121
220127
220141
220143
220149
220155
220164
220212
220218
220223
220242
220244
220251
220257
220265
220267
220268
220284
220289
220300
220310
220318
220351
220357
220372
220375
220375
220404
220406
220411
220418
220422
220423
220444
220461
220473
220474
220477
220498
220516
220520
220527
220547
220547
220555
220559
220561
220563
220588
220622
220626
220642
220659
220668
220675
220686
220697
220705
220706
220723
220730
220740
220747
220780
220785
220789
220791
220815
220829
220853
220860
220864
220873
220874
220912
220916
220941
220947
220949
220952
220962
220965
220971
220975
220981
220985
220996
221015
221016
221018
221022
221023
221044
221044
221056
221060
221068
221069
221081
221095
221101
221104
221130
221144
221148
221154
221157
221163
221173
221196
221209
221217
221218
221223
221223
221228
221232
221256
221265
221276
221286
221293
221293
221298
221313
221320
221325
221327
221329
221351
221369
221404
221417
221421
221429
221451
221451
221478
221493
221504
221514
221528
221530
221531
221534
221547
221554
221569
221570
221579
221581
221609
221632
221637
221641
221656
221662
221664
221679
221681
221682
221689
221704
221707
221724
221724
221728
221732
221738
221751
221754
221765
221773
221775
221779
221780
221780
221815
221819
221830
221837
221840
221852
221869
221884
221900
221927
221933
221949
221950
221970
221977
221994
221994
222010
222015
222017
222018
222024
222027
222034
222037
222054
222071
222074
222099
222105
222124
222148
222148
222151
222160
222182
222191
222198
222220
222221
222238
222241
222242
222247
222248
222257
222282
222288
222292
222300
222305
222306
222310
222312
222318
222325
222349
222367
222379
222383
222386
222392
222403
222417
222432
222455
222458
222461
222463
222464
222466
222471
222475
222481
222492
222493
222493
222497
222501
222502
222512
222521
222533
222540
222545
222548
222550
222551
222560
222561
222591
222604
222604
222604
222623
222624
222649
222655
222667
222682
222694
222698
222704
222705
222715
222719
222727
222728
222734
222739
222755
222764
222771
222795
222797
222834
222855
222864
222890
222905
222924
222967
222972
222972
223002
223005
223030
223041
223047
223048
223053
223055
223069
223084
223088
223108
223110
223118
223120
223125
223125
223126
223127
223129
223142
223144
223147
223165
223181
223194
223208
223220
223228
223231
223232
223239
223240
223251
223255
223260
223267
223269
223281
223292
223331
223333
223344
223351
223357
223357
223385
223413
223432
223436
223456
223461
223466
223475
223483
223484
223484
223486
223492
223521
223593
223605
223611
223620
223622
223623
223637
223644
223644
223650
223672
223674
223675
223680
223684
223711
223726
223736
223736
223748
223764
223766
223778
223781
223788
223796
223829
223834
223839
223865
223877
223880
223884
223887
223903
223915
223928
223935
223939
223943
223945
223951
223955
223965
223969
223973
223974
223974
223976
223981
223983
223987
223995
224005
224008
224014
224016
224027
224049
224055
224061
224066
224076
224087
224090
224095
224103
224112
224128
224128
224140
224149
224166
224178
224198
224200
224215
224234
224235
224238
224254
224256
224275
224302
224320
224328
224344
224346
224347
224349
224366
224380
224380
224389
224409
224419
224421
224424
224426
224435
224441
224443
224446
224456
224460
224463
224471
224475
224487
224508
224509
224519
224537
224539
224557
224557
224559
224566
224570
224590
224596
224621
224625
224627
224627
224631
224634
224648
224651
224652
224655
224656
224676
224694
224711
224719
224725
224725
224729
224740
224740
224746
224766
224772
224784
224791
224803
224803
224805
224810
224813
224817
224852
224856
224858
224868
224880
224883
224888
224892
224896
224904
224907
224923
224930
224934
224940
224948
224969
225006
225029
225039
225058
225064
225074
225082
225089
225113
225117
225123
225131
225136
225167
225185
225193
225224
225226
225233
225252
225253
225298
225308
225316
225319
225326
225329
225340
225401
225405
225406
225411
225423
225426
225437
225451
225455
225489
225490
225493
225504
225504
225516
225522
225530
225549
225558
225561
225564
225581
225622
225627
225640
225651
225674
225677
225685
225692
225723
225726
225748
225749
225751
225756
225757
225761
225766
225777
225783
225786
225792
225805
225835
225848
225859
225859
225861
225883
225909
225932
225939
225945
225949
225949
225959
225962
225964
225968
225972
225977
225977
225980
226020
226032
226038
226044
226049
226052
226084
226086
226091
226096
226100
226111
226116
226118
226128
226134
226144
226151
226156
226158
226178
226178
226212
226221
226226
226227
226229
226233
226246
226264
226283
226299
226308
226309
226312
226316
226329
226341
226353
226355
226364
226384
226412
226423
226429
226436
226446
226470
226493
226498
226503
226505
226508
226530
226532
226535
226535
226539
226547
226571
226588
226624
226634
226645
226645
226648
226683
226683
226689
226700
226705
226709
226710
226713
226724
226726
226732
226768
226780
226782
226785
226788
226789
226799
226803
226811
226813
226816
226817
226819
226826
226835
226855
226867
226876
226882
226887
226935
226939
226949
226975
226984
226987
226994
227024
227042
227047
227052
227082
227097
227099
227114
227144
227162
227172
227183
227187
227188
227225
227226
227237
227262
227263
227271
227271
227281
227302
227317
227352
227391
227393
227415
227432
227441
227453
227455
227459
227460
227479
227488
227491
227500
227500
227517
227520
227537
227567
227570
227574
227588
227593
227597
227612
227620
227625
227632
227638
227641
227648
227649
227655
227661
227674
227677
227679
227690
227702
227715
227717
227719
227734
227744
227745
227748
227761
227771
227777
227778
227790
227804
227817
227823
227830
227835
227846
227867
227877
227886
227889
227893
227918
227941
227944
227948
227995
228007
228007
228016
228050
228052
228059
228070
228089
228102
228117
228122
228134
228136
228142
228148
228174
228179
228204
228222
228223
228243
228259
228261
228273
228279
228300
228308
228328
228339
228343
228349
228376
228401
228421
228430
228444
228445
228450
228461
228480
228481
228501
228501
228503
228518
228520
228523
228526
228531
228539
228542
228570
228575
228575
228578
228594
228601
228625
228638
228639
228645
228656
228675
228678
228690
228694
228696
228697
228756
228768
228811
228817
228819
228820
228833
228833
228847
228865
228873
228881
228885
228887
228893
228909
228934
228935
228965
228977
229008
229009
229014
229015
229026
229030
229032
229054
229064
229092
229095
229104
229124
229132
229136
229144
229148
229181
229199
229221
229225
229235
229260
229273
229286
229294
229300
229300
229304
229318
229339
229352
229378
229422
229426
229448
229463
229470
229475
229496
229515
229515
229520
229524
229531
229532
229559
229593
229608
229615
229616
229620
229627
229628
229632
229641
229646
229648
229653
229657
229663
229691
229695
229699
229704
229712
229738
229740
229745
229750
229757
229759
229760
229768
229795
229796
229802
229814
229830
229845
229855
229863
229870
229874
229878
229890
229906
229909
229921
229930
229939
229942
229944
229981
229987
229989
229991
230008
230034
230076
230081
230086
230120
230133
230153
230171
230175
230182
230184
230186
230188
230194
230195
230198
230216
230221
230222
230223
230238
230238
230243
230246
230253
230256
230257
230258
230298
230313
230323
230324
230324
230348
230357
230357
230363
230372
230373
230376
230381
230407
230409
230431
230437
230446
230458
230473
230494
230503
230507
230511
230528
230555
230577
230586
230591
230654
230654
230668
230671
230675
230686
230698
230706
230715
230718
230730
230743
230774
230783
230817
230822
230842
230846
230854
230855
230858
230866
230867
230872
230874
230897
230907
230909
230913
230916
230920
230964
230974
230996
231028
231031
231042
231072
231085
231099
231102
231132
231140
231142
231144
231146
231171
231179
231181
231184
231184
231210
231238
231252
231254
231259
231284
231295
231326
231338
231340
231358
231366
231375
231377
231433
231450
231454
231455
231534
231536
231538
231544
231550
231561
231562
231578
231585
231608
231627
231647
231655
231663
231663
231669
231674
231682
231684
231704
231716
231717
231734
231737
231748
231753
231758
231769
231769
231781
231781
231788
231798
231799
231803
231810
231810
231825
231838
231843
231858
231862
231863
231877
231878
231881
231885
231902
231917
231934
231942
231950
231961
231969
231978
231984
231990
231991
231997
232012
232014
232016
232026
232027
232036
232037
232042
232053
232071
232071
232072
232082
232082
232089
232097
232099
232128
232139
232150
232151
232153
232158
232158
232166
232176
232188
232189
232203
232207
232209
232220
232221
232223
232229
232244
232252
232259
232274
232277
232290
232291
232292
232305
232318
232318
232321
232330
232330
232336
232338
232399
232401
232405
232409
232416
232425
232425
232429
232431
232435
232446
232453
232493
232501
232522
232526
232530
232533
232535
232543
232544
232546
232560
232580
232595
232628
232630
232630
232633
232635
232638
232662
232666
232674
232680
232687
232708
232719
232731
232734
232788
232793
232822
232826
232831
232845
232847
232894
232896
232899
232917
232924
232931
232933
232934
232947
232970
232972
232975
232987
232989
233006
233008
233028
233034
233037
233040
233044
233077
233078
233081
233095
233100
233116
233119
233133
233141
233148
233148
233151
233156
233194
233206
233234
233255
233258
233278
233308
233330
233338
233346
233351
233366
233381
233391
233401
233404
233431
233431
233442
233448
233453
233453
233459
233469
233471
233475
233490
233492
233493
233513
233513
233524
233546
233549
233551
233553
233585
233587
233590
233602
233612
233615
233615
233620
233631
233645
233649
233657
233667
233670
233672
233674
233680
233691
233710
233721
233740
233747
233763
233776
233776
233778
233784
233786
233790
233791
233796
233796
233797
233799
233834
233837
233846
233850
233862
233889
233896
233900
233911
233920
233922
233936
233942
233947
233975
233975
233977
233982
233995
234003
234013
234022
234023
234024
234032
234053
234056
234071
234082
234104
234106
234109
234113
234145
234163
234177
234182
234195
234210
234212
234237
234250
234253
234257
234265
234267
234277
234278
234284
234314
234326
234358
234365
234366
234367
234370
234380
234388
234395
234397
234429
234429
234446
234458
234459
234464
234465
234466
234482
234489
234492
234494
234509
234536
234550
234553
234557
234566
234567
234586
234587
234602
234611
234620
234625
234626
234642
234648
234673
234682
234686
234705
234706
234712
234719
234721
234725
234728
234738
234755
234762
234778
234778
234784
234797
234798
234800
234807
234815
234824
234834
234865
234865
234869
234884
234885
234895
234905
234906
234915
234917
234938
234948
234962
234993
235027
235027
235028
235034
235035
235043
235052
235058
235059
235079
235101
235104
235104
235111
235132
235134
235139
235149
235180
235182
235184
235184
235194
235198
235201
235204
235237
235239
235244
235246
235260
235279
235283
235285
235285
235291
235334
235336
235355
235355
235368
235371
235372
235376
235390
235394
235414
235435
235440
235465
235476
235481
235482
235492
235493
235525
235526
235527
235530
235540
235549
235583
235604
235606
235611
235630
235642
235644
235649
235679
235698
235723
235742
235744
235747
235749
235774
235796
235821
235826
235830
235851
235856
235875
235900
235901
235903
235913
235916
235954
235975
235976
235976
235980
235981
236025
236029
236031
236031
236042
236045
236050
236054
236066
236083
236084
236092
236096
236099
236106
236113
236122
236122
236133
236154
236171
236173
236181
236191
236193
236215
236220
236223
236225
236227
236228
236241
236268
236274
236316
236323
236341
236351
236365
236374
236374
236384
236396
236407
236424
236426
236426
236435
236441
236446
236449
236481
236491
236508
236518
236525
236529
236539
236571
236577
236580
236587
236595
236603
236616
236624
236632
236642
236649
236673
236676
236676
236681
236685
236725
236738
236756
236764
236778
236780
236787
236791
236833
236836
236847
236855
236858
236862
236867
236879
236885
236902
236913
236920
236924
236937
236937
236972
236979
236992
237008
237008
237015
237016
237018
237020
237020
237037
237038
237043
237050
237059
237072
237072
237085
237108
237110
237131
237136
237145
237164
237168
237200
237203
237210
237212
237215
237236
237241
237249
237262
237272
237289
237290
237297
237317
237318
237323
237366
237372
237383
237386
237392
237417
237418
237428
237433
237447
237468
237470
237471
237495
237499
237521
237522
237532
237541
237541
237545
237550
237550
237562
237563
237569
237572
237572
237597
237604
237609
237610
237613
237616
237674
237696
237703
237710
237718
237719
237735
237740
237741
237746
237748
237751
237752
237757
237762
237765
237766
237773
237775
237788
237806
237812
237812
237826
237840
237841
237848
237850
237854
237854
237892
237895
237904
237921
237921
237925
237930
237935
237943
237957
237972
237979
237985
237987
237994
238014
238031
238048
238058
238061
238071
238101
238135
238140
238161
238162
238163
238171
238178
238183
238185
238192
238206
238210
238234
238275
238276
238285
238290
238290
238322
238335
238346
238360
238375
238376
238379
238380
238387
238392
238418
238429
238435
238438
238452
238455
238458
238511
238523
238528
238534
238537
238570
238578
238581
238593
238619
238621
238652
238657
238674
238675
238710
238716
238719
238740
238748
238805
238829
238843
238857
238880
238895
238897
238901
238905
238920
238927
238941
238947
238950
238953
238954
238963
238966
238969
238986
238998
239001
239006
239007
239016
239028
239031
239034
239037
239050
239052
239063
239079
239087
239105
239111
239126
239130
239143
239148
239164
239185
239212
239220
239221
239242
239248
239249
239250
239258
239259
239264
239297
239297
239305
239314
239316
239322
239334
239338
239344
239353
239367
239383
239396
239420
239425
239426
239435
239447
239453
239475
239500
239512
239516
239518
239525
239530
239580
239595
239607
239612
239618
239635
239639
239641
239649
239657
239672
239680
239688
239689
239744
239744
239756
239777
239777
239799
239808
239810
239814
239816
239832
239844
239857
239862
239874
239875
239883
239888
239894
239899
239907
239927
239928
239963
239966
239983
239993
239995
240019
240032
240046
240060
240063
240088
240136
240144
240146
240160
240162
240204
240206
240222
240227
240230
240231
240235
240246
240259
240276
240281
240284
240291
240301
240319
240323
240323
240326
240346
240348
240350
240366
240390
240401
240404
240406
240406
240411
240413
240419
240419
240421
240426
240430
240444
240447
240451
240486
240491
240491
240498
240500
240502
240533
240535
240554
240554
240562
240577
240583
240631
240632
240663
240682
240685
240692
240697
240717
240718
240740
240768
240776
240789
240794
240823
240824
240829
240830
240841
240848
240852
240868
240873
240873
240879
240880
240886
240894
240900
240904
240911
240921
240936
240936
240952
240957
240967
240975
240981
240986
240986
240990
240991
241015
241086
241087
241092
241093
241110
241116
241117
241125
241128
241128
241130
241131
241133
241137
241140
241153
241155
241167
241168
241173
241179
241201
241225
241242
241254
241267
241274
241279
241280
241285
241299
241307
241312
241332
241344
241345
241349
241352
241360
241376
241428
241445
241462
241483
241490
241490
241503
241519
241523
241553
241564
241564
241575
241580
241584
241599
241617
241620
241642
241644
241650
241653
241678
241680
241684
241736
241739
241772
241784
241795
241800
241829
241832
241845
241857
241864
241879
241891
241892
241907
241911
241927
241943
241950
241967
241986
241990
242004
242005
242007
242025
242037
242051
242071
242077
242077
242085
242099
242113
242120
242129
242132
242144
242179
242188
242196
242237
242263
242272
242278
242289
242313
242341
242348
242359
242364
242369
242376
242393
242398
242404
242409
242411
242423
242443
242444
242454
242455
242480
242500
242501
242501
242515
242523
242528
242540
242542
242553
242562
242564
242573
242588
242606
242619
242630
242632
242634
242645
242657
242657
242668
242683
242685
242690
242692
242709
242724
242768
242770
242799
242800
242803
242804
242805
242818
242826
242843
242849
242855
242869
242874
242876
242901
242914
242916
242917
242922
242923
242936
242938
242946
242948
242951
242951
242956
242967
242995
243022
243025
243042
243061
243069
243078
243082
243102
243131
243132
243136
243136
243140
243172
243191
243200
243205
243208
243216
243219
243226
243229
243233
243234
243235
243236
243236
243236
243241
243242
243248
243265
243289
243289
243315
243334
243339
243354
243369
243385
243429
243430
243446
243453
243458
243477
243498
243504
243507
243519
243544
243577
243599
243599
243606
243610
243612
243625
243628
243635
243643
243652
243653
243663
243692
243701
243702
243707
243708
243712
243729
243731
243751
243777
243783
243788
243802
243815
243821
243823
243848
243849
243852
243864
243870
243872
243894
243953
243989
243991
243991
244000
244004
244011
244021
244047
244051
244053
244054
244061
244064
244064
244082
244088
244092
244102
244118
244121
244129
244130
244136
244142
244146
244162
244170
244185
244192
244193
244197
244198
244200
244221
244225
244234
244248
244265
244271
244279
244291
244320
244321
244344
244347
244352
244357
244372
244376
244380
244412
244414
244419
244420
244428
244433
244452
244459
244490
244512
244539
244542
244563
244565
244567
244569
244584
244589
244599
244611
244626
244639
244655
244666
244689
244700
244706
244717
244726
244763
244772
244807
244811
244816
244847
244848
244856
244859
244884
244884
244886
244900
244903
244906
244915
244918
244920
244925
244927
244936
244937
244945
244955
244963
244970
244975
244988
244989
244999
245010
245019
245032
245046
245055
245058
245103
245108
245115
245118
245132
245141
245142
245143
245150
245152
245152
245187
245208
245217
245219
245220
245224
245225
245242
245243
245248
245249
245254
245257
245264
245268
245273
245278
245279
245298
245299
245338
245359
245360
245361
245365
245404
245410
245411
245412
245431
245439
245440
245443
245458
245465
245474
245482
245498
245498
245532
245561
245566
245571
245585
245603
245611
245616
245617
245624
245643
245643
245651
245653
245668
245679
245683
245711
245718
245721
245724
245740
245766
245767
245768
245768
245776
245780
245781
245787
245787
245797
245798
245802
245806
245808
245810
245824
245857
245857
245876
245885
245890
245898
245919
245921
245930
245946
245957
245957
245957
245965
245968
245971
246005
246011
246015
246028
246035
246040
246051
246105
246111
246117
246147
246151
246160
246162
246163
246170
246185
246205
246206
246216
246221
246239
246257
246261
246264
246283
246299
246313
246322
246329
246354
246356
246356
246361
246366
246367
246371
246381
246389
246402
246403
246426
246427
246432
246444
246460
246460
246487
246494
246497
246520
246525
246525
246551
246561
246569
246577
246581
246595
246598
246599
246601
246655
246662
246679
246698
246708
246713
246727
246736
246744
246751
246753
246762
246778
246784
246789
246827
246838
246849
246851
246859
246864
246866
246875
246916
246919
246925
246925
246976
247015
247015
247025
247041
247060
247069
247084
247085
247089
247099
247101
247105
247109
247109
247112
247116
247127
247131
247152
247158
247164
247191
247212
247220
247236
247259
247273
247292
247297
247303
247304
247307
247310
247325
247357
247379
247380
247385
247388
247391
247393
247396
247402
247414
247420
247428
247433
247434
247462
247470
247475
247500
247500
247524
247525
247570
247577
247589
247595
247596
247607
247613
247616
247627
247629
247633
247642
247675
247675
247677
247690
247696
247700
247703
247711
247713
247714
247720
247720
247726
247732
247733
247741
247750
247753
247763
247764
247766
247798
247801
247802
247806
247816
247817
247822
247823
247823
247837
247839
247845
247866
247884
247904
247909
247910
247920
247946
247954
248004
248012
248022
248024
248047
248049
248057
248062
248084
248092
248099
248102
248114
248121
248128
248128
248129
248137
248140
248151
248169
248206
248215
248217
248226
248238
248263
248265
248270
248274
248277
248289
248290
248291
248297
248308
248320
248327
248366
248369
248374
248379
248379
248382
248390
248398
248403
248406
248410
248416
248422
248430
248431
248442
248448
248457
248460
248462
248472
248484
248484
248493
248497
248501
248502
248508
248535
248556
248598
248607
248617
248631
248636
248651
248652
248658
248692
248696
248703
248710
248724
248724
248727
248753
248761
248769
248778
248789
248825
248847
248852
248865
248867
248872
248890
248891
248891
248896
248902
248909
248918
248919
248922
248935
248949
248952
248956
248976
248977
248985
249006
249008
249023
249036
249059
249074
249079
249082
249083
249089
249110
249114
249119
249120
249131
249139
249139
249145
249155
249158
249159
249164
249182
249187
249188
249211
249229
249237
249239
249242
249242
249250
249266
249280
249282
249299
249308
249311
249313
249321
249325
249329
249368
249371
249380
249402
249415
249419
249426
249460
249464
249476
249491
249492
249500
249503
249506
249511
249519
249548
249561
249569
249573
249575
249576
249577
249584
249587
249593
249596
249602
249603
249605
249613
249614
249635
249639
249666
249701
249709
249711
249721
249725
249734
249750
249760
249769
249783
249791
249799
249815
249828
249833
249835
249849
249858
249860
249860
249885
249886
249905
249915
249932
249948
249958
249963
249971
249997
250002
250011
250020
250030
250056
250077
250084
250099
250099
250118
250138
250144
250206
250208
250210
250243
250244
250263
250267
250273
250274
250277
250308
250312
250315
250317
250345
250359
250365
250373
250397
250404
250406
250419
250421
250421
250441
250450
250454
250468
250468
250474
250482
250495
250513
250514
250520
250525
250571
250571
250577
250579
250584
250586
250606
250626
250629
250641
250642
250659
250676
250676
250725
250726
250737
250740
250751
250753
250772
250783
250787
250788
250796
250829
250840
250852
250854
250856
250867
250870
250898
250912
250918
250925
250938
250941
250969
250975
251008
251016
251021
251034
251037
251046
251048
251050
251074
251081
251086
251087
251093
251093
251097
251101
251103
251132
251140
251154
251159
251162
251182
251186
251200
251245
251252
251268
251273
251289
251294
251297
251312
251321
251328
251351
251352
251359
251375
251379
251388
251389
251401
251425
251428
251444
251457
251464
251471
251475
251480
251481
251484
251499
251512
251520
251522
251539
251547
251551
251591
251594
251594
251598
251606
251637
251642
251666
251666
251703
251705
251725
251731
251741
251743
251754
251765
251781
251783
251790
251793
251795
251804
251821
251824
251831
251846
251868
251879
251893
251894
251910
251915
251921
251924
251929
251932
251935
251939
251976
251977
251990
251995
251998
251998
252007
252027
252037
252041
252049
252085
252086
252093
252108
252131
252136
252142
252155
252166
252169
252172
252173
252181
252185
252186
252208
252211
252227
252238
252239
252257
252265
252269
252271
252275
252296
252313
252314
252317
252320
252322
252358
252364
252370
252373
252380
252383
252390
252395
252399
252400
252401
252431
252470
252473
252482
252489
252490
252499
252502
252504
252509
252518
252530
252545
252585
252590
252591
252641
252653
252654
252662
252672
252683
252690
252693
252717
252717
252741
252755
252777
252800
252808
252821
252822
252827
252839
252841
252845
252850
252854
252863
252869
252878
252886
252890
252906
252919
252933
252937
252948
252951
252967
252971
252983
252989
252993
252994
253024
253028
253046
253074
253076
253076
253095
253112
253114
253120
253124
253127
253148
253150
253166
253196
253197
253207
253214
253233
253234
253255
253259
253281
253282
253313
253340
253349
253354
253370
253409
253425
253457
253461
253477
253485
253489
253496
253497
253512
253520
253528
253530
253531
253537
253541
253543
253550
253552
253559
253560
253567
253571
253575
253593
253604
253606
253613
253642
253681
253688
253693
253693
253695
253697
253705
253707
253715
253729
253735
253736
253741
253755
253755
253756
253785
253785
253796
253802
253820
253823
253830
253838
253841
253843
253863
253864
253888
253891
253900
253907
253920
253928
253929
253934
253944
253944
253949
253951
253951
253970
253978
253982
253986
253998
254007
254015
254030
254033
254062
254068
254104
254107
254109
254114
254119
254138
254139
254181
254200
254203
254233
254235
254242
254250
254255
254255
254260
254300
254302
254322
254326
254341
254351
254387
254406
254407
254409
254424
254424
254425
254439
254442
254443
254446
254448
254454
254455
254462
254464
254484
254488
254498
254499
254509
254521
254543
254549
254563
254602
254608
254642
254649
254666
254689
254692
254692
254707
254708
254711
254714
254727
254740
254746
254755
254757
254759
254772
254782
254783
254792
254807
254820
254822
254840
254866
254876
254898
254906
254909
254918
254938
254952
254957
254964
254965
254974
255001
255011
255015
255020
255036
255046
255051
255054
255059
255067
255077
255118
255119
255123
255128
255150
255175
255178
255179
255182
255187
255199
255200
255212
255221
255237
255239
255239
255241
255247
255248
255255
255262
255264
255266
255271
255286
255290
255296
255303
255309
255318
255329
255333
255344
255344
255347
255347
255349
255364
255370
255371
255385
255417
255427
255437
255450
255452
255453
255508
255523
255526
255530
255530
255534
255553
255563
255569
255589
255603
255609
255636
255639
255646
255654
255665
255675
255676
255695
255734
255736
255737
255776
255777
255793
255799
255825
255832
255837
255854
255855
255872
255883
255889
255890
255930
255934
255935
255939
255940
255942
255948
255950
255964
255964
255967
255976
255976
255989
255992
256010
256016
256026
256033
256037
256079
256080
256084
256095
256099
256099
256103
256104
256105
256110
256120
256128
256130
256141
256166
256172
256179
256180
256192
256216
256219
256221
256276
256277
256288
256291
256295
256297
256306
256314
256325
256335
256341
256344
256358
256360
256364
256380
256399
256401
256416
256422
256439
256453
256462
256473
256480
256486
256505
256512
256517
256558
256564
256566
256567
256576
256580
256599
256657
256664
256673
256674
256679
256686
256687
256703
256714
256716
256720
256746
256754
256757
256767
256794
256797
256801
256809
256815
256835
256848
256850
256855
256861
256872
256910
256922
256926
256944
256957
256970
256980
256987
256992
256997
257010
257018
257037
257046
257059
257060
257062
257066
257069
257074
257074
257077
257077
257086
257123
257126
257130
257164
257172
257179
257190
257218
257229
257230
257266
257286
257296
257317
257334
257347
257353
257365
257368
257373
257383
257383
257396
257402
257408
257410
257413
257418
257442
257455
257479
257491
257502
257502
257504
257514
257516
257517
257540
257561
257584
257591
257592
257596
257611
257616
257639
257644
257656
257656
257667
257681
257687
257689
257694
257698
257710
257719
257742
257757
257760
257781
257782
257787
257809
257820
257822
257827
257828
257860
257865
257873
257889
257891
257894
257940
257961
257965
257971
257973
257989
257996
258018
258056
258077
258086
258088
258102
258121
258122
258122
258125
258127
258138
258140
258145
258170
258171
258184
258187
258195
258201
258202
258211
258228
258256
258276
258278
258288
258296
258301
258312
258316
258317
258323
258355
258374
258380
258386
258443
258450
258472
258473
258479
258516
258535
258547
258547
258549
258561
258570
258574
258594
258600
258626
258637
258639
258679
258697
258697
258703
258704
258719
258722
258732
258740
258768
258773
258783
258801
258802
258817
258824
258850
258852
258857
258860
258865
258871
258874
258876
258879
258883
258894
258897
258897
258909
258915
258927
258929
258935
258940
258944
258953
258953
258960
258967
258983
258993
258994
259010
259020
259025
259027
259033
259045
259051
259051
259055
259057
259071
259072
259079
259079
259088
259107
259110
259112
259118
259127
259128
259139
259154
259157
259181
259203
259206
259206
259214
259232
259239
259273
259273
259285
259286
259288
259289
259293
259298
259315
259322
259326
259327
259340
259366
259374
259378
259393
259422
259422
259429
259447
259454
259458
259461
259464
259471
259479
259485
259494
259498
259504
259521
259526
259530
259544
259547
259561
259573
259579
259599
259602
259618
259619
259622
259629
259630
259635
259639
259644
259668
259682
259708
259709
259744
259745
259747
259747
259755
259764
259765
259768
259773
259832
259836
259848
259884
259888
259899
259901
259906
259910
259921
259930
259940
259944
259955
259969
259999
260002
260045
260046
260052
260091
260093
260099
260100
260103
260117
260124
260129
260138
260152
260154
260162
260166
260182
260195
260199
260207
260207
260215
260230
260236
260236
260260
260266
260288
260304
260311
260330
260334
260365
260382
260387
260401
260401
260425
260436
260438
260441
260445
260452
260459
260463
260474
260481
260504
260514
260535
260552
260568
260575
260586
260593
260601
260603
260610
260611
260612
260628
260630
260641
260656
260679
260688
260717
260724
260731
260738
260748
260752
260776
260780
260784
260785
260785
260788
260799
260828
260830
260851
260854
260861
260879
260880
260892
260917
260920
260928
260929
260931
260932
260956
260962
260977
260985
260992
260992
260996
261005
261005
261008
261008
261009
261020
261043
261056
261058
261074
261081
261095
261095
261099
261103
261119
261146
261146
261156
261197
261222
261225
261250
261263
261290
261304
261322
261338
261344
261359
261365
261371
261380
261389
261391
261393
261397
261411
261426
261428
261450
261450
261459
261473
261478
261491
261494
261499
261517
261558
261581
261606
261606
261607
261619
261625
261627
261636
261654
261661
261666
261679
261680
261719
261723
261732
261743
261770
261794
261829
261832
261846
261852
261889
261890
261904
261945
261971
261975
261991
262001
262002
262021
262052
262059
262060
262093
262095
262101
262101
262103
262126
262134
262136
262142
262156
262165
262166
262166
262172
262181
262242
262253
262262
262269
262271
262276
262278
262289
262310
262332
262357
262358
262373
262390
262434
262438
262450
262465
262470
262471
262473
262486
262497
262508
262521
262526
262531
262532
262574
262577
262586
262592
262630
262635
262638
262642
262646
262649
262655
262676
262686
262692
262696
262702
262710
262713
262721
262726
262728
262730
262732
262739
262741
262742
262749
262764
262782
262794
262809
262817
262825
262832
262832
262837
262838
262838
262851
262856
262866
262867
262873
262875
262901
262909
262912
262914
262928
262933
262953
262956
262957
262978
262979
262985
262992
262995
262995
262997
263002
263009
263017
263036
263057
263057
263067
263070
263078
263080
263095
263115
263127
263131
263137
263144
263152
263154
263154
263155
263161
263171
263180
263226
263230
263231
263241
263242
263278
263281
263285
263296
263298
263301
263307
263310
263312
263317
263325
263331
263369
263370
263385
263385
263399
263400
263405
263406
263406
263410
263419
263423
263425
263434
263441
263457
263466
263493
263502
263504
263511
263512
263520
263520
263521
263525
263526
263540
263560
263565
263570
263579
263587
263595
263598
263600
263610
263613
263616
263636
263654
263655
263682
263683
263684
263697
263706
263723
263731
263736
263743
263779
263779
263781
263784
263796
263841
263850
263866
263871
263871
263875
263888
263928
263941
263946
263951
263953
263969
263982
263983
263988
263990
264003
264004
264007
264011
264018
264021
264038
264043
264050
264061
264067
264068
264075
264083
264092
264104
264105
264119
264127
264136
264160
264179
264206
264212
264213
264220
264226
264244
264252
264264
264273
264298
264304
264306
264319
264331
264332
264343
264347
264368
264376
264398
264414
264428
264432
264441
264455
264460
264465
264482
264483
264485
264496
264496
264518
264518
264562
264579
264597
264610
264627
264649
264660
264667
264675
264683
264686
264686
264688
264714
264721
264722
264727
264728
264756
264776
264780
264786
264800
264814
264835
264837
264839
264841
264851
264893
264894
264896
264899
264909
264949
265014
265033
265034
265041
265042
265069
265089
265096
265096
265108
265124
265127
265127
265130
265136
265149
265165
265187
265193
265200
265225
265233
265240
265252
265274
265287
265291
265300
265309
265309
265319
265341
265354
265367
265371
265380
265396
265400
265430
265431
265469
265477
265482
265484
265495
265508
265510
265519
265522
265532
265533
265535
265559
265559
265575
265592
265607
265625
265643
265645
265649
265651
265654
265656
265670
265688
265709
265740
265772
265784
265791
265792
265805
265810
265826
265839
265844
265850
265858
265866
265867
265881
265891
265915
265929
265947
265955
265958
265961
265966
265975
265985
265992
266017
266043
266050
266071
266075
266079
266107
266107
266111
266126
266143
266146
266170
266178
266188
266203
266253
266268
266272
266299
266309
266311
266328
266329
266353
266405
266421
266444
266457
266461
266464
266470
266476
266494
266521
266534
266534
266536
266561
266575
266579
266596
266600
266603
266610
266641
266676
266683
266685
266728
266729
266736
266745
266748
266751
266781
266785
266806
266812
266815
266819
266832
266832
266842
266843
266848
266851
266852
266857
266869
266872
266891
266903
266954
266956
266976
266977
266979
266984
267000
267001
267050
267057
267090
267102
267111
267118
267129
267140
267154
267175
267182
267186
267188
267191
267192
267192
267200
267205
267206
267206
267207
267211
267212
267229
267232
267234
267242
267251
267256
267273
267275
267278
267279
267289
267299
267311
267321
267321
267328
267333
267335
267360
267377
267378
267391
267400
267411
267436
267459
267466
267467
267472
267474
267475
267488
267495
267516
267517
267518
267525
267527
267528
267536
267538
267540
267542
267553
267563
267566
267569
267586
267586
267587
267592
267599
267616
267616
267617
267631
267637
267637
267646
267653
267660
267662
267676
267676
267680
267682
267687
267690
267694
267699
267713
267727
267740
267741
267749
267772
267783
267827
267828
267845
267851
267858
267862
267862
267866
267891
267894
267894
267903
267917
267920
267928
267994
267999
268040
268047
268051
268090
268092
268097
268104
268107
268124
268129
268134
268145
268146
268156
268159
268163
268184
268199
268200
268206
268228
268231
268233
268259
268274
268279
268280
268283
268296
268296
268304
268322
268332
268337
268365
268391
268418
268429
268433
268433
268455
268478
268487
268488
268500
268505
268513
268517
268524
268529
268581
268594
268630
268648
268651
268686
268723
268732
268737
268739
268764
268770
268776
268803
268828
268842
268851
268852
268854
268854
268867
268870
268901
268911
268916
268924
268951
268969
268975
268977
268982
268998
269005
269016
269044
269055
269080
269087
269099
269099
269102
269105
269112
269123
269125
269132
269144
269153
269186
269190
269194
269194
269221
269230
269243
269244
269256
269258
269272
269282
269295
269303
269317
269321
269334
269356
269365
269365
269374
269378
269380
269382
269400
269401
269402
269407
269408
269412
269414
269452
269457
269478
269512
269531
269536
269546
269546
269554
269579
269610
269624
269628
269655
269665
269678
269688
269691
269712
269727
269745
269750
269758
269771
269775
269829
269834
269841
269841
269847
269856
269856
269867
269870
269872
269872
269884
269895
269897
269933
269942
269942
269952
269956
269974
269981
269992
269998
269999
270006
270011
270016
270030
270042
270065
270107
270153
270154
270157
270165
270180
270188
270189
270198
270200
270205
270210
270215
270219
270237
270250
270275
270280
270290
270293
270299
270302
270315
270328
270331
270331
270359
270361
270368
270377
270378
270399
270400
270409
270409
270410
270414
270420
270421
270423
270427
270438
270462
270487
270492
270518
270520
270547
270549
270569
270579
270590
270591
270594
270604
270618
270619
270629
270641
270663
270707
270730
270730
270733
270734
270751
270773
270782
270786
270803
270830
270840
270844
270845
270854
270858
270861
270867
270868
270874
270875
270877
270882
270890
270910
270922
270937
270943
270947
270953
270958
270967
270978
270985
270988
270995
270998
271001
271017
271037
271044
271078
271079
271112
271113
271133
271167
271178
271209
271213
271215
271230
271230
271235
271236
271256
271259
271266
271275
271289
271290
271319
271321
271343
271357
271361
271374
271374
271375
271379
271383
271389
271405
271408
271415
271416
271441
271448
271450
271450
271463
271467
271470
271502
271504
271532
271538
271551
271555
271559
271569
271593
271609
271618
271637
271639
271657
271688
271689
271705
271726
271734
271736
271766
271772
271800
271801
271805
271811
271815
271834
271855
271861
271875
271879
271880
271880
271894
271895
271898
271904
271904
271913
271937
271941
271943
271947
271949
271951
271957
271965
271980
271984
271986
271988
271991
271993
271998
272014
272031
272032
272033
272034
272041
272051
272057
272063
272063
272065
272086
272107
272135
272146
272153
272169
272175
272182
272187
272199
272202
272203
272211
272227
272243
272247
272252
272261
272265
272272
272273
272294
272298
272298
272301
272335
272339
272345
272347
272348
272355
272358
272361
272363
272368
272386
272397
272403
272420
272422
272425
272427
272434
272447
272459
272480
272490
272500
272509
272515
272517
272518
272547
272587
272587
272590
272593
272600
272601
272603
272618
272619
272624
272625
272635
272637
272643
272656
272666
272672
272674
272697
272702
272709
272717
272724
272728
272733
272776
272802
272806
272831
272833
272838
272839
272859
272867
272871
272880
272888
272897
272900
272905
272909
272933
272955
272958
272978
272985
272992
273027
273033
273036
273038
273054
273087
273091
273106
273110
273119
273125
273142
273149
273154
273162
273174
273178
273179
273180
273193
273216
273237
273246
273252
273252
273264
273269
273279
273281
273282
273298
273307
273307
273314
273334
273360
273363
273365
273366
273374
273376
273379
273379
273390
273398
273408
273437
273442
273447
273448
273456
273457
273471
273475
273492
273507
273511
273522
273543
273588
273589
273599
273600
273631
273646
273659
273664
273670
273681
273689
273694
273727
273734
273755
273769
273770
273772
273791
273799
273801
273816
273816
273824
273852
273875
273884
273886
273894
273898
273906
273929
273952
273953
273972
273977
273978
274008
274022
274024
274036
274036
274041
274042
274045
274052
274064
274065
274082
274088
274098
274103
274133
274137
274149
274160
274162
274165
274175
274189
274195
274198
274237
274245
274280
274290
274300
274307
274323
274328
274362
274363
274365
274370
274372
274376
274378
274406
274407
274425
274430
274449
274450
274466
274467
274469
274474
274489
274501
274502
274516
274525
274537
274548
274567
274573
274581
274586
274598
274599
274613
274638
274639
274656
274660
274660
274673
274681
274688
274706
274706
274709
274722
274723
274765
274808
274842
274860
274866
274880
274884
274889
274891
274901
274916
274927
274943
274951
274962
274971
274984
274994
274998
275004
275009
275019
275033
275058
275060
275064
275074
275074
275076
275077
275081
275083
275084
275105
275119
275137
275140
275152
275163
275243
275243
275245
275245
275261
275268
275283
275285
275309
275325
275344
275353
275370
275376
275378
275380
275396
275403
275405
275410
275414
275443
275450
275451
275452
275470
275473
275474
275480
275486
275508
275513
275514
275522
275525
275536
275537
275583
275599
275615
275617
275622
275634
275635
275637
275648
275650
275660
275668
275671
275674
275678
275693
275697
275713
275777
275782
275794
275798
275803
275810
275812
275816
275819
275831
275838
275840
275842
275847
275863
275870
275879
275881
275906
275908
275912
275932
275963
275966
275969
275982
275989
276011
276032
276043
276047
276055
276067
276081
276094
276102
276123
276133
276155
276169
276184
276191
276207
276209
276211
276223
276243
276257
276257
276258
276260
276268
276275
276281
276282
276298
276312
276317
276323
276326
276327
276333
276334
276340
276345
276353
276376
276382
276400
276407
276418
276424
276426
276431
276453
276479
276487
276499
276501
276521
276531
276538
276564
276568
276574
276576
276602
276610
276614
276622
276624
276633
276672
276674
276678
276686
276689
276694
276695
276696
276699
276705
276711
276734
276738
276742
276758
276759
276780
276782
276788
276792
276792
276818
276829
276831
276836
276836
276863
276872
276876
276904
276905
276921
276924
276943
276948
276970
276985
276990
276997
277009
277016
277020
277030
277038
277042
277062
277063
277065
277106
277109
277154
277163
277175
277175
277177
277182
277221
277226
277231
277237
277237
277244
277246
277247
277258
277270
277273
277278
277281
277292
277306
277319
277325
277325
277326
277336
277364
277368
277370
277374
277379
277391
277395
277401
277402
277408
277422
277428
277436
277447
277452
277468
277474
277474
277495
277528
277547
277548
277559
277560
277568
277577
277608
277629
277629
277640
277644
277656
277661
277664
277671
277673
277718
277721
277721
277728
277728
277746
277746
277752
277791
277793
277812
277832
277832
277860
277862
277874
277900
277908
277916
277929
277946
277946
277969
277981
278012
278013
278017
278043
278058
278059
278061
278064
278075
278096
278105
278128
278131
278135
278136
278139
278175
278182
278198
278206
278226
278228
278231
278246
278278
278307
278307
278311
278322
278326
278329
278334
278343
278354
278364
278366
278366
278372
278378
278398
278419
278421
278434
278435
278456
278457
278473
278481
278485
278485
278508
278508
278508
278534
278544
278551
278560
278576
278577
278580
278584
278592
278594
278598
278610
278610
278611
278617
278635
278637
278648
278652
278686
278699
278701
278702
278703
278704
278710
278740
278749
278776
278781
278785
278787
278793
278798
278801
278808
278827
278828
278830
278844
278860
278894
278897
278940
278940
278947
278974
278978
279011
279016
279021
279040
279040
279048
279088
279104
279116
279128
279135
279136
279138
279139
279142
279148
279165
279173
279180
279180
279185
279200
279217
279218
279222
279228
279233
279247
279270
279294
279318
279329
279382
279388
279388
279395
279401
279403
279408
279420
279424
279445
279449
279472
279476
279478
279484
279500
279514
279532
279535
279538
279538
279545
279549
279550
279550
279551
279560
279562
279563
279565
279574
279578
279592
279604
279605
279609
279614
279618
279622
279635
279636
279657
279659
279690
279704
279708
279716
279723
279735
279742
279749
279750
279753
279767
279778
279789
279803
279814
279814
279824
279826
279858
279867
279877
279882
279905
279922
279936
279944
279955
279982
279997
280013
280033
280043
280044
280046
280053
280055
280055
280065
280075
280083
280087
280091
280106
280112
280120
280120
280129
280133
280140
280156
280163
280167
280191
280195
280200
280205
280209
280221
280244
280261
280265
280274
280282
280303
280313
280320
280338
280339
280357
280366
280387
280394
280408
280429
280431
280434
280441
280452
280455
280457
280461
280471
280478
280480
280488
280491
280513
280520
280523
280523
280532
280535
280551
280551
280553
280555
280559
280562
280567
280577
280590
280594
280595
280597
280604
280605
280612
280627
280631
280640
280640
280664
280665
280671
280689
280722
280734
280734
280736
280737
280751
280759
280760
280789
280789
280795
280799
280809
280832
280842
280867
280876
280884
280888
280897
280903
280911
280919
280920
280937
280940
280940
280980
280982
280989
281009
281011
281017
281017
281021
281022
281029
281032
281032
281033
281042
281047
281050
281078
281085
281090
281094
281101
281102
281116
281147
281148
281153
281168
281177
281177
281190
281199
281201
281204
281215
281217
281224
281226
281231
281233
281236
281248
281250
281271
281276
281285
281297
281311
281328
281339
281356
281365
281370
281378
281379
281380
281383
281386
281422
281423
281442
281456
281457
281462
281472
281484
281495
281495
281508
281514
281535
281540
281545
281546
281555
281580
281581
281589
281592
281598
281602
281615
281638
281663
281668
281687
281697
281698
281702
281705
281745
281748
281765
281768
281784
281787
281802
281817
281834
281850
281860
281862
281864
281864
281868
281880
281882
281901
281928
281938
281939
281949
281950
281959
281967
281972
281987
282005
282015
282031
282043
282066
282076
282092
282099
282138
282148
282159
282161
282174
282175
282177
282179
282186
282190
282211
282213
282238
282246
282265
282265
282267
282274
282281
282282
282294
282295
282303
282307
282323
282324
282334
282335
282357
282357
282367
282401
282424
282429
282431
282456
282462
282477
282486
282487
282501
282517
282517
282525
282526
282547
282552
282552
282553
282564
282569
282578
282598
282612
282622
282633
282637
282646
282673
282676
282679
282687
282704
282705
282723
282726
282727
282731
282732
282741
282753
282766
282769
282776
282786
282802
282815
282815
282826
282834
282843
282844
282863
282894
282905
282909
282915
282920
282921
282945
282946
282954
282957
282969
282978
282979
282995
282999
283002
283005
283005
283013
283017
283023
283037
283038
283043
283047
283066
283080
283081
283085
283099
283104
283109
283111
283115
283132
283136
283147
283158
283184
283185
283191
283209
283217
283218
283219
283225
283230
283254
283255
283263
283271
283283
283299
283300
283304
283321
283335
283354
283367
283367
283368
283402
283404
283419
283421
283421
283423
283428
283431
283435
283440
283465
283468
283478
283478
283489
283491
283496
283500
283508
283522
283542
283547
283558
283567
283568
283576
283579
283586
283607
283616
283622
283623
283637
283640
283646
283664
283664
283696
283701
283705
283719
283735
283749
283757
283785
283802
283809
283816
283820
283837
283853
283856
283880
283881
283881
283884
283912
283921
283932
283940
283946
283958
283972
283978
283983
283987
283994
284001
284017
284038
284040
284086
284087
284087
284097
284099
284099
284105
284115
284116
284117
284117
284139
284141
284141
284146
284157
284165
284168
284179
284183
284206
284217
284230
284237
284258
284275
284275
284293
284310
284332
284334
284341
284353
284385
284387
284389
284394
284395
284396
284399
284412
284431
284448
284491
284524
284536
284546
284551
284555
284560
284562
284565
284572
284594
284620
284684
284686
284731
284731
284741
284757
284764
284776
284779
284788
284794
284794
284809
284816
284818
284834
284854
284860
284871
284872
284875
284875
284876
284882
284882
284900
284914
284926
284981
285028
285030
285041
285053
285066
285098
285108
285111
285120
285133
285134
285155
285156
285171
285174
285195
285207
285208
285215
285221
285226
285232
285238
285243
285246
285256
285257
285262
285267
285299
285306
285313
285324
285326
285326
285330
285348
285365
285398
285427
285429
285435
285444
285445
285456
285468
285481
285481
285487
285502
285503
285506
285507
285513
285522
285528
285552
285559
285578
285592
285605
285605
285606
285618
285621
285631
285633
285644
285648
285650
285685
285690
285697
285699
285704
285716
285734
285742
285746
285750
285757
285773
285778
285783
285795
285809
285816
285823
285835
285840
285842
285842
285843
285844
285873
285887
285897
285911
285923
285938
285944
285961
285999
286014
286014
286016
286016
286053
286079
286091
286097
286110
286117
286123
286128
286137
286145
286160
286168
286194
286195
286196
286215
286230
286236
286244
286257
286266
286271
286271
286291
286302
286310
286323
286331
286347
286350
286355
286366
286385
286386
286387
286392
286395
286406
286408
286412
286431
286433
286433
286433
286435
286436
286441
286447
286482
286489
286491
286498
286515
286515
286516
286525
286531
286541
286542
286543
286547
286549
286565
286567
286592
286631
286657
286657
286658
286664
286666
286671
286676
286681
286683
286689
286712
286718
286730
286743
286754
286759
286764
286776
286810
286818
286831
286840
286865
286866
286868
286887
286896
286925
286925
286946
286958
287002
287002
287003
287022
287029
287045
287049
287055
287065
287067
287068
287081
287111
287115
287117
287154
287178
287194
287197
287199
287203
287206
287216
287233
287253
287265
287284
287315
287329
287349
287357
287357
287406
287422
287449
287449
287450
287471
287488
287508
287523
287530
287540
287551
287591
287604
287605
287619
287635
287639
287654
287657
287660
287692
287695
287696
287697
287699
287701
287706
287711
287711
287723
287732
287738
287749
287752
287753
287770
287773
287775
287777
287781
287781
287782
287793
287799
287799
287819
287840
287846
287859
287868
287875
287878
287885
287894
287895
287897
287910
287928
287956
287977
287980
287980
287986
287986
287991
288006
288013
288013
288015
288037
288057
288059
288085
288104
288105
288109
288111
288112
288113
288166
288167
288183
288191
288195
288196
288219
288238
288238
288241
288274
288282
288283
288288
288290
288301
288308
288314
288318
288322
288344
288354
288356
288362
288382
288384
288386
288395
288401
288415
288425
288435
288445
288445
288451
288456
288468
288484
288517
288527
288529
288531
288540
288553
288583
288586
288602
288603
288607
288610
288615
288619
288622
288629
288633
288638
288676
288680
288683
288684
288685
288695
288712
288717
288718
288719
288720
288728
288736
288744
288750
288758
288775
288788
288796
288805
288823
288840
288848
288853
288855
288858
288864
288868
288871
288888
288891
288909
288923
288932
288940
288943
288943
288949
288965
288974
288977
288998
289003
289003
289019
289020
289038
289047
289047
289058
289068
289081
289087
289105
289114
289116
289116
289140
289155
289156
289175
289187
289193
289197
289215
289218
289227
289257
289278
289313
289326
289334
289338
289347
289355
289366
289368
289385
289389
289390
289394
289398
289398
289408
289420
289420
289421
289441
289450
289473
289478
289482
289483
289493
289498
289512
289520
289522
289525
289545
289548
289558
289563
289566
289570
289571
289575
289576
289612
289616
289617
289638
289659
289680
289681
289692
289705
289718
289727
289778
289784
289801
289821
289823
289834
289851
289862
289871
289876
289878
289892
289894
289902
289918
289930
289935
289946
289947
289950
289976
289976
289990
289991
290011
290017
290018
290023
290060
290076
290081
290090
290108
290113
290115
290117
290129
290139
290145
290195
290208
290209
290216
290232
290232
290233
290237
290241
290241
290246
290251
290260
290265
290266
290271
290276
290284
290288
290291
290296
290306
290311
290322
290360
290361
290365
290382
290394
290395
290407
290419
290420
290436
290439
290449
290501
290509
290513
290524
290531
290536
290541
290541
290549
290553
290554
290585
290587
290596
290596
290608
290617
290628
290630
290640
290643
290656
290659
290661
290667
290695
290695
290698
290703
290707
290712
290717
290721
290725
290733
290735
290749
290750
290751
290755
290759
290813
290813
290816
290831
290840
290846
290872
290879
290882
290887
290909
290913
290924
290938
290952
290955
290978
291006
291016
291025
291026
291065
291065
291066
291071
291100
291104
291106
291108
291115
291120
291120
291152
291168
291188
291200
291204
291207
291209
291210
291211
291212
291224
291227
291228
291243
291248
291258
291264
291269
291274
291297
291310
291321
291328
291334
291336
291340
291372
291373
291381
291390
291400
291411
291417
291420
291438
291441
291443
291469
291479
291489
291504
291506
291518
291541
291547
291549
291588
291597
291598
291598
291605
291608
291631
291644
291649
291674
291680
291685
291721
291723
291737
291746
291751
291757
291759
291761
291764
291765
291788
291793
291796
291815
291816
291816
291828
291829
291835
291837
291849
291850
291886
291890
291890
291911
291924
291925
291944
291955
291970
291971
291972
291972
291980
291985
292003
292004
292026
292041
292069
292079
292085
292086
292100
292121
292145
292148
292169
292199
292202
292203
292207
292214
292230
292239
292248
292255
292266
292280
292280
292287
292292
292309
292334
292342
292352
292359
292374
292376
292380
292387
292417
292426
292440
292455
292465
292472
292484
292500
292548
292551
292552
292560
292570
292589
292633
292643
292668
292670
292685
292704
292714
292777
292779
292781
292797
292835
292848
292860
292861
292865
292877
292881
292890
292906
292908
292919
292925
292930
292943
292944
292963
292963
292965
292988
292991
292993
293003
293020
293025
293029
293034
293040
293048
293060
293061
293083
293085
293102
293104
293126
293135
293138
293141
293174
293185
293209
293214
293218
293229
293231
293241
293252
293254
293269
293290
293308
293348
293351
293372
293380
293385
293400
293449
293450
293452
293455
293471
293481
293487
293506
293513
293517
293518
293527
293533
293547
293550
293569
293569
293570
293582
293588
293589
293594
293600
293625
293631
293643
293650
293664
293664
293668
293672
293672
293687
293691
293703
293738
293751
293775
293779
293823
293827
293828
293848
293849
293856
293879
293881
293919
293932
293937
293940
293947
293948
293979
293995
293996
294000
294009
294011
294016
294033
294048
294051
294055
294057
294062
294073
294076
294083
294095
294105
294110
294114
294116
294118
294120
294131
294131
294147
294181
294186
294191
294205
294216
294217
294218
294220
294221
294222
294222
294251
294257
294284
294287
294294
294313
294324
294335
294353
294355
294355
294360
294362
294364
294380
294389
294393
294413
294414
294450
294451
294461
294470
294483
294501
294504
294509
294510
294511
294517
294519
294526
294535
294538
294540
294542
294551
294555
294567
294569
294577
294584
294605
294612
294619
294621
294626
294643
294649
294683
294687
294688
294693
294698
294720
294723
294747
294766
294783
294798
294798
294799
294799
294803
294805
294806
294821
294824
294842
294844
294844
294853
294885
294894
294902
294919
294923
294958
294966
294975
295001
295007
295023
295029
295038
295076
295082
295094
295095
295106
295113
295116
295118
295137
295142
295168
295169
295192
295211
295214
295222
295249
295253
295256
295268
295288
295291
295292
295304
295304
295337
295339
295343
295348
295354
295368
295371
295377
295384
295386
295395
295396
295405
295406
295428
295431
295432
295454
295480
295493
295502
295545
295556
295558
295562
295576
295586
295587
295601
295607
295635
295638
295646
295658
295664
295664
295671
295695
295695
295697
295697
295704
295709
295710
295717
295718
295726
295727
295731
295734
295737
295742
295753
295756
295765
295768
295769
295781
295782
295784
295785
295787
295791
295801
295814
295815
295840
295843
295848
295850
295860
295880
295885
295890
295896
295910
295911
295924
295934
295939
295940
295942
295950
295954
295971
295986
295990
296007
296009
296044
296054
296056
296058
296081
296087
296094
296098
296101
296115
296140
296140
296142
296145
296165
296167
296187
296201
296207
296219
296219
296230
296235
296261
296273
296284
296314
296322
296384
296390
296391
296399
296405
296410
296412
296415
296416
296424
296430
296431
296431
296442
296456
296497
296497
296500
296501
296502
296505
296507
296517
296520
296523
296547
296549
296563
296566
296568
296583
296585
296588
296598
296605
296615
296632
296641
296643
296645
296657
296659
296662
296697
296739
296743
296745
296747
296764
296767
296775
296796
296804
296814
296827
296828
296845
296848
296875
296891
296914
296927
296932
296936
296975
296979
296980
296986
296998
297019
297024
297030
297048
297075
297077
297078
297086
297103
297104
297105
297113
297116
297126
297155
297164
297182
297186
297191
297215
297219
297231
297238
297265
297267
297270
297289
297325
297334
297336
297352
297356
297365
297366
297372
297372
297375
297377
297388
297423
297442
297443
297450
297453
297455
297466
297475
297487
297489
297504
297558
297558
297565
297573
297584
297588
297595
297600
297603
297614
297621
297627
297639
297652
297678
297682
297684
297688
297692
297696
297699
297701
297704
297712
297715
297715
297716
297716
297716
297718
297730
297734
297749
297781
297818
297828
297834
297845
297845
297850
297851
297852
297856
297873
297883
297885
297912
297931
297936
297940
297954
297964
297967
297978
297983
298008
298010
298019
298070
298074
298089
298103
298104
298110
298144
298153
298177
298194
298204
298208
298221
298225
298228
298244
298258
298277
298281
298292
298297
298358
298361
298364
298364
298390
298399
298413
298417
298422
298423
298423
298445
298447
298449
298450
298456
298474
298483
298487
298495
298500
298506
298508
298508
298580
298585
298596
298616
298627
298649
298652
298708
298743
298747
298747
298749
298759
298763
298773
298779
298816
298817
298824
298850
298863
298866
298869
298871
298871
298876
298886
298915
298919
298921
298933
298947
298955
298959
298977
298990
299004
299008
299009
299020
299044
299045
299051
299056
299057
299059
299062
299070
299073
299087
299087
299114
299118
299134
299137
299155
299161
299162
299170
299172
299173
299188
299200
299217
299222
299222
299223
299227
299242
299247
299253
299256
299259
299269
299295
299306
299306
299327
299328
299332
299333
299336
299351
299385
299389
299392
299394
299396
299411
299415
299418
299426
299449
299455
299460
299482
299484
299505
299521
299529
299536
299537
299551
299578
299597
299603
299619
299623
299625
299628
299651
299654
299668
299670
299684
299692
299694
299696
299715
299731
299734
299736
299757
299772
299773
299802
299803
299813
299816
299828
299834
299835
299835
299839
299839
299847
299848
299874
299879
299894
299898
299922
299930
299933
299939
299949
299951
299986
299992
300008
300011
300023
300036
300037
300043
300057
300071
300075
300094
300095
300105
300108
300119
300126
300136
300157
300186
300188
300190
300206
300215
300225
300239
300250
300251
300264
300274
300278
300337
300352
300376
300394
300446
300473
300474
300475
300479
300482
300485
300492
300495
300509
300524
300524
300525
300528
300539
300540
300547
300557
300561
300571
300580
300586
300588
300591
300600
300610
300612
300615
300633
300636
300690
300699
300712
300719
300725
300725
300734
300735
300748
300759
300763
300775
300776
300790
300790
300831
300864
300894
300896
300897
300910
300924
300931
300933
300943
300946
300947
300958
300967
300980
300982
300984
301015
301019
301021
301054
301061
301097
301099
301110
301115
301137
301142
301147
301154
301160
301188
301204
301211
301215
301218
301227
301269
301270
301281
301285
301289
301298
301304
301342
301344
301346
301368
301374
301378
301404
301405
301414
301415
301427
301471
301479
301484
301485
301488
301491
301496
301507
301509
301517
301523
301548
301549
301556
301574
301575
301597
301611
301625
301679
301690
301707
301724
301732
301735
301749
301754
301759
301768
301781
301794
301818
301828
301845
301852
301853
301861
301863
301871
301872
301888
301888
301889
301905
301914
301929
301930
301949
301972
301978
301978
301981
301994
301998
302007
302021
302027
302028
302030
302036
302037
302039
302044
302060
302061
302070
302076
302083
302086
302090
302095
302106
302107
302111
302140
302144
302154
302154
302154
302162
302171
302203
302213
302228
302242
302245
302271
302273
302277
302280
302293
302293
302336
302384
302392
302405
302406
302410
302413
302419
302427
302453
302464
302497
302523
302525
302539
302541
302558
302566
302572
302589
302641
302650
302653
302660
302666
302673
302703
302705
302717
302721
302724
302737
302743
302749
302756
302771
302789
302793
302795
302804
302824
302827
302838
302847
302852
302867
302872
302877
302899
302913
302931
302944
302949
302960
302960
302989
302990
302991
302995
303022
303032
303053
303060
303074
303075
303079
303086
303091
303096
303098
303102
303126
303132
303153
303159
303162
303165
303174
303176
303179
303179
303181
303240
303246
303251
303252
303255
303279
303288
303303
303304
303324
303333
303335
303341
303343
303351
303355
303361
303367
303378
303381
303407
303412
303425
303428
303439
303448
303467
303472
303490
303494
303510
303516
303522
303530
303530
303532
303542
303556
303560
303577
303589
303594
303599
303611
303620
303629
303631
303639
303643
303667
303679
303712
303716
303724
303726
303728
303738
303771
303779
303799
303800
303813
303825
303827
303837
303843
303844
303845
303850
303851
303852
303854
303854
303857
303882
303883
303890
303891
303893
303901
303909
303911
303912
303912
303919
303920
303922
303924
303956
303957
303962
303970
303972
303980
303983
303995
304011
304015
304016
304035
304053
304063
304064
304066
304131
304132
304154
304159
304159
304170
304203
304203
304219
304231
304243
304250
304270
304305
304329
304330
304354
304360
304372
304376
304376
304383
304384
304393
304397
304398
304402
304404
304404
304434
304435
304474
304485
304510
304515
304527
304575
304584
304600
304628
304636
304648
304650
304656
304671
304680
304686
304689
304695
304696
304699
304703
304711
304743
304747
304766
304768
304771
304807
304807
304808
304810
304815
304816
304836
304909
304922
304932
304956
304961
304983
304987
304989
304999
305000
305002
305014
305022
305028
305054
305065
305069
305072
305077
305095
305135
305139
305147
305165
305166
305168
305194
305218
305221
305221
305230
305236
305242
305251
305261
305268
305269
305280
305304
305323
305334
305357
305383
305396
305398
305398
305400
305422
305432
305435
305443
305454
305457
305459
305470
305478
305478
305485
305485
305495
305508
305513
305520
305522
305523
305526
305527
305562
305568
305570
305570
305571
305588
305599
305601
305606
305620
305663
305672
305675
305678
305680
305681
305701
305705
305708
305711
305713
305718
305727
305750
305759
305777
305781
305795
305817
305819
305820
305825
305834
305839
305841
305852
305852
305853
305857
305862
305881
305882
305884
305894
305900
305906
305908
305926
305927
305933
305934
305938
305945
305994
306006
306008
306012
306014
306022
306032
306040
306040
306041
306045
306070
306074
306092
306109
306113
306157
306158
306169
306171
306187
306218
306236
306244
306256
306259
306260
306272
306278
306291
306300
306302
306308
306309
306324
306342
306354
306360
306365
306368
306370
306380
306386
306389
306391
306400
306411
306412
306413
306427
306430
306430
306439
306460
306469
306470
306508
306508
306516
306524
306529
306541
306543
306546
306554
306563
306568
306607
306609
306614
306628
306630
306631
306631
306631
306641
306671
306672
306676
306676
306700
306704
306729
306739
306744
306777
306781
306782
306792
306794
306810
306816
306843
306858
306869
306878
306878
306892
306901
306907
306924
306950
306952
306960
306972
306985
306997
307006
307014
307020
307024
307034
307048
307049
307054
307086
307090
307107
307123
307131
307138
307142
307160
307170
307212
307228
307235
307255
307270
307290
307317
307317
307348
307350
307363
307365
307370
307376
307388
307417
307442
307442
307453
307459
307470
307473
307476
307498
307514
307516
307516
307524
307535
307541
307543
307559
307563
307587
307595
307595
307605
307623
307635
307637
307653
307663
307664
307666
307685
307699
307704
307729
307737
307740
307750
307760
307773
307782
307785
307792
307792
307797
307807
307809
307809
307825
307826
307828
307828
307857
307875
307883
307883
307895
307910
307913
307924
307941
307942
307974
307981
307994
307998
308019
308025
308052
308061
308065
308067
308078
308091
308094
308094
308099
308100
308102
308109
308147
308147
308151
308153
308165
308169
308172
308178
308188
308210
308222
308227
308238
308241
308254
308257
308308
308314
308322
308335
308341
308348
308350
308368
308386
308397
308434
308439
308460
308463
308473
308473
308505
308531
308540
308544
308551
308595
308616
308622
308624
308625
308639
308639
308653
308654
308685
308713
308734
308737
308749
308750
308767
308774
308779
308791
308797
308807
308810
308819
308820
308824
308836
308854
308868
308878
308886
308892
308899
308903
308905
308909
308928
308930
308930
308938
308941
308950
308960
308961
308969
308981
309011
309013
309021
309030
309049
309078
309091
309099
309106
309117
309124
309128
309140
309150
309152
309170
309173
309183
309198
309235
309237
309243
309271
309279
309290
309299
309324
309340
309347
309354
309358
309367
309378
309382
309387
309387
309390
309392
309397
309404
309407
309410
309411
309412
309423
309465
309479
309482
309482
309484
309485
309510
309525
309529
309534
309544
309553
309553
309556
309557
309559
309568
309572
309575
309581
309587
309594
309640
309642
309645
309659
309664
309694
309700
309705
309725
309735
309740
309743
309751
309762
309766
309781
309787
309813
309814
309834
309850
309857
309871
309872
309880
309882
309883
309883
309890
309900
309908
309927
309934
309935
309936
309937
309948
309977
309983
309990
309992
309994
309997
310007
310018
310042
310048
310056
310068
310079
310090
310104
310108
310115
310117
310124
310125
310127
310130
310163
310190
310197
310197
310212
310221
310230
310247
310252
310252
310271
310279
310289
310291
310296
310322
310327
310330
310336
310353
310368
310374
310375
310397
310401
310403
310407
310413
310424
310427
310432
310438
310439
310469
310474
310481
310487
310488
310505
310529
310536
310539
310550
310552
310561
310561
310561
310592
310637
310645
310668
310669
310673
310690
310702
310712
310716
310727
310781
310816
310818
310829
310861
310870
310881
310902
310911
310914
310918
310926
310926
310950
310972
311007
311010
311026
311044
311050
311053
311065
311084
311085
311086
311089
311091
311098
311113
311145
311146
311152
311154
311162
311176
311178
311180
311189
311195
311203
311212
311230
311250
311259
311270
311289
311297
311305
311313
311332
311342
311345
311364
311372
311373
311395
311450
311456
311459
311460
311460
311462
311487
311497
311498
311507
311546
311559
311573
311575
311586
311592
311598
311600
311625
311644
311645
311651
311656
311661
311669
311676
311680
311689
311689
311703
311703
311719
311726
311732
311738
311739
311752
311760
311802
311803
311821
311824
311832
311848
311863
311868
311871
311891
311896
311904
311918
311922
311923
311926
311937
311957
311977
311994
312014
312076
312078
312084
312103
312112
312115
312120
312126
312132
312148
312149
312168
312178
312182
312186
312196
312199
312216
312225
312227
312246
312258
312260
312260
312262
312278
312280
312298
312307
312333
312339
312340
312340
312345
312347
312363
312371
312371
312373
312399
312423
312423
312432
312432
312437
312446
312446
312447
312451
312493
312509
312517
312523
312527
312531
312551
312556
312557
312566
312572
312592
312614
312620
312654
312659
312668
312670
312673
312700
312703
312703
312704
312717
312722
312734
312742
312747
312752
312772
312775
312776
312784
312805
312817
312841
312863
312868
312870
312871
312874
312878
312894
312910
312911
312913
312933
312939
312941
312943
312954
312964
312986
312997
313000
313005
313008
313064
313067
313077
313086
313094
313103
313106
313109
313126
313130
313135
313151
313156
313161
313169
313169
313172
313173
313179
313180
313181
313206
313226
313238
313246
313246
313248
313252
313275
313282
313291
313293
313305
313310
313312
313315
313317
313331
313334
313335
313340
313347
313360
313367
313390
313400
313422
313449
313453
313463
313473
313473
313477
313495
313516
313518
313522
313558
313561
313568
313581
313583
313607
313616
313648
313661
313685
313691
313697
313707
313716
313718
313729
313736
313738
313754
313758
313788
313790
313796
313797
313810
313811
313828
313835
313836
313842
313849
313879
313882
313887
313888
313890
313941
313957
313969
313988
314001
314007
314043
314070
314076
314088
314135
314147
314166
314172
314192
314193
314208
314210
314210
314242
314243
314252
314267
314278
314322
314332
314344
314370
314383
314412
314415
314420
314430
314454
314462
314469
314503
314521
314525
314528
314542
314556
314593
314599
314600
314613
314616
314634
314634
314642
314658
314659
314666
314670
314677
314686
314694
314705
314719
314719
314729
314734
314737
314741
314773
314789
314790
314798
314811
314812
314823
314831
314837
314840
314843
314845
314873
314892
314898
314922
314922
314926
314931
314932
314935
314956
314974
314975
314976
314983
314985
314990
314994
314996
315007
315017
315025
315026
315032
315044
315056
315061
315105
315111
315114
315125
315128
315131
315140
315154
315160
315175
315188
315188
315190
315199
315204
315218
315223
315236
315237
315265
315269
315275
315277
315290
315297
315299
315310
315332
315334
315351
315361
315369
315381
315387
315403
315419
315426
315438
315489
315504
315506
315545
315557
315561
315566
315567
315573
315574
315576
315586
315596
315597
315601
315608
315635
315635
315643
315652
315654
315660
315674
315683
315687
315689
315698
315712
315718
315733
315747
315747
315754
315783
315795
315801
315807
315830
315846
315847
315852
315867
315876
315880
315899
315901
315910
315911
315937
315950
315961
316006
316013
316024
316029
316030
316044
316046
316046
316070
316071
316090
316095
316098
316106
316113
316126
316146
316152
316157
316177
316200
316204
316204
316224
316238
316247
316254
316272
316273
316273
316273
316275
316315
316322
316323
316328
316330
316331
316338
316349
316365
316373
316374
316379
316384
316393
316394
316404
316409
316421
316426
316434
316435
316437
316452
316467
316496
316533
316539
316544
316544
316560
316562
316567
316582
316599
316618
316623
316648
316652
316660
316665
316669
316686
316689
316692
316694
316698
316702
316705
316725
316731
316733
316742
316743
316751
316757
316759
316769
316774
316788
316804
316819
316819
316840
316854
316865
316873
316880
316896
316905
316910
316911
316952
316959
316978
316980
316992
317006
317013
317013
317015
317031
317032
317034
317045
317053
317053
317066
317069
317073
317096
317098
317103
317113
317120
317123
317124
317131
317136
317153
317155
317162
317164
317166
317177
317199
317200
317201
317205
317212
317219
317222
317235
317244
317250
317252
317317
317318
317321
317321
317322
317323
317346
317349
317352
317361
317376
317389
317391
317397
317401
317403
317416
317446
317452
317467
317481
317504
317521
317524
317525
317539
317540
317542
317548
317551
317556
317559
317563
317563
317564
317581
317582
317593
317601
317603
317618
317622
317638
317652
317672
317677
317698
317706
317720
317721
317732
317743
317745
317769
317779
317782
317815
317815
317820
317843
317847
317851
317851
317878
317894
317910
317918
317919
317927
317935
317936
317940
317951
317979
318004
318023
318035
318043
318074
318078
318079
318092
318102
318104
318111
318119
318121
318125
318133
318134
318138
318146
318153
318175
318192
318200
318217
318229
318231
318232
318234
318241
318254
318256
318274
318283
318293
318297
318307
318312
318328
318329
318332
318333
318334
318344
318361
318366
318393
318398
318402
318410
318437
318442
318467
318474
318491
318493
318499
318505
318512
318529
318533
318533
318554
318566
318595
318600
318603
318642
318652
318679
318679
318684
318684
318701
318702
318716
318716
318716
318763
318769
318773
318774
318799
318805
318842
318844
318857
318865
318879
318882
318886
318908
318918
318924
318932
318933
318937
318937
318939
318952
318965
318985
318989
318994
319005
319005
319005
319012
319017
319029
319051
319064
319075
319076
319099
319121
319129
319133
319145
319153
319162
319173
319180
319220
319230
319233
319236
319244
319246
319260
319302
319331
319345
319349
319371
319374
319376
319383
319394
319399
319401
319414
319417
319418
319422
319443
319443
319445
319448
319451
319472
319473
319542
319597
319609
319612
319635
319648
319654
319666
319676
319678
319680
319693
319705
319706
319712
319713
319717
319720
319724
319731
319737
319747
319755
319762
319765
319788
319792
319798
319799
319811
319812
319814
319819
319824
319839
319861
319863
319867
319877
319881
319883
319885
319889
319901
319912
319922
319928
319941
319955
319967
319968
319970
319980
319984
319988
319991
319999
320003
320018
320029
320057
320076
320099
320104
320130
320135
320149
320150
320153
320154
320167
320171
320182
320211
320248
320254
320269
320269
320274
320275
320280
320281
320295
320306
320351
320364
320375
320376
320385
320403
320411
320414
320421
320433
320481
320493
320503
320517
320517
320526
320529
320532
320534
320536
320547
320552
320560
320596
320618
320624
320630
320660
320666
320672
320676
320698
320727
320731
320734
320739
320741
320749
320781
320782
320787
320787
320793
320796
320800
320805
320806
320818
320824
320837
320839
320848
320850
320860
320860
320870
320871
320875
320887
320899
320901
320906
320933
320933
320941
320953
320957
320960
320962
320969
320972
320980
320986
320987
320990
321008
321029
321057
321066
321075
321080
321081
321100
321111
321131
321153
321158
321174
321206
321219
321219
321244
321256
321289
321302
321312
321321
321324
321338
321343
321387
321399
321405
321407
321410
321411
321417
321417
321419
321454
321460
321467
321468
321469
321480
321481
321489
321495
321513
321532
321537
321543
321547
321560
321564
321566
321575
321608
321609
321611
321618
321628
321634
321637
321639
321643
321643
321655
321656
321659
321663
321664
321669
321687
321701
321708
321736
321756
321758
321769
321771
321787
321800
321810
321874
321887
321887
321891
321892
321900
321904
321922
321924
321942
321945
321945
321948
321956
321967
321985
322003
322009
322057
322073
322084
322084
322086
322094
322096
322104
322113
322118
322120
322134
322167
322177
322181
322187
322192
322211
322217
322248
322257
322259
322262
322265
322278
322279
322285
322286
322298
322315
322318
322336
322358
322358
322369
322383
322397
322424
322425
322440
322441
322443
322454
322465
322469
322472
322480
322506
322508
322535
322539
322540
322542
322547
322557
322557
322564
322568
322580
322588
322590
322633
322638
322645
322665
322667
322686
322686
322689
322701
322727
322732
322736
322744
322763
322763
322772
322788
322790
322819
322831
322834
322854
322874
322880
322884
322890
322897
322901
322905
322907
322909
322920
322931
322941
322954
322955
322964
322966
322976
322983
323009
323010
323028
323031
323033
323044
323045
323079
323106
323109
323110
323113
323116
323125
323144
323155
323177
323179
323189
323208
323219
323220
323225
323229
323235
323236
323248
323250
323262
323266
323273
323273
323289
323305
323317
323320
323323
323341
323347
323349
323359
323360
323364
323382
323386
323395
323406
323416
323440
323441
323464
323472
323481
323483
323485
323507
323519
323527
323543
323545
323555
323578
323583
323585
323589
323593
323603
323606
323611
323612
323624
323625
323630
323634
323702
323702
323703
323703
323703
323713
323714
323752
323773
323785
323799
323808
323817
323824
323831
323838
323843
323855
323858
323860
323873
323881
323909
323914
323917
323920
323927
323952
323966
324000
324007
324008
324020
324026
324032
324039
324042
324043
324046
324048
324055
324065
324068
324068
324090
324098
324125
324161
324176
324190
324214
324218
324228
324253
324276
324339
324354
324355
324355
324357
324365
324382
324398
324402
324406
324423
324439
324440
324448
324455
324490
324491
324500
324538
324549
324565
324568
324572
324575
324579
324579
324580
324628
324628
324630
324639
324647
324655
324656
324688
324697
324698
324719
324719
324719
324743
324746
324748
324750
324751
324767
324788
324791
324791
324794
324800
324802
324804
324814
324833
324837
324852
324854
324882
324891
324900
324917
324927
324941
324948
324974
324985
324993
325000
325008
325016
325024
325039
325065
325083
325118
325120
325135
325137
325148
325173
325186
325228
325230
325243
325252
325266
325277
325277
325284
325291
325310
325344
325349
325355
325358
325360
325362
325370
325371
325375
325377
325391
325414
325418
325426
325431
325438
325445
325451
325454
325459
325466
325472
325477
325481
325483
325483
325484
325485
325488
325553
325555
325566
325566
325576
325579
325580
325591
325591
325620
325627
325635
325636
325642
325659
325692
325706
325722
325727
325739
325741
325743
325766
325768
325782
325785
325792
325801
325801
325806
325809
325824
325825
325833
325861
325864
325880
325890
325891
325912
325921
325922
325931
325939
325944
325951
325954
325959
325959
325967
325972
325979
325987
325989
325995
326001
326006
326013
326024
326028
326036
326045
326047
326080
326110
326110
326111
326115
326127
326154
326159
326161
326171
326175
326195
326196
326196
326203
326231
326233
326242
326248
326290
326294
326302
326314
326324
326330
326337
326343
326358
326361
326362
326369
326374
326410
326415
326419
326422
326423
326434
326434
326443
326449
326454
326470
326476
326481
326487
326491
326501
326513
326518
326544
326568
326570
326586
326589
326589
326623
326626
326632
326636
326639
326656
326660
326674
326680
326686
326691
326698
326709
326709
326710
326724
326741
326744
326757
326761
326777
326780
326783
326798
326808
326817
326821
326834
326869
326871
326876
326899
326900
326909
326914
326915
326917
326930
326941
326947
326952
326957
326960
326985
326985
326993
326996
327004
327017
327023
327023
327031
327047
327052
327070
327087
327091
327091
327092
327097
327104
327107
327126
327129
327132
327136
327157
327186
327188
327214
327214
327223
327273
327274
327280
327294
327314
327316
327322
327342
327361
327375
327378
327390
327395
327396
327396
327407
327433
327435
327437
327447
327457
327463
327473
327482
327486
327487
327487
327504
327506
327513
327533
327543
327556
327564
327565
327569
327579
327580
327581
327589
327594
327594
327596
327600
327605
327611
327625
327637
327639
327640
327645
327653
327675
327680
327684
327686
327689
327694
327735
327743
327743
327747
327749
327786
327799
327816
327816
327828
327832
327837
327861
327867
327867
327881
327901
327930
327933
327938
327979
327982
327988
328006
328008
328022
328023
328030
328034
328038
328039
328040
328043
328049
328053
328062
328067
328084
328088
328092
328110
328141
328150
328171
328190
328194
328197
328224
328243
328258
328276
328299
328324
328326
328335
328335
328345
328356
328371
328389
328402
328411
328447
328465
328471
328477
328478
328480
328484
328497
328518
328550
328566
328570
328593
328621
328629
328641
328652
328655
328657
328659
328660
328660
328679
328679
328688
328696
328700
328704
328708
328715
328724
328731
328746
328751
328752
328756
328757
328766
328770
328784
328784
328791
328801
328805
328825
328848
328859
328869
328872
328875
328884
328901
328906
328914
328919
328921
328933
328940
328952
328954
328959
328970
328973
328981
328985
328985
329012
329013
329025
329045
329046
329052
329060
329060
329076
329083
329097
329102
329104
329114
329121
329184
329213
329230
329250
329262
329262
329264
329267
329270
329325
329337
329349
329356
329365
329384
329403
329408
329409
329424
329440
329445
329459
329461
329470
329495
329495
329514
329515
329520
329524
329530
329533
329541
329543
329590
329592
329631
329657
329658
329664
329676
329732
329733
329734
329741
329749
329749
329751
329757
329758
329761
329763
329764
329815
329827
329867
329888
329916
329925
329934
329944
329955
329956
329959
329973
329985
330000
330021
330021
330026
330027
330038
330048
330050
330063
330081
330092
330100
330141
330154
330167
330180
330182
330193
330196
330199
330227
330238
330274
330279
330294
330296
330333
330348
330348
330352
330362
330371
330379
330382
330383
330400
330409
330409
330430
330434
330445
330456
330476
330483
330484
330485
330515
330520
330529
330532
330538
330538
330542
330542
330557
330571
330577
330582
330605
330626
330668
330694
330695
330705
330706
330713
330714
330731
330736
330758
330766
330766
330786
330792
330798
330821
330824
330829
330832
330852
330856
330873
330879
330908
330912
330919
330926
330939
330940
330944
330977
330987
331004
331012
331027
331033
331043
331044
331045
331045
331048
331055
331056
331076
331082
331084
331086
331087
331100
331106
331114
331115
331131
331168
331195
331202
331228
331234
331237
331244
331262
331274
331282
331283
331295
331299
331326
331327
331334
331343
331344
331359
331360
331371
331388
331408
331409
331410
331420
331431
331451
331454
331470
331470
331471
331503
331508
331516
331532
331544
331551
331552
331561
331573
331587
331596
331597
331605
331610
331611
331615
331615
331629
331631
331634
331639
331641
331650
331652
331677
331681
331710
331710
331711
331727
331728
331730
331745
331753
331758
331780
331784
331810
331811
331842
331856
331856
331856
331867
331873
331896
331903
331923
331924
331937
331951
331953
331954
331961
331983
331984
331990
331997
332011
332020
332033
332044
332057
332071
332071
332075
332079
332101
332106
332126
332129
332131
332137
332156
332159
332164
332180
332182
332190
332193
332204
332206
332210
332215
332234
332240
332272
332286
332302
332305
332315
332319
332320
332346
332354
332369
332394
332405
332408
332422
332432
332481
332483
332484
332510
332524
332529
332535
332553
332560
332571
332573
332605
332612
332614
332629
332635
332638
332677
332706
332724
332742
332746
332758
332760
332764
332772
332774
332782
332785
332785
332786
332791
332805
332823
332828
332828
332836
332854
332865
332878
332904
332907
332908
332933
332933
332939
332964
332997
333002
333008
333014
333016
333077
333098
333103
333103
333109
333110
333124
333129
333133
333139
333141
333144
333158
333158
333167
333168
333175
333185
333188
333200
333210
333214
333225
333227
333237
333251
333262
333276
333285
333305
333306
333315
333344
333375
333377
333382
333390
333399
333408
333411
333418
333420
333425
333431
333436
333449
333451
333452
333456
333466
333476
333488
333497
333513
333522
333539
333551
333565
333570
333577
333583
333588
333599
333599
333633
333644
333660
333680
333684
333704
333715
333742
333750
333751
333762
333805
333817
333826
333854
333855
333859
333861
333866
333875
333889
333904
333920
333921
333922
333925
333926
333934
333951
333964
333969
333981
334015
334016
334033
334039
334063
334072
334078
334078
334081
334091
334098
334101
334104
334109
334115
334126
334129
334166
334186
334197
334201
334219
334225
334228
334229
334238
334241
334265
334269
334272
334276
334284
334317
334327
334346
334356
334358
334363
334370
334378
334392
334393
334394
334395
334405
334422
334428
334436
334485
334496
334509
334522
334523
334523
334525
334541
334550
334560
334571
334593
334597
334610
334617
334638
334649
334662
334674
334681
334687
334688
334721
334730
334735
334735
334784
334786
334788
334791
334793
334797
334809
334811
334827
334828
334844
334853
334868
334872
334883
334884
334890
334941
334961
334964
335050
335058
335061
335067
335067
335074
335075
335106
335111
335121
335125
335145
335145
335172
335173
335186
335186
335206
335236
335261
335281
335287
335301
335304
335315
335343
335353
335356
335358
335360
335375
335378
335382
335385
335396
335402
335403
335420
335423
335436
335443
335443
335444
335445
335479
335480
335506
335511
335516
335522
335540
335547
335556
335560
335570
335573
335577
335614
335619
335628
335633
335640
335647
335648
335650
335660
335667
335676
335715
335722
335735
335744
335755
335760
335779
335785
335789
335794
335809
335815
335825
335828
335831
335832
335845
335847
335848
335850
335867
335868
335913
335924
335928
335955
335956
335962
335971
335976
335978
335979
336006
336011
336014
336017
336023
336026
336029
336036
336041
336049
336049
336050
336060
336066
336072
336087
336098
336104
336125
336142
336145
336165
336181
336192
336194
336206
336219
336225
336233
336239
336249
336252
336283
336289
336296
336298
336311
336311
336324
336326
336328
336330
336331
336340
336371
336374
336391
336395
336414
336420
336423
336425
336441
336442
336458
336462
336462
336469
336478
336494
336495
336498
336512
336514
336524
336533
336540
336550
336550
336560
336572
336593
336593
336594
336596
336600
336607
336610
336619
336632
336632
336635
336645
336651
336690
336709
336710
336717
336718
336727
336740
336753
336755
336761
336793
336793
336806
336813
336816
336822
336844
336854
336877
336892
336903
336916
336928
336928
336930
336942
336945
336957
336958
336964
336971
337000
337011
337028
337034
337038
337093
337096
337097
337105
337114
337127
337134
337141
337141
337143
337148
337163
337167
337175
337176
337180
337181
337183
337184
337222
337225
337236
337241
337247
337250
337265
337266
337267
337270
337272
337278
337291
337306
337338
337341
337349
337360
337388
337396
337401
337403
337413
337434
337440
337447
337469
337475
337477
337481
337481
337485
337494
337498
337511
337515
337522
337536
337545
337546
337553
337556
337562
337567
337572
337579
337617
337622
337630
337638
337645
337654
337655
337659
337666
337722
337729
337746
337747
337769
337780
337786
337787
337791
337799
337799
337801
337804
337807
337810
337811
337821
337827
337837
337864
337886
337906
337913
337921
337923
337938
337944
337965
337977
337979
337999
338017
338017
338027
338030
338036
338040
338059
338079
338097
338104
338145
338146
338147
338160
338161
338169
338190
338198
338202
338203
338213
338224
338233
338239
338239
338242
338248
338250
338254
338264
338276
338288
338313
338335
338342
338343
338350
338360
338365
338365
338401
338402
338406
338429
338436
338437
338445
338461
338501
338505
338509
338512
338516
338531
338532
338536
338543
338546
338550
338554
338590
338611
338611
338617
338631
338635
338657
338663
338665
338685
338693
338697
338712
338713
338721
338785
338786
338808
338813
338820
338826
338834
338866
338869
338875
338881
338890
338902
338911
338920
338934
338967
339009
339010
339016
339028
339034
339036
339081
339085
339101
339123
339137
339151
339153
339189
339191
339201
339210
339213
339215
339223
339236
339245
339253
339254
339258
339263
339274
339274
339284
339292
339311
339328
339336
339351
339352
339356
339358
339363
339364
339364
339376
339376
339379
339381
339389
339392
339398
339402
339414
339423
339427
339436
339460
339485
339485
339491
339497
339499
339502
339513
339514
339529
339546
339550
339570
339582
339586
339595
339605
339606
339609
339616
339619
339628
339633
339646
339656
339665
339681
339685
339689
339698
339700
339702
339704
339720
339726
339726
339736
339759
339760
339789
339806
339816
339830
339836
339839
339844
339868
339875
339908
339914
339929
339929
339939
339942
339951
339967
339970
339980
339982
339990
339990
339993
339994
339998
339999
340017
340027
340027
340027
340033
340034
340049
340057
340063
340065
340069
340072
340075
340076
340081
340091
340096
340098
340113
340119
340123
340137
340142
340143
340170
340173
340183
340197
340204
340220
340227
340250
340281
340282
340289
340310
340318
340318
340320
340333
340342
340346
340360
340368
340375
340376
340385
340387
340403
340416
340421
340434
340438
340463
340473
340535
340546
340575
340603
340616
340625
340631
340636
340637
340638
340644
340644
340653
340661
340669
340674
340675
340675
340683
340699
340701
340714
340718
340719
340732
340737
340751
340756
340768
340777
340786
340795
340851
340888
340897
340903
340911
340913
340918
340941
340948
340959
340970
341002
341002
341015
341024
341028
341032
341036
341043
341044
341046
341049
341075
341079
341082
341091
341092
341141
341142
341161
341162
341169
341176
341184
341189
341207
341212
341264
341275
341304
341319
341340
341357
341359
341413
341415
341417
341426
341444
341445
341458
341458
341462
341473
341487
341503
341520
341528
341566
341569
341570
341576
341582
341589
341598
341614
341636
341645
341652
341669
341676
341681
341686
341697
341705
341712
341718
341738
341754
341756
341760
341765
341767
341777
341780
341801
341808
341810
341831
341831
341835
341851
341856
341866
341870
341875
341876
341891
341893
341903
341905
341905
341924
341936
341941
341941
341953
341959
341961
341969
341980
341997
342000
342002
342044
342052
342074
342075
342079
342083
342085
342110
342126
342127
342147
342151
342175
342179
342215
342237
342247
342251
342256
342293
342304
342314
342327
342332
342341
342350
342363
342373
342387
342404
342410
342420
342426
342464
342476
342478
342480
342490
342495
342499
342509
342515
342536
342537
342551
342564
342579
342583
342583
342588
342603
342610
342627
342634
342634
342657
342736
342739
342762
342779
342780
342793
342797
342798
342808
342813
342814
342818
342820
342831
342833
342834
342881
342907
342935
342950
342975
342993
342999
343002
343005
343006
343008
343017
343034
343042
343045
343050
343057
343060
343082
343097
343114
343120
343122
343154
343167
343179
343187
343196
343206
343213
343214
343216
343224
343241
343241
343250
343251
343255
343261
343265
343280
343283
343289
343311
343316
343317
343317
343321
343338
343358
343361
343363
343371
343374
343378
343382
343420
343430
343436
343437
343438
343442
343447
343455
343458
343467
343490
343500
343509
343520
343520
343521
343529
343547
343580
343583
343600
343605
343623
343624
343624
343637
343644
343658
343660
343669
343675
343684
343686
343693
343730
343731
343734
343738
343739
343741
343761
343784
343796
343798
343804
343811
343816
343820
343846
343851
343871
343871
343892
343893
343896
343905
343918
343940
343968
343974
343986
343998
344006
344032
344038
344049
344057
344063
344086
344087
344105
344113
344119
344133
344133
344138
344147
344150
344152
344160
344168
344175
344192
344202
344216
344219
344246
344251
344261
344273
344280
344297
344302
344315
344317
344348
344352
344355
344360
344375
344379
344385
344388
344392
344396
344419
344428
344436
344440
344463
344479
344483
344487
344516
344536
344536
344542
344551
344561
344583
344588
344606
344607
344617
344625
344638
344643
344650
344650
344668
344677
344682
344705
344717
344721
344725
344732
344734
344746
344775
344781
344788
344811
344816
344831
344833
344849
344858
344862
344863
344866
344872
344872
344874
344880
344885
344893
344895
344902
344918
344933
344948
344955
344989
344990
345005
345011
345017
345026
345032
345034
345035
345035
345044
345046
345062
345073
345075
345079
345122
345147
345147
345148
345148
345160
345174
345197
345215
345221
345249
345260
345263
345307
345314
345314
345322
345326
345327
345330
345333
345343
345353
345356
345399
345411
345413
345414
345418
345421
345440
345441
345447
345463
345477
345504
345528
345529
345531
345541
345551
345567
345572
345577
345580
345585
345589
345637
345645
345649
345652
345658
345658
345660
345667
345669
345671
345689
345709
345715
345723
345731
345741
345759
345760
345763
345763
345764
345768
345790
345793
345795
345803
345807
345811
345814
345815
345835
345843
345860
345863
345876
345879
345891
345895
345908
345930
345936
345972
345984
345987
345988
345989
346011
346017
346019
346028
346036
346038
346059
346067
346076
346079
346080
346100
346110
346120
346127
346137
346146
346150
346156
346180
346190
346190
346193
346193
346196
346198
346205
346206
346238
346238
346242
346253
346255
346268
346286
346290
346299
346301
346306
346309
346328
346335
346341
346342
346344
346363
346372
346372
346392
346399
346400
346411
346426
346433
346478
346482
346497
346519
346530
346543
346549
346555
346558
346582
346584
346590
346600
346610
346625
346639
346662
346678
346678
346691
346695
346733
346763
346771
346772
346778
346792
346797
346810
346821
346822
346827
346852
346855
346856
346870
346880
346901
346917
346929
346931
346937
346943
346957
346960
346961
347018
347035
347040
347074
347083
347089
347118
347119
347125
347127
347130
347147
347149
347165
347175
347202
347204
347231
347254
347255
347286
347300
347302
347311
347315
347320
347321
347328
347330
347331
347336
347337
347348
347349
347360
347361
347367
347367
347372
347373
347389
347392
347402
347428
347431
347456
347461
347464
347467
347477
347489
347497
347508
347513
347518
347529
347532
347537
347577
347615
347615
347643
347647
347668
347707
347716
347720
347729
347730
347734
347756
347757
347766
347787
347794
347799
347817
347825
347851
347866
347887
347898
347903
347922
347931
347943
347944
347944
347947
347948
347965
347973
347977
347978
347989
348020
348044
348047
348067
348069
348073
348083
348092
348096
348101
348106
348128
348132
348142
348156
348168
348195
348195
348201
348205
348230
348245
348250
348254
348260
348268
348297
348305
348322
348337
348344
348351
348355
348362
348365
348370
348371
348379
348401
348403
348417
348420
348424
348430
348458
348460
348465
348466
348488
348496
348496
348513
348517
348521
348525
348559
348562
348585
348596
348602
348630
348640
348661
348672
348675
348685
348713
348733
348748
348753
348760
348763
348770
348776
348779
348781
348809
348816
348830
348833
348843
348847
348877
348882
348884
348890
348901
348911
348913
348916
348921
348931
348933
348938
348939
348944
348963
348974
349008
349013
349017
349018
349024
349029
349036
349042
349050
349054
349079
349083
349104
349109
349114
349132
349134
349152
349180
349192
349205
349228
349232
349259
349269
349272
349274
349282
349298
349302
349310
349313
349337
349338
349338
349365
349366
349367
349368
349405
349409
349409
349412
349440
349444
349470
349476
349506
349508
349515
349539
349546
349560
349575
349587
349594
349599
349601
349611
349622
349632
349643
349662
349664
349678
349687
349691
349703
349704
349726
349732
349746
349769
349783
349784
349785
349786
349829
349830
349830
349834
349838
349839
349840
349840
349841
349851
349854
349885
349888
349891
349907
349912
349919
349921
349936
349946
349957
349962
349964
349965
349968
349983
349989
349995
349997
350017
350023
350024
350031
350050
350065
350100
350102
350114
350115
350120
350123
350129
350152
350153
350164
350188
350203
350241
350252
350256
350259
350277
350288
350291
350313
350315
350326
350327
350328
350338
350352
350356
350359
350369
350375
350376
350382
350387
350390
350424
350433
350465
350477
350481
350487
350492
350501
350532
350554
350557
350561
350566
350568
350576
350580
350581
350592
350600
350622
350668
350680
350680
350694
350742
350762
350774
350780
350795
350803
350804
350805
350806
350809
350818
350821
350832
350838
350849
350852
350861
350868
350896
350901
350917
350934
350936
350939
350942
350959
350965
350974
350986
351039
351041
351054
351055
351067
351081
351082
351085
351095
351103
351105
351129
351146
351146
351164
351174
351209
351223
351226
351228
351231
351237
351252
351254
351270
351276
351282
351283
351287
351317
351318
351319
351348
351372
351373
351380
351384
351391
351394
351411
351481
351488
351502
351506
351506
351518
351526
351527
351538
351553
351581
351581
351585
351597
351609
351617
351644
351648
351658
351658
351670
351679
351703
351704
351724
351738
351740
351760
351777
351783
351790
351798
351800
351805
351814
351818
351833
351845
351849
351869
351871
351873
351880
351889
351890
351897
351900
351904
351914
351922
351925
351937
351946
351948
351954
351954
351956
351978
351987
351996
351997
352025
352034
352037
352068
352082
352090
352093
352095
352112
352128
352135
352161
352163
352164
352182
352190
352196
352197
352208
352222
352232
352234
352244
352251
352253
352271
352271
352278
352285
352329
352338
352349
352358
352368
352399
352403
352424
352428
352455
352495
352508
352509
352517
352536
352570
352575
352583
352585
352595
352599
352605
352611
352613
352626
352629
352629
352632
352644
352652
352654
352654
352691
352697
352708
352711
352728
352775
352833
352844
352847
352856
352862
352865
352868
352869
352877
352879
352887
352891
352902
352909
352920
352938
352949
352951
352952
352953
352991
352991
352992
352995
353004
353010
353027
353042
353052
353070
353086
353095
353098
353098
353114
353158
353165
353166
353167
353182
353182
353185
353202
353205
353205
353208
353244
353263
353265
353267
353268
353270
353281
353281
353284
353285
353291
353312
353313
353327
353328
353352
353397
353415
353437
353443
353451
353460
353471
353472
353475
353479
353483
353485
353503
353521
353527
353528
353534
353547
353608
353617
353642
353655
353673
353684
353686
353753
353780
353808
353817
353817
353822
353849
353849
353877
353881
353882
353886
353895
353916
353944
353956
353962
353984
353994
354017
354018
354034
354041
354042
354059
354070
354080
354088
354096
354100
354107
354112
354113
354117
354125
354129
354141
354145
354151
354169
354197
354206
354210
354219
354221
354236
354248
354276
354282
354284
354286
354287
354292
354299
354301
354302
354314
354338
354339
354344
354347
354358
354376
354409
354413
354416
354428
354475
354481
354487
354489
354503
354515
354523
354542
354545
354555
354567
354573
354576
354588
354616
354664
354668
354696
354700
354715
354728
354742
354743
354751
354813
354814
354815
354830
354842
354858
354880
354881
354891
354903
354909
354919
354931
354950
354951
354955
354965
354965
354990
354995
355013
355013
355032
355039
355039
355043
355058
355059
355087
355103
355116
355117
355131
355139
355142
355144
355188
355204
355207
355223
355225
355244
355247
355248
355291
355300
355301
355305
355316
355320
355353
355370
355377
355393
355396
355445
355450
355460
355469
355477
355480
355491
355501
355519
355537
355537
355544
355553
355569
355581
355616
355623
355638
355650
355671
355684
355686
355690
355730
355752
355772
355783
355788
355813
355816
355820
355820
355833
355838
355851
355854
355854
355856
355872
355887
355891
355914
355926
355930
355933
355934
355944
355961
355966
355973
355976
355989
355993
356011
356020
356041
356082
356111
356112
356132
356159
356164
356168
356192
356218
356222
356225
356227
356227
356236
356243
356252
356256
356270
356278
356289
356292
356300
356306
356319
356329
356346
356356
356391
356404
356421
356426
356443
356460
356461
356479
356482
356503
356516
356516
356517
356532
356544
356551
356570
356572
356593
356595
356597
356597
356615
356616
356620
356628
356635
356637
356639
356659
356679
356680
356691
356710
356719
356725
356729
356729
356731
356762
356784
356787
356788
356791
356812
356813
356827
356848
356850
356852
356862
356867
356872
356897
356908
356965
356969
356983
356984
356996
357019
357020
357044
357046
357051
357091
357113
357114
357124
357134
357137
357142
357158
357170
357179
357186
357190
357191
357193
357213
357230
357231
357239
357240
357245
357257
357262
357262
357264
357273
357281
357288
357296
357301
357302
357303
357305
357312
357336
357341
357350
357388
357409
357409
357411
357425
357430
357438
357476
357488
357499
357515
357519
357536
357548
357574
357589
357598
357611
357614
357618
357628
357637
357647
357686
357706
357708
357710
357719
357724
357725
357729
357733
357735
357739
357741
357757
357763
357805
357808
357824
357841
357845
357855
357858
357861
357892
357899
357903
357903
357907
357916
357919
357929
357930
357939
357963
357965
357973
357986
357988
357989
357991
357997
358019
358049
358051
358053
358060
358064
358070
358116
358139
358146
358164
358169
358188
358205
358210
358216
358220
358227
358246
358261
358273
358274
358280
358305
358311
358313
358319
358321
358330
358340
358356
358364
358366
358367
358381
358388
358408
358409
358411
358420
358423
358424
358429
358458
358459
358469
358472
358484
358488
358500
358501
358507
358511
358513
358515
358521
358559
358567
358567
358570
358570
358603
358637
358637
358640
358645
358662
358679
358691
358691
358708
358739
358739
358740
358744
358765
358766
358775
358781
358817
358819
358836
358841
358842
358848
358876
358883
358887
358888
358896
358899
358903
358936
358949
358969
358985
358995
359008
359030
359046
359053
359059
359080
359108
359111
359136
359153
359157
359165
359195
359224
359238
359249
359250
359257
359263
359270
359283
359284
359291
359307
359308
359326
359327
359327
359335
359350
359351
359358
359360
359386
359390
359398
359424
359428
359445
359454
359477
359477
359496
359502
359508
359523
359528
359539
359574
359581
359584
359584
359592
359596
359596
359598
359613
359615
359617
359624
359626
359664
359672
359692
359700
359711
359717
359720
359728
359748
359765
359814
359824
359831
359860
359892
359901
359903
359907
359913
359934
359936
359948
359951
359951
359952
359975
359994
360003
360023
360028
360040
360053
360057
360071
360086
360098
360099
360102
360107
360107
360110
360114
360125
360129
360132
360133
360143
360144
360148
360151
360159
360159
360160
360177
360188
360191
360203
360217
360226
360227
360260
360265
360269
360290
360294
360294
360329
360332
360366
360376
360384
360400
360426
360427
360447
360452
360452
360452
360465
360484
360497
360497
360498
360515
360518
360532
360550
360568
360575
360581
360586
360600
360606
360613
360619
360629
360647
360677
360704
360709
360742
360747
360756
360758
360761
360766
360777
360805
360819
360819
360849
360852
360865
360892
360894
360908
360925
360930
360950
360962
360968
360980
360985
361012
361049
361062
361079
361082
361083
361087
361092
361095
361098
361116
361138
361147
361157
361181
361182
361202
361206
361237
361238
361293
361304
361314
361317
361326
361343
361370
361376
361377
361384
361389
361395
361402
361410
361414
361422
361426
361441
361443
361451
361464
361468
361476
361482
361499
361499
361510
361516
361528
361538
361552
361560
361571
361580
361597
361616
361620
361629
361645
361650
361660
361665
361668
361674
361679
361681
361704
361710
361711
361713
361715
361729
361730
361732
361746
361748
361754
361758
361760
361791
361812
361815
361829
361829
361836
361842
361845
361845
361867
361875
361876
361880
361881
361889
361901
361901
361930
361936
361942
361950
361954
361960
361962
361966
361973
361973
361993
361997
362006
362013
362017
362027
362062
362075
362081
362138
362140
362162
362175
362175
362176
362177
362180
362182
362189
362197
362202
362205
362218
362234
362254
362277
362282
362285
362289
362291
362302
362308
362337
362339
362340
362350
362351
362354
362372
362376
362382
362383
362386
362387
362393
362399
362406
362406
362418
362422
362432
362440
362442
362447
362450
362467
362468
362471
362473
362476
362477
362489
362504
362506
362512
362513
362515
362517
362517
362528
362559
362560
362571
362575
362583
362587
362593
362598
362603
362603
362610
362640
362654
362662
362666
362668
362691
362703
362714
362722
362728
362763
362779
362782
362791
362809
362810
362811
362830
362844
362862
362895
362902
362903
362913
362935
362953
362958
362964
362965
362981
363005
363020
363023
363045
363049
363052
363053
363060
363063
363066
363077
363085
363101
363101
363101
363102
363112
363113
363128
363131
363149
363177
363189
363191
363221
363233
363252
363256
363257
363260
363261
363316
363329
363335
363386
363406
363422
363441
363451
363467
363470
363475
363476
363489
363492
363527
363539
363543
363543
363555
363570
363575
363585
363592
363605
363608
363611
363614
363661
363667
363670
363690
363705
363715
363722
363725
363748
363748
363751
363757
363763
363768
363769
363784
363794
363806
363811
363812
363814
363832
363838
363839
363859
363884
363887
363922
363925
363928
363930
363932
363948
363949
363974
363980
363980
363981
363983
363986
364002
364017
364018
364041
364056
364072
364076
364095
364098
364099
364104
364117
364125
364126
364130
364138
364145
364146
364160
364166
364169
364173
364176
364182
364188
364189
364213
364216
364219
364221
364238
364246
364260
364293
364300
364307
364309
364318
364320
364323
364331
364337
364339
364344
364358
364377
364391
364401
364410
364424
364438
364442
364462
364476
364489
364504
364523
364526
364531
364559
364560
364564
364573
364575
364578
364585
364588
364601
364622
364624
364624
364647
364670
364690
364709
364714
364715
364725
364728
364739
364745
364771
364787
364792
364805
364806
364807
364808
364817
364827
364827
364845
364852
364856
364860
364862
364872
364880
364910
364920
364948
364957
364970
364977
364981
365000
365003
365014
365015
365028
365030
365049
365053
365055
365056
365074
365079
365083
365095
365102
365130
365135
365146
365154
365175
365199
365210
365236
365237
365240
365253
365260
365282
365286
365299
365299
365307
365311
365324
365346
365353
365353
365356
365373
365387
365389
365395
365398
365410
365428
365431
365441
365449
365481
365505
365512
365518
365524
365533
365535
365573
365578
365589
365610
365614
365618
365648
365652
365655
365659
365663
365672
365679
365680
365708
365720
365739
365784
365784
365790
365791
365793
365797
365807
365813
365820
365822
365824
365833
365834
365840
365841
365872
365873
365875
365910
365916
365929
365932
365933
365936
365937
365950
365961
365966
365969
365982
365998
366000
366011
366018
366018
366041
366058
366067
366094
366101
366116
366127
366131
366150
366182
366188
366192
366192
366203
366204
366209
366210
366210
366216
366233
366236
366236
366256
366257
366261
366270
366273
366278
366299
366300
366303
366305
366305
366311
366321
366323
366341
366345
366362
366364
366366
366369
366374
366387
366392
366412
366417
366433
366451
366455
366469
366477
366484
366493
366498
366505
366522
366561
366574
366580
366590
366595
366611
366612
366623
366624
366631
366633
366659
366662
366683
366692
366701
366705
366721
366725
366731
366737
366743
366753
366761
366763
366779
366848
366857
366859
366882
366884
366893
366897
366901
366908
366909
366959
366961
366992
367015
367016
367019
367032
367039
367041
367049
367058
367072
367074
367078
367111
367116
367124
367126
367130
367145
367150
367153
367167
367169
367188
367203
367205
367211
367219
367220
367229
367231
367237
367244
367254
367257
367266
367278
367291
367307
367327
367329
367331
367334
367345
367345
367347
367355
367355
367362
367366
367378
367379
367380
367392
367394
367408
367422
367428
367456
367457
367475
367479
367479
367480
367486
367505
367547
367553
367577
367614
367619
367624
367628
367632
367669
367685
367686
367693
367714
367717
367720
367735
367738
367742
367745
367751
367753
367762
367774
367775
367790
367799
367807
367843
367888
367892
367898
367944
367961
367961
367966
367967
367997
367997
367999
368002
368005
368009
368029
368032
368065
368076
368086
368091
368095
368103
368108
368115
368116
368130
368131
368136
368151
368152
368180
368180
368188
368189
368192
368192
368212
368257
368262
368268
368272
368289
368302
368319
368335
368341
368370
368371
368399
368421
368430
368438
368439
368445
368446
368470
368487
368490
368493
368504
368517
368539
368545
368548
368551
368570
368577
368581
368604
368630
368630
368635
368635
368637
368649
368659
368665
368666
368672
368672
368687
368692
368693
368700
368702
368708
368730
368735
368747
368753
368753
368753
368759
368763
368766
368767
368786
368790
368793
368814
368819
368826
368835
368853
368873
368873
368884
368884
368908
368914
368942
368968
368974
368984
368997
369004
369010
369018
369070
369073
369080
369084
369096
369101
369112
369116
369123
369126
369134
369141
369159
369160
369163
369173
369190
369225
369228
369234
369242
369243
369243
369248
369249
369257
369279
369298
369311
369326
369330
369340
369341
369345
369346
369356
369357
369370
369374
369416
369441
369443
369468
369475
369488
369490
369497
369500
369511
369512
369513
369523
369527
369563
369571
369575
369584
369586
369596
369597
369603
369609
369614
369615
369625
369642
369656
369702
369703
369712
369721
369758
369770
369772
369772
369791
369806
369809
369817
369819
369835
369849
369858
369860
369862
369898
369922
369938
369939
369939
369941
369945
369945
369976
370001
370004
370009
370022
370026
370027
370040
370048
370053
370059
370070
370078
370081
370088
370097
370122
370132
370132
370147
370147
370147
370169
370180
370181
370184
370185
370189
370199
370202
370206
370222
370224
370224
370233
370248
370263
370283
370297
370319
370321
370321
370345
370346
370346
370357
370381
370383
370394
370404
370407
370419
370437
370441
370462
370484
370489
370496
370508
370519
370537
370538
370541
370553
370559
370559
370565
370573
370584
370584
370593
370603
370605
370620
370623
370632
370673
370674
370676
370681
370694
370696
370745
370751
370751
370752
370754
370756
370756
370760
370760
370761
370762
370772
370783
370792
370804
370805
370808
370809
370815
370815
370832
370858
370876
370883
370919
370930
370946
370969
370977
370995
371023
371024
371030
371031
371045
371051
371054
371058
371084
371114
371117
371122
371123
371130
371146
371151
371152
371179
371191
371194
371235
371261
371278
371295
371317
371326
371331
371337
371343
371346
371346
371375
371378
371379
371398
371407
371413
371413
371416
371421
371422
371443
371446
371461
371505
371529
371535
371537
371577
371577
371587
371599
371604
371619
371627
371636
371643
371644
371651
371656
371659
371661
371662
371664
371671
371677
371680
371687
371689
371690
371708
371710
371723
371734
371735
371740
371743
371751
371763
371776
371777
371780
371782
371783
371784
371792
371811
371838
371842
371843
371853
371868
371919
371924
371946
371958
371972
372011
372016
372043
372048
372053
372056
372063
372070
372072
372109
372122
372123
372131
372156
372191
372194
372197
372210
372215
372221
372232
372249
372260
372281
372299
372305
372316
372316
372322
372327
372331
372341
372387
372448
372484
372490
372552
372572
372576
372577
372584
372594
372595
372596
372597
372597
372604
372619
372636
372648
372648
372664
372666
372707
372732
372734
372744
372746
372758
372761
372783
372803
372806
372807
372826
372846
372847
372874
372877
372886
372889
372891
372904
372943
372946
372953
372962
372965
372976
372977
372992
372993
373002
373008
373014
373027
373035
373043
373045
373053
373056
373063
373070
373081
373085
373087
373097
373098
373103
373104
373116
373119
373130
373137
373164
373166
373175
373176
373185
373208
373209
373210
373218
373218
373248
373253
373272
373277
373279
373286
373293
373298
373300
373324
373328
373395
373416
373421
373428
373430
373440
373456
373461
373463
373469
373473
373482
373488
373501
373504
373505
373508
373515
373517
373519
373521
373533
373546
373547
373558
373565
373591
373596
373596
373597
373599
373600
373641
373643
373650
373671
373688
373727
373728
373732
373759
373760
373797
373850
373854
373874
373888
373911
373940
373947
373967
373969
373970
373975
373975
373988
373995
374027
374027
374035
374039
374055
374057
374061
374086
374095
374140
374150
374155
374157
374158
374159
374161
374167
374177
374179
374183
374192
374193
374200
374202
374210
374219
374220
374235
374242
374251
374259
374259
374259
374270
374274
374275
374276
374276
374277
374281
374292
374300
374301
374304
374305
374318
374344
374351
374356
374362
374410
374424
374424
374438
374449
374474
374481
374488
374556
374563
374572
374575
374582
374596
374599
374600
374600
374606
374606
374606
374634
374636
374644
374644
374681
374687
374696
374713
374745
374754
374774
374775
374776
374777
374778
374782
374790
374801
374805
374805
374816
374827
374830
374836
374845
374850
374862
374890
374905
374906
374909
374930
374936
374937
374939
374949
374950
374953
374961
374962
374974
374984
375015
375017
375037
375047
375067
375070
375074
375092
375104
375115
375119
375135
375142
375148
375154
375181
375196
375197
375228
375272
375280
375303
375303
375304
375329
375339
375344
375345
375351
375369
375375
375389
375395
375415
375422
375422
375446
375476
375495
375528
375551
375562
375563
375585
375595
375612
375645
375650
375654
375674
375704
375712
375728
375750
375761
375772
375778
375800
375842
375857
375863
375872
375884
375902
375911
375912
375913
375920
375930
375937
375939
375940
375952
375974
375989
376007
376009
376016
376017
376023
376023
376060
376071
376075
376075
376090
376097
376124
376133
376139
376144
376195
376197
376199
376210
376231
376244
376250
376257
376266
376287
376303
376310
376321
376325
376347
376349
376354
376360
376369
376387
376403
376404
376432
376437
376439
376446
376450
376467
376471
376473
376491
376492
376493
376496
376496
376497
376502
376515
376525
376550
376558
376589
376598
376610
376610
376621
376626
376683
376687
376692
376740
376742
376752
376754
376758
376780
376785
376786
376792
376797
376801
376804
376811
376824
376844
376845
376848
376852
376855
376861
376861
376862
376874
376874
376890
376890
376931
376936
376949
376970
376974
376981
376982
376996
376998
377023
377026
377056
377056
377065
377065
377091
377095
377106
377107
377108
377113
377117
377122
377139
377143
377163
377167
377177
377193
377201
377203
377240
377244
377246
377270
377283
377283
377285
377289
377292
377295
377311
377313
377318
377329
377334
377341
377352
377355
377355
377358
377372
377374
377380
377386
377388
377388
377426
377437
377444
377447
377456
377466
377468
377471
377473
377486
377496
377498
377514
377515
377528
377534
377535
377535
377541
377543
377547
377572
377612
377637
377659
377667
377673
377676
377679
377689
377705
377719
377729
377733
377740
377740
377750
377762
377764
377778
377781
377785
377788
377793
377802
377831
377841
377854
377871
377873
377882
377912
377921
377925
377928
377935
377938
377939
377940
377944
377954
378015
378025
378027
378062
378072
378087
378095
378102
378114
378118
378139
378147
378148
378149
378158
378160
378167
378174
378180
378199
378203
378256
378277
378283
378284
378292
378293
378304
378307
378308
378316
378328
378333
378342
378342
378345
378347
378349
378351
378382
378389
378438
378438
378444
378493
378498
378501
378506
378510
378511
378512
378519
378522
378538
378538
378538
378543
378545
378551
378576
378582
378598
378603
378611
378630
378647
378656
378661
378688
378712
378716
378736
378745
378747
378749
378752
378755
378759
378760
378760
378762
378770
378775
378783
378793
378793
378794
378800
378810
378817
378820
378843
378844
378845
378845
378846
378858
378862
378867
378874
378895
378897
378900
378923
378929
378940
378945
378957
378973
378974
378995
378998
378999
379014
379020
379032
379036
379052
379052
379066
379073
379073
379078
379081
379083
379089
379091
379095
379099
379100
379103
379111
379113
379130
379130
379157
379178
379203
379207
379220
379223
379252
379265
379282
379285
379291
379316
379322
379324
379329
379339
379347
379354
379355
379357
379366
379378
379396
379397
379399
379414
379416
379430
379433
379440
379463
379480
379480
379493
379495
379506
379509
379512
379525
379528
379543
379544
379547
379563
379569
379582
379588
379589
379596
379610
379617
379632
379649
379653
379668
379677
379684
379706
379720
379743
379752
379772
379794
379808
379826
379828
379836
379836
379851
379860
379864
379866
379875
379890
379910
379913
379918
379928
379932
379933
379942
379984
379985
379998
380033
380037
380053
380072
380086
380098
380105
380107
380113
380116
380135
380173
380174
380179
380186
380187
380207
380215
380242
380275
380284
380294
380304
380310
380324
380327
380332
380340
380359
380364
380375
380376
380377
380380
380401
380435
380458
380474
380489
380496
380500
380501
380516
380520
380528
380535
380539
380548
380560
380573
380574
380575
380579
380588
380588
380590
380623
380634
380653
380656
380657
380668
380678
380684
380686
380694
380695
380703
380709
380710
380720
380721
380725
380731
380732
380734
380757
380759
380771
380777
380792
380816
380828
380833
380845
380853
380881
380884
380897
380905
380919
380922
380924
380937
380944
380949
380952
380959
380984
380987
381000
381025
381064
381070
381074
381089
381113
381151
381158
381179
381182
381190
381207
381209
381214
381221
381243
381244
381248
381259
381261
381263
381281
381282
381285
381305
381312
381322
381327
381328
381364
381397
381405
381407
381408
381423
381451
381461
381466
381474
381476
381493
381501
381507
381513
381513
381521
381538
381540
381542
381544
381559
381561
381569
381572
381576
381593
381597
381600
381614
381620
381634
381649
381649
381652
381667
381681
381694
381702
381711
381727
381737
381789
381805
381805
381811
381820
381821
381822
381840
381845
381849
381850
381872
381873
381880
381882
381898
381899
381901
381918
381923
381954
381956
381959
381961
381964
381967
381981
382000
382015
382015
382020
382023
382035
382049
382053
382076
382077
382107
382107
382111
382112
382113
382114
382115
382140
382146
382173
382173
382185
382186
382192
382196
382198
382226
382235
382243
382249
382255
382273
382277
382289
382327
382328
382343
382357
382362
382366
382367
382372
382424
382432
382451
382457
382461
382472
382477
382495
382497
382525
382526
382528
382533
382544
382559
382567
382571
382573
382586
382588
382595
382613
382623
382631
382637
382654
382660
382678
382684
382689
382704
382723
382728
382730
382738
382746
382752
382763
382773
382793
382808
382834
382856
382887
382912
382918
382920
382947
382958
382965
382971
382976
382976
382979
382980
382983
382988
382990
383011
383039
383048
383049
383067
383069
383072
383074
383075
383087
383096
383105
383112
383118
383137
383149
383174
383190
383196
383198
383214
383239
383240
383252
383292
383294
383303
383306
383323
383333
383336
383338
383351
383358
383362
383371
383382
383384
383397
383441
383449
383452
383471
383476
383481
383501
383511
383515
383522
383527
383534
383542
383545
383548
383552
383553
383553
383573
383593
383609
383620
383624
383626
383629
383635
383641
383647
383656
383658
383666
383669
383673
383685
383688
383694
383705
383719
383730
383741
383743
383757
383761
383780
383795
383804
383807
383808
383815
383836
383842
383860
383862
383907
383914
383922
383922
383935
383938
383939
383945
383985
383992
383999
384024
384042
384053
384060
384076
384078
384089
384092
384104
384116
384116
384116
384139
384146
384157
384196
384212
384215
384247
384248
384251
384274
384275
384280
384283
384297
384319
384321
384327
384343
384367
384385
384386
384394
384405
384516
384517
384531
384567
384579
384590
384592
384604
384605
384608
384609
384612
384616
384643
384656
384656
384658
384658
384665
384665
384677
384695
384701
384719
384719
384724
384736
384758
384771
384782
384791
384794
384810
384819
384821
384839
384846
384871
384880
384882
384883
384908
384911
384927
384932
384936
384950
384959
384990
384992
385020
385029
385032
385046
385052
385072
385072
385147
385161
385171
385175
385180
385181
385183
385183
385188
385199
385201
385206
385216
385225
385233
385242
385244
385247
385254
385276
385286
385303
385323
385331
385347
385351
385361
385365
385379
385389
385389
385403
385421
385435
385439
385442
385446
385464
385478
385502
385510
385535
385545
385554
385559
385561
385562
385566
385587
385601
385613
385661
385664
385669
385675
385683
385685
385706
385710
385712
385717
385719
385726
385734
385743
385745
385750
385766
385777
385814
385814
385818
385818
385830
385850
385867
385888
385913
385961
385964
385969
385976
385976
385978
386014
386019
386033
386089
386099
386123
386130
386222
386223
386250
386260
386278
386286
386297
386308
386312
386313
386319
386323
386337
386371
386376
386378
386403
386405
386422
386426
386427
386448
386461
386464
386475
386478
386489
386517
386550
386561
386563
386564
386569
386570
386571
386605
386618
386632
386638
386642
386663
386665
386673
386676
386678
386684
386693
386709
386710
386711
386713
386720
386748
386749
386772
386773
386779
386790
386809
386818
386822
386884
386897
386904
386906
386910
386912
386953
386968
386983
386988
386988
386992
387024
387029
387044
387046
387048
387050
387072
387075
387087
387093
387100
387116
387150
387155
387169
387174
387176
387197
387205
387222
387230
387231
387233
387272
387282
387284
387285
387285
387290
387308
387320
387326
387335
387337
387340
387356
387359
387373
387373
387379
387379
387403
387405
387406
387457
387466
387467
387475
387478
387481
387483
387501
387538
387560
387568
387591
387597
387601
387613
387679
387680
387681
387687
387706
387722
387725
387735
387762
387772
387792
387797
387835
387842
387846
387864
387874
387880
387883
387887
387893
387910
387922
387924
387931
387938
387997
388017
388026
388046
388049
388058
388072
388082
388094
388097
388107
388108
388114
388131
388135
388149
388151
388162
388179
388187
388187
388187
388198
388208
388225
388251
388253
388257
388268
388278
388279
388319
388352
388362
388372
388385
388387
388422
388435
388437
388441
388443
388444
388467
388484
388521
388537
388546
388555
388577
388579
388594
388637
388689
388702
388702
388704
388705
388712
388727
388733
388735
388740
388768
388787
388801
388812
388816
388817
388831
388836
388846
388847
388850
388851
388855
388856
388872
388873
388883
388900
388918
388921
388939
388967
388982
388987
389003
389049
389058
389075
389100
389116
389131
389141
389156
389171
389192
389196
389200
389210
389216
389222
389222
389223
389229
389231
389246
389253
389260
389266
389271
389304
389311
389314
389321
389336
389349
389368
389385
389386
389392
389393
389402
389437
389480
389485
389498
389519
389525
389553
389584
389631
389643
389647
389647
389682
389683
389701
389703
389706
389726
389747
389751
389778
389779
389780
389783
389793
389804
389808
389812
389840
389847
389858
389866
389872
389922
389924
389929
389935
389944
389947
389953
389964
389968
389983
389984
389986
389988
389992
390002
390008
390012
390020
390068
390070
390072
390073
390083
390108
390110
390114
390122
390124
390126
390156
390190
390204
390207
390210
390229
390240
390244
390265
390284
390289
390297
390317
390318
390336
390369
390370
390399
390406
390418
390436
390441
390446
390467
390479
390486
390488
390489
390493
390499
390505
390506
390514
390525
390545
390569
390583
390585
390587
390594
390599
390607
390629
390642
390647
390649
390671
390673
390680
390693
390711
390719
390722
390740
390741
390743
390795
390811
390813
390824
390841
390877
390886
390887
390894
390894
390901
390908
390933
390936
390936
390957
390965
390966
390979
390982
390993
391004
391013
391022
391048
391051
391059
391059
391070
391070
391071
391072
391079
391083
391084
391087
391087
391101
391103
391132
391135
391162
391179
391179
391187
391194
391195
391211
391224
391226
391246
391252
391258
391306
391306
391317
391323
391325
391330
391335
391349
391372
391374
391389
391399
391416
391424
391446
391448
391482
391485
391486
391497
391497
391513
391517
391520
391522
391525
391529
391540
391542
391569
391577
391577
391588
391592
391598
391602
391604
391613
391614
391629
391635
391639
391650
391686
391703
391713
391716
391720
391722
391771
391810
391817
391820
391827
391829
391830
391834
391845
391856
391862
391863
391882
391887
391908
391909
391920
391930
391960
391981
391982
391998
392007
392016
392021
392025
392027
392036
392040
392046
392057
392061
392070
392079
392087
392096
392103
392104
392112
392119
392127
392129
392136
392154
392156
392163
392183
392195
392197
392203
392218
392237
392244
392248
392255
392276
392288
392299
392305
392306
392324
392326
392328
392332
392332
392337
392340
392349
392367
392371
392376
392379
392412
392413
392417
392436
392451
392457
392472
392480
392504
392518
392523
392537
392542
392545
392546
392551
392568
392571
392591
392594
392597
392603
392605
392609
392619
392632
392637
392650
392665
392693
392704
392705
392717
392727
392728
392744
392754
392801
392803
392807
392815
392816
392828
392839
392845
392856
392859
392870
392878
392892
392911
392928
392943
392944
392944
392977
392999
393010
393012
393031
393033
393044
393050
393063
393069
393085
393116
393128
393133
393135
393148
393157
393175
393179
393195
393210
393214
393261
393302
393317
393317
393329
393329
393348
393348
393365
393365
393374
393377
393399
393405
393411
393418
393429
393435
393447
393460
393467
393477
393480
393490
393495
393501
393504
393509
393517
393543
393552
393559
393564
393566
393567
393571
393573
393583
393593
393599
393619
393620
393622
393635
393637
393638
393698
393713
393715
393730
393742
393742
393759
393788
393810
393816
393838
393856
393859
393868
393887
393897
393913
393922
393937
393940
393944
393948
393963
393968
393991
393995
394013
394015
394020
394026
394030
394032
394042
394051
394093
394094
394094
394096
394106
394131
394132
394134
394140
394154
394172
394175
394190
394192
394199
394201
394223
394230
394242
394250
394260
394274
394277
394318
394324
394330
394350
394353
394365
394374
394383
394389
394435
394442
394456
394466
394468
394471
394492
394505
394515
394524
394535
394536
394542
394557
394560
394571
394581
394605
394607
394615
394615
394621
394626
394631
394639
394641
394656
394656
394660
394667
394673
394673
394707
394708
394710
394721
394721
394740
394749
394755
394794
394825
394835
394836
394845
394848
394849
394855
394862
394892
394909
394909
394972
394972
394973
394989
394995
395003
395020
395022
395024
395032
395032
395046
395049
395061
395069
395074
395075
395113
395116
395127
395132
395135
395138
395146
395156
395156
395162
395165
395173
395175
395177
395181
395182
395183
395186
395187
395188
395209
395209
395210
395227
395238
395265
395284
395310
395327
395339
395339
395342
395354
395363
395365
395390
395409
395420
395431
395435
395437
395449
395471
395479
395504
395519
395544
395551
395553
395565
395566
395576
395577
395580
395604
395617
395624
395625
395628
395646
395650
395652
395663
395664
395668
395674
395679
395681
395701
395729
395729
395753
395755
395779
395784
395785
395786
395791
395806
395806
395825
395830
395843
395848
395850
395856
395875
395881
395886
395894
395904
395916
395929
395934
395946
395973
395974
395986
395990
396002
396036
396037
396040
396041
396043
396047
396052
396063
396064
396084
396085
396090
396101
396108
396146
396154
396162
396174
396176
396199
396201
396202
396208
396210
396223
396238
396262
396294
396303
396314
396319
396333
396334
396335
396350
396356
396357
396363
396368
396375
396387
396404
396407
396423
396424
396425
396426
396457
396458
396468
396474
396478
396483
396490
396495
396526
396532
396548
396561
396561
396567
396580
396606
396616
396647
396649
396653
396653
396664
396666
396668
396678
396697
396699
396713
396730
396744
396761
396769
396783
396828
396836
396879
396882
396889
396895
396896
396899
396904
396908
396928
396935
396944
396948
396978
396984
396989
396992
396992
396993
397004
397007
397017
397043
397043
397063
397063
397076
397077
397082
397096
397108
397123
397129
397154
397161
397166
397172
397180
397191
397213
397216
397228
397241
397253
397253
397255
397260
397264
397276
397280
397295
397300
397301
397309
397311
397329
397330
397338
397357
397358
397384
397407
397420
397421
397432
397454
397479
397482
397486
397499
397518
397518
397527
397527
397529
397539
397540
397573
397574
397592
397607
397607
397614
397615
397617
397622
397645
397656
397665
397668
397681
397704
397719
397725
397730
397741
397756
397800
397815
397828
397831
397831
397836
397836
397842
397843
397875
397882
397883
397908
397918
397929
397953
397965
397969
397970
397974
397974
397979
397980
397980
397987
397990
397991
398008
398021
398040
398044
398044
398052
398055
398062
398074
398089
398107
398113
398120
398144
398156
398159
398161
398162
398168
398169
398184
398195
398215
398216
398218
398219
398224
398239
398250
398254
398257
398264
398282
398292
398302
398319
398320
398324
398331
398336
398346
398350
398367
398376
398388
398393
398423
398428
398433
398443
398458
398465
398478
398478
398480
398487
398489
398493
398529
398537
398538
398541
398546
398559
398578
398596
398599
398599
398613
398618
398620
398622
398623
398649
398686
398690
398690
398697
398699
398721
398739
398744
398747
398753
398760
398763
398781
398811
398827
398858
398869
398872
398883
398889
398898
398901
398901
398904
398906
398915
398923
398935
398945
398954
398961
398978
398985
399009
399019
399037
399047
399049
399050
399051
399053
399067
399092
399105
399178
399183
399185
399199
399202
399208
399212
399218
399219
399220
399232
399236
399244
399254
399260
399267
399272
399293
399300
399326
399330
399362
399382
399392
399443
399448
399475
399477
399479
399491
399502
399509
399532
399540
399546
399550
399564
399578
399585
399592
399596
399607
399615
399626
399634
399660
399669
399704
399709
399717
399725
399731
399735
399736
399743
399745
399753
399790
399794
399816
399819
399823
399843
399848
399856
399880
399887
399900
399905
399922
399923
399932
399934
399939
399945
399949
399969
399972
399976
399976
399984
399986
399999
400006
400017
400054
400057
400081
400081
400082
400084
400100
400106
400147
400155
400158
400183
400188
400194
400203
400206
400221
400221
400228
400246
400254
400256
400258
400261
400265
400282
400287
400289
400316
400321
400323
400323
400359
400369
400369
400380
400393
400405
400407
400421
400423
400445
400459
400460
400468
400474
400483
400493
400498
400500
400512
400524
400526
400526
400535
400557
400564
400573
400579
400583
400586
400591
400599
400620
400623
400628
400631
400642
400655
400666
400692
400702
400726
400731
400737
400740
400747
400751
400763
400781
400787
400793
400807
400818
400852
400897
400900
400913
400916
400917
400921
400923
400935
400936
400940
400961
400977
400980
400987
400993
401021
401023
401040
401054
401064
401068
401072
401097
401104
401107
401110
401119
401141
401173
401186
401189
401194
401205
401212
401232
401252
401272
401272
401278
401291
401294
401319
401323
401324
401325
401326
401332
401338
401355
401358
401365
401365
401393
401399
401410
401412
401425
401437
401437
401451
401457
401473
401473
401492
401500
401511
401523
401525
401526
401530
401531
401551
401577
401578
401585
401607
401624
401648
401671
401688
401692
401697
401709
401715
401720
401726
401746
401767
401771
401772
401777
401779
401798
401825
401825
401838
401845
401850
401856
401857
401857
401862
401864
401877
401893
401901
401904
401907
401914
401953
401967
402013
402035
402041
402044
402052
402061
402067
402071
402072
402078
402080
402082
402089
402091
402095
402097
402099
402122
402123
402132
402134
402136
402140
402145
402152
402163
402179
402181
402189
402189
402195
402198
402203
402210
402216
402246
402250
402255
402256
402257
402262
402285
402295
402326
402350
402363
402365
402369
402376
402380
402383
402416
402452
402453
402465
402475
402503
402503
402505
402515
402536
402542
402544
402560
402574
402593
402613
402618
402648
402653
402674
402674
402678
402689
402690
402693
402699
402712
402720
402756
402764
402798
402801
402802
402807
402820
402834
402836
402847
402859
402861
402897
402923
402943
402964
402968
402970
402981
402985
402992
402993
402994
403024
403024
403043
403050
403057
403064
403079
403088
403128
403129
403133
403155
403161
403175
403178
403183
403196
403204
403240
403243
403261
403264
403269
403270
403287
403288
403292
403295
403317
403319
403320
403344
403344
403364
403366
403391
403395
403396
403414
403419
403423
403427
403430
403430
403433
403437
403438
403444
403462
403466
403470
403471
403476
403477
403477
403479
403499
403501
403522
403523
403586
403592
403595
403599
403602
403604
403613
403615
403624
403633
403634
403651
403651
403664
403676
403686
403705
403725
403738
403748
403753
403756
403758
403771
403774
403785
403792
403797
403797
403801
403811
403814
403833
403846
403859
403862
403864
403873
403874
403879
403881
403886
403894
403894
403911
403914
403915
403931
403932
403946
403949
403964
403969
403982
403983
403984
404009
404010
404021
404044
404048
404052
404062
404068
404102
404132
404143
404152
404170
404178
404182
404195
404248
404271
404308
404311
404314
404316
404317
404317
404333
404337
404337
404338
404340
404341
404341
404359
404364
404369
404374
404376
404376
404384
404385
404394
404415
404426
404430
404458
404467
404467
404483
404493
404541
404544
404556
404564
404578
404581
404610
404622
404623
404635
404639
404642
404659
404659
404664
404681
404681
404696
404707
404711
404713
404715
404767
404767
404768
404769
404776
404777
404790
404790
404806
404808
404824
404832
404863
404864
404865
404890
404891
404896
404903
404907
404911
404929
404935
404940
404943
404979
404992
404994
405008
405011
405019
405019
405030
405053
405059
405076
405083
405132
405133
405141
405160
405164
405184
405190
405203
405209
405216
405225
405232
405241
405266
405270
405311
405320
405345
405353
405372
405377
405384
405398
405409
405421
405431
405474
405476
405483
405489
405514
405555
405575
405595
405616
405634
405637
405653
405655
405660
405664
405672
405676
405678
405679
405745
405766
405779
405780
405791
405794
405803
405804
405810
405813
405816
405817
405842
405844
405848
405870
405877
405880
405882
405890
405895
405903
405905
405909
405912
405913
405943
405969
405990
405992
406016
406016
406017
406020
406025
406057
406065
406074
406076
406082
406083
406084
406090
406101
406115
406141
406165
406175
406176
406179
406194
406202
406211
406227
406228
406237
406249
406258
406267
406275
406277
406309
406313
406315
406316
406350
406351
406358
406359
406363
406373
406455
406462
406469
406481
406488
406489
406490
406492
406503
406513
406515
406522
406523
406525
406534
406570
406633
406648
406668
406671
406684
406690
406700
406702
406703
406708
406733
406741
406742
406752
406759
406791
406793
406797
406803
406812
406819
406824
406830
406844
406847
406848
406850
406854
406864
406884
406886
406892
406897
406910
406916
406947
406950
406966
406975
407001
407013
407025
407035
407049
407105
407105
407105
407116
407136
407148
407165
407167
407185
407185
407190
407193
407193
407213
407216
407236
407243
407245
407280
407287
407294
407299
407302
407304
407328
407338
407363
407366
407369
407370
407370
407377
407382
407431
407438
407476
407488
407496
407496
407510
407531
407536
407538
407541
407549
407551
407565
407593
407613
407630
407630
407638
407639
407646
407646
407652
407654
407668
407723
407729
407745
407760
407764
407780
407807
407828
407838
407839
407847
407859
407861
407861
407868
407869
407893
407895
407900
407902
407906
407926
407928
407930
407933
407941
407945
407951
407989
407995
407998
408010
408010
408013
408016
408025
408027
408027
408035
408051
408057
408062
408090
408100
408104
408105
408128
408133
408137
408157
408165
408166
408170
408177
408184
408197
408200
408212
408223
408225
408255
408256
408260
408267
408271
408281
408285
408294
408306
408310
408325
408342
408376
408389
408393
408419
408420
408426
408430
408435
408437
408440
408441
408445
408448
408448
408479
408482
408485
408487
408512
408515
408523
408529
408535
408547
408560
408580
408589
408590
408594
408603
408607
408626
408633
408639
408655
408682
408689
408711
408718
408737
408752
408759
408770
408771
408788
408790
408791
408809
408815
408823
408841
408848
408868
408870
408891
408906
408923
408926
408927
408933
408950
408951
408966
408970
408981
408995
409027
409029
409046
409054
409054
409076
409079
409089
409096
409130
409147
409158
409161
409168
409169
409187
409195
409196
409221
409228
409236
409237
409241
409252
409262
409262
409285
409285
409314
409316
409332
409338
409356
409364
409387
409393
409402
409432
409445
409452
409469
409473
409498
409501
409501
409504
409532
409534
409536
409567
409572
409580
409593
409599
409607
409611
409614
409618
409638
409642
409657
409675
409686
409692
409703
409705
409707
409742
409743
409750
409762
409768
409773
409775
409791
409793
409801
409804
409810
409817
409822
409828
409843
409850
409850
409854
409856
409872
409881
409888
409890
409898
409912
409917
409919
409930
409954
409966
409988
410004
410005
410009
410030
410059
410130
410156
410190
410198
410220
410244
410253
410253
410279
410282
410308
410328
410333
410345
410345
410348
410350
410354
410356
410364
410366
410412
410418
410443
410446
410448
410471
410479
410482
410483
410488
410498
410499
410502
410509
410511
410545
410561
410575
410575
410579
410582
410584
410623
410625
410632
410638
410650
410653
410658
410665
410669
410703
410704
410706
410711
410722
410728
410733
410733
410738
410747
410756
410757
410759
410766
410785
410799
410800
410802
410806
410810
410814
410847
410849
410853
410874
410874
410896
410902
410928
410931
410945
410951
410952
410970
410975
410976
410982
410986
410986
410986
410987
411021
411023
411040
411041
411042
411058
411067
411072
411083
411084
411097
411109
411128
411149
411202
411205
411208
411209
411216
411220
411223
411243
411254
411255
411285
411290
411299
411302
411315
411334
411341
411349
411373
411377
411387
411397
411402
411408
411417
411429
411430
411432
411437
411442
411447
411455
411455
411499
411502
411511
411512
411525
411545
411554
411555
411564
411570
411584
411590
411591
411596
411599
411607
411619
411632
411640
411652
411707
411727
411743
411749
411768
411768
411791
411799
411808
411813
411817
411825
411834
411838
411838
411845
411858
411862
411886
411891
411910
411911
411911
411924
411936
411944
411961
411979
411987
411991
411994
411999
412010
412019
412020
412027
412027
412032
412037
412041
412046
412059
412061
412070
412079
412087
412091
412098
412109
412122
412123
412138
412147
412151
412154
412158
412160
412164
412167
412171
412177
412182
412186
412186
412192
412216
412221
412252
412259
412264
412292
412293
412294
412301
412311
412311
412315
412344
412348
412353
412374
412384
412386
412388
412401
412414
412426
412428
412429
412434
412435
412439
412442
412463
412471
412485
412494
412495
412496
412511
412523
412539
412565
412566
412573
412591
412592
412596
412600
412601
412643
412661
412662
412671
412675
412679
412681
412687
412696
412721
412730
412735
412737
412745
412756
412772
412777
412785
412817
412843
412867
412868
412868
412907
412910
412929
412930
412931
412933
412966
412971
412974
412996
412996
413003
413013
413015
413034
413049
413073
413081
413081
413082
413086
413086
413094
413129
413129
413133
413140
413140
413155
413160
413176
413178
413194
413199
413205
413246
413284
413288
413296
413297
413305
413310
413312
413318
413324
413326
413328
413354
413367
413376
413398
413400
413401
413417
413456
413458
413477
413480
413483
413494
413499
413506
413509
413518
413520
413526
413542
413544
413547
413558
413576
413607
413608
413618
413621
413624
413641
413653
413676
413679
413685
413703
413705
413738
413762
413770
413810
413833
413861
413865
413877
413891
413898
413900
413918
413926
413934
413940
413956
413959
413995
414003
414007
414018
414031
414060
414061
414064
414065
414077
414099
414103
414113
414136
414140
414145
414149
414154
414182
414208
414214
414215
414245
414247
414253
414264
414286
414299
414318
414326
414343
414365
414374
414374
414375
414422
414431
414436
414446
414447
414453
414458
414461
414487
414493
414540
414564
414575
414578
414580
414605
414627
414632
414636
414647
414661
414671
414693
414700
414718
414722
414727
414729
414735
414738
414743
414766
414770
414771
414782
414783
414785
414863
414871
414886
414908
414908
414914
414927
414930
414930
414953
414960
414961
414963
414964
414970
414981
414984
414986
414986
415000
415027
415034
415038
415044
415044
415055
415057
415077
415086
415094
415099
415116
415128
415133
415134
415134
415138
415157
415170
415173
415207
415218
415225
415235
415244
415252
415279
415281
415285
415290
415296
415310
415330
415333
415355
415359
415380
415387
415406
415410
415410
415415
415431
415440
415442
415469
415469
415476
415485
415502
415511
415514
415521
415531
415535
415536
415556
415584
415592
415619
415621
415626
415633
415634
415650
415652
415653
415676
415681
415711
415723
415724
415733
415752
415755
415771
415772
415772
415784
415784
415785
415786
415790
415798
415819
415819
415849
415860
415866
415868
415875
415876
415887
415922
415922
415922
415924
415927
415944
415955
415958
415959
415961
415971
415985
416002
416011
416013
416036
416039
416041
416058
416073
416074
416085
416087
416101
416107
416113
416123
416125
416144
416176
416178
416182
416183
416189
416198
416199
416200
416211
416215
416226
416252
416265
416277
416298
416298
416311
416324
416327
416353
416367
416369
416381
416390
416407
416429
416442
416443
416461
416466
416520
416527
416535
416551
416556
416559
416564
416567
416583
416585
416598
416608
416628
416637
416654
416662
416665
416667
416673
416679
416682
416693
416696
416736
416746
416748
416788
416798
416815
416816
416837
416850
416875
416890
416890
416897
416899
416899
416908
416936
416951
416959
416968
416969
416972
416987
416991
416998
417010
417018
417019
417023
417031
417043
417060
417067
417069
417084
417089
417097
417106
417127
417136
417140
417158
417188
417207
417223
417226
417248
417254
417258
417260
417279
417282
417313
417347
417352
417369
417371
417377
417383
417385
417407
417420
417422
417466
417468
417476
417479
417489
417499
417509
417512
417527
417545
417546
417564
417567
417580
417586
417611
417622
417628
417632
417644
417645
417656
417656
417671
417687
417689
417695
417709
417716
417735
417752
417756
417783
417789
417795
417808
417815
417827
417828
417831
417845
417847
417855
417858
417875
417881
417888
417890
417903
417908
417924
417939
417960
417968
417981
417989
418005
418011
418012
418013
418016
418022
418024
418050
418069
418079
418120
418144
418147
418163
418194
418198
418206
418228
418228
418251
418259
418269
418293
418311
418317
418327
418340
418344
418357
418371
418399
418429
418440
418440
418456
418488
418505
418545
418547
418564
418572
418593
418599
418606
418624
418635
418651
418659
418669
418688
418691
418714
418718
418745
418768
418772
418826
418837
418838
418848
418855
418858
418868
418882
418888
418901
418903
418910
418924
418927
418934
418941
418954
418956
418958
418960
418960
418965
418982
418982
418989
418995
418995
419022
419039
419068
419079
419093
419095
419096
419100
419116
419128
419151
419159
419159
419166
419170
419174
419178
419206
419212
419234
419235
419237
419254
419260
419279
419290
419295
419296
419305
419305
419315
419316
419318
419321
419339
419345
419346
419353
419353
419355
419368
419375
419375
419381
419393
419398
419412
419427
419436
419437
419440
419448
419465
419475
419483
419485
419485
419490
419492
419494
419498
419504
419510
419511
419515
419521
419526
419532
419542
419550
419551
419559
419560
419561
419573
419593
419593
419595
419597
419598
419604
419605
419607
419624
419625
419628
419635
419646
419648
419653
419676
419679
419700
419709
419711
419721
419738
419766
419784
419791
419791
419796
419798
419798
419805
419806
419808
419839
419848
419851
419878
419887
419916
419931
419935
419950
419974
419981
419982
419994
419996
420013
420020
420024
420046
420048
420054
420059
420062
420067
420109
420160
420168
420188
420197
420228
420236
420242
420256
420267
420273
420290
420300
420308
420317
420353
420359
420379
420381
420412
420412
420437
420455
420456
420457
420461
420463
420464
420468
420478
420494
420497
420500
420524
420525
420538
420550
420554
420555
420560
420565
420577
420587
420596
420597
420607
420615
420616
420623
420623
420663
420699
420705
420705
420710
420720
420729
420754
420759
420760
420767
420767
420802
420810
420832
420849
420851
420873
420893
420901
420919
420920
420960
420962
420977
420982
420996
421001
421007
421010
421020
421040
421040
421049
421050
421076
421077
421077
421081
421082
421095
421097
421100
421107
421112
421124
421133
421135
421143
421156
421168
421172
421183
421198
421210
421210
421220
421225
421226
421232
421280
421297
421299
421307
421308
421308
421316
421333
421335
421338
421345
421360
421386
421389
421404
421411
421416
421426
421440
421447
421451
421453
421462
421462
421470
421472
421484
421484
421487
421496
421511
421515
421531
421542
421545
421548
421583
421595
421596
421609
421610
421617
421618
421618
421627
421641
421642
421657
421685
421685
421689
421696
421703
421711
421716
421722
421724
421728
421731
421735
421754
421758
421763
421771
421775
421776
421785
421790
421815
421832
421846
421848
421865
421877
421897
421904
421911
421915
421924
421930
421946
421956
421969
421969
421978
421980
421981
421986
422024
422049
422065
422073
422104
422117
422132
422142
422143
422145
422147
422167
422185
422192
422219
422222
422230
422237
422242
422252
422253
422274
422276
422283
422285
422297
422301
422311
422313
422313
422325
422346
422348
422362
422368
422372
422372
422373
422389
422391
422416
422416
422437
422452
422482
422488
422491
422503
422507
422523
422544
422551
422589
422597
422606
422609
422624
422627
422644
422648
422665
422672
422697
422705
422709
422709
422733
422735
422755
422757
422762
422764
422769
422791
422816
422833
422835
422845
422869
422875
422905
422911
422942
422948
422949
422952
422979
422991
422995
422999
423000
423031
423042
423042
423043
423066
423066
423073
423082
423089
423095
423137
423145
423147
423166
423172
423179
423183
423184
423215
423248
423249
423250
423265
423321
423325
423334
423336
423364
423390
423392
423404
423407
423411
423412
423421
423424
423432
423436
423438
423440
423442
423445
423453
423456
423457
423472
423511
423514
423524
423528
423537
423538
423541
423552
423560
423561
423572
423581
423599
423606
423617
423657
423663
423673
423687
423702
423740
423740
423759
423760
423778
423778
423795
423813
423830
423835
423846
423846
423852
423856
423879
423887
423900
423901
423911
423920
423931
423935
423953
423959
423963
423987
424004
424016
424021
424029
424050
424054
424061
424065
424069
424075
424083
424086
424092
424107
424120
424125
424136
424140
424144
424158
424168
424199
424205
424206
424219
424223
424227
424230
424231
424252
424254
424257
424258
424259
424261
424280
424282
424302
424303
424308
424312
424343
424360
424372
424385
424392
424399
424418
424423
424435
424438
424440
424441
424443
424453
424484
424487
424491
424519
424531
424532
424553
424592
424595
424606
424611
424612
424616
424650
424655
424664
424675
424679
424682
424705
424705
424717
424721
424731
424743
424751
424751
424759
424769
424773
424776
424782
424790
424793
424797
424805
424809
424812
424815
424818
424818
424818
424820
424827
424841
424850
424858
424861
424871
424872
424892
424903
424905
424931
424934
424943
424960
424973
424981
424988
425003
425010
425016
425016
425029
425043
425048
425065
425065
425081
425093
425148
425150
425156
425157
425165
425192
425202
425239
425242
425264
425272
425278
425303
425303
425307
425307
425308
425325
425329
425331
425365
425377
425381
425387
425394
425395
425398
425399
425412
425455
425457
425459
425473
425479
425487
425512
425517
425525
425525
425557
425563
425579
425615
425616
425653
425657
425663
425667
425667
425675
425700
425710
425726
425738
425740
425742
425747
425771
425787
425800
425840
425842
425884
425889
425903
425903
425913
425917
425917
425920
425921
425930
425935
425937
425983
425984
425988
425995
426024
426049
426062
426074
426074
426099
426112
426112
426139
426164
426168
426177
426179
426182
426184
426188
426194
426198
426203
426218
426227
426227
426236
426241
426244
426255
426304
426308
426309
426324
426328
426328
426339
426342
426353
426355
426368
426377
426383
426384
426410
426412
426424
426463
426489
426500
426523
426528
426536
426544
426552
426553
426565
426578
426583
426587
426590
426613
426614
426625
426627
426643
426656
426658
426670
426706
426716
426738
426740
426748
426765
426776
426786
426794
426799
426824
426832
426837
426839
426852
426886
426919
426920
426922
426937
426939
426942
426943
426945
426953
426954
426957
426958
426992
427000
427017
427041
427045
427054
427055
427058
427066
427070
427085
427099
427101
427119
427134
427144
427172
427175
427216
427218
427237
427246
427257
427265
427272
427293
427331
427336
427343
427358
427359
427362
427375
427381
427385
427391
427397
427401
427419
427428
427431
427439
427458
427463
427464
427466
427473
427475
427479
427480
427481
427496
427504
427523
427527
427528
427533
427550
427558
427579
427584
427585
427589
427593
427593
427603
427608
427619
427631
427633
427643
427648
427667
427688
427716
427719
427721
427725
427731
427738
427743
427758
427802
427814
427825
427825
427830
427835
427845
427850
427853
427853
427856
427856
427864
427900
427907
427908
427909
427918
427922
427925
427933
427946
427953
427955
427955
427960
427997
428011
428032
428037
428042
428043
428049
428049
428049
428060
428067
428071
428084
428091
428096
428100
428108
428114
428114
428141
428144
428145
428160
428174
428176
428184
428198
428211
428216
428227
428228
428239
428254
428270
428280
428282
428283
428291
428292
428305
428309
428315
428332
428343
428350
428352
428358
428377
428380
428415
428447
428467
428490
428496
428503
428507
428508
428520
428521
428526
428540
428548
428553
428554
428560
428561
428565
428598
428603
428625
428626
428646
428657
428657
428664
428674
428696
428709
428713
428722
428733
428737
428747
428754
428770
428775
428780
428800
428805
428806
428814
428816
428822
428834
428843
428863
428864
428872
428872
428881
428890
428900
428903
428910
428914
428920
428923
428935
428947
428966
428968
428969
428985
428998
429014
429021
429049
429108
429122
429145
429151
429180
429195
429226
429227
429290
429293
429294
429305
429327
429328
429330
429339
429343
429346
429387
429388
429412
429424
429426
429446
429449
429483
429490
429494
429527
429529
429588
429598
429610
429626
429630
429638
429674
429693
429708
429712
429716
429743
429761
429770
429791
429842
429851
429861
429885
429893
429902
429913
429918
429935
429939
429943
429954
429962
429963
429972
429975
429983
429987
429997
430001
430001
430007
430021
430025
430032
430043
430052
430081
430082
430085
430111
430112
430130
430146
430169
430175
430181
430185
430191
430192
430201
430204
430207
430219
430225
430228
430263
430267
430278
430329
430333
430408
430409
430412
430424
430462
430462
430478
430481
430492
430515
430522
430532
430574
430579
430579
430603
430606
430619
430622
430630
430649
430650
430663
430678
430681
430686
430701
430704
430711
430714
430717
430719
430724
430726
430743
430754
430782
430808
430819
430819
430852
430889
430904
430940
430947
430951
430951
430954
430956
430961
430963
430980
431024
431050
431054
431064
431065
431065
431067
431080
431084
431119
431129
431141
431142
431143
431145
431159
431161
431183
431183
431184
431185
431189
431212
431216
431216
431219
431233
431237
431247
431248
431249
431265
431281
431282
431292
431301
431325
431328
431350
431354
431359
431359
431362
431372
431376
431380
431383
431398
431417
431441
431448
431453
431455
431456
431468
431472
431484
431495
431499
431502
431503
431521
431521
431526
431531
431541
431546
431555
431564
431573
431616
431631
431634
431638
431647
431658
431673
431699
431720
431734
431734
431738
431746
431753
431768
431771
431773
431782
431817
431818
431828
431834
431839
431861
431863
431873
431881
431919
431919
431938
431951
431955
431956
431957
431958
431962
431963
431965
431977
431980
431988
432015
432019
432050
432052
432053
432061
432070
432070
432082
432085
432110
432113
432114
432120
432133
432134
432149
432150
432178
432187
432191
432198
432205
432216
432234
432242
432251
432253
432263
432272
432273
432278
432282
432287
432303
432306
432318
432321
432322
432323
432356
432361
432374
432381
432382
432397
432400
432401
432410
432425
432441
432445
432461
432491
432494
432496
432502
432503
432504
432511
432525
432530
432536
432544
432550
432562
432564
432573
432579
432586
432592
432597
432615
432635
432648
432664
432714
432717
432724
432748
432761
432765
432771
432773
432775
432781
432788
432789
432836
432865
432872
432909
432937
432952
432953
432960
432970
432983
433006
433021
433030
433054
433066
433077
433094
433115
433115
433115
433120
433126
433139
433156
433161
433164
433196
433203
433208
433218
433221
433222
433241
433253
433255
433257
433257
433274
433286
433293
433325
433329
433346
433356
433363
433402
433415
433422
433447
433469
433475
433481
433485
433494
433494
433496
433503
433518
433526
433527
433538
433544
433561
433563
433567
433580
433590
433602
433602
433606
433641
433641
433644
433647
433647
433649
433663
433681
433687
433700
433708
433726
433727
433727
433728
433730
433737
433746
433749
433755
433773
433785
433796
433796
433813
433824
433831
433838
433844
433858
433860
433870
433871
433896
433908
433913
433926
433928
433929
433932
433943
433954
433965
433969
433979
433997
433999
434002
434020
434024
434049
434049
434059
434069
434074
434080
434084
434085
434102
434105
434105
434105
434119
434126
434132
434141
434141
434142
434150
434177
434194
434198
434203
434213
434232
434245
434260
434268
434269
434281
434285
434297
434309
434322
434322
434322
434325
434330
434334
434358
434379
434391
434395
434403
434417
434425
434427
434428
434443
434454
434467
434476
434480
434481
434484
434487
434510
434523
434526
434534
434540
434540
434541
434551
434556
434557
434562
434577
434582
434595
434600
434625
434641
434654
434661
434672
434672
434681
434691
434696
434699
434702
434718
434721
434735
434737
434772
434782
434785
434804
434831
434859
434860
434885
434894
434906
434906
434930
434931
434962
434986
434989
435013
435039
435045
435049
435050
435053
435086
435089
435091
435126
435137
435140
435140
435168
435170
435182
435185
435214
435216
435256
435276
435278
435291
435292
435293
435313
435316
435318
435326
435336
435338
435342
435361
435391
435394
435397
435414
435423
435436
435451
435452
435460
435485
435486
435489
435511
435518
435536
435537
435539
435541
435542
435543
435549
435555
435557
435561
435568
435583
435586
435587
435593
435602
435603
435611
435615
435616
435623
435653
435659
435672
435677
435677
435698
435700
435721
435748
435757
435768
435768
435769
435771
435776
435780
435785
435798
435806
435814
435833
435843
435846
435880
435881
435895
435904
435914
435917
435926
435935
435945
435959
435960
435960
435965
435967
435973
435994
436001
436027
436047
436048
436054
436061
436067
436082
436083
436089
436095
436097
436099
436102
436116
436133
436180
436222
436234
436239
436248
436269
436275
436292
436300
436317
436318
436329
436345
436349
436357
436359
436392
436393
436419
436429
436436
436493
436501
436508
436525
436543
436548
436565
436570
436578
436581
436584
436592
436595
436611
436611
436619
436629
436686
436688
436698
436707
436709
436716
436720
436742
436758
436765
436766
436777
436787
436793
436794
436806
436812
436827
436834
436837
436838
436847
436851
436864
436870
436889
436908
436912
436924
436943
436947
436973
436982
436987
436999
437008
437013
437034
437044
437048
437059
437076
437081
437085
437103
437108
437109
437110
437110
437121
437123
437125
437126
437149
437160
437163
437172
437176
437207
437227
437298
437306
437310
437311
437318
437324
437326
437349
437356
437357
437366
437380
437385
437393
437402
437410
437417
437436
437437
437440
437450
437475
437478
437488
437497
437521
437525
437526
437529
437541
437545
437545
437552
437553
437574
437574
437582
437586
437587
437593
437596
437606
437614
437635
437644
437648
437661
437666
437669
437704
437713
437734
437738
437742
437742
437749
437757
437784
437802
437826
437828
437841
437847
437851
437883
437914
437924
437932
437933
437958
437966
437975
437975
437995
437999
438003
438005
438008
438009
438014
438020
438029
438038
438038
438040
438043
438058
438060
438086
438092
438100
438104
438110
438132
438142
438146
438149
438158
438208
438208
438231
438235
438249
438259
438272
438277
438300
438308
438316
438333
438334
438337
438338
438350
438370
438380
438404
438405
438425
438433
438459
438465
438505
438516
438519
438533
438539
438556
438559
438562
438562
438566
438567
438573
438585
438585
438587
438590
438598
438605
438627
438648
438658
438668
438671
438697
438734
438736
438746
438747
438747
438749
438753
438776
438795
438802
438806
438807
438809
438813
438816
438822
438832
438833
438869
438874
438895
438910
438915
438925
438970
438984
438991
438998
439007
439018
439019
439027
439033
439040
439045
439062
439066
439074
439079
439084
439107
439117
439119
439122
439129
439146
439154
439167
439181
439188
439192
439214
439221
439281
439283
439304
439317
439325
439329
439334
439337
439340
439435
439437
439469
439480
439486
439487
439501
439503
439521
439531
439537
439554
439569
439570
439586
439591
439595
439602
439613
439613
439623
439639
439661
439665
439692
439693
439707
439730
439731
439747
439767
439781
439781
439839
439855
439858
439860
439869
439870
439878
439897
439914
439915
439931
439941
439943
439964
439971
439978
439983
439985
439987
439990
440011
440024
440025
440025
440031
440036
440045
440051
440059
440061
440084
440086
440093
440094
440097
440102
440103
440142
440167
440167
440183
440206
440219
440236
440239
440285
440312
440314
440327
440340
440347
440352
440358
440362
440363
440369
440372
440373
440377
440386
440403
440417
440419
440444
440445
440449
440465
440475
440503
440508
440520
440533
440538
440538
440544
440551
440557
440565
440566
440569
440573
440604
440611
440634
440650
440658
440663
440667
440669
440672
440677
440682
440724
440746
440770
440771
440774
440782
440794
440796
440805
440819
440825
440835
440851
440861
440870
440876
440893
440894
440900
440919
440927
440981
440985
440986
440993
441004
441010
441015
441020
441027
441030
441034
441039
441041
441045
441054
441062
441064
441074
441082
441098
441103
441106
441110
441116
441120
441132
441140
441147
441170
441202
441213
441228
441242
441244
441265
441271
441294
441301
441305
441314
441322
441338
441344
441347
441358
441359
441363
441382
441401
441405
441414
441416
441427
441429
441432
441433
441436
441450
441452
441458
441470
441478
441483
441517
441547
441560
441563
441564
441581
441598
441613
441613
441626
441632
441637
441644
441657
441660
441670
441726
441737
441740
441746
441759
441777
441778
441778
441783
441783
441791
441801
441825
441828
441837
441855
441877
441885
441909
441938
441942
441959
441959
441962
441987
441989
442000
442011
442017
442018
442019
442032
442047
442062
442071
442083
442099
442120
442131
442138
442150
442150
442151
442170
442186
442191
442197
442198
442198
442226
442240
442251
442254
442273
442279
442289
442289
442289
442311
442321
442325
442327
442354
442362
442370
442382
442404
442430
442435
442448
442461
442480
442484
442505
442526
442531
442534
442549
442552
442552
442552
442561
442570
442572
442593
442598
442605
442644
442667
442677
442704
442708
442712
442723
442726
442729
442735
442773
442774
442784
442801
442807
442811
442821
442847
442867
442873
442875
442880
442881
442883
442887
442890
442941
442951
442957
442959
442991
442999
443023
443034
443073
443081
443096
443109
443116
443117
443118
443126
443136
443137
443145
443151
443159
443162
443163
443176
443185
443203
443210
443210
443217
443222
443226
443227
443228
443236
443250
443263
443269
443269
443270
443289
443290
443306
443309
443314
443315
443318
443329
443337
443365
443373
443378
443391
443416
443435
443440
443452
443464
443464
443509
443551
443575
443579
443588
443622
443625
443637
443647
443658
443693
443709
443714
443725
443728
443732
443743
443774
443783
443784
443786
443788
443797
443803
443804
443811
443813
443817
443819
443820
443829
443841
443857
443862
443915
443915
443934
443942
443983
444001
444031
444033
444039
444053
444054
444073
444075
444075
444075
444076
444085
444088
444089
444113
444114
444120
444151
444153
444155
444174
444180
444181
444199
444237
444252
444261
444276
444287
444307
444323
444345
444364
444365
444380
444427
444433
444441
444458
444470
444476
444480
444483
444507
444516
444517
444528
444533
444535
444541
444545
444570
444573
444580
444582
444608
444608
444630
444636
444640
444642
444648
444661
444666
444677
444691
444696
444698
444702
444709
444746
444747
444747
444748
444775
444779
444786
444788
444789
444797
444798
444807
444822
444828
444832
444840
444852
444853
444878
444889
444894
444896
444906
444911
444912
444914
444926
444929
444958
444965
444971
444974
444978
444984
444998
445002
445018
445023
445037
445058
445060
445081
445102
445121
445132
445151
445152
445161
445162
445167
445167
445190
445217
445220
445229
445244
445255
445256
445259
445274
445276
445295
445303
445311
445323
445327
445336
445341
445366
445372
445375
445379
445404
445406
445415
445423
445423
445424
445432
445442
445442
445459
445473
445482
445484
445487
445492
445492
445494
445511
445513
445542
445544
445544
445546
445552
445559
445567
445578
445584
445620
445625
445638
445639
445656
445658
445686
445695
445707
445710
445714
445726
445743
445746
445751
445803
445810
445811
445837
445842
445866
445872
445876
445887
445898
445903
445912
445914
445940
445942
445965
445969
445993
446064
446065
446070
446070
446072
446082
446085
446102
446110
446117
446124
446126
446149
446153
446162
446178
446180
446182
446186
446202
446217
446233
446234
446253
446263
446263
446271
446278
446280
446285
446291
446298
446308
446323
446326
446326
446342
446346
446378
446387
446399
446400
446409
446409
446413
446413
446420
446421
446421
446434
446440
446459
446466
446472
446482
446486
446487
446493
446515
446526
446528
446558
446560
446567
446571
446581
446612
446617
446618
446642
446643
446660
446672
446673
446675
446677
446680
446719
446724
446726
446752
446767
446770
446779
446789
446845
446845
446859
446884
446886
446898
446901
446929
446939
446942
446948
446961
446987
446988
447003
447010
447016
447036
447070
447076
447078
447081
447092
447114
447117
447123
447127
447134
447135
447135
447155
447167
447180
447197
447200
447213
447215
447216
447218
447233
447235
447235
447237
447249
447269
447288
447290
447293
447293
447300
447306
447315
447315
447320
447328
447336
447338
447338
447339
447350
447418
447430
447455
447469
447483
447501
447506
447540
447546
447554
447562
447595
447601
447611
447632
447639
447642
447667
447675
447688
447690
447698
447703
447704
447718
447721
447734
447738
447748
447751
447752
447757
447769
447824
447825
447828
447830
447835
447835
447844
447858
447864
447868
447870
447881
447882
447883
447887
447905
447919
447920
447927
447934
447939
447941
447947
447954
447958
447993
447998
448018
448019
448030
448055
448056
448063
448079
448080
448102
448144
448154
448172
448180
448181
448249
448250
448250
448253
448257
448266
448269
448275
448277
448282
448287
448298
448308
448323
448323
448325
448332
448337
448337
448365
448368
448371
448379
448403
448410
448429
448438
448451
448489
448505
448513
448534
448536
448541
448542
448546
448549
448549
448562
448568
448569
448574
448575
448580
448580
448596
448597
448600
448603
448605
448615
448646
448651
448656
448660
448666
448670
448708
448712
448719
448719
448734
448769
448776
448783
448791
448809
448817
448818
448825
448826
448832
448838
448854
448854
448859
448865
448866
448871
448877
448912
448913
448914
448925
448936
448936
448959
448961
448968
448991
448997
449007
449011
449018
449019
449039
449050
449051
449063
449065
449066
449075
449080
449110
449114
449124
449124
449124
449137
449153
449155
449161
449162
449177
449194
449195
449199
449200
449203
449205
449215
449218
449225
449254
449263
449264
449287
449299
449305
449313
449328
449358
449367
449373
449379
449386
449397
449407
449423
449425
449426
449435
449511
449533
449537
449543
449551
449551
449556
449570
449575
449582
449586
449607
449608
449615
449621
449644
449685
449687
449692
449698
449718
449719
449721
449735
449766
449773
449781
449799
449800
449826
449827
449828
449840
449841
449856
449889
449904
449910
449925
449926
449932
449936
449945
449954
449963
449972
449978
449986
450004
450004
450005
450009
450013
450015
450032
450052
450053
450067
450073
450075
450079
450081
450108
450127
450128
450133
450138
450155
450160
450166
450200
450203
450213
450215
450223
450223
450227
450260
450262
450301
450309
450315
450327
450336
450343
450356
450368
450393
450411
450455
450468
450471
450477
450488
450536
450538
450542
450544
450559
450566
450583
450586
450608
450613
450624
450632
450636
450638
450639
450647
450651
450651
450654
450657
450658
450691
450703
450706
450712
450723
450728
450730
450740
450768
450796
450823
450829
450836
450837
450846
450864
450883
450895
450901
450908
450909
450919
450922
450945
450948
450956
450981
451003
451034
451055
451075
451077
451091
451091
451096
451104
451107
451109
451112
451114
451116
451124
451127
451140
451146
451150
451154
451194
451202
451204
451231
451237
451238
451246
451249
451251
451278
451293
451301
451305
451308
451320
451336
451358
451365
451372
451379
451384
451386
451389
451406
451420
451420
451430
451462
451482
451491
451491
451510
451532
451555
451568
451578
451581
451592
451594
451611
451631
451648
451658
451667
451672
451679
451681
451685
451691
451723
451726
451733
451737
451745
451767
451768
451770
451772
451779
451780
451803
451803
451818
451829
451842
451863
451865
451877
451880
451884
451888
451906
451917
451918
451959
451975
452004
452012
452019
452030
452031
452040
452064
452065
452083
452085
452092
452094
452112
452116
452117
452140
452155
452155
452157
452158
452159
452162
452173
452187
452197
452201
452216
452234
452249
452260
452260
452264
452266
452279
452279
452298
452299
452317
452320
452332
452349
452368
452385
452390
452395
452426
452428
452445
452445
452445
452463
452469
452474
452477
452489
452499
452530
452532
452549
452549
452571
452599
452602
452632
452642
452651
452668
452670
452678
452680
452685
452688
452689
452689
452713
452721
452721
452729
452735
452747
452747
452758
452786
452788
452789
452794
452808
452813
452816
452820
452823
452823
452833
452844
452850
452851
452859
452865
452878
452879
452883
452888
452893
452909
452922
452928
452932
452944
452976
452976
452999
453009
453012
453051
453073
453078
453083
453086
453106
453106
453110
453110
453123
453134
453146
453160
453160
453171
453172
453184
453200
453202
453209
453222
453225
453225
453227
453235
453237
453239
453258
453268
453297
453323
453326
453335
453338
453341
453347
453348
453349
453351
453352
453354
453357
453358
453394
453401
453408
453410
453415
453431
453432
453450
453463
453463
453466
453476
453483
453507
453520
453524
453531
453532
453541
453545
453550
453553
453574
453595
453622
453627
453637
453662
453671
453679
453711
453732
453745
453753
453765
453789
453789
453806
453819
453821
453838
453845
453847
453868
453871
453878
453879
453882
453884
453899
453913
453920
453925
453930
453947
453985
453989
454012
454030
454031
454036
454044
454057
454058
454064
454066
454070
454079
454083
454087
454097
454099
454100
454125
454129
454133
454135
454164
454190
454191
454222
454241
454268
454276
454301
454302
454309
454312
454320
454322
454325
454350
454355
454372
454374
454400
454410
454423
454429
454451
454454
454454
454458
454469
454483
454531
454537
454548
454558
454558
454563
454567
454579
454618
454624
454629
454631
454638
454640
454646
454654
454657
454661
454667
454679
454683
454684
454696
454713
454725
454731
454736
454737
454740
454743
454745
454754
454762
454764
454820
454823
454830
454851
454902
454904
454913
454923
454930
454935
454944
454968
454972
454977
454987
454988
455017
455030
455037
455050
455054
455071
455087
455122
455152
455172
455205
455206
455227
455228
455228
455231
455250
455251
455260
455276
455287
455290
455313
455355
455365
455366
455384
455390
455405
455410
455419
455438
455438
455440
455442
455445
455446
455468
455476
455514
455518
455532
455536
455547
455553
455562
455570
455570
455587
455625
455629
455633
455650
455660
455680
455686
455690
455716
455747
455754
455758
455763
455769
455789
455799
455821
455830
455839
455854
455857
455857
455866
455874
455885
455890
455894
455917
455917
455917
455952
455966
455970
455993
456012
456015
456017
456024
456028
456032
456033
456044
456046
456057
456066
456067
456103
456121
456124
456133
456136
456137
456168
456179
456183
456211
456213
456215
456216
456235
456235
456241
456250
456272
456274
456297
456305
456326
456329
456342
456343
456359
456382
456391
456393
456397
456398
456399
456418
456430
456459
456463
456472
456503
456525
456527
456537
456540
456549
456568
456589
456626
456642
456654
456669
456672
456682
456684
456692
456692
456703
456704
456732
456738
456754
456779
456789
456804
456813
456830
456836
456841
456845
456854
456911
456929
456939
456939
456951
456960
456966
456987
457005
457011
457016
457031
457034
457040
457051
457063
457076
457080
457082
457117
457121
457125
457150
457159
457220
457226
457252
457252
457258
457267
457272
457274
457283
457285
457303
457303
457307
457315
457328
457346
457349
457361
457374
457384
457389
457394
457412
457453
457459
457477
457486
457488
457494
457523
457535
457535
457540
457544
457559
457568
457581
457582
457587
457590
457599
457604
457612
457617
457634
457653
457665
457668
457677
457686
457692
457701
457723
457728
457742
457769
457777
457784
457813
457839
457840
457852
457866
457873
457910
457910
457916
457919
457930
457935
457935
457965
457989
457995
458009
458009
458011
458029
458032
458056
458064
458070
458085
458086
458086
458113
458123
458134
458140
458140
458157
458172
458188
458219
458221
458222
458241
458288
458292
458301
458308
458308
458310
458318
458328
458332
458349
458381
458385
458394
458395
458400
458403
458408
458412
458418
458429
458440
458444
458445
458455
458456
458480
458490
458492
458502
458515
458532
458532
458537
458541
458541
458555
458575
458583
458584
458603
458612
458627
458639
458640
458662
458664
458670
458678
458685
458688
458700
458712
458719
458728
458743
458787
458809
458816
458833
458838
458847
458865
458883
458914
458917
458921
458923
458930
458934
458942
458944
458947
458954
458957
458958
458960
458975
458975
458995
458997
459014
459020
459033
459033
459035
459048
459049
459054
459099
459103
459111
459121
459127
459130
459152
459158
459163
459168
459170
459178
459182
459183
459184
459203
459209
459214
459214
459215
459225
459230
459269
459280
459280
459285
459293
459295
459316
459327
459335
459336
459337
459344
459345
459381
459386
459404
459411
459416
459428
459429
459452
459463
459468
459495
459506
459510
459521
459528
459529
459533
459539
459539
459553
459554
459576
459596
459599
459615
459618
459625
459636
459644
459659
459675
459680
459697
459713
459732
459733
459737
459757
459787
459794
459796
459798
459831
459838
459861
459863
459865
459865
459875
459901
459902
459916
459954
459989
460012
460017
460020
460025
460028
460029
460053
460058
460062
460072
460072
460084
460087
460089
460096
460109
460112
460113
460136
460158
460194
460198
460200
460207
460210
460211
460215
460217
460218
460220
460230
460253
460261
460271
460275
460276
460324
460333
460340
460375
460407
460411
460412
460421
460427
460447
460467
460468
460472
460478
460482
460493
460500
460502
460536
460541
460546
460575
460597
460627
460642
460646
460649
460653
460668
460688
460691
460700
460704
460708
460709
460713
460728
460731
460737
460752
460774
460775
460784
460786
460794
460802
460804
460815
460830
460858
460858
460868
460868
460868
460871
460874
460880
460880
460882
460888
460889
460892
460896
460915
460919
460924
460925
460928
460935
460951
460955
460963
460968
460968
460977
460981
460986
460998
461001
461024
461027
461034
461035
461040
461045
461061
461097
461126
461130
461140
461144
461187
461194
461207
461213
461215
461229
461235
461238
461239
461254
461261
461270
461274
461278
461279
461307
461311
461314
461317
461318
461320
461321
461340
461340
461349
461372
461385
461423
461454
461458
461463
461471
461471
461485
461490
461493
461512
461531
461534
461563
461568
461572
461574
461583
461584
461589
461594
461595
461602
461615
461615
461620
461622
461625
461626
461640
461645
461648
461667
461674
461682
461687
461694
461705
461741
461743
461752
461755
461762
461774
461775
461793
461797
461802
461806
461820
461825
461842
461849
461865
461873
461886
461892
461894
461911
461915
461918
461919
461923
461924
461934
461939
461981
462005
462009
462013
462017
462040
462059
462062
462066
462073
462125
462167
462181
462185
462199
462209
462229
462234
462302
462302
462326
462335
462335
462351
462356
462378
462383
462408
462421
462447
462451
462452
462468
462476
462486
462489
462494
462546
462561
462575
462580
462585
462586
462600
462606
462606
462610
462618
462624
462625
462631
462689
462696
462712
462729
462734
462750
462755
462759
462766
462781
462791
462796
462806
462810
462817
462826
462841
462854
462859
462865
462871
462881
462918
462929
462938
462943
462950
462965
462983
462984
463000
463004
463016
463020
463039
463047
463051
463057
463058
463071
463119
463125
463153
463163
463165
463180
463181
463200
463222
463223
463228
463229
463252
463280
463285
463292
463317
463359
463373
463380
463387
463398
463403
463405
463429
463432
463478
463506
463519
463522
463533
463536
463546
463554
463554
463556
463567
463567
463581
463588
463589
463590
463591
463601
463607
463611
463612
463636
463637
463643
463668
463683
463686
463710
463726
463729
463735
463763
463780
463781
463807
463814
463815
463818
463833
463835
463850
463859
463861
463862
463866
463867
463877
463882
463900
463929
463931
463936
463941
463944
463959
463963
463985
463988
463992
463999
464002
464010
464027
464036
464057
464067
464091
464094
464100
464107
464118
464157
464160
464174
464176
464181
464199
464213
464215
464242
464250
464254
464258
464260
464281
464288
464304
464338
464341
464343
464362
464373
464385
464386
464406
464437
464460
464471
464476
464485
464486
464496
464497
464504
464524
464530
464531
464534
464541
464556
464565
464569
464592
464598
464600
464608
464632
464636
464650
464651
464673
464684
464685
464693
464729
464741
464745
464768
464792
464809
464823
464827
464837
464838
464862
464881
464884
464887
464890
464893
464897
464920
464927
464947
464947
464950
465008
465011
465013
465013
465022
465022
465041
465054
465062
465065
465079
465085
465090
465111
465141
465160
465164
465164
465167
465170
465174
465175
465183
465205
465210
465211
465221
465228
465228
465231
465240
465244
465248
465259
465267
465328
465344
465347
465371
465373
465385
465388
465395
465405
465407
465418
465426
465430
465432
465436
465445
465467
465470
465483
465485
465485
465493
465497
465499
465506
465509
465510
465512
465516
465523
465524
465525
465557
465576
465600
465622
465624
465633
465634
465642
465645
465650
465664
465667
465684
465700
465701
465702
465707
465709
465713
465731
465733
465753
465756
465760
465779
465781
465786
465793
465794
465799
465802
465805
465836
465846
465850
465850
465853
465857
465862
465874
465886
465902
465914
465925
465932
465935
465936
465937
465937
465948
465955
465995
466028
466038
466048
466051
466068
466078
466080
466108
466108
466112
466124
466138
466141
466146
466149
466165
466166
466170
466189
466192
466202
466204
466207
466252
466272
466285
466290
466298
466309
466341
466381
466385
466405
466422
466433
466434
466472
466486
466487
466490
466495
466507
466533
466535
466538
466541
466545
466548
466552
466567
466573
466585
466588
466592
466594
466600
466628
466634
466636
466663
466671
466687
466689
466694
466724
466727
466742
466765
466767
466776
466785
466808
466825
466855
466857
466857
466913
466924
466924
466926
466932
466936
466939
466946
466946
466946
466949
466962
466962
466967
466972
466991
467001
467011
467012
467014
467025
467033
467034
467042
467053
467053
467055
467060
467060
467073
467076
467079
467083
467106
467109
467123
467127
467147
467157
467161
467168
467169
467171
467183
467188
467190
467206
467209
467219
467224
467227
467233
467243
467250
467276
467307
467313
467314
467320
467331
467338
467346
467352
467352
467362
467363
467367
467371
467377
467381
467405
467410
467412
467416
467428
467432
467449
467453
467461
467472
467473
467484
467488
467493
467494
467496
467503
467558
467559
467559
467561
467561
467607
467607
467609
467614
467619
467628
467651
467665
467674
467674
467685
467697
467705
467730
467739
467740
467745
467782
467782
467791
467793
467799
467800
467800
467812
467813
467819
467820
467820
467828
467829
467831
467832
467834
467836
467912
467914
467922
467928
467936
467950
467960
467960
467968
467988
467999
468021
468023
468044
468059
468079
468080
468100
468106
468107
468108
468120
468121
468137
468148
468167
468172
468179
468186
468194
468197
468212
468232
468248
468275
468307
468315
468336
468350
468367
468376
468391
468400
468406
468415
468437
468439
468453
468463
468466
468480
468485
468493
468500
468504
468509
468513
468570
468575
468591
468611
468618
468622
468640
468666
468682
468686
468691
468707
468708
468719
468731
468732
468757
468777
468801
468808
468811
468818
468820
468829
468832
468841
468847
468861
468870
468872
468872
468879
468903
468930
468930
468943
468950
468991
468992
469038
469077
469082
469090
469094
469099
469101
469108
469127
469140
469147
469151
469156
469215
469221
469229
469229
469230
469234
469234
469251
469298
469307
469308
469314
469320
469328
469338
469372
469382
469382
469383
469413
469416
469440
469449
469460
469464
469465
469472
469504
469506
469509
469510
469511
469513
469513
469530
469531
469536
469551
469560
469561
469566
469567
469571
469576
469583
469593
469597
469616
469619
469622
469630
469657
469661
469665
469668
469670
469678
469682
469691
469692
469706
469716
469716
469732
469744
469748
469774
469797
469797
469798
469811
469812
469813
469845
469846
469853
469868
469874
469875
469878
469926
469928
469930
469939
469940
469963
469987
469997
470008
470010
470013
470017
470038
470042
470043
470044
470046
470056
470059
470071
470085
470092
470094
470102
470124
470126
470139
470143
470166
470170
470173
470173
470195
470200
470226
470229
470237
470237
470243
470257
470261
470270
470271
470299
470304
470314
470337
470361
470366
470374
470382
470384
470420
470421
470428
470431
470434
470440
470470
470470
470481
470486
470494
470518
470523
470526
470532
470540
470544
470595
470617
470628
470653
470659
470667
470668
470670
470670
470670
470673
470704
470713
470720
470721
470741
470751
470751
470766
470766
470775
470781
470784
470785
470816
470821
470822
470862
470867
470872
470876
470879
470885
470904
470904
470907
470909
470918
470922
470927
470943
470969
470978
470983
470984
470997
471000
471002
471008
471023
471024
471037
471048
471048
471052
471056
471066
471073
471113
471125
471131
471134
471135
471137
471152
471152
471162
471167
471174
471174
471183
471215
471224
471228
471228
471254
471256
471260
471260
471266
471280
471303
471306
471309
471336
471374
471383
471385
471388
471402
471404
471405
471418
471418
471418
471430
471447
471458
471468
471503
471505
471533
471535
471557
471570
471598
471627
471632
471638
471651
471653
471655
471658
471659
471661
471686
471703
471718
471719
471730
471755
471762
471766
471767
471770
471782
471783
471785
471793
471799
471802
471820
471822
471832
471929
471929
471938
471941
471947
471947
471954
471972
471979
471996
472023
472045
472049
472063
472067
472090
472110
472115
472118
472144
472169
472173
472176
472178
472185
472188
472191
472196
472205
472209
472211
472218
472236
472243
472254
472285
472293
472317
472320
472326
472329
472330
472333
472344
472347
472347
472357
472387
472391
472392
472403
472407
472428
472431
472444
472457
472467
472477
472491
472496
472506
472507
472518
472527
472544
472565
472575
472580
472588
472591
472592
472605
472610
472617
472642
472649
472665
472673
472676
472683
472684
472688
472727
472730
472735
472770
472771
472781
472795
472799
472802
472809
472811
472813
472821
472837
472848
472859
472884
472894
472898
472901
472906
472960
472972
472975
472975
472980
472984
472988
472990
472996
473001
473008
473020
473020
473026
473036
473036
473050
473054
473099
473120
473134
473155
473156
473159
473185
473204
473207
473214
473222
473228
473240
473250
473259
473261
473284
473295
473296
473297
473303
473303
473307
473308
473312
473313
473336
473360
473363
473378
473378
473390
473400
473400
473409
473438
473440
473454
473459
473482
473485
473486
473486
473503
473512
473513
473515
473528
473533
473538
473548
473565
473565
473577
473582
473593
473614
473631
473637
473646
473646
473650
473656
473659
473681
473690
473698
473705
473710
473712
473740
473752
473757
473765
473765
473770
473777
473800
473810
473812
473817
473818
473834
473836
473838
473843
473845
473855
473870
473902
473903
473917
473975
473979
473984
474044
474065
474069
474070
474079
474091
474092
474108
474159
474160
474160
474173
474183
474187
474195
474209
474282
474282
474283
474323
474326
474328
474337
474344
474365
474369
474384
474387
474398
474400
474436
474445
474464
474471
474478
474479
474485
474485
474487
474494
474496
474503
474508
474520
474544
474579
474583
474603
474618
474624
474626
474641
474651
474658
474672
474683
474700
474724
474728
474730
474740
474740
474742
474763
474772
474783
474789
474792
474794
474806
474828
474833
474834
474837
474837
474850
474872
474882
474886
474909
474911
474922
474925
474928
474932
474933
474943
474945
474949
474954
474962
474979
475014
475019
475032
475037
475045
475045
475046
475063
475091
475102
475106
475113
475128
475142
475160
475163
475166
475167
475168
475178
475179
475199
475200
475212
475217
475217
475222
475252
475263
475265
475265
475270
475271
475293
475317
475320
475324
475328
475331
475341
475346
475351
475353
475356
475358
475359
475361
475374
475382
475384
475387
475391
475402
475412
475428
475451
475453
475457
475475
475512
475519
475548
475552
475563
475567
475567
475576
475585
475588
475602
475641
475646
475647
475655
475660
475687
475688
475689
475689
475691
475712
475715
475717
475718
475728
475729
475748
475765
475788
475793
475797
475828
475831
475841
475842
475854
475876
475888
475901
475912
475918
475922
475931
475937
475943
475944
475950
475956
475958
475963
475963
475982
476001
476019
476039
476055
476069
476123
476131
476138
476151
476155
476177
476210
476213
476233
476234
476242
476266
476282
476288
476288
476290
476308
476331
476342
476351
476355
476366
476372
476385
476398
476406
476408
476409
476417
476427
476437
476449
476458
476469
476469
476474
476477
476481
476488
476501
476506
476507
476514
476516
476517
476520
476526
476529
476534
476545
476549
476565
476568
476584
476591
476594
476595
476615
476627
476635
476647
476648
476676
476687
476711
476713
476717
476734
476741
476743
476754
476763
476812
476816
476857
476867
476875
476887
476889
476916
476917
476927
476933
476936
476941
476942
476947
476952
476955
476960
476964
476990
477003
477007
477015
477034
477048
477053
477057
477093
477101
477113
477115
477122
477123
477124
477140
477140
477148
477148
477159
477165
477181
477201
477220
477225
477252
477281
477287
477289
477296
477301
477303
477311
477318
477319
477332
477340
477348
477364
477366
477369
477376
477377
477409
477411
477415
477436
477442
477461
477464
477467
477474
477480
477493
477511
477521
477537
477541
477547
477548
477559
477570
477580
477590
477617
477620
477648
477648
477653
477655
477660
477674
477679
477681
477681
477689
477699
477716
477725
477743
477756
477763
477773
477777
477792
477804
477806
477810
477824
477836
477847
477849
477868
477872
477873
477883
477885
477890
477899
477904
477927
477931
477934
477935
477935
477937
477944
477956
477962
477968
477975
477976
477991
477996
478003
478015
478036
478040
478043
478051
478054
478060
478060
478067
478080
478136
478140
478142
478160
478165
478176
478186
478186
478193
478205
478212
478214
478216
478235
478237
478241
478242
478246
478272
478278
478284
478295
478302
478320
478326
478331
478340
478346
478349
478355
478355
478369
478371
478376
478395
478416
478446
478464
478473
478498
478507
478520
478521
478524
478553
478561
478566
478571
478571
478574
478578
478585
478591
478592
478600
478601
478603
478611
478618
478638
478648
478651
478673
478678
478681
478694
478712
478717
478729
478729
478735
478737
478744
478745
478764
478766
478787
478788
478791
478817
478818
478832
478838
478839
478843
478847
478882
478907
478912
478914
478916
478931
478933
478947
478954
478967
478983
479003
479021
479024
479029
479030
479035
479038
479052
479066
479071
479072
479090
479098
479101
479113
479122
479124
479127
479153
479166
479176
479178
479196
479201
479203
479210
479217
479218
479247
479262
479266
479268
479271
479276
479279
479285
479305
479308
479309
479311
479321
479344
479347
479363
479370
479371
479372
479390
479394
479394
479396
479401
479407
479409
479416
479420
479433
479439
479441
479442
479445
479465
479503
479514
479541
479543
479548
479552
479555
479557
479564
479575
479581
479583
479592
479600
479601
479602
479612
479630
479659
479670
479695
479698
479710
479718
479734
479758
479759
479763
479764
479777
479777
479808
479821
479865
479890
479920
479935
479938
479968
479977
479977
479979
479994
479997
480001
480003
480007
480015
480018
480039
480069
480077
480078
480089
480092
480095
480124
480124
480135
480143
480146
480159
480171
480184
480193
480198
480235
480237
480242
480271
480273
480293
480298
480332
480335
480354
480371
480376
480397
480407
480411
480431
480454
480459
480471
480505
480516
480535
480554
480581
480587
480590
480612
480627
480637
480645
480646
480667
480668
480671
480688
480689
480695
480697
480708
480714
480716
480720
480730
480753
480764
480779
480780
480791
480820
480827
480850
480851
480856
480859
480860
480865
480873
480908
480946
480987
480997
481001
481005
481016
481049
481058
481078
481101
481104
481111
481123
481130
481132
481167
481179
481181
481208
481212
481213
481216
481279
481288
481293
481310
481314
481317
481334
481340
481350
481364
481389
481397
481402
481409
481413
481419
481423
481427
481438
481454
481464
481495
481505
481516
481518
481534
481538
481540
481543
481572
481612
481632
481635
481651
481662
481677
481680
481712
481712
481727
481739
481740
481751
481763
481772
481800
481804
481816
481820
481821
481845
481854
481863
481865
481875
481890
481893
481894
481896
481905
481916
481917
481919
481927
481931
481946
481950
481954
481962
481964
481970
481975
482010
482047
482048
482050
482061
482077
482077
482094
482094
482100
482108
482115
482120
482123
482126
482135
482138
482147
482159
482161
482174
482192
482214
482215
482216
482219
482235
482249
482258
482262
482270
482275
482287
482317
482318
482338
482352
482374
482395
482460
482479
482481
482493
482493
482501
482502
482506
482508
482536
482563
482569
482576
482580
482596
482600
482602
482612
482632
482634
482644
482678
482688
482701
482723
482733
482767
482801
482809
482834
482840
482860
482860
482876
482913
482915
482936
482946
482958
483002
483002
483004
483043
483043
483046
483048
483053
483059
483071
483084
483087
483091
483098
483109
483111
483117
483117
483121
483122
483130
483155
483177
483195
483199
483204
483213
483227
483230
483267
483269
483272
483288
483290
483304
483327
483334
483341
483342
483376
483393
483412
483443
483445
483461
483466
483466
483470
483496
483502
483505
483507
483516
483554
483556
483559
483562
483573
483577
483600
483611
483612
483614
483625
483652
483693
483703
483716
483721
483727
483730
483732
483737
483743
483747
483750
483753
483755
483762
483783
483799
483805
483810
483817
483825
483831
483835
483856
483883
483890
483891
483898
483911
483921
483934
483942
483945
483956
483956
483970
483976
483977
483982
483990
483992
483996
484004
484005
484014
484021
484031
484054
484058
484061
484087
484088
484105
484109
484139
484143
484144
484149
484162
484172
484173
484191
484195
484217
484232
484237
484238
484256
484256
484257
484265
484269
484274
484274
484308
484313
484314
484320
484330
484366
484371
484374
484378
484391
484393
484396
484421
484435
484439
484442
484446
484494
484508
484516
484525
484543
484546
484554
484556
484566
484577
484593
484607
484609
484619
484673
484693
484732
484749
484750
484751
484754
484766
484793
484796
484812
484813
484821
484835
484853
484856
484861
484875
484885
484891
484897
484899
484921
484922
484951
484955
484955
484965
484966
484969
484988
484990
485004
485014
485014
485018
485033
485036
485036
485040
485072
485075
485088
485118
485121
485123
485140
485142
485170
485185
485188
485190
485192
485200
485204
485207
485225
485228
485230
485232
485232
485237
485238
485245
485245
485267
485272
485276
485279
485283
485297
485301
485306
485308
485317
485318
485320
485325
485327
485330
485338
485338
485342
485351
485364
485374
485409
485412
485442
485445
485448
485449
485462
485472
485494
485495
485495
485497
485499
485499
485500
485500
485512
485523
485560
485570
485576
485586
485603
485606
485606
485619
485633
485648
485654
485663
485678
485680
485682
485686
485687
485691
485699
485712
485719
485720
485720
485725
485733
485738
485763
485775
485775
485786
485790
485794
485794
485802
485807
485808
485826
485828
485828
485853
485862
485874
485888
485917
485921
485957
485963
485966
485974
485985
485993
486000
486006
486021
486029
486045
486083
486087
486092
486092
486103
486118
486136
486164
486164
486170
486173
486177
486191
486227
486233
486252
486253
486258
486260
486284
486287
486294
486296
486302
486316
486326
486329
486335
486362
486367
486369
486375
486375
486393
486395
486405
486424
486428
486443
486448
486452
486462
486467
486478
486484
486493
486504
486509
486553
486578
486601
486602
486620
486637
486641
486643
486647
486658
486689
486701
486702
486706
486709
486715
486715
486725
486728
486747
486747
486753
486756
486764
486780
486792
486794
486809
486823
486827
486847
486848
486849
486862
486869
486876
486898
486917
486923
486925
486927
486932
486947
486949
486954
486955
486963
486963
486969
486982
486993
486998
487015
487019
487023
487050
487064
487075
487087
487095
487097
487097
487109
487111
487114
487114
487114
487131
487135
487137
487146
487151
487173
487182
487205
487224
487227
487227
487228
487234
487242
487245
487248
487249
487254
487272
487279
487286
487292
487300
487336
487353
487357
487365
487386
487388
487389
487400
487409
487416
487421
487423
487448
487460
487494
487501
487527
487547
487558
487569
487571
487580
487581
487588
487592
487598
487607
487611
487627
487628
487637
487673
487676
487684
487689
487699
487705
487707
487720
487734
487768
487769
487779
487780
487783
487787
487796
487809
487817
487844
487845
487857
487858
487864
487868
487872
487879
487885
487920
487937
487938
487939
487939
487944
487957
487998
488038
488064
488067
488073
488102
488103
488127
488128
488133
488142
488151
488152
488180
488197
488210
488213
488226
488234
488236
488239
488248
488259
488262
488267
488277
488280
488288
488291
488292
488296
488310
488345
488354
488360
488363
488368
488372
488374
488381
488395
488402
488421
488460
488480
488501
488513
488517
488520
488552
488561
488595
488598
488614
488635
488651
488670
488693
488704
488706
488706
488712
488715
488715
488720
488720
488724
488727
488739
488758
488771
488778
488795
488797
488803
488809
488811
488813
488850
488854
488918
488936
488936
488944
488949
488997
489007
489012
489046
489056
489057
489058
489067
489078
489081
489081
489094
489096
489108
489140
489143
489149
489160
489174
489175
489193
489199
489205
489207
489214
489215
489223
489228
489239
489246
489247
489254
489260
489267
489271
489276
489281
489281
489289
489289
489290
489297
489300
489357
489359
489380
489384
489386
489408
489419
489424
489432
489439
489440
489446
489452
489477
489478
489487
489494
489518
489518
489523
489541
489558
489582
489584
489599
489604
489617
489623
489628
489660
489675
489683
489686
489705
489705
489722
489744
489745
489758
489775
489776
489795
489824
489827
489836
489877
489890
489891
489897
489898
489898
489915
489921
489935
489968
489972
489977
489983
489996
490014
490025
490028
490032
490034
490040
490076
490083
490103
490120
490121
490124
490124
490126
490127
490131
490135
490150
490153
490162
490166
490171
490180
490200
490202
490205
490215
490223
490240
490241
490242
490270
490304
490316
490318
490357
490364
490373
490384
490409
490409
490411
490412
490413
490425
490432
490434
490435
490442
490449
490458
490480
490481
490485
490495
490507
490512
490532
490542
490554
490563
490575
490579
490596
490598
490600
490603
490603
490609
490637
490637
490640
490640
490656
490664
490690
490701
490707
490708
490709
490710
490715
490737
490766
490782
490803
490803
490809
490827
490847
490855
490861
490867
490871
490885
490888
490898
490906
490940
490941
490959
490993
491028
491050
491052
491056
491059
491059
491066
491070
491077
491087
491089
491109
491115
491132
491139
491170
491171
491175
491192
491194
491211
491215
491220
491220
491228
491230
491230
491240
491255
491262
491265
491283
491285
491287
491288
491302
491337
491338
491345
491356
491362
491365
491381
491381
491382
491384
491398
491404
491406
491410
491415
491432
491437
491457
491465
491470
491470
491472
491490
491492
491506
491524
491569
491591
491592
491596
491604
491611
491612
491622
491627
491631
491644
491650
491651
491662
491668
491679
491692
491709
491714
491740
491748
491771
491780
491800
491806
491808
491821
491828
491828
491832
491845
491855
491856
491888
491896
491915
491938
491938
491940
491952
491953
491954
491956
491967
491977
492001
492026
492027
492038
492056
492058
492063
492072
492078
492080
492091
492094
492098
492100
492111
492114
492192
492198
492210
492219
492235
492236
492255
492257
492262
492272
492299
492303
492324
492328
492342
492361
492364
492380
492390
492397
492407
492434
492454
492461
492471
492475
492485
492489
492492
492511
492534
492550
492559
492563
492582
492630
492639
492647
492652
492666
492674
492697
492698
492721
492722
492723
492726
492729
492736
492769
492783
492787
492792
492798
492799
492801
492806
492813
492829
492833
492852
492870
492877
492884
492911
492925
492933
492940
492944
492948
492950
492952
492953
492956
492958
492963
492969
492975
492993
493002
493005
493006
493038
493063
493085
493089
493105
493109
493113
493114
493120
493121
493133
493134
493139
493145
493214
493225
493233
493275
493275
493283
493285
493287
493303
493306
493306
493314
493324
493328
493334
493335
493339
493347
493353
493355
493358
493389
493390
493403
493414
493439
493457
493464
493467
493488
493490
493493
493501
493506
493520
493541
493556
493595
493602
493610
493614
493615
493617
493623
493624
493626
493628
493641
493644
493652
493663
493665
493671
493676
493687
493694
493706
493725
493726
493727
493744
493745
493750
493751
493767
493770
493773
493782
493798
493805
493816
493816
493817
493831
493856
493865
493882
493892
493896
493899
493900
493910
493911
493923
493925
493933
493939
493959
493970
493979
493982
494008
494011
494014
494038
494058
494067
494076
494088
494091
494130
494133
494136
494151
494157
494175
494177
494183
494187
494189
494196
494226
494234
494245
494248
494254
494257
494264
494280
494304
494313
494317
494325
494331
494343
494348
494367
494382
494391
494407
494413
494441
494447
494469
494473
494504
494518
494549
494550
494560
494561
494587
494596
494601
494626
494635
494636
494637
494647
494652
494658
494659
494672
494679
494680
494695
494695
494697
494697
494707
494707
494710
494726
494729
494731
494735
494742
494757
494761
494767
494812
494813
494813
494819
494830
494834
494855
494869
494876
494877
494921
494930
494932
494945
494957
494963
494977
494981
494983
494987
494988
494994
495021
495039
495039
495043
495045
495047
495049
495055
495061
495063
495064
495065
495070
495084
495108
495112
495131
495161
495163
495170
495172
495185
495186
495186
495193
495199
495203
495215
495244
495259
495282
495289
495293
495293
495312
495314
495314
495316
495322
495324
495326
495333
495335
495348
495354
495369
495402
495422
495435
495438
495451
495452
495475
495479
495486
495490
495506
495506
495513
495518
495526
495531
495534
495538
495540
495543
495544
495551
495552
495553
495570
495576
495585
495593
495599
495599
495604
495606
495607
495622
495632
495639
495642
495644
495650
495652
495654
495657
495664
495666
495674
495675
495683
495696
495699
495700
495709
495714
495715
495722
495731
495733
495734
495737
495742
495745
495749
495768
495781
495802
495846
495852
495856
495884
495905
495938
495940
495960
495968
495984
495985
495986
495999
496012
496014
496028
496039
496046
496050
496050
496072
496074
496079
496092
496098
496103
496107
496110
496121
496129
496147
496148
496163
496178
496194
496200
496203
496210
496215
496228
496238
496239
496246
496253
496268
496277
496284
496292
496292
496326
496340
496366
496367
496370
496375
496389
496393
496397
496401
496411
496421
496427
496429
496433
496433
496438
496463
496494
496501
496509
496516
496530
496537
496538
496541
496551
496558
496562
496570
496572
496601
496602
496605
496623
496636
496650
496655
496655
496658
496666
496667
496668
496680
496688
496701
496702
496717
496745
496745
496751
496756
496759
496769
496775
496786
496797
496804
496812
496813
496815
496816
496816
496817
496823
496840
496843
496860
496864
496875
496909
496919
496929
496938
496945
496952
496981
496998
497002
497011
497011
497027
497065
497074
497091
497102
497105
497125
497131
497132
497150
497167
497199
497214
497223
497256
497283
497286
497296
497302
497304
497314
497325
497336
497342
497344
497345
497348
497349
497353
497365
497371
497389
497399
497441
497442
497483
497495
497497
497507
497530
497538
497562
497565
497579
497616
497630
497631
497641
497660
497673
497678
497683
497693
497701
497711
497720
497741
497753
497776
497781
497786
497797
497800
497809
497842
497873
497882
497900
497909
497913
497914
497915
497936
497941
497944
497961
497968
497969
497969
497978
497996
497997
497999
498000
498013
498028
498036
498037
498056
498059
498064
498078
498079
498080
498092
498098
498098
498101
498119
498143
498151
498158
498167
498174
498176
498185
498206
498216
498216
498232
498233
498241
498254
498274
498290
498305
498312
498329
498344
498350
498360
498361
498371
498373
498398
498398
498440
498446
498452
498472
498480
498529
498534
498538
498543
498564
498566
498572
498582
498583
498590
498616
498618
498658
498658
498670
498670
498708
498710
498713
498717
498737
498737
498741
498741
498756
498792
498800
498805
498811
498816
498816
498820
498824
498837
498838
498839
498842
498859
498926
498934
498946
498960
498965
498966
498977
498985
498991
498997
498998
499003
499018
499030
499036
499044
499046
499052
499057
499063
499065
499071
499081
499091
499103
499110
499116
499144
499146
499146
499148
499149
499160
499165
499180
499181
499200
499223
499224
499253
499258
499298
499309
499309
499312
499316
499332
499336
499339
499352
499354
499366
499380
499383
499383
499384
499385
499386
499391
499395
499407
499413
499413
499415
499429
499433
499434
499465
499471
499496
499501
499509
499516
499516
499517
499523
499537
499548
499551
499576
499594
499597
499598
499607
499630
499645
499654
499655
499696
499698
499702
499708
499717
499719
499719
499725
499730
499732
499753
499755
499765
499807
499818
499830
499866
499877
499892
499900
499934
499937
499953
499967
499980
499998
500007
500036
500040
500066
500068
500073
500079
500081
500082
500099
500105
500143
500166
500174
500199
500202
500202
500225
500234
500237
500252
500253
500284
500296
500305
500306
500307
500320
500329
500331
500344
500345
500364
500387
500387
500390
500416
500433
500441
500459
500460
500462
500468
500477
500481
500488
500528
500528
500529
500586
500592
500593
500594
500604
500606
500609
500621
500647
500654
500683
500691
500705
500738
500740
500746
500762
500762
500768
500770
500777
500777
500783
500784
500785
500787
500792
500793
500797
500849
500851
500870
500890
500893
500896
500913
500916
500917
500921
500931
500965
500970
501008
501009
501020
501020
501028
501030
501031
501032
501046
501047
501058
501088
501089
501101
501116
501121
501127
501133
501140
501173
501176
501181
501181
501184
501197
501202
501212
501224
501247
501256
501259
501261
501282
501284
501297
501299
501313
501318
501320
501348
501389
501391
501397
501405
501422
501422
501443
501461
501473
501516
501519
501529
501542
501593
501603
501608
501616
501636
501656
501660
501667
501690
501707
501709
501715
501716
501717
501724
501726
501733
501753
501779
501796
501799
501800
501816
501841
501842
501871
501874
501882
501895
501897
501938
501945
501946
501948
501957
501991
502005
502014
502026
502030
502041
502041
502060
502067
502076
502090
502100
502102
502112
502123
502135
502141
502148
502154
502183
502198
502206
502208
502244
502246
502258
502267
502269
502285
502292
502294
502300
502337
502341
502352
502368
502373
502395
502412
502413
502441
502449
502453
502482
502500
502505
502554
502556
502557
502563
502580
502587
502592
502612
502639
502640
502641
502652
502662
502665
502666
502678
502685
502686
502698
502701
502712
502727
502746
502759
502767
502770
502785
502786
502787
502790
502807
502844
502890
502908
502936
502948
502965
502967
502969
502998
503020
503023
503038
503038
503041
503051
503058
503064
503070
503072
503082
503093
503098
503112
503127
503130
503137
503158
503173
503186
503190
503207
503216
503223
503242
503263
503269
503287
503291
503312
503317
503319
503322
503329
503329
503329
503332
503346
503353
503362
503371
503378
503383
503383
503417
503419
503422
503459
503461
503506
503510
503520
503543
503545
503552
503564
503581
503584
503586
503589
503596
503617
503641
503656
503658
503661
503681
503724
503744
503754
503756
503772
503779
503784
503799
503806
503807
503808
503808
503813
503824
503830
503842
503849
503850
503850
503853
503867
503867
503867
503884
503888
503893
503917
503920
503921
503931
503974
504002
504005
504022
504022
504071
504072
504086
504087
504101
504110
504110
504142
504145
504152
504153
504160
504193
504193
504194
504218
504228
504234
504239
504266
504273
504273
504277
504279
504289
504295
504313
504319
504327
504337
504337
504342
504344
504395
504424
504433
504436
504447
504449
504453
504467
504491
504492
504493
504504
504510
504515
504520
504530
504531
504547
504547
504547
504554
504555
504563
504565
504588
504595
504601
504608
504609
504611
504621
504633
504633
504637
504656
504659
504662
504680
504680
504694
504707
504711
504744
504750
504751
504751
504755
504756
504761
504777
504785
504798
504800
504812
504828
504830
504836
504846
504852
504864
504872
504876
504882
504886
504905
504906
504918
504925
504926
504931
504933
504936
504944
504953
504960
504962
504980
504981
504995
504999
505000
505003
505007
505009
505015
505015
505018
505024
505037
505037
505061
505093
505101
505103
505111
505117
505121
505127
505129
505140
505149
505151
505166
505199
505216
505225
505226
505244
505248
505275
505283
505318
505319
505330
505333
505337
505347
505380
505384
505389
505408
505409
505409
505413
505418
505434
505455
505470
505473
505475
505483
505502
505534
505541
505590
505595
505597
505610
505617
505627
505634
505649
505689
505691
505707
505729
505746
505747
505754
505805
505806
505807
505813
505819
505820
505827
505846
505850
505877
505890
505894
505896
505900
505901
505902
505920
505940
505947
505962
505980
505980
505988
506003
506011
506019
506020
506022
506090
506091
506112
506119
506121
506123
506143
506146
506156
506161
506169
506177
506180
506182
506199
506212
506234
506258
506273
506273
506280
506294
506312
506319
506324
506331
506353
506357
506382
506391
506399
506411
506429
506432
506447
506447
506455
506455
506495
506512
506514
506515
506516
506517
506521
506533
506536
506547
506550
506573
506578
506595
506606
506610
506619
506651
506662
506663
506666
506682
506693
506714
506722
506726
506744
506748
506751
506765
506778
506779
506796
506804
506824
506829
506830
506844
506853
506920
506923
506923
506926
506935
506949
506965
506991
507005
507021
507022
507023
507034
507049
507052
507066
507066
507078
507096
507104
507106
507108
507125
507132
507135
507147
507162
507162
507188
507195
507198
507211
507227
507230
507236
507267
507290
507304
507318
507321
507366
507367
507377
507377
507385
507393
507409
507419
507432
507459
507468
507480
507481
507489
507518
507519
507520
507531
507533
507547
507563
507589
507591
507670
507671
507685
507687
507715
507750
507751
507763
507765
507774
507788
507805
507818
507819
507820
507829
507836
507836
507843
507880
507886
507922
507930
507949
508030
508039
508044
508048
508052
508058
508063
508087
508088
508100
508104
508108
508114
508122
508133
508143
508155
508157
508174
508229
508231
508232
508252
508256
508289
508307
508320
508325
508327
508332
508340
508342
508345
508379
508421
508437
508449
508506
508516
508519
508532
508542
508549
508553
508555
508583
508600
508605
508615
508618
508650
508650
508658
508667
508683
508696
508697
508697
508703
508706
508723
508732
508746
508753
508760
508771
508804
508830
508839
508840
508844
508850
508859
508886
508889
508905
508906
508907
508909
508922
508922
508945
508946
508947
508950
508955
508965
508972
508989
508994
508995
509017
509038
509039
509059
509067
509078
509134
509134
509161
509170
509171
509202
509215
509240
509241
509243
509258
509259
509268
509277
509289
509314
509321
509324
509327
509328
509351
509352
509394
509412
509432
509450
509463
509514
509523
509531
509537
509550
509597
509601
509630
509635
509663
509666
509669
509674
509708
509710
509711
509717
509722
509723
509774
509776
509778
509800
509821
509826
509871
509876
509880
509886
509887
509894
509921
509923
509926
509932
509950
509953
509957
509960
509980
509982
509982
509991
509995
509995
509996
510031
510035
510038
510054
510064
510072
510077
510088
510096
510101
510122
510122
510131
510159
510168
510178
510179
510196
510203
510231
510245
510250
510261
510261
510265
510268
510283
510291
510306
510307
510327
510338
510350
510356
510364
510385
510387
510417
510423
510424
510464
510473
510486
510492
510496
510507
510511
510518
510529
510534
510534
510546
510553
510558
510562
510576
510584
510587
510593
510603
510604
510609
510621
510642
510649
510656
510658
510663
510667
510671
510674
510676
510696
510724
510728
510730
510747
510748
510771
510773
510784
510788
510808
510810
510811
510817
510845
510857
510879
510882
510895
510899
510913
510918
510921
510934
510945
510961
510986
511011
511033
511060
511073
511075
511083
511092
511095
511103
511110
511130
511131
511180
511182
511185
511185
511186
511190
511199
511199
511233
511243
511248
511250
511251
511254
511286
511301
511327
511359
511362
511378
511391
511391
511396
511401
511405
511410
511447
511451
511462
511463
511468
511473
511482
511491
511494
511499
511508
511512
511517
511520
511535
511536
511540
511559
511564
511568
511568
511573
511573
511580
511593
511604
511611
511620
511624
511633
511657
511657
511665
511679
511684
511699
511708
511726
511743
511766
511772
511779
511784
511785
511815
511820
511822
511832
511834
511838
511840
511843
511854
511861
511864
511866
511887
511898
511903
511912
511916
511925
511933
511943
511946
511947
511953
511973
511975
511976
511980
511983
511986
511998
512009
512017
512020
512024
512029
512052
512060
512065
512070
512078
512086
512092
512096
512099
512113
512115
512182
512200
512200
512218
512229
512237
512258
512265
512267
512276
512276
512290
512297
512304
512311
512319
512333
512335
512337
512349
512349
512352
512357
512358
512372
512382
512390
512399
512405
512429
512430
512432
512432
512444
512453
512463
512469
512471
512491
512497
512534
512535
512547
512561
512563
512587
512595
512596
512611
512614
512615
512627
512638
512646
512666
512676
512696
512700
512710
512720
512724
512739
512739
512748
512760
512789
512800
512801
512807
512812
512828
512861
512867
512875
512878
512880
512894
512920
512924
512924
512931
512939
512959
512965
512966
512982
512983
512985
512993
512997
513007
513007
513009
513018
513018
513024
513026
513042
513057
513059
513059
513065
513075
513077
513079
513096
513104
513107
513140
513166
513174
513182
513193
513198
513223
513244
513251
513253
513259
513265
513267
513281
513287
513289
513294
513297
513300
513311
513312
513322
513325
513337
513372
513422
513427
513431
513433
513441
513452
513455
513461
513465
513489
513502
513507
513539
513539
513543
513544
513549
513597
513599
513611
513622
513633
513636
513642
513650
513656
513692
513718
513733
513748
513759
513760
513764
513769
513798
513824
513832
513849
513900
513902
513906
513907
513938
513956
513957
513959
513969
513972
513975
513979
513982
513983
513990
513999
514001
514007
514020
514041
514051
514065
514071
514079
514088
514104
514122
514126
514130
514137
514142
514144
514164
514167
514171
514176
514179
514180
514185
514188
514192
514203
514210
514211
514222
514226
514237
514253
514270
514337
514343
514350
514359
514361
514369
514370
514385
514396
514397
514406
514406
514410
514417
514419
514431
514451
514463
514469
514471
514473
514481
514487
514490
514494
514502
514505
514535
514546
514552
514554
514555
514572
514572
514591
514593
514594
514602
514608
514629
514647
514651
514658
514661
514663
514666
514673
514680
514687
514687
514688
514691
514696
514707
514713
514719
514723
514741
514747
514751
514752
514767
514782
514792
514793
514793
514796
514800
514801
514803
514808
514813
514825
514827
514828
514828
514835
514839
514842
514843
514875
514883
514893
514894
514943
514963
514968
514970
514971
514975
514982
514989
515007
515010
515085
515087
515103
515105
515107
515115
515120
515121
515157
515169
515183
515183
515183
515196
515205
515206
515247
515256
515266
515271
515277
515315
515318
515326
515327
515328
515334
515342
515353
515360
515361
515365
515367
515371
515376
515393
515415
515427
515440
515444
515454
515470
515477
515480
515481
515481
515502
515522
515533
515544
515552
515560
515577
515599
515607
515613
515642
515656
515668
515673
515685
515686
515692
515734
515739
515768
515777
515808
515821
515842
515848
515865
515867
515871
515873
515890
515893
515898
515904
515919
515931
515932
515937
515939
515950
515950
515951
515956
515960
515960
515964
515968
515975
515978
515988
515990
515991
515991
516002
516012
516012
516016
516029
516034
516053
516054
516058
516075
516095
516097
516101
516111
516119
516135
516139
516142
516160
516184
516187
516209
516212
516219
516222
516226
516231
516232
516257
516259
516265
516272
516273
516279
516288
516300
516304
516317
516318
516319
516321
516326
516332
516336
516370
516374
516378
516385
516407
516408
516411
516419
516424
516442
516444
516451
516454
516458
516460
516469
516478
516486
516500
516502
516526
516538
516557
516563
516564
516601
516601
516607
516617
516631
516632
516638
516642
516642
516647
516656
516682
516688
516691
516693
516703
516726
516731
516734
516746
516751
516759
516760
516762
516763
516776
516777
516798
516801
516803
516823
516832
516845
516848
516870
516873
516898
516910
516919
516920
516921
516933
516938
516946
516954
516972
516981
516999
517003
517031
517034
517041
517060
517092
517109
517133
517154
517173
517179
517181
517204
517224
517240
517243
517255
517256
517261
517264
517280
517316
517329
517332
517335
517337
517338
517362
517363
517381
517398
517416
517424
517437
517451
517454
517462
517484
517488
517518
517518
517536
517557
517559
517561
517570
517574
517578
517582
517589
517630
517638
517642
517643
517643
517658
517662
517690
517699
517707
517733
517764
517768
517771
517791
517791
517827
517835
517852
517857
517863
517870
517870
517871
517875
517883
517911
517913
517917
517966
517971
517978
517979
518011
518021
518023
518031
518041
518048
518056
518071
518083
518101
518110
518119
518132
518137
518137
518148
518149
518151
518151
518169
518170
518176
518180
518183
518188
518194
518222
518226
518230
518243
518256
518256
518266
518270
518275
518275
518279
518280
518281
518293
518296
518305
518313
518317
518322
518342
518347
518351
518361
518370
518373
518386
518389
518394
518399
518400
518428
518428
518429
518429
518449
518464
518479
518479
518482
518492
518498
518500
518505
518510
518515
518520
518535
518559
518566
518586
518591
518599
518602
518606
518617
518621
518626
518638
518640
518653
518653
518661
518668
518670
518675
518687
518691
518696
518698
518711
518728
518756
518760
518762
518771
518774
518782
518791
518798
518814
518823
518826
518837
518845
518847
518856
518880
518885
518899
518916
518917
518920
518926
518930
518932
518937
518948
518950
518951
518953
518957
518959
518964
518983
518987
519033
519040
519059
519060
519094
519110
519124
519134
519159
519181
519183
519221
519225
519243
519244
519249
519250
519267
519272
519273
519281
519291
519315
519315
519327
519336
519340
519357
519358
519366
519369
519370
519391
519417
519421
519424
519425
519427
519444
519446
519465
519470
519508
519512
519517
519519
519523
519523
519526
519543
519548
519553
519565
519582
519597
519607
519642
519652
519655
519686
519686
519693
519700
519703
519730
519751
519782
519794
519800
519801
519810
519818
519822
519829
519832
519832
519839
519851
519863
519863
519876
519882
519884
519884
519918
519939
519944
519949
519965
519976
520023
520044
520047
520050
520050
520053
520063
520070
520076
520077
520115
520138
520143
520150
520162
520169
520170
520176
520193
520204
520208
520211
520235
520256
520262
520274
520275
520284
520292
520307
520325
520329
520333
520334
520352
520353
520365
520369
520393
520408
520415
520417
520426
520436
520441
520467
520475
520515
520531
520559
520570
520571
520573
520596
520597
520609
520642
520657
520663
520666
520666
520678
520694
520714
520747
520765
520766
520799
520814
520819
520820
520821
520827
520828
520830
520834
520835
520840
520841
520847
520863
520867
520874
520875
520880
520884
520919
520929
520936
520944
520966
520973
520973
520994
520994
521006
521014
521041
521043
521063
521068
521072
521086
521086
521091
521141
521152
521164
521170
521173
521182
521182
521189
521198
521199
521205
521230
521246
521247
521259
521298
521300
521314
521316
521322
521326
521339
521386
521396
521435
521437
521441
521459
521464
521489
521501
521521
521566
521578
521581
521583
521593
521603
521606
521608
521611
521631
521633
521635
521644
521648
521648
521654
521668
521695
521707
521708
521728
521736
521738
521744
521768
521771
521811
521828
521829
521847
521862
521887
521891
521898
521899
521900
521911
521915
521932
521934
521936
521955
521955
521955
521998
522005
522011
522018
522027
522040
522058
522068
522069
522070
522072
522073
522092
522112
522126
522132
522148
522161
522162
522165
522168
522187
522188
522194
522204
522213
522217
522219
522225
522282
522295
522301
522304
522317
522338
522351
522360
522376
522376
522377
522378
522403
522411
522412
522419
522428
522428
522441
522441
522445
522462
522464
522469
522489
522490
522493
522499
522501
522510
522523
522531
522556
522576
522582
522585
522585
522602
522619
522621
522630
522636
522636
522662
522663
522680
522693
522703
522722
522724
522738
522781
522800
522809
522840
522845
522849
522857
522882
522895
522896
522900
522906
522911
522912
522928
522933
522955
522974
522978
522979
522985
522986
522987
522987
522997
523004
523008
523009
523013
523014
523041
523047
523052
523077
523077
523085
523117
523127
523138
523144
523144
523149
523171
523171
523193
523194
523196
523196
523209
523220
523235
523243
523246
523255
523255
523262
523263
523280
523281
523282
523295
523296
523317
523332
523373
523400
523404
523437
523440
523442
523447
523471
523506
523509
523509
523513
523515
523521
523521
523525
523533
523535
523540
523541
523546
523550
523556
523558
523572
523584
523584
523595
523604
523608
523610
523624
523626
523629
523645
523647
523654
523658
523675
523682
523682
523691
523705
523710
523727
523727
523730
523738
523748
523755
523759
523761
523766
523773
523780
523813
523816
523820
523822
523826
523834
523839
523854
523859
523861
523880
523883
523885
523895
523902
523908
523924
523941
523952
523959
523972
523996
524003
524005
524010
524012
524015
524016
524035
524037
524087
524100
524122
524124
524124
524132
524155
524161
524164
524165
524166
524183
524188
524189
524195
524203
524206
524211
524214
524221
524234
524234
524245
524272
524281
524284
524287
524294
524294
524297
524298
524302
524342
524351
524382
524384
524391
524409
524414
524414
524429
524441
524445
524449
524485
524486
524492
524499
524501
524509
524511
524514
524518
524520
524530
524531
524532
524552
524555
524568
524613
524616
524616
524622
524632
524633
524646
524667
524668
524686
524687
524688
524712
524736
524739
524774
524789
524796
524799
524805
524806
524810
524813
524814
524817
524834
524835
524841
524844
524844
524847
524850
524859
524870
524885
524889
524891
524892
524918
524921
524924
524926
524930
524941
524945
524955
524976
524978
524981
524996
525020
525026
525027
525030
525053
525074
525074
525079
525084
525092
525108
525109
525135
525141
525141
525154
525161
525176
525180
525186
525191
525209
525209
525212
525223
525231
525244
525256
525259
525260
525284
525284
525293
525299
525302
525306
525330
525333
525340
525354
525356
525364
525370
525371
525373
525376
525377
525379
525384
525386
525386
525389
525393
525400
525400
525403
525411
525418
525425
525433
525436
525440
525446
525465
525478
525482
525503
525508
525511
525528
525533
525533
525554
525559
525564
525576
525579
525588
525598
525600
525603
525603
525618
525619
525620
525630
525651
525652
525685
525687
525714
525717
525745
525745
525749
525751
525754
525757
525768
525774
525776
525786
525788
525815
525827
525855
525894
525896
525901
525906
525929
525930
525960
525964
525970
525984
525996
526002
526017
526023
526024
526028
526038
526042
526045
526056
526065
526074
526075
526088
526089
526092
526109
526110
526114
526123
526130
526133
526134
526144
526153
526155
526169
526184
526192
526214
526217
526226
526227
526243
526244
526245
526252
526258
526258
526262
526276
526285
526287
526293
526305
526306
526312
526313
526347
526360
526364
526396
526440
526443
526450
526460
526466
526467
526468
526487
526491
526492
526499
526501
526510
526527
526539
526555
526584
526585
526593
526593
526611
526617
526618
526631
526645
526648
526658
526670
526692
526698
526698
526708
526715
526720
526739
526771
526772
526774
526806
526816
526817
526838
526857
526876
526877
526906
526909
526916
526923
526936
526937
526943
526947
526955
526962
526977
526987
526993
527003
527014
527017
527021
527022
527068
527078
527093
527095
527101
527110
527113
527126
527129
527137
527159
527165
527168
527214
527244
527248
527264
527270
527282
527288
527292
527295
527299
527304
527347
527352
527353
527354
527365
527370
527374
527374
527379
527382
527386
527386
527410
527411
527415
527425
527429
527455
527458
527462
527469
527485
527519
527533
527543
527551
527551
527551
527552
527559
527565
527579
527610
527615
527616
527631
527637
527645
527648
527662
527665
527671
527698
527703
527709
527728
527737
527765
527777
527778
527790
527805
527838
527840
527843
527843
527892
527915
527948
527953
527974
527982
527988
527993
528013
528069
528092
528103
528106
528115
528128
528129
528157
528171
528179
528208
528211
528211
528215
528216
528218
528236
528245
528264
528278
528287
528292
528316
528330
528331
528331
528335
528336
528338
528356
528357
528362
528368
528398
528407
528434
528436
528438
528438
528446
528446
528451
528458
528459
528462
528462
528468
528471
528473
528473
528477
528479
528490
528497
528506
528508
528518
528529
528529
528533
528535
528535
528542
528570
528581
528585
528603
528612
528619
528628
528631
528635
528641
528650
528676
528683
528690
528707
528712
528735
528738
528757
528758
528767
528781
528809
528819
528831
528833
528877
528884
528884
528889
528901
528958
528975
528976
528977
528987
529009
529009
529030
529035
529046
529061
529062
529068
529092
529108
529115
529118
529120
529137
529182
529189
529189
529199
529222
529224
529240
529249
529261
529312
529312
529315
529321
529351
529353
529366
529367
529381
529387
529390
529412
529438
529450
529474
529475
529477
529482
529486
529492
529500
529503
529506
529511
529513
529519
529527
529537
529546
529555
529588
529594
529619
529623
529636
529652
529654
529663
529671
529681
529695
529703
529793
529793
529843
529843
529847
529849
529854
529862
529875
529878
529891
529911
529926
529926
529935
529954
529955
529960
529968
529984
530004
530014
530016
530025
530025
530027
530039
530058
530066
530116
530150
530185
530192
530192
530193
530196
530199
530201
530227
530257
530272
530289
530296
530297
530312
530313
530348
530352
530363
530369
530372
530385
530385
530392
530393
530404
530420
530424
530453
530468
530506
530506
530516
530529
530529
530535
530536
530544
530569
530572
530574
530594
530595
530601
530604
530610
530641
530643
530656
530669
530700
530704
530716
530718
530724
530741
530748
530753
530759
530760
530773
530804
530826
530832
530839
530842
530842
530842
530843
530851
530854
530856
530863
530883
530886
530897
530905
530908
530923
530932
530935
530941
530944
530949
530950
530951
530965
530970
530994
530998
531001
531002
531015
531025
531029
531037
531039
531045
531045
531061
531070
531077
531080
531094
531132
531134
531142
531145
531154
531193
531202
531238
531244
531257
531309
531315
531322
531331
531333
531335
531344
531356
531389
531391
531392
531398
531401
531410
531422
531440
531446
531467
531469
531471
531476
531488
531490
531497
531516
531534
531537
531545
531549
531550
531555
531570
531593
531604
531606
531612
531616
531618
531624
531639
531641
531648
531664
531677
531702
531704
531716
531719
531728
531737
531739
531742
531756
531760
531828
531854
531863
531865
531873
531880
531884
531912
531915
531928
531932
531936
531941
531963
531966
531982
531988
532009
532025
532035
532038
532061
532070
532073
532079
532086
532114
532120
532120
532124
532125
532128
532133
532147
532155
532159
532162
532166
532184
532195
532199
532229
532234
532238
532280
532281
532288
532289
532289
532291
532303
532303
532329
532344
532350
532352
532375
532377
532390
532391
532392
532393
532393
532415
532419
532448
532450
532451
532457
532457
532457
532463
532508
532528
532565
532576
532577
532580
532595
532601
532602
532606
532615
532627
532644
532654
532661
532662
532668
532675
532680
532686
532697
532715
532721
532732
532746
532746
532752
532774
532777
532793
532810
532817
532822
532831
532839
532851
532852
532863
532863
532910
532926
532943
532948
532975
532984
532989
532996
533000
533005
533018
533040
533044
533044
533044
533052
533055
533056
533082
533087
533089
533100
533121
533142
533150
533161
533181
533186
533205
533223
533230
533231
533239
533251
533261
533262
533306
533308
533309
533314
533323
533342
533349
533349
533364
533369
533389
533399
533402
533406
533422
533450
533456
533467
533481
533482
533561
533580
533582
533599
533619
533620
533627
533630
533633
533643
533654
533680
533713
533729
533730
533731
533734
533743
533756
533763
533764
533792
533804
533815
533818
533839
533839
533842
533870
533872
533887
533895
533906
533913
533947
533949
533957
533959
533990
534005
534006
534012
534038
534039
534044
534048
534052
534070
534073
534073
534101
534105
534108
534113
534155
534165
534179
534200
534202
534247
534258
534260
534272
534278
534283
534285
534285
534296
534310
534311
534320
534327
534331
534332
534345
534347
534350
534359
534366
534378
534390
534391
534411
534428
534432
534450
534455
534467
534473
534478
534481
534485
534508
534509
534509
534519
534543
534556
534558
534560
534572
534572
534586
534591
534595
534602
534611
534612
534613
534633
534660
534682
534687
534690
534701
534703
534704
534711
534714
534718
534721
534723
534736
534753
534760
534763
534781
534787
534792
534805
534816
534817
534818
534839
534842
534854
534871
534874
534881
534885
534897
534927
534928
534943
534944
534949
534952
534973
534975
534977
535000
535004
535021
535027
535036
535036
535062
535080
535083
535109
535136
535161
535171
535179
535181
535195
535212
535220
535232
535237
535252
535273
535284
535288
535296
535296
535298
535301
535303
535334
535339
535375
535386
535397
535402
535411
535411
535416
535436
535441
535450
535457
535474
535477
535507
535509
535512
535531
535536
535543
535553
535564
535587
535630
535632
535651
535658
535665
535671
535679
535683
535685
535685
535689
535695
535705
535706
535714
535734
535741
535750
535750
535751
535759
535763
535765
535791
535797
535806
535819
535823
535826
535830
535848
535857
535862
535863
535863
535874
535884
535895
535912
535914
535916
535921
535931
535936
535941
535958
535981
535987
535988
536009
536033
536042
536043
536053
536064
536083
536088
536098
536101
536106
536110
536122
536152
536152
536152
536174
536196
536207
536218
536218
536224
536225
536226
536247
536256
536261
536266
536273
536286
536287
536316
536326
536335
536338
536359
536386
536388
536391
536393
536395
536400
536407
536411
536412
536413
536413
536427
536445
536453
536455
536457
536470
536473
536477
536478
536491
536497
536509
536517
536536
536537
536539
536552
536565
536572
536587
536587
536610
536617
536630
536634
536640
536643
536651
536658
536662
536669
536674
536682
536683
536687
536695
536702
536707
536708
536711
536723
536746
536748
536750
536771
536792
536823
536826
536848
536852
536861
536862
536865
536874
536885
536893
536909
536922
536924
536925
536926
536927
536933
536937
536957
536961
536962
536963
536964
536979
536996
537006
537026
537028
537036
537041
537041
537044
537048
537050
537062
537066
537074
537082
537087
537100
537112
537118
537130
537154
537155
537156
537160
537174
537174
537186
537193
537198
537200
537201
537214
537214
537226
537233
537238
537260
537264
537267
537287
537296
537322
537324
537338
537345
537347
537348
537365
537376
537384
537385
537390
537409
537417
537430
537436
537440
537452
537508
537539
537541
537543
537551
537565
537584
537585
537587
537593
537610
537618
537642
537660
537664
537696
537703
537704
537704
537726
537747
537772
537776
537789
537791
537794
537796
537796
537803
537815
537837
537845
537851
537860
537866
537876
537876
537892
537894
537899
537900
537912
537930
537940
537946
537948
537957
537988
537991
538013
538021
538032
538036
538039
538039
538057
538059
538071
538076
538085
538087
538093
538141
538150
538164
538174
538179
538187
538189
538210
538213
538217
538235
538240
538244
538245
538259
538281
538318
538328
538342
538345
538349
538363
538363
538370
538379
538380
538401
538413
538440
538442
538462
538466
538505
538506
538508
538514
538519
538528
538553
538558
538558
538566
538578
538597
538612
538622
538633
538647
538666
538688
538693
538697
538709
538710
538710
538714
538740
538748
538784
538816
538824
538831
538838
538850
538868
538875
538893
538907
538929
538934
538942
538950
538969
538970
538975
538977
538986
538991
538996
539014
539032
539033
539038
539093
539102
539102
539104
539108
539117
539118
539168
539182
539192
539193
539227
539231
539233
539238
539241
539247
539248
539252
539264
539264
539310
539310
539310
539316
539317
539320
539339
539354
539356
539357
539360
539380
539383
539392
539398
539409
539431
539442
539449
539456
539460
539476
539489
539489
539491
539513
539543
539556
539564
539568
539578
539592
539596
539601
539606
539607
539610
539632
539642
539646
539670
539675
539675
539718
539728
539733
539735
539737
539763
539774
539789
539795
539815
539815
539820
539851
539857
539875
539912
539921
539927
539950
539950
539950
539952
539958
539959
539963
539966
539974
539974
540000
540011
540037
540119
540128
540145
540149
540150
540167
540172
540187
540189
540203
540211
540224
540231
540246
540251
540278
540297
540304
540305
540307
540341
540344
540352
540376
540382
540389
540395
540407
540417
540418
540429
540449
540455
540463
540468
540471
540487
540499
540506
540524
540534
540554
540555
540561
540565
540571
540582
540588
540608
540609
540633
540635
540664
540665
540667
540671
540695
540696
540714
540715
540733
540764
540795
540800
540801
540807
540811
540822
540824
540853
540853
540854
540858
540868
540877
540880
540880
540895
540899
540912
540917
540929
540931
540944
540951
540952
540961
540972
540985
540998
541000
541002
541010
541051
541061
541077
541081
541082
541084
541086
541101
541135
541144
541147
541156
541163
541196
541197
541202
541203
541210
541219
541227
541264
541266
541272
541295
541296
541307
541308
541315
541324
541327
541347
541350
541402
541419
541434
541443
541449
541456
541462
541467
541472
541475
541476
541482
541485
541500
541510
541517
541517
541519
541519
541533
541570
541581
541591
541601
541608
541614
541625
541629
541645
541646
541648
541678
541682
541697
541707
541722
541733
541743
541750
541757
541761
541766
541785
541789
541793
541833
541834
541835
541857
541863
541863
541868
541902
541919
541956
541968
541972
541983
541983
541985
541989
542035
542063
542073
542118
542119
542122
542128
542138
542141
542145
542148
542156
542177
542183
542193
542213
542213
542235
542245
542306
542313
542347
542349
542351
542360
542361
542367
542373
542391
542394
542406
542410
542419
542434
542435
542453
542471
542476
542484
542485
542488
542493
542494
542502
542507
542511
542521
542527
542546
542547
542553
542561
542568
542579
542587
542599
542622
542623
542653
542678
542678
542679
542683
542685
542687
542692
542697
542706
542729
542753
542760
542791
542799
542801
542804
542806
542806
542820
542820
542826
542832
542852
542875
542879
542880
542884
542899
542936
542941
542950
542955
542976
542986
542987
542988
542990
542991
542995
543003
543012
543023
543032
543033
543040
543062
543068
543082
543082
543086
543093
543103
543104
543109
543109
543114
543115
543126
543134
543140
543157
543159
543180
543180
543188
543189
543195
543201
543203
543216
543217
543224
543229
543239
543245
543246
543249
543260
543300
543306
543355
543396
543421
543430
543432
543439
543454
543456
543462
543465
543477
543482
543507
543513
543519
543521
543537
543539
543542
543550
543553
543565
543568
543573
543583
543592
543597
543601
543605
543627
543629
543635
543648
543652
543659
543660
543665
543669
543672
543674
543693
543704
543722
543736
543739
543752
543760
543762
543768
543773
543780
543797
543800
543815
543857
543868
543879
543897
543909
543924
543940
543942
543943
543960
543962
543987
544005
544006
544007
544014
544031
544036
544043
544054
544062
544108
544128
544130
544139
544161
544171
544175
544176
544194
544201
544211
544212
544213
544234
544245
544270
544287
544294
544306
544308
544318
544330
544337
544372
544374
544383
544385
544405
544414
544415
544417
544422
544426
544436
544444
544446
544470
544485
544495
544506
544514
544519
544521
544546
544572
544614
544615
544627
544627
544628
544690
544702
544702
544706
544712
544714
544724
544743
544751
544763
544765
544769
544775
544780
544788
544795
544805
544808
544839
544857
544863
544864
544874
544881
544901
544919
544921
544929
544937
544957
544967
544974
544988
544993
545004
545029
545030
545030
545043
545062
545078
545108
545116
545124
545139
545149
545156
545158
545173
545173
545189
545199
545201
545203
545210
545211
545225
545251
545272
545288
545300
545307
545323
545326
545330
545334
545335
545339
545342
545350
545368
545387
545399
545411
545414
545421
545424
545427
545460
545464
545465
545466
545492
545494
545498
545503
545504
545508
545511
545518
545523
545553
545559
545562
545562
545563
545567
545568
545571
545577
545581
545608
545611
545615
545624
545633
545654
545674
545675
545681
545688
545715
545741
545751
545760
545763
545764
545766
545790
545795
545807
545808
545837
545838
545845
545849
545883
545883
545891
545899
545900
545905
545916
545917
545919
545932
545941
545970
545986
545987
545995
545996
546004
546010
546012
546024
546032
546034
546036
546068
546074
546077
546095
546119
546122
546124
546135
546142
546149
546162
546176
546179
546185
546185
546200
546205
546213
546224
546233
546254
546257
546257
546264
546271
546274
546275
546283
546290
546294
546311
546313
546329
546345
546347
546350
546350
546357
546357
546370
546376
546388
546395
546431
546439
546443
546444
546460
546479
546510
546517
546542
546542
546542
546545
546553
546554
546564
546573
546575
546588
546604
546617
546621
546621
546652
546655
546665
546673
546679
546681
546685
546689
546699
546701
546709
546722
546727
546729
546735
546745
546747
546774
546776
546790
546798
546804
546804
546810
546823
546840
546849
546859
546867
546921
546942
546942
546951
546958
546964
546969
546991
547002
547007
547011
547020
547022
547025
547025
547033
547058
547081
547084
547085
547085
547085
547086
547094
547096
547130
547132
547140
547142
547143
547163
547165
547171
547173
547182
547195
547222
547231
547246
547259
547271
547286
547287
547301
547308
547314
547318
547326
547327
547327
547341
547344
547376
547385
547398
547422
547439
547447
547460
547478
547479
547482
547487
547488
547502
547518
547531
547548
547555
547582
547593
547594
547596
547598
547607
547612
547655
547660
547677
547679
547689
547691
547693
547697
547698
547702
547706
547707
547712
547723
547733
547736
547738
547750
547756
547765
547819
547820
547828
547841
547864
547871
547873
547879
547883
547884
547887
547892
547894
547899
547900
547909
547926
547930
547934
547945
547948
547948
547952
547964
547990
547990
548011
548011
548018
548021
548049
548051
548075
548076
548083
548086
548102
548110
548115
548124
548133
548156
548190
548230
548246
548267
548276
548279
548288
548289
548312
548313
548320
548330
548334
548339
548353
548354
548358
548371
548382
548396
548448
548450
548458
548471
548479
548493
548513
548523
548524
548532
548537
548537
548542
548563
548564
548567
548575
548604
548614
548627
548628
548642
548663
548670
548679
548695
548706
548708
548712
548714
548719
548721
548722
548746
548766
548773
548777
548781
548788
548792
548805
548812
548813
548818
548822
548851
548865
548882
548884
548888
548894
548896
548899
548900
548900
548904
548919
548939
548949
548956
548964
548964
548971
548976
549003
549005
549006
549007
549018
549022
549052
549056
549058
549068
549069
549070
549071
549075
549084
549087
549099
549113
549113
549121
549129
549130
549131
549136
549137
549141
549147
549169
549169
549170
549179
549191
549196
549198
549206
549216
549216
549228
549238
549260
549295
549311
549349
549349
549360
549367
549379
549380
549432
549436
549442
549475
549485
549493
549507
549520
549527
549534
549546
549561
549563
549592
549611
549612
549626
549628
549637
549642
549647
549683
549690
549694
549703
549705
549715
549724
549728
549728
549733
549742
549763
549764
549764
549770
549794
549796
549797
549797
549803
549846
549851
549875
549876
549882
549888
549903
549916
549918
549924
549926
549936
549948
549951
549953
549954
549974
549987
550017
550042
550045
550049
550056
550062
550070
550079
550083
550090
550094
550112
550185
550185
550195
550199
550202
550204
550207
550243
550249
550259
550272
550293
550297
550304
550306
550314
550320
550323
550335
550342
550345
550347
550359
550361
550373
550378
550391
550396
550399
550421
550444
550455
550471
550475
550479
550489
550496
550516
550535
550540
550553
550558
550561
550578
550592
550593
550597
550604
550614
550640
550665
550669
550693
550697
550733
550747
550769
550777
550793
550813
550859
550862
550866
550889
550890
550900
550910
550912
550916
550916
550918
550925
550925
550925
550927
550939
550949
550954
550960
550971
550980
550995
551000
551035
551037
551064
551066
551087
551092
551107
551109
551137
551142
551154
551174
551181
551190
551193
551193
551202
551212
551213
551214
551216
551219
551227
551236
551251
551259
551260
551272
551274
551288
551296
551313
551313
551333
551338
551343
551346
551348
551349
551355
551355
551370
551398
551400
551404
551413
551445
551449
551467
551476
551493
551495
551538
551546
551552
551563
551570
551578
551579
551582
551595
551617
551631
551642
551651
551653
551657
551662
551663
551673
551682
551686
551702
551705
551732
551736
551747
551755
551759
551795
551814
551824
551830
551833
551835
551837
551852
551856
551857
551862
551893
551912
551913
551913
551914
551915
551917
551930
551959
551965
551996
552003
552011
552018
552025
552037
552037
552048
552058
552079
552088
552092
552098
552100
552117
552132
552143
552147
552149
552157
552167
552189
552206
552246
552260
552260
552280
552288
552310
552313
552335
552336
552336
552343
552367
552367
552370
552371
552379
552391
552395
552410
552418
552435
552443
552447
552461
552471
552475
552488
552493
552502
552506
552508
552511
552518
552527
552540
552545
552551
552569
552596
552600
552604
552605
552611
552624
552632
552633
552639
552647
552651
552663
552670
552674
552692
552705
552711
552712
552717
552722
552724
552725
552736
552754
552762
552769
552782
552798
552813
552819
552849
552922
552927
552946
552957
552983
553003
553008
553013
553016
553026
553027
553034
553042
553050
553052
553057
553058
553060
553076
553087
553128
553130
553138
553148
553148
553164
553165
553177
553184
553192
553198
553199
553229
553230
553263
553267
553268
553269
553271
553274
553282
553351
553354
553358
553359
553389
553399
553415
553423
553448
553482
553483
553490
553503
553503
553523
553550
553553
553561
553581
553593
553638
553655
553671
553672
553673
553676
553679
553711
553728
553745
553771
553810
553823
553836
553846
553847
553870
553872
553875
553890
553899
553902
553912
553923
553961
553981
554016
554018
554031
554032
554052
554055
554058
554061
554066
554071
554077
554079
554086
554086
554089
554093
554096
554111
554111
554117
554127
554152
554181
554187
554188
554189
554192
554201
554208
554212
554212
554213
554216
554242
554250
554277
554282
554302
554304
554306
554320
554325
554347
554353
554389
554400
554409
554432
554437
554447
554447
554448
554466
554469
554475
554519
554519
554524
554525
554535
554555
554561
554569
554580
554586
554587
554595
554631
554650
554655
554657
554669
554685
554692
554708
554718
554720
554739
554762
554762
554764
554772
554778
554795
554799
554828
554863
554867
554873
554901
554933
554939
554943
554946
554981
554982
554984
554989
554994
555010
555010
555030
555031
555037
555042
555045
555045
555058
555059
555059
555072
555072
555082
555092
555106
555115
555120
555123
555130
555134
555137
555145
555147
555172
555175
555187
555189
555193
555196
555206
555212
555216
555235
555243
555260
555267
555270
555290
555297
555302
555303
555303
555303
555308
555309
555323
555348
555349
555350
555360
555361
555379
555390
555406
555436
555440
555448
555448
555455
555473
555474
555478
555486
555494
555499
555507
555512
555517
555529
555529
555531
555537
555561
555563
555565
555583
555584
555590
555592
555604
555608
555636
555650
555657
555673
555678
555699
555730
555744
555744
555769
555778
555804
555810
555813
555823
555824
555827
555829
555851
555860
555873
555889
555892
555917
555922
555933
555934
555936
555939
555953
555958
555969
555978
555987
555989
555991
556006
556016
556028
556058
556091
556094
556100
556149
556150
556161
556165
556165
556169
556176
556200
556202
556203
556209
556242
556254
556275
556315
556320
556325
556327
556329
556330
556354
556356
556385
556390
556391
556394
556394
556400
556421
556424
556432
556435
556467
556474
556479
556485
556487
556493
556509
556512
556516
556530
556544
556545
556565
556570
556572
556576
556605
556616
556620
556624
556625
556646
556650
556651
556653
556681
556682
556685
556717
556717
556723
556724
556724
556747
556793
556793
556808
556816
556817
556821
556827
556829
556835
556895
556910
556948
556948
556950
556955
556986
556987
556990
556993
557009
557021
557028
557030
557035
557097
557104
557106
557109
557112
557114
557127
557157
557171
557172
557181
557193
557214
557215
557215
557217
557218
557233
557236
557242
557265
557279
557288
557294
557299
557307
557334
557345
557357
557388
557408
557408
557412
557413
557416
557436
557454
557455
557466
557494
557503
557514
557523
557526
557547
557548
557558
557560
557561
557575
557585
557589
557610
557630
557630
557643
557649
557658
557664
557665
557678
557715
557717
557726
557728
557729
557746
557763
557807
557822
557841
557842
557844
557864
557868
557874
557877
557884
557896
557898
557903
557905
557917
557951
557956
557962
557963
557974
557976
557976
558043
558044
558065
558065
558068
558070
558083
558086
558092
558093
558096
558102
558114
558116
558122
558137
558148
558150
558156
558169
558171
558171
558187
558207
558231
558239
558239
558243
558254
558257
558274
558286
558292
558296
558302
558306
558307
558342
558356
558362
558367
558372
558393
558394
558394
558413
558415
558418
558424
558443
558452
558468
558469
558491
558509
558521
558529
558537
558556
558558
558561
558568
558586
558609
558625
558644
558646
558647
558647
558654
558663
558667
558671
558677
558688
558699
558703
558713
558730
558738
558756
558779
558783
558787
558788
558804
558825
558833
558838
558845
558846
558853
558871
558873
558877
558885
558891
558905
558909
558916
558936
558938
558944
558951
558963
558980
558988
558990
559000
559016
559017
559023
559036
559047
559066
559067
559107
559117
559119
559119
559130
559135
559135
559146
559146
559163
559164
559166
559168
559171
559177
559186
559236
559236
559236
559246
559249
559262
559275
559292
559305
559305
559322
559333
559342
559354
559373
559380
559435
559451
559454
559454
559468
559472
559479
559483
559492
559502
559510
559520
559530
559556
559567
559579
559591
559612
559613
559633
559645
559677
559679
559679
559680
559685
559696
559700
559738
559748
559757
559766
559782
559799
559811
559814
559819
559819
559832
559837
559844
559848
559873
559873
559894
559903
559905
559912
559915
559921
559972
559974
559981
559984
559988
560022
560024
560034
560052
560054
560072
560094
560111
560118
560130
560149
560150
560169
560176
560180
560183
560190
560198
560210
560211
560224
560224
560235
560249
560272
560288
560304
560326
560341
560366
560382
560383
560389
560404
560414
560415
560421
560450
560451
560461
560466
560469
560474
560475
560483
560492
560504
560531
560537
560549
560554
560556
560568
560591
560611
560611
560612
560621
560638
560667
560668
560676
560688
560695
560731
560731
560747
560749
560753
560759
560759
560765
560813
560826
560832
560838
560847
560858
560859
560891
560894
560907
560909
560910
560918
560922
560929
560938
560942
560943
560943
560949
560985
560997
560999
561001
561004
561005
561005
561027
561049
561059
561061
561063
561069
561079
561086
561089
561099
561116
561155
561162
561177
561180
561182
561185
561201
561202
561213
561232
561244
561269
561281
561289
561301
561307
561359
561363
561365
561403
561408
561423
561426
561427
561435
561460
561463
561467
561480
561482
561485
561496
561497
561500
561534
561535
561539
561539
561539
561543
561557
561565
561565
561569
561574
561574
561577
561585
561589
561599
561599
561600
561618
561624
561654
561657
561674
561678
561701
561713
561730
561735
561745
561746
561766
561783
561798
561818
561821
561834
561841
561897
561899
561900
561909
561912
561914
561938
561950
561953
561958
561960
561967
561977
561977
561979
561980
561980
561997
562014
562014
562036
562054
562089
562091
562131
562134
562136
562148
562172
562177
562178
562186
562205
562227
562246
562247
562253
562280
562280
562315
562330
562338
562357
562360
562375
562380
562389
562406
562411
562420
562422
562456
562464
562471
562473
562497
562498
562510
562514
562515
562527
562528
562541
562542
562558
562600
562602
562609
562613
562618
562634
562639
562641
562684
562699
562700
562705
562725
562740
562751
562757
562775
562777
562780
562787
562788
562793
562802
562805
562817
562818
562826
562838
562867
562888
562893
562899
562900
562904
562905
562908
562910
562916
562927
562942
562943
562958
562981
563000
563004
563028
563031
563033
563034
563044
563054
563063
563073
563104
563106
563111
563115
563118
563141
563178
563190
563199
563207
563212
563216
563217
563218
563230
563242
563256
563268
563269
563292
563300
563301
563303
563311
563320
563333
563350
563358
563367
563367
563371
563386
563393
563401
563407
563409
563443
563445
563456
563474
563477
563478
563491
563506
563510
563513
563525
563525
563526
563531
563535
563539
563544
563549
563556
563560
563574
563581
563586
563609
563623
563657
563663
563663
563688
563709
563712
563736
563736
563743
563755
563759
563818
563819
563838
563867
563875
563881
563883
563884
563884
563912
563912
563920
563925
563952
563952
563959
563965
563971
563971
563973
563985
563988
563994
564019
564023
564025
564037
564072
564074
564080
564092
564107
564114
564119
564124
564141
564143
564148
564162
564165
564180
564181
564220
564227
564242
564245
564258
564280
564296
564300
564305
564327
564336
564355
564356
564367
564374
564392
564416
564423
564427
564433
564437
564449
564449
564454
564465
564468
564527
564528
564553
564555
564561
564579
564580
564584
564601
564622
564635
564642
564642
564652
564665
564675
564675
564695
564701
564702
564703
564707
564722
564728
564731
564734
564737
564747
564762
564797
564809
564822
564823
564825
564849
564850
564851
564853
564862
564864
564866
564868
564880
564891
564893
564913
564913
564932
564942
564962
564977
564996
565013
565015
565054
565062
565076
565083
565088
565099
565100
565110
565128
565151
565171
565173
565174
565178
565185
565203
565224
565229
565235
565241
565256
565274
565294
565295
565305
565306
565311
565317
565326
565328
565328
565329
565329
565360
565393
565412
565432
565448
565449
565462
565467
565468
565487
565506
565510
565533
565537
565547
565600
565608
565613
565614
565666
565685
565693
565709
565716
565732
565737
565751
565768
565791
565793
565794
565806
565854
565857
565858
565860
565863
565880
565901
565902
565916
565917
565919
565923
565932
565936
565937
565958
565986
566010
566011
566021
566033
566039
566039
566046
566048
566062
566065
566066
566067
566087
566090
566090
566091
566093
566106
566127
566147
566153
566158
566166
566174
566174
566176
566176
566181
566184
566186
566191
566198
566206
566226
566246
566258
566258
566289
566294
566306
566341
566343
566346
566352
566353
566363
566405
566414
566424
566456
566469
566469
566472
566474
566476
566503
566506
566506
566519
566524
566525
566526
566530
566546
566546
566561
566563
566580
566589
566590
566594
566597
566600
566616
566618
566650
566658
566678
566701
566703
566708
566724
566749
566759
566775
566793
566802
566805
566822
566830
566837
566840
566851
566861
566870
566884
566898
566907
566919
566936
566951
566977
567017
567020
567032
567034
567042
567054
567064
567078
567096
567101
567112
567113
567114
567138
567141
567141
567142
567146
567147
567150
567164
567177
567208
567215
567219
567227
567233
567239
567251
567276
567284
567303
567305
567305
567311
567325
567341
567355
567367
567368
567379
567406
567446
567463
567473
567483
567484
567487
567489
567498
567505
567507
567510
567511
567512
567528
567533
567538
567579
567587
567620
567675
567688
567689
567723
567746
567746
567757
567762
567788
567789
567796
567800
567806
567816
567819
567834
567872
567880
567887
567891
567912
567929
567940
567944
567971
567989
567994
567999
568017
568018
568036
568053
568056
568057
568068
568077
568087
568105
568121
568123
568123
568124
568142
568151
568156
568156
568165
568175
568184
568204
568210
568216
568217
568241
568254
568273
568273
568277
568287
568309
568323
568323
568358
568397
568397
568412
568419
568479
568487
568504
568506
568521
568537
568552
568554
568571
568576
568585
568587
568595
568602
568610
568622
568624
568648
568658
568669
568699
568722
568732
568750
568752
568769
568782
568794
568817
568827
568843
568843
568848
568850
568854
568865
568906
568908
568909
568931
568933
568969
568971
568973
568999
568999
569019
569023
569027
569036
569068
569069
569071
569095
569098
569106
569109
569143
569147
569153
569155
569169
569179
569181
569185
569189
569198
569210
569213
569217
569221
569224
569239
569239
569239
569241
569249
569265
569270
569284
569284
569290
569294
569300
569311
569313
569321
569323
569335
569343
569348
569351
569352
569354
569391
569411
569411
569420
569422
569430
569463
569465
569480
569484
569491
569507
569539
569541
569544
569555
569576
569586
569587
569589
569594
569628
569648
569648
569668
569674
569675
569684
569714
569735
569741
569749
569749
569750
569781
569783
569792
569795
569820
569820
569832
569842
569847
569857
569870
569873
569903
569912
569918
569950
569956
569969
569986
569994
570000
570007
570015
570026
570035
570038
570044
570075
570075
570095
570115
570118
570130
570138
570140
570161
570164
570172
570182
570199
570221
570231
570234
570236
570248
570264
570266
570272
570274
570277
570280
570297
570317
570319
570332
570336
570344
570346
570346
570351
570359
570377
570389
570422
570426
570437
570437
570450
570462
570463
570464
570467
570485
570487
570498
570522
570525
570530
570569
570575
570577
570588
570600
570603
570619
570620
570660
570667
570676
570679
570679
570687
570698
570702
570707
570710
570714
570725
570740
570746
570748
570752
570761
570772
570772
570803
570808
570809
570838
570857
570866
570882
570896
570897
570899
570902
570920
570931
570942
570951
570954
570966
570970
571000
571011
571016
571042
571055
571065
571072
571110
571110
571154
571156
571161
571173
571174
571177
571200
571201
571234
571237
571244
571247
571247
571252
571263
571265
571276
571282
571295
571307
571309
571324
571326
571342
571353
571376
571383
571388
571394
571409
571415
571437
571443
571446
571456
571465
571470
571490
571491
571508
571517
571524
571526
571530
571533
571544
571548
571572
571572
571583
571590
571603
571613
571614
571637
571644
571648
571661
571666
571701
571723
571742
571761
571770
571780
571798
571803
571809
571814
571822
571824
571830
571832
571839
571842
571877
571905
571912
571923
571936
571936
571943
571944
571948
571954
571958
571962
571969
571986
571991
571994
571998
572027
572037
572039
572040
572047
572050
572059
572064
572070
572082
572107
572113
572113
572114
572139
572143
572168
572172
572195
572200
572236
572256
572258
572264
572268
572293
572293
572297
572329
572334
572347
572358
572361
572362
572364
572368
572371
572378
572382
572390
572394
572425
572432
572433
572438
572445
572464
572470
572470
572481
572482
572504
572506
572527
572531
572546
572547
572562
572564
572573
572585
572599
572619
572620
572620
572627
572630
572648
572654
572659
572662
572671
572674
572677
572678
572698
572700
572715
572728
572733
572746
572750
572754
572757
572783
572784
572786
572790
572800
572807
572808
572821
572824
572831
572836
572840
572845
572868
572873
572890
572906
572911
572913
572923
572934
572953
572956
572959
572972
572977
572981
572986
572995
573006
573032
573034
573051
573057
573064
573072
573083
573115
573128
573141
573167
573184
573187
573209
573249
573277
573285
573285
573288
573302
573313
573318
573323
573327
573329
573333
573358
573361
573363
573367
573372
573375
573381
573382
573388
573402
573404
573430
573448
573452
573475
573476
573482
573533
573534
573542
573546
573552
573553
573561
573566
573567
573575
573581
573594
573595
573608
573615
573618
573619
573641
573645
573662
573688
573690
573701
573733
573769
573790
573791
573801
573818
573822
573822
573830
573839
573855
573867
573886
573900
573914
573921
573927
573933
573956
573965
573968
573974
573974
573981
574000
574005
574009
574014
574023
574032
574038
574040
574042
574046
574079
574092
574100
574115
574116
574128
574143
574150
574163
574172
574174
574176
574179
574187
574190
574200
574201
574201
574204
574216
574216
574221
574223
574224
574226
574233
574264
574264
574278
574291
574314
574334
574339
574341
574353
574369
574400
574419
574453
574495
574498
574499
574506
574509
574516
574517
574517
574534
574542
574547
574553
574558
574560
574563
574569
574580
574593
574599
574606
574611
574613
574622
574631
574638
574660
574667
574702
574703
574734
574754
574762
574773
574780
574780
574783
574825
574830
574850
574870
574877
574899
574904
574922
574932
574937
574972
574973
574979
574992
574992
575007
575014
575021
575040
575042
575054
575055
575060
575076
575098
575111
575112
575116
575127
575136
575141
575161
575162
575162
575175
575187
575190
575191
575226
575236
575241
575265
575265
575267
575269
575271
575283
575331
575332
575339
575340
575341
575353
575359
575361
575378
575380
575389
575409
575420
575424
575425
575443
575448
575456
575464
575472
575476
575488
575489
575497
575513
575518
575525
575529
575534
575535
575540
575548
575552
575552
575560
575567
575582
575582
575599
575612
575619
575622
575671
575672
575678
575685
575704
575710
575710
575728
575728
575730
575746
575769
575775
575787
575793
575808
575818
575842
575855
575861
575866
575872
575890
575896
575899
575927
575939
575947
575953
575979
576015
576016
576022
576039
576043
576060
576065
576067
576076
576080
576083
576084
576100
576102
576110
576120
576145
576174
576183
576188
576206
576208
576247
576262
576264
576267
576280
576289
576304
576352
576356
576358
576399
576413
576420
576423
576430
576437
576450
576466
576470
576472
576480
576489
576490
576495
576505
576511
576516
576551
576553
576559
576567
576573
576574
576588
576593
576617
576619
576619
576639
576641
576649
576655
576660
576673
576674
576674
576682
576707
576709
576713
576713
576717
576723
576735
576757
576764
576765
576771
576784
576790
576805
576808
576818
576819
576828
576832
576865
576872
576886
576891
576894
576899
576900
576916
576925
576929
576964
576970
576971
576974
576979
576981
576995
577002
577003
577003
577005
577008
577008
577018
577041
577059
577060
577060
577063
577068
577071
577082
577083
577094
577100
577121
577122
577126
577134
577152
577162
577162
577165
577177
577178
577186
577188
577199
577202
577208
577213
577214
577216
577216
577217
577249
577280
577283
577283
577307
577325
577336
577350
577364
577379
577404
577404
577406
577407
577429
577429
577430
577431
577432
577446
577462
577470
577482
577487
577488
577493
577500
577510
577512
577520
577525
577531
577537
577544
577546
577549
577561
577567
577568
577570
577576
577579
577596
577604
577614
577617
577654
577661
577665
577673
577693
577705
577706
577708
577733
577734
577744
577747
577757
577765
577773
577783
577789
577808
577811
577827
577831
577833
577842
577848
577859
577867
577869
577876
577880
577882
577887
577894
577925
577956
577973
577980
577983
578000
578009
578020
578027
578045
578050
578054
578092
578093
578096
578108
578112
578114
578114
578119
578136
578146
578164
578164
578177
578220
578220
578224
578236
578242
578248
578248
578255
578266
578279
578307
578318
578326
578326
578338
578341
578382
578392
578395
578428
578430
578476
578477
578478
578512
578539
578552
578562
578580
578619
578620
578630
578633
578635
578641
578649
578652
578666
578668
578684
578692
578712
578716
578728
578735
578736
578754
578759
578772
578779
578786
578813
578819
578824
578837
578842
578842
578846
578871
578873
578893
578906
578933
578937
578956
578962
578975
578986
578995
579005
579007
579024
579025
579043
579059
579120
579133
579143
579149
579153
579198
579218
579232
579253
579254
579259
579268
579295
579302
579303
579309
579317
579331
579334
579335
579341
579356
579361
579387
579404
579433
579438
579451
579463
579465
579475
579488
579495
579496
579507
579509
579548
579561
579567
579575
579580
579588
579618
579623
579632
579638
579642
579654
579656
579659
579661
579688
579705
579713
579728
579733
579746
579761
579765
579776
579787
579793
579813
579817
579819
579822
579829
579861
579865
579888
579889
579892
579892
579893
579906
579911
579917
579918
579920
579923
579936
579946
579947
579952
579968
579974
579976
579984
579991
579997
579997
580012
580030
580031
580036
580041
580077
580084
580086
580092
580099
580131
580141
580142
580145
580147
580159
580166
580177
580189
580197
580208
580217
580221
580230
580269
580272
580278
580290
580306
580318
580328
580346
580350
580358
580370
580370
580389
580392
580434
580471
580491
580535
580548
580551
580556
580571
580593
580608
580617
580618
580622
580626
580630
580647
580648
580652
580667
580683
580687
580707
580711
580725
580727
580738
580740
580761
580762
580771
580772
580772
580783
580837
580841
580843
580846
580863
580869
580870
580871
580898
580905
580945
580998
581009
581025
581040
581057
581075
581092
581104
581106
581106
581127
581133
581145
581145
581148
581153
581166
581169
581170
581177
581184
581195
581202
581208
581209
581216
581220
581229
581230
581237
581243
581247
581252
581260
581276
581281
581287
581291
581296
581299
581305
581309
581322
581335
581339
581351
581363
581365
581390
581400
581405
581406
581406
581407
581413
581422
581423
581426
581438
581448
581460
581482
581485
581488
581502
581509
581512
581517
581519
581520
581523
581530
581530
581537
581547
581558
581568
581570
581588
581604
581604
581619
581626
581631
581632
581652
581665
581668
581671
581672
581690
581691
581698
581698
581702
581705
581707
581713
581717
581723
581724
581726
581729
581742
581752
581772
581776
581786
581811
581812
581820
581837
581862
581871
581876
581884
581888
581889
581890
581904
581924
581930
581942
581950
581955
581966
581974
581993
582045
582067
582070
582098
582104
582109
582141
582168
582178
582183
582203
582211
582234
582240
582243
582245
582247
582252
582258
582261
582266
582267
582269
582270
582271
582282
582319
582320
582322
582329
582333
582347
582349
582350
582364
582369
582372
582388
582404
582419
582425
582426
582437
582450
582460
582506
582518
582519
582544
582569
582589
582599
582615
582617
582620
582627
582629
582629
582635
582639
582651
582655
582670
582675
582688
582690
582694
582700
582701
582722
582723
582726
582727
582731
582733
582734
582740
582741
582753
582766
582793
582799
582808
582819
582822
582824
582846
582846
582850
582855
582856
582861
582864
582881
582883
582890
582891
582893
582900
582910
582929
582935
582942
583011
583015
583015
583023
583026
583033
583033
583052
583064
583081
583089
583089
583109
583125
583132
583135
583162
583175
583184
583194
583197
583209
583210
583236
583239
583244
583259
583269
583291
583294
583303
583310
583316
583344
583350
583350
583359
583360
583375
583407
583409
583428
583436
583437
583446
583447
583447
583447
583493
583506
583509
583518
583531
583533
583541
583557
583561
583564
583590
583590
583592
583608
583612
583624
583638
583665
583683
583686
583694
583703
583713
583716
583717
583722
583723
583725
583726
583728
583729
583751
583766
583782
583799
583807
583808
583812
583819
583828
583848
583860
583865
583875
583884
583891
583895
583915
583924
583941
583948
583949
583961
583963
583965
583972
583985
583996
584009
584012
584015
584017
584041
584047
584054
584070
584096
584120
584120
584122
584128
584129
584142
584148
584157
584158
584175
584197
584210
584214
584241
584244
584258
584276
584279
584286
584312
584342
584345
584359
584381
584415
584419
584430
584448
584448
584451
584451
584457
584477
584486
584486
584488
584500
584517
584518
584522
584539
584545
584574
584593
584598
584620
584634
584653
584654
584656
584657
584659
584673
584676
584685
584691
584697
584733
584761
584777
584778
584801
584803
584803
584805
584813
584818
584831
584842
584850
584851
584853
584867
584875
584878
584879
584887
584891
584897
584919
584927
584936
584951
584956
584956
584966
584972
584974
584980
584987
584989
585004
585015
585019
585024
585053
585077
585077
585078
585080
585085
585093
585106
585128
585166
585170
585172
585180
585203
585213
585215
585241
585247
585260
585280
585284
585293
585305
585315
585330
585335
585340
585346
585346
585351
585371
585373
585375
585376
585399
585401
585407
585413
585419
585424
585427
585427
585453
585454
585479
585482
585492
585506
585510
585515
585518
585519
585546
585549
585552
585567
585568
585569
585576
585577
585585
585597
585605
585605
585614
585623
585625
585650
585657
585670
585681
585705
585714
585724
585730
585732
585754
585762
585780
585784
585818
585827
585837
585845
585852
585909
585940
585950
585960
585962
585963
585966
585975
585986
585998
586016
586017
586019
586021
586023
586025
586028
586043
586044
586054
586071
586073
586122
586125
586132
586154
586188
586190
586202
586212
586214
586230
586230
586235
586243
586244
586244
586268
586270
586282
586300
586316
586321
586326
586326
586339
586347
586348
586356
586357
586363
586367
586368
586370
586380
586394
586399
586406
586411
586429
586440
586446
586448
586451
586458
586460
586472
586482
586485
586488
586504
586529
586552
586557
586563
586584
586590
586596
586598
586623
586630
586637
586640
586656
586659
586668
586668
586675
586680
586699
586704
586706
586709
586709
586709
586715
586719
586761
586766
586771
586773
586773
586776
586808
586810
586811
586811
586812
586817
586821
586829
586841
586842
586850
586866
586869
586879
586886
586895
586909
586920
586920
586933
586941
586959
586963
586979
587006
587013
587016
587019
587033
587036
587044
587058
587068
587070
587100
587128
587143
587156
587156
587158
587167
587178
587183
587185
587213
587222
587225
587226
587251
587253
587255
587263
587266
587266
587278
587294
587299
587306
587329
587330
587336
587337
587365
587368
587377
587383
587389
587391
587393
587394
587398
587423
587424
587443
587452
587470
587491
587497
587502
587522
587538
587550
587551
587559
587562
587571
587572
587579
587584
587584
587600
587606
587610
587632
587640
587642
587647
587680
587686
587720
587722
587727
587729
587730
587733
587734
587735
587737
587744
587756
587772
587781
587781
587789
587804
587806
587810
587827
587843
587846
587852
587871
587879
587885
587915
587916
587931
587933
587957
587970
587992
587993
587997
588016
588028
588029
588055
588066
588072
588109
588113
588116
588126
588132
588152
588153
588164
588181
588201
588202
588209
588225
588239
588249
588260
588260
588261
588269
588275
588276
588278
588294
588299
588303
588312
588312
588313
588329
588335
588343
588347
588348
588356
588360
588371
588372
588373
588389
588390
588468
588470
588471
588484
588488
588489
588496
588502
588507
588508
588513
588516
588535
588539
588547
588551
588553
588580
588582
588585
588590
588597
588620
588633
588649
588657
588663
588670
588686
588691
588698
588706
588715
588723
588727
588746
588752
588782
588791
588826
588843
588849
588854
588858
588862
588890
588896
588920
588953
588959
588980
588993
589020
589027
589045
589050
589061
589083
589089
589105
589120
589126
589135
589140
589145
589155
589160
589165
589195
589196
589203
589218
589231
589254
589257
589268
589286
589312
589316
589335
589343
589343
589343
589346
589350
589362
589380
589385
589428
589437
589439
589442
589465
589476
589476
589477
589488
589493
589496
589496
589504
589508
589540
589542
589556
589577
589605
589605
589623
589624
589636
589640
589647
589653
589655
589679
589709
589724
589726
589733
589734
589744
589746
589748
589759
589766
589774
589774
589776
589805
589819
589827
589854
589860
589876
589882
589885
589887
589887
589890
589891
589892
589893
589898
589899
589902
589902
589933
589948
589949
589952
589965
590001
590041
590053
590054
590059
590071
590091
590096
590099
590101
590102
590121
590129
590139
590141
590145
590154
590162
590196
590201
590213
590221
590228
590234
590239
590248
590251
590261
590269
590271
590274
590280
590287
590295
590301
590302
590303
590306
590318
590330
590333
590344
590348
590349
590376
590383
590386
590394
590396
590398
590409
590420
590420
590425
590432
590435
590448
590448
590490
590499
590508
590525
590527
590538
590541
590564
590566
590582
590598
590600
590603
590641
590661
590689
590703
590704
590708
590716
590716
590719
590729
590731
590740
590742
590779
590782
590789
590800
590809
590825
590831
590838
590861
590878
590914
590926
590928
590929
590959
590961
590968
590997
591015
591021
591028
591038
591054
591055
591057
591103
591108
591152
591194
591198
591220
591228
591229
591254
591273
591281
591302
591304
591306
591318
591328
591335
591358
591375
591385
591386
591391
591406
591410
591419
591423
591426
591429
591451
591453
591466
591491
591496
591542
591548
591567
591568
591577
591581
591596
591612
591648
591652
591658
591658
591662
591669
591682
591689
591691
591694
591699
591719
591734
591738
591755
591760
591761
591795
591806
591811
591848
591849
591881
591890
591900
591904
591911
591919
591930
591934
591989
592004
592011
592013
592064
592081
592099
592113
592135
592145
592146
592149
592149
592153
592168
592181
592182
592187
592187
592187
592196
592196
592216
592218
592237
592237
592239
592241
592244
592259
592272
592285
592292
592300
592305
592308
592315
592317
592319
592336
592351
592355
592373
592375
592389
592393
592403
592419
592421
592444
592466
592485
592485
592487
592487
592496
592505
592520
592522
592524
592527
592535
592546
592552
592554
592558
592572
592578
592579
592584
592587
592594
592612
592633
592639
592639
592642
592659
592660
592662
592664
592668
592681
592703
592732
592735
592741
592745
592747
592755
592766
592796
592797
592798
592807
592847
592850
592857
592860
592860
592869
592876
592885
592885
592892
592923
592937
592952
592952
592958
592958
592980
592988
593008
593019
593024
593025
593027
593029
593030
593039
593044
593073
593076
593078
593080
593094
593109
593111
593111
593140
593143
593166
593185
593189
593192
593226
593226
593230
593232
593238
593240
593249
593252
593259
593260
593260
593286
593289
593300
593306
593313
593315
593328
593330
593352
593355
593379
593391
593393
593397
593415
593416
593433
593436
593490
593509
593511
593514
593515
593526
593527
593528
593528
593530
593532
593554
593559
593560
593561
593583
593591
593595
593631
593644
593651
593687
593703
593707
593712
593725
593725
593730
593734
593736
593741
593744
593752
593753
593755
593761
593765
593777
593777
593779
593789
593817
593834
593846
593849
593856
593860
593869
593870
593899
593906
593911
593934
593961
593965
593966
593972
593981
593988
593996
593996
593998
594017
594021
594024
594027
594043
594062
594095
594095
594099
594109
594110
594111
594120
594131
594132
594141
594142
594145
594153
594153
594154
594165
594167
594180
594181
594193
594219
594222
594235
594250
594262
594274
594274
594276
594285
594294
594295
594295
594300
594316
594337
594346
594356
594368
594370
594386
594395
594399
594400
594428
594436
594439
594482
594488
594491
594494
594495
594497
594498
594513
594520
594522
594531
594542
594556
594560
594573
594576
594580
594586
594589
594590
594594
594599
594600
594626
594632
594644
594673
594677
594688
594706
594708
594714
594715
594717
594751
594751
594760
594782
594804
594804
594817
594861
594866
594868
594871
594882
594903
594907
594911
594931
594933
594937
594939
594940
594951
594956
594987
594991
595047
595052
595074
595075
595082
595103
595103
595116
595117
595121
595129
595183
595224
595226
595232
595236
595250
595267
595270
595276
595278
595293
595309
595341
595345
595379
595405
595408
595418
595422
595434
595438
595443
595445
595447
595464
595468
595474
595474
595476
595492
595495
595500
595505
595516
595524
595527
595533
595536
595547
595553
595588
595595
595595
595608
595618
595633
595657
595662
595669
595679
595687
595698
595698
595704
595707
595711
595729
595731
595747
595750
595772
595776
595779
595782
595783
595786
595789
595791
595795
595804
595864
595866
595867
595877
595879
595893
595894
595900
595903
595908
595912
595924
595928
595941
595951
595956
595958
596005
596011
596020
596050
596069
596072
596074
596089
596094
596096
596097
596106
596112
596117
596123
596187
596192
596201
596214
596215
596223
596228
596232
596238
596247
596248
596248
596255
596256
596270
596272
596273
596282
596288
596309
596320
596321
596338
596358
596387
596406
596411
596435
596439
596442
596456
596465
596476
596487
596489
596492
596495
596519
596522
596522
596523
596548
596551
596573
596623
596627
596640
596641
596646
596652
596653
596655
596657
596661
596673
596677
596678
596678
596681
596694
596703
596713
596727
596727
596728
596733
596736
596740
596745
596745
596746
596746
596749
596759
596764
596766
596772
596795
596800
596825
596834
596842
596844
596846
596854
596856
596860
596870
596880
596907
596908
596911
596914
596962
596962
596976
596978
596986
596998
597003
597016
597023
597032
597044
597052
597064
597069
597078
597081
597083
597110
597126
597139
597157
597165
597167
597174
597181
597198
597200
597213
597223
597236
597247
597247
597296
597308
597315
597320
597323
597326
597331
597345
597347
597347
597353
597372
597388
597407
597451
597465
597472
597476
597483
597484
597507
597519
597522
597523
597548
597551
597563
597564
597565
597580
597595
597599
597630
597642
597646
597654
597663
597668
597677
597706
597714
597717
597721
597751
597761
597768
597781
597790
597791
597812
597826
597829
597850
597850
597850
597851
597881
597893
597899
597901
597933
597935
597943
597950
597961
597984
597991
597994
598006
598008
598011
598015
598036
598038
598048
598058
598060
598064
598081
598089
598094
598126
598134
598146
598152
598158
598161
598162
598177
598181
598185
598191
598194
598197
598202
598206
598231
598245
598250
598251
598257
598263
598267
598269
598276
598279
598283
598294
598304
598304
598320
598354
598371
598407
598408
598419
598427
598431
598449
598463
598466
598476
598562
598577
598578
598590
598595
598615
598615
598629
598629
598637
598643
598645
598648
598652
598656
598669
598682
598695
598697
598701
598704
598705
598726
598731
598744
598752
598761
598779
598788
598796
598801
598802
598802
598802
598813
598847
598868
598872
598877
598893
598901
598923
598939
598948
598949
598949
598952
598967
598973
598978
598999
599013
599025
599043
599044
599045
599046
599066
599082
599083
599083
599090
599096
599099
599119
599161
599170
599174
599189
599207
599234
599235
599245
599254
599262
599271
599274
599284
599297
599301
599316
599318
599322
599324
599324
599333
599335
599355
599420
599426
599426
599432
599452
599458
599460
599464
599472
599474
599476
599479
599508
599510
599535
599541
599551
599576
599584
599591
599606
599617
599621
599621
599623
599625
599626
599627
599640
599640
599658
599662
599662
599673
599698
599743
599761
599763
599767
599769
599773
599799
599809
599816
599822
599842
599851
599892
599913
599930
599936
599936
599964
599968
599979
600020
600029
600041
600065
600076
600080
600084
600102
600133
600134
600137
600161
600170
600173
600177
600193
600196
600197
600213
600215
600232
600233
600243
600262
600271
600275
600284
600300
600321
600325
600325
600333
600345
600353
600373
600381
600381
600386
600393
600393
600422
600430
600431
600435
600440
600443
600447
600447
600450
600452
600459
600460
600464
600470
600473
600486
600493
600493
600521
600534
600544
600561
600580
600583
600592
600592
600605
600617
600618
600627
600630
600648
600651
600652
600665
600672
600693
600701
600706
600711
600713
600718
600719
600724
600734
600735
600746
600786
600811
600813
600831
600851
600877
600880
600885
600897
600898
600909
600919
600926
600928
600993
601005
601006
601015
601024
601048
601066
601076
601091
601096
601107
601113
601117
601131
601132
601135
601141
601145
601152
601163
601205
601214
601215
601222
601249
601252
601257
601294
601309
601342
601345
601379
601389
601412
601415
601421
601437
601441
601443
601451
601458
601474
601487
601498
601519
601533
601545
601559
601560
601563
601586
601597
601606
601608
601622
601635
601644
601662
601666
601675
601675
601680
601683
601684
601685
601694
601698
601703
601712
601724
601727
601738
601748
601751
601756
601776
601782
601805
601809
601824
601824
601853
601867
601877
601897
601913
601914
601924
601929
601934
601946
601958
601963
601975
601977
601983
602009
602011
602022
602022
602030
602042
602045
602084
602087
602088
602099
602112
602116
602120
602124
602147
602157
602158
602173
602184
602193
602202
602206
602209
602216
602234
602239
602263
602264
602271
602272
602273
602276
602291
602300
602308
602308
602318
602364
602377
602394
602401
602402
602402
602407
602421
602425
602425
602431
602441
602449
602458
602472
602479
602486
602492
602496
602503
602523
602526
602532
602553
602558
602559
602564
602570
602571
602582
602582
602601
602603
602618
602635
602643
602652
602661
602685
602698
602720
602722
602731
602733
602737
602742
602769
602787
602790
602794
602805
602807
602813
602822
602836
602863
602863
602864
602868
602876
602877
602890
602891
602892
602895
602911
602936
602942
602960
602964
602964
602982
602984
602992
603008
603015
603016
603017
603022
603029
603073
603091
603095
603102
603102
603111
603131
603172
603174
603175
603187
603187
603193
603197
603204
603214
603227
603228
603237
603238
603245
603262
603272
603277
603285
603298
603303
603312
603325
603334
603346
603363
603374
603383
603388
603402
603408
603409
603412
603429
603442
603464
603469
603501
603510
603510
603516
603527
603545
603551
603554
603556
603573
603621
603623
603645
603651
603664
603667
603720
603729
603741
603751
603751
603752
603753
603760
603760
603779
603780
603782
603806
603821
603823
603826
603835
603840
603842
603857
603871
603916
603920
603921
603924
603927
603936
603936
603938
603945
603954
603975
603986
603992
603992
603994
603994
604008
604018
604018
604026
604037
604044
604053
604053
604073
604079
604085
604096
604110
604125
604148
604172
604178
604184
604184
604190
604192
604237
604238
604244
604272
604286
604297
604301
604325
604341
604343
604346
604353
604382
604384
604413
604434
604444
604445
604456
604458
604474
604486
604491
604491
604510
604521
604524
604530
604549
604550
604580
604581
604581
604583
604605
604607
604608
604612
604634
604637
604650
604672
604678
604687
604693
604701
604715
604738
604738
604748
604748
604751
604761
604789
604796
604813
604818
604820
604820
604845
604845
604885
604889
604898
604908
604925
604934
604950
604953
604974
604978
604979
604994
604994
605001
605009
605023
605023
605033
605090
605102
605102
605105
605123
605125
605132
605154
605157
605183
605188
605194
605201
605208
605232
605235
605253
605254
605257
605263
605267
605310
605326
605335
605346
605348
605351
605358
605359
605378
605423
605423
605423
605427
605427
605428
605446
605450
605455
605458
605471
605477
605491
605491
605502
605528
605530
605531
605534
605542
605556
605571
605581
605605
605630
605631
605631
605637
605643
605644
605667
605669
605671
605694
605708
605725
605752
605753
605767
605767
605769
605787
605823
605827
605836
605842
605852
605868
605873
605885
605892
605894
605904
605905
605913
605917
605938
605945
605945
605984
605994
606006
606012
606029
606035
606036
606039
606042
606047
606053
606058
606068
606083
606103
606105
606106
606114
606123
606139
606181
606189
606198
606203
606214
606219
606234
606235
606236
606237
606238
606251
606286
606295
606307
606321
606321
606335
606342
606343
606347
606352
606355
606376
606382
606386
606391
606406
606420
606440
606449
606462
606475
606482
606486
606494
606509
606538
606557
606557
606577
606580
606581
606591
606591
606601
606621
606625
606634
606660
606667
606676
606696
606702
606703
606710
606715
606720
606733
606739
606741
606743
606745
606756
606763
606765
606775
606779
606779
606791
606801
606822
606837
606845
606860
606866
606867
606868
606893
606898
606910
606944
606956
606960
606966
606967
606967
606973
606976
606992
606993
607014
607029
607054
607056
607066
607067
607071
607074
607074
607079
607085
607089
607103
607104
607110
607125
607127
607130
607142
607152
607153
607167
607174
607200
607200
607201
607205
607213
607237
607248
607252
607256
607259
607290
607304
607338
607340
607349
607352
607355
607389
607389
607392
607410
607411
607413
607425
607426
607430
607457
607468
607475
607484
607485
607492
607510
607514
607517
607524
607538
607539
607539
607544
607556
607557
607561
607568
607571
607573
607603
607621
607635
607637
607641
607650
607654
607658
607663
607674
607676
607683
607700
607725
607731
607737
607766
607767
607787
607792
607797
607821
607821
607828
607829
607852
607858
607885
607891
607899
607922
607932
607944
607952
607952
607954
607954
607966
607969
607982
607986
607993
607995
608010
608062
608066
608068
608069
608083
608083
608090
608098
608113
608115
608120
608123
608124
608134
608144
608163
608169
608209
608212
608220
608240
608244
608257
608283
608284
608286
608286
608289
608292
608302
608302
608303
608314
608326
608334
608340
608348
608351
608357
608357
608367
608371
608377
608386
608412
608415
608426
608426
608430
608439
608439
608440
608442
608445
608448
608463
608477
608487
608504
608510
608518
608532
608560
608563
608581
608600
608603
608604
608615
608618
608622
608622
608623
608633
608637
608642
608646
608665
608693
608693
608698
608700
608710
608717
608719
608726
608728
608735
608737
608743
608786
608796
608807
608811
608814
608821
608859
608868
608876
608890
608899
608906
608918
608921
608943
608959
608964
608964
608969
608970
608970
608992
609016
609023
609039
609058
609081
609095
609097
609102
609107
609113
609126
609133
609135
609173
609173
609179
609181
609190
609193
609198
609275
609276
609290
609297
609310
609317
609318
609328
609344
609353
609356
609363
609378
609391
609395
609398
609409
609420
609428
609433
609436
609439
609451
609452
609456
609461
609468
609496
609497
609516
609531
609564
609579
609591
609595
609605
609636
609637
609637
609654
609669
609680
609715
609719
609719
609725
609726
609764
609765
609773
609775
609778
609791
609796
609798
609799
609801
609806
609814
609815
609826
609832
609832
609837
609863
609866
609870
609891
609893
609916
609924
609932
609942
609953
609989
609999
610038
610047
610050
610051
610080
610085
610087
610091
610102
610113
610116
610142
610145
610146
610157
610158
610171
610177
610193
610209
610215
610217
610245
610255
610263
610263
610265
610273
610291
610297
610298
610320
610326
610326
610327
610346
610358
610377
610401
610407
610410
610424
610428
610428
610449
610464
610465
610469
610483
610485
610509
610518
610522
610523
610527
610533
610541
610548
610549
610568
610601
610605
610606
610619
610626
610627
610644
610659
610661
610663
610676
610690
610700
610711
610716
610719
610737
610745
610749
610761
610767
610773
610781
610796
610799
610822
610837
610843
610843
610867
610889
610902
610914
610957
610958
610960
610988
610991
610993
610995
610995
611003
611021
611032
611053
611061
611069
611069
611078
611097
611098
611107
611109
611114
611117
611129
611156
611162
611170
611183
611192
611213
611215
611221
611230
611232
611262
611264
611295
611296
611305
611325
611328
611351
611359
611360
611389
611396
611404
611408
611415
611421
611421
611423
611445
611461
611471
611473
611475
611480
611492
611510
611512
611524
611528
611536
611547
611547
611559
611573
611573
611583
611588
611593
611605
611614
611625
611631
611648
611650
611657
611659
611668
611672
611680
611685
611687
611690
611695
611695
611706
611716
611717
611731
611749
611749
611764
611772
611782
611802
611805
611820
611820
611826
611830
611838
611843
611848
611850
611858
611863
611866
611891
611893
611907
611913
611917
611924
611962
611980
612017
612019
612020
612021
612030
612032
612049
612051
612061
612064
612071
612076
612100
612100
612120
612121
612131
612135
612135
612137
612142
612143
612144
612155
612167
612196
612212
612215
612240
612256
612259
612281
612308
612311
612322
612324
612348
612366
612368
612380
612381
612403
612409
612413
612419
612455
612476
612478
612494
612507
612514
612538
612574
612578
612589
612595
612610
612611
612632
612655
612656
612662
612667
612669
612698
612698
612698
612703
612705
612736
612748
612763
612766
612776
612777
612791
612796
612800
612801
612827
612828
612828
612852
612866
612894
612927
612939
612955
612960
612964
612986
612994
613010
613013
613015
613023
613037
613049
613059
613061
613072
613075
613076
613083
613097
613106
613121
613141
613152
613153
613199
613200
613203
613223
613229
613230
613237
613256
613259
613274
613287
613319
613324
613325
613330
613341
613345
613366
613402
613405
613411
613437
613455
613473
613492
613503
613518
613528
613541
613544
613555
613564
613576
613584
613588
613634
613634
613643
613644
613655
613676
613681
613684
613691
613700
613702
613711
613714
613719
613731
613732
613760
613760
613765
613766
613776
613777
613778
613779
613786
613806
613814
613815
613824
613844
613848
613859
613862
613892
613892
613915
613937
613939
613941
613942
613958
613971
613982
613995
613995
614004
614008
614016
614025
614034
614036
614050
614074
614091
614093
614093
614095
614105
614108
614112
614126
614132
614140
614148
614156
614166
614170
614176
614183
614187
614187
614188
614189
614194
614203
614210
614217
614237
614238
614241
614254
614259
614272
614287
614296
614327
614338
614369
614374
614393
614408
614410
614434
614452
614463
614486
614488
614491
614492
614514
614530
614536
614545
614551
614563
614565
614567
614571
614577
614594
614601
614611
614632
614637
614639
614644
614646
614668
614670
614674
614676
614693
614693
614698
614712
614719
614721
614728
614737
614743
614747
614759
614762
614763
614776
614800
614815
614815
614819
614819
614830
614843
614844
614861
614861
614882
614885
614904
614926
614929
614934
614957
614959
614971
614972
614984
614989
614994
615001
615007
615008
615017
615042
615063
615087
615095
615114
615125
615132
615136
615148
615149
615158
615166
615235
615250
615261
615264
615279
615296
615300
615335
615340
615352
615382
615388
615394
615407
615417
615432
615451
615457
615466
615484
615490
615493
615500
615501
615519
615525
615526
615551
615572
615582
615591
615600
615606
615611
615616
615620
615635
615638
615653
615653
615657
615668
615694
615694
615713
615730
615746
615762
615764
615769
615807
615812
615814
615817
615827
615828
615831
615835
615836
615845
615856
615857
615860
615862
615882
615891
615904
615906
615917
615950
615954
615955
615955
615955
615966
615985
615992
615992
615996
616003
616007
616018
616022
616055
616078
616101
616108
616120
616121
616125
616127
616143
616151
616152
616171
616197
616216
616223
616233
616239
616241
616247
616265
616275
616297
616313
616313
616315
616317
616321
616329
616333
616342
616344
616357
616365
616380
616389
616390
616396
616398
616399
616405
616409
616442
616446
616487
616500
616507
616512
616538
616557
616573
616587
616588
616595
616606
616623
616624
616633
616636
616639
616653
616675
616676
616687
616695
616696
616700
616706
616719
616739
616753
616761
616773
616784
616787
616787
616796
616817
616826
616830
616831
616841
616881
616896
616900
616923
616927
616931
616948
616949
616950
616961
616962
616966
616973
616973
617000
617021
617034
617051
617055
617068
617080
617096
617109
617132
617135
617138
617148
617154
617166
617179
617183
617185
617199
617208
617210
617213
617216
617243
617244
617245
617248
617252
617254
617267
617284
617291
617293
617296
617297
617310
617319
617330
617347
617348
617363
617367
617369
617370
617375
617376
617410
617415
617417
617432
617437
617448
617463
617471
617491
617494
617497
617498
617500
617507
617538
617556
617561
617570
617602
617604
617613
617615
617619
617632
617633
617665
617666
617679
617686
617698
617723
617728
617729
617750
617798
617798
617798
617801
617804
617804
617808
617810
617811
617858
617864
617872
617879
617887
617892
617900
617901
617908
617921
617953
617954
617954
617956
617980
617991
617993
618007
618015
618021
618025
618037
618038
618041
618061
618071
618072
618080
618082
618094
618098
618108
618108
618110
618112
618128
618140
618156
618217
618218
618219
618227
618233
618240
618245
618264
618302
618302
618319
618321
618323
618324
618330
618335
618355
618384
618403
618418
618433
618449
618453
618462
618485
618490
618494
618494
618495
618507
618509
618515
618520
618522
618531
618543
618558
618577
618602
618606
618611
618619
618688
618698
618707
618719
618738
618746
618751
618753
618759
618772
618776
618779
618785
618797
618801
618803
618807
618810
618815
618820
618897
618908
618949
618962
618962
618975
618981
619001
619008
619009
619039
619053
619053
619058
619063
619072
619076
619083
619096
619116
619122
619146
619154
619161
619174
619193
619206
619215
619253
619266
619270
619278
619293
619319
619327
619331
619360
619361
619362
619365
619403
619421
619430
619439
619442
619456
619482
619489
619511
619535
619547
619573
619592
619602
619603
619612
619628
619634
619639
619649
619657
619673
619680
619691
619691
619698
619703
619709
619741
619787
619792
619795
619800
619821
619822
619824
619829
619830
619831
619837
619838
619850
619855
619867
619872
619872
619882
619885
619888
619892
619896
619910
619915
619915
619918
619921
619936
619964
619973
619974
619985
619989
620010
620030
620037
620053
620061
620082
620084
620106
620119
620119
620119
620126
620127
620139
620149
620160
620211
620216
620235
620266
620272
620286
620295
620295
620308
620311
620320
620339
620340
620342
620344
620363
620363
620377
620379
620382
620386
620396
620409
620420
620420
620424
620431
620437
620437
620441
620442
620452
620458
620459
620465
620466
620469
620479
620498
620519
620521
620523
620528
620533
620537
620545
620545
620554
620576
620594
620611
620612
620667
620668
620673
620674
620687
620690
620695
620695
620710
620715
620722
620723
620728
620741
620744
620749
620749
620761
620768
620770
620784
620789
620797
620797
620807
620812
620813
620817
620817
620818
620818
620821
620835
620863
620868
620873
620875
620895
620900
620932
620941
620978
620981
620983
620985
620988
621018
621035
621037
621044
621048
621049
621053
621062
621067
621077
621100
621100
621127
621133
621135
621137
621150
621159
621160
621194
621200
621204
621230
621235
621237
621239
621254
621254
621255
621257
621263
621269
621279
621282
621294
621306
621312
621319
621322
621329
621332
621349
621351
621365
621366
621384
621398
621405
621407
621443
621454
621456
621471
621475
621499
621500
621507
621513
621523
621544
621547
621564
621568
621582
621583
621595
621596
621596
621599
621609
621611
621613
621614
621618
621623
621627
621640
621661
621667
621674
621687
621700
621707
621740
621746
621758
621760
621760
621766
621769
621776
621779
621781
621782
621783
621795
621798
621825
621830
621850
621863
621872
621883
621886
621895
621899
621904
621927
621939
621941
621958
621963
621978
621984
621986
621993
621993
621996
622003
622007
622027
622045
622053
622059
622067
622086
622092
622096
622100
622103
622139
622141
622150
622159
622183
622191
622219
622223
622233
622238
622239
622248
622259
622289
622290
622291
622296
622306
622307
622323
622323
622355
622373
622383
622409
622415
622425
622426
622432
622432
622437
622438
622447
622451
622497
622499
622512
622525
622533
622544
622552
622553
622556
622579
622585
622601
622611
622619
622630
622636
622648
622653
622680
622698
622700
622709
622717
622721
622726
622726
622740
622764
622775
622776
622790
622814
622817
622834
622860
622866
622894
622921
622929
622938
622941
622944
622953
622964
622978
622985
622988
622997
623025
623039
623045
623054
623076
623084
623154
623155
623183
623191
623208
623285
623286
623313
623324
623332
623342
623342
623359
623378
623388
623394
623439
623444
623462
623468
623469
623487
623497
623499
623508
623513
623520
623521
623531
623536
623544
623547
623556
623571
623572
623594
623606
623617
623621
623627
623628
623636
623643
623649
623651
623654
623657
623667
623669
623687
623697
623698
623699
623711
623712
623736
623736
623750
623752
623765
623768
623799
623802
623819
623832
623842
623853
623854
623857
623857
623867
623868
623903
623904
623931
623950
623954
623963
623981
623986
623992
623994
623995
624021
624030
624034
624036
624052
624060
624060
624063
624065
624065
624066
624069
624089
624109
624119
624124
624124
624130
624143
624165
624170
624172
624185
624196
624214
624230
624243
624243
624253
624280
624283
624287
624305
624314
624316
624324
624346
624357
624364
624375
624377
624380
624385
624400
624411
624424
624426
624426
624452
624466
624490
624496
624501
624506
624506
624519
624536
624552
624560
624563
624568
624571
624589
624607
624609
624618
624626
624640
624662
624668
624684
624685
624693
624711
624715
624720
624758
624767
624769
624772
624778
624790
624807
624815
624836
624850
624868
624870
624913
624936
624940
624959
624959
624976
625003
625019
625022
625033
625035
625059
625073
625075
625085
625092
625103
625122
625125
625126
625131
625134
625141
625173
625178
625193
625201
625202
625209
625210
625213
625237
625240
625270
625274
625275
625278
625296
625322
625324
625333
625333
625336
625338
625348
625349
625362
625369
625375
625380
625383
625394
625399
625443
625461
625461
625465
625472
625472
625473
625490
625502
625502
625510
625574
625583
625598
625605
625661
625662
625684
625694
625703
625710
625714
625724
625763
625772
625789
625791
625792
625803
625818
625823
625829
625833
625833
625863
625907
625918
625923
625938
625939
625955
625957
625973
625995
625997
626013
626027
626044
626045
626046
626049
626066
626090
626092
626094
626097
626108
626109
626114
626132
626140
626144
626161
626166
626167
626186
626194
626199
626201
626228
626228
626237
626238
626253
626258
626263
626264
626270
626271
626290
626291
626298
626300
626306
626313
626317
626337
626341
626350
626355
626365
626371
626391
626417
626423
626457
626463
626492
626504
626507
626514
626519
626520
626524
626539
626544
626551
626556
626569
626575
626579
626585
626589
626594
626594
626596
626599
626617
626649
626661
626672
626676
626679
626680
626700
626716
626725
626745
626748
626772
626783
626792
626793
626800
626821
626829
626843
626853
626858
626859
626861
626862
626869
626872
626889
626890
626898
626909
626914
626927
626942
626962
626966
626979
626999
626999
627011
627016
627020
627045
627046
627047
627057
627057
627067
627075
627081
627094
627095
627098
627106
627123
627125
627133
627134
627139
627145
627166
627176
627211
627215
627221
627225
627227
627234
627239
627241
627249
627250
627258
627266
627280
627283
627290
627293
627300
627305
627307
627312
627319
627323
627327
627335
627340
627342
627360
627379
627387
627387
627389
627391
627392
627406
627409
627414
627419
627434
627437
627448
627448
627460
627470
627497
627499
627500
627512
627521
627535
627568
627583
627588
627599
627601
627605
627613
627624
627629
627640
627646
627681
627682
627682
627692
627692
627694
627720
627727
627743
627743
627749
627755
627769
627788
627790
627796
627799
627834
627840
627856
627862
627863
627865
627875
627885
627890
627901
627935
627939
627939
627949
627958
627977
627995
627997
628000
628009
628010
628023
628023
628029
628033
628036
628059
628071
628072
628086
628090
628100
628137
628139
628141
628183
628210
628216
628223
628232
628254
628255
628261
628267
628275
628291
628294
628297
628300
628303
628313
628326
628328
628347
628352
628373
628391
628402
628409
628431
628442
628451
628461
628462
628462
628465
628469
628469
628471
628473
628477
628511
628515
628516
628520
628520
628530
628536
628540
628555
628562
628573
628573
628573
628579
628590
628596
628600
628606
628649
628667
628670
628684
628685
628687
628694
628704
628719
628733
628769
628769
628770
628784
628785
628827
628833
628837
628837
628872
628894
628896
628918
628928
628929
628932
628980
629002
629007
629008
629017
629028
629029
629029
629037
629048
629054
629054
629070
629079
629081
629082
629084
629100
629117
629124
629137
629146
629148
629149
629154
629155
629166
629167
629177
629193
629197
629199
629204
629210
629215
629243
629255
629267
629288
629311
629314
629318
629330
629333
629351
629356
629371
629372
629372
629390
629402
629419
629440
629441
629444
629468
629483
629484
629489
629494
629508
629514
629518
629524
629531
629534
629541
629553
629561
629584
629612
629620
629624
629634
629635
629636
629636
629642
629648
629665
629681
629689
629693
629694
629699
629702
629711
629724
629751
629758
629764
629769
629794
629798
629811
629817
629819
629831
629839
629843
629846
629850
629860
629883
629884
629885
629900
629905
629909
629931
629936
629940
629944
629947
629952
629955
629958
629969
629973
629974
629985
629991
629994
629999
630006
630015
630019
630029
630033
630041
630050
630053
630066
630068
630097
630101
630112
630125
630155
630156
630158
630159
630180
630184
630204
630227
630240
630290
630302
630305
630307
630327
630346
630350
630387
630394
630410
630424
630445
630485
630497
630498
630508
630538
630545
630546
630553
630556
630558
630584
630585
630585
630606
630618
630628
630631
630633
630633
630644
630658
630659
630664
630667
630678
630706
630708
630715
630756
630762
630780
630780
630837
630849
630884
630890
630918
630932
630939
630961
630999
631001
631012
631024
631026
631039
631053
631061
631082
631098
631107
631137
631146
631150
631186
631197
631217
631218
631227
631228
631238
631239
631245
631245
631252
631253
631254
631254
631254
631286
631302
631311
631317
631344
631350
631360
631371
631371
631391
631394
631396
631397
631403
631445
631459
631488
631491
631496
631502
631519
631523
631524
631535
631539
631548
631549
631557
631560
631578
631602
631607
631612
631613
631624
631656
631684
631685
631695
631700
631735
631735
631743
631753
631757
631757
631759
631777
631799
631804
631830
631835
631844
631859
631873
631895
631895
631898
631900
631916
631919
631920
631928
631931
631940
631941
631953
631969
631969
631974
631979
632003
632005
632005
632006
632009
632013
632016
632039
632046
632048
632049
632049
632063
632077
632111
632111
632130
632133
632135
632161
632164
632167
632181
632181
632183
632186
632188
632195
632196
632199
632213
632217
632231
632231
632231
632236
632244
632255
632257
632292
632307
632312
632315
632318
632321
632328
632336
632368
632374
632377
632386
632395
632407
632421
632422
632432
632434
632437
632439
632453
632455
632456
632478
632484
632487
632492
632505
632509
632512
632519
632522
632529
632530
632545
632561
632563
632567
632571
632588
632593
632596
632599
632603
632616
632621
632624
632633
632653
632658
632667
632677
632677
632680
632682
632720
632723
632725
632727
632728
632733
632738
632742
632747
632748
632771
632774
632802
632819
632844
632847
632851
632852
632859
632878
632880
632926
632934
632954
632982
633022
633031
633058
633066
633078
633084
633109
633110
633129
633130
633134
633138
633168
633174
633179
633180
633194
633198
633208
633209
633233
633239
633246
633247
633268
633276
633278
633281
633283
633295
633330
633347
633381
633387
633392
633401
633422
633435
633451
633456
633467
633475
633493
633499
633505
633532
633545
633548
633552
633566
633572
633582
633592
633595
633597
633604
633605
633605
633657
633661
633715
633756
633757
633761
633775
633785
633824
633844
633867
633871
633882
633887
633903
633905
633919
633924
633943
633980
633980
633985
634009
634031
634031
634032
634053
634059
634064
634070
634074
634092
634106
634109
634111
634118
634122
634122
634125
634146
634150
634151
634172
634185
634200
634200
634215
634215
634219
634220
634228
634236
634238
634247
634257
634265
634270
634278
634281
634295
634300
634306
634323
634327
634342
634356
634359
634367
634374
634393
634413
634426
634426
634467
634476
634502
634518
634533
634553
634587
634604
634613
634629
634633
634641
634641
634643
634657
634666
634666
634668
634677
634704
634706
634708
634713
634740
634742
634754
634755
634766
634769
634770
634785
634785
634789
634796
634803
634822
634822
634827
634845
634857
634894
634899
634910
634918
634923
634930
634933
634940
634941
634948
634949
634965
634966
634968
634971
635005
635013
635014
635026
635036
635039
635043
635050
635060
635062
635069
635084
635097
635107
635110
635118
635123
635135
635139
635148
635160
635168
635170
635173
635177
635188
635207
635217
635266
635268
635269
635270
635280
635289
635290
635296
635306
635307
635314
635315
635319
635325
635328
635332
635339
635357
635366
635380
635384
635389
635389
635395
635426
635443
635444
635450
635472
635476
635485
635491
635505
635521
635533
635536
635549
635551
635570
635617
635657
635658
635665
635670
635675
635689
635692
635708
635711
635714
635715
635718
635723
635725
635729
635738
635747
635767
635772
635793
635810
635822
635827
635853
635867
635869
635874
635885
635888
635891
635894
635896
635918
635919
635921
635939
635946
635959
635975
635987
635996
636019
636026
636026
636034
636045
636063
636064
636073
636083
636102
636106
636111
636116
636123
636128
636129
636135
636140
636140
636146
636152
636162
636164
636190
636200
636202
636208
636208
636215
636225
636272
636276
636287
636307
636310
636318
636321
636321
636330
636339
636353
636372
636373
636373
636383
636394
636412
636413
636419
636441
636456
636457
636468
636487
636508
636510
636512
636516
636541
636546
636547
636572
636606
636610
636613
636615
636616
636640
636666
636674
636693
636706
636725
636767
636777
636783
636787
636790
636802
636806
636812
636823
636829
636840
636850
636863
636863
636900
636909
636927
636939
636950
636957
636967
636969
636982
636987
636993
636994
636996
637038
637055
637064
637074
637103
637105
637112
637126
637126
637129
637129
637144
637177
637197
637201
637210
637211
637215
637238
637243
637244
637246
637259
637263
637269
637291
637299
637302
637304
637309
637311
637318
637327
637328
637340
637345
637353
637353
637363
637365
637369
637374
637393
637406
637415
637419
637429
637432
637448
637477
637485
637490
637503
637512
637519
637550
637554
637555
637576
637576
637577
637589
637594
637598
637600
637612
637617
637625
637627
637632
637656
637665
637668
637684
637696
637701
637705
637728
637735
637736
637738
637754
637755
637768
637769
637771
637778
637784
637790
637795
637810
637814
637834
637835
637870
637871
637901
637906
637911
637918
637918
637920
637938
637955
637963
637972
637973
637976
638032
638032
638042
638051
638062
638065
638068
638076
638076
638080
638086
638101
638137
638139
638146
638148
638151
638173
638201
638209
638231
638235
638265
638266
638280
638291
638295
638308
638314
638317
638320
638383
638384
638388
638396
638401
638402
638405
638417
638420
638429
638441
638450
638454
638479
638488
638501
638513
638526
638527
638529
638529
638534
638539
638545
638545
638552
638569
638570
638572
638579
638582
638585
638593
638601
638614
638627
638635
638638
638638
638639
638645
638656
638660
638665
638676
638677
638691
638694
638710
638726
638737
638739
638770
638776
638788
638802
638809
638825
638825
638825
638827
638827
638830
638833
638868
638886
638901
638906
638914
638914
638917
638928
638929
638959
639000
639017
639021
639028
639030
639035
639040
639043
639068
639070
639085
639101
639126
639139
639157
639165
639166
639168
639188
639190
639224
639242
639247
639260
639279
639297
639310
639312
639327
639332
639339
639351
639355
639363
639404
639405
639405
639406
639409
639417
639437
639441
639447
639448
639493
639500
639512
639538
639545
639577
639584
639584
639590
639596
639632
639637
639640
639644
639647
639661
639664
639671
639678
639715
639726
639726
639727
639735
639738
639781
639784
639786
639788
639799
639824
639880
639886
639890
639891
639909
639914
639919
639930
639934
639952
639952
640003
640006
640009
640013
640017
640022
640025
640030
640035
640037
640046
640048
640057
640058
640060
640071
640086
640096
640106
640113
640134
640144
640144
640148
640163
640177
640188
640195
640206
640212
640234
640236
640240
640253
640256
640262
640272
640274
640274
640321
640362
640367
640382
640388
640393
640399
640404
640418
640426
640433
640434
640449
640462
640468
640497
640505
640512
640542
640543
640569
640582
640590
640605
640605
640606
640610
640614
640640
640653
640654
640666
640670
640670
640671
640687
640697
640704
640705
640708
640710
640719
640740
640746
640753
640772
640772
640788
640791
640810
640817
640818
640827
640834
640834
640835
640879
640883
640888
640888
640897
640902
640911
640912
640915
640916
640922
640926
640933
640941
640950
640969
640969
640971
640989
641000
641001
641001
641038
641069
641075
641075
641090
641093
641101
641107
641109
641116
641129
641129
641138
641153
641154
641158
641162
641176
641185
641206
641239
641244
641254
641260
641267
641272
641289
641291
641316
641336
641339
641352
641360
641377
641378
641380
641401
641416
641420
641424
641428
641436
641447
641484
641486
641496
641524
641549
641556
641565
641594
641609
641611
641613
641615
641656
641661
641664
641665
641676
641682
641686
641694
641706
641712
641714
641722
641762
641764
641781
641791
641815
641819
641827
641831
641842
641851
641860
641880
641891
641895
641896
641896
641916
641924
641930
641933
641953
641958
641960
641992
641997
642030
642036
642038
642046
642058
642061
642085
642091
642107
642136
642137
642147
642153
642162
642172
642180
642184
642184
642188
642203
642214
642229
642267
642268
642293
642297
642312
642326
642340
642353
642376
642401
642420
642428
642436
642448
642452
642456
642457
642459
642500
642505
642512
642512
642534
642536
642551
642557
642569
642594
642597
642600
642616
642625
642625
642632
642639
642640
642651
642671
642682
642690
642700
642703
642703
642706
642723
642729
642750
642755
642776
642780
642783
642787
642791
642811
642831
642846
642848
642854
642864
642896
642914
642924
642931
642975
643008
643043
643046
643049
643064
643078
643081
643098
643099
643099
643119
643122
643125
643132
643146
643158
643159
643169
643172
643187
643198
643207
643216
643234
643249
643253
643254
643255
643256
643278
643281
643293
643295
643296
643302
643331
643339
643350
643353
643353
643358
643395
643403
643404
643407
643408
643444
643447
643451
643453
643470
643474
643478
643487
643508
643511
643522
643523
643527
643537
643542
643546
643550
643557
643559
643568
643570
643587
643594
643596
643598
643616
643623
643631
643636
643641
643649
643651
643689
643709
643723
643735
643746
643750
643751
643762
643790
643810
643811
643812
643828
643835
643849
643871
643877
643884
643910
643914
643939
643944
643952
643954
643971
643987
643993
644035
644056
644094
644098
644110
644112
644113
644117
644127
644142
644143
644144
644145
644148
644165
644173
644177
644205
644245
644256
644268
644288
644294
644306
644329
644340
644344
644352
644352
644352
644354
644356
644377
644402
644445
644456
644460
644468
644475
644486
644489
644507
644516
644530
644542
644548
644563
644572
644577
644599
644613
644664
644666
644670
644683
644695
644697
644708
644718
644721
644730
644735
644736
644737
644755
644777
644819
644819
644830
644844
644849
644852
644857
644896
644911
644927
644927
644950
645002
645003
645007
645012
645019
645022
645023
645033
645034
645040
645041
645050
645071
645073
645080
645092
645094
645099
645101
645106
645106
645107
645155
645158
645161
645165
645166
645169
645176
645213
645215
645230
645255
645302
645335
645342
645349
645353
645366
645385
645404
645412
645421
645424
645443
645466
645486
645495
645519
645528
645531
645556
645578
645581
645583
645589
645594
645602
645614
645621
645648
645655
645664
645672
645680
645687
645709
645709
645723
645744
645755
645766
645767
645791
645798
645828
645830
645833
645838
645848
645855
645855
645857
645879
645880
645884
645903
645904
645911
645918
645921
645943
645949
645949
645949
645959
645960
645962
645986
646004
646007
646016
646029
646051
646068
646075
646079
646080
646088
646089
646107
646109
646111
646130
646135
646142
646143
646147
646170
646171
646172
646181
646185
646195
646206
646213
646219
646244
646255
646264
646267
646268
646280
646309
646311
646311
646312
646312
646315
646332
646333
646348
646355
646360
646374
646375
646380
646404
646406
646409
646418
646426
646429
646436
646441
646455
646458
646467
646484
646484
646490
646498
646503
646512
646526
646553
646558
646561
646574
646576
646595
646611
646615
646616
646622
646647
646652
646667
646668
646669
646676
646680
646681
646685
646689
646690
646708
646717
646719
646744
646765
646779
646787
646789
646807
646814
646829
646839
646870
646871
646874
646878
646880
646888
646899
646904
646917
646928
646941
646954
646992
646999
647010
647021
647022
647034
647043
647044
647063
647070
647075
647081
647090
647093
647093
647098
647114
647146
647154
647168
647170
647175
647180
647189
647193
647208
647225
647230
647231
647235
647246
647256
647257
647289
647301
647302
647312
647312
647315
647319
647329
647334
647343
647344
647345
647348
647363
647374
647375
647377
647380
647397
647399
647408
647420
647421
647436
647440
647453
647527
647527
647545
647556
647560
647562
647607
647623
647627
647629
647653
647662
647663
647671
647695
647696
647701
647702
647704
647714
647716
647716
647717
647755
647787
647787
647791
647794
647795
647797
647804
647804
647811
647822
647826
647835
647841
647843
647853
647878
647889
647890
647890
647937
647947
647969
647986
647989
647990
647993
647997
648023
648024
648029
648032
648038
648058
648059
648066
648081
648086
648102
648107
648133
648144
648149
648155
648161
648161
648165
648171
648179
648184
648203
648204
648209
648210
648212
648221
648233
648234
648253
648295
648299
648361
648374
648379
648381
648384
648389
648404
648424
648427
648433
648435
648466
648474
648479
648482
648500
648503
648510
648512
648515
648534
648541
648550
648560
648577
648583
648586
648589
648614
648619
648644
648657
648659
648678
648683
648704
648720
648734
648743
648750
648753
648754
648757
648776
648777
648780
648809
648818
648832
648832
648835
648847
648861
648871
648890
648891
648892
648908
648915
648917
648926
648926
648934
649005
649031
649045
649046
649072
649079
649095
649097
649104
649122
649129
649132
649135
649138
649156
649169
649195
649200
649200
649216
649216
649219
649225
649235
649240
649243
649243
649260
649262
649265
649275
649289
649290
649294
649311
649311
649316
649331
649338
649347
649358
649363
649374
649375
649378
649396
649402
649406
649429
649435
649439
649442
649449
649449
649479
649490
649506
649515
649520
649522
649525
649526
649539
649556
649557
649576
649591
649599
649603
649614
649634
649646
649673
649674
649675
649676
649689
649705
649714
649718
649721
649738
649776
649784
649790
649802
649809
649892
649901
649921
649943
649946
649955
649958
649958
649996
649996
649996
650020
650042
650070
650070
650075
650078
650086
650094
650099
650100
650112
650124
650156
650157
650160
650192
650220
650221
650227
650258
650316
650319
650333
650344
650346
650352
650355
650359
650361
650370
650375
650386
650391
650391
650413
650430
650436
650444
650444
650454
650454
650455
650459
650467
650469
650479
650495
650496
650497
650527
650528
650544
650564
650565
650586
650599
650601
650608
650614
650634
650644
650647
650651
650658
650668
650678
650679
650691
650702
650711
650728
650738
650754
650764
650786
650816
650821
650841
650841
650853
650872
650893
650904
650917
650925
650929
650945
650966
650967
650977
650983
650986
650992
651024
651041
651047
651050
651055
651077
651084
651085
651088
651096
651101
651107
651117
651117
651131
651135
651135
651144
651145
651145
651155
651174
651182
651186
651190
651206
651212
651231
651231
651233
651271
651274
651275
651297
651298
651298
651352
651357
651359
651368
651380
651390
651408
651409
651422
651432
651433
651450
651474
651479
651492
651495
651500
651519
651522
651524
651537
651537
651539
651543
651550
651551
651558
651567
651582
651591
651598
651607
651618
651620
651621
651630
651656
651661
651667
651669
651676
651696
651705
651732
651734
651734
651752
651754
651762
651774
651796
651813
651820
651827
651835
651846
651851
651861
651861
651872
651874
651876
651916
651930
651943
651949
651963
651967
651969
651970
652007
652008
652015
652016
652040
652060
652066
652070
652102
652102
652107
652120
652132
652132
652164
652166
652177
652177
652179
652190
652193
652199
652211
652219
652220
652223
652224
652233
652233
652244
652245
652250
652252
652276
652282
652295
652321
652340
652342
652353
652367
652372
652380
652395
652409
652423
652428
652433
652438
652444
652451
652458
652472
652491
652502
652513
652539
652546
652553
652595
652596
652599
652602
652605
652612
652612
652616
652618
652629
652630
652641
652653
652653
652664
652682
652699
652721
652722
652724
652729
652739
652756
652767
652783
652804
652816
652826
652850
652858
652862
652892
652897
652899
652903
652903
652904
652926
652927
652968
652979
652984
652986
652986
652989
652993
653009
653013
653013
653022
653033
653035
653036
653055
653062
653064
653065
653068
653076
653081
653087
653107
653147
653151
653186
653214
653239
653243
653245
653247
653267
653268
653310
653313
653319
653325
653341
653345
653353
653359
653367
653372
653377
653381
653426
653439
653441
653455
653465
653465
653471
653476
653481
653492
653500
653501
653502
653503
653505
653523
653532
653548
653565
653576
653617
653634
653637
653655
653667
653673
653682
653696
653700
653731
653745
653774
653781
653789
653804
653817
653823
653837
653843
653849
653859
653863
653863
653908
653910
653919
653920
653929
653958
653970
653987
653993
654006
654012
654021
654023
654028
654040
654055
654057
654064
654079
654090
654096
654107
654113
654121
654123
654133
654134
654159
654189
654202
654205
654220
654268
654275
654285
654287
654312
654314
654314
654317
654319
654328
654329
654334
654353
654365
654377
654383
654390
654394
654396
654403
654409
654411
654412
654422
654440
654442
654450
654463
654474
654476
654482
654484
654485
654508
654519
654523
654526
654551
654572
654577
654590
654618
654623
654631
654638
654650
654659
654664
654674
654695
654725
654729
654729
654730
654733
654734
654743
654748
654752
654758
654763
654769
654779
654799
654799
654811
654813
654838
654840
654844
654851
654853
654860
654869
654888
654897
654906
654907
654911
654922
654936
654938
654938
654977
654988
655034
655054
655061
655071
655084
655098
655114
655115
655120
655126
655127
655130
655213
655240
655252
655255
655266
655271
655279
655294
655296
655306
655316
655327
655338
655372
655390
655394
655419
655422
655428
655458
655475
655475
655480
655483
655483
655485
655489
655490
655502
655502
655503
655508
655513
655516
655522
655527
655560
655568
655581
655582
655591
655599
655617
655618
655641
655648
655648
655693
655700
655720
655766
655769
655773
655783
655789
655795
655812
655826
655826
655843
655853
655903
655920
655926
655926
655927
655932
655933
655942
655942
655949
655952
655953
655957
655979
655993
655993
656014
656058
656070
656084
656090
656110
656111
656127
656128
656140
656142
656170
656194
656198
656199
656200
656205
656215
656221
656233
656233
656237
656238
656247
656249
656267
656287
656288
656292
656312
656316
656316
656317
656342
656369
656394
656396
656399
656439
656442
656451
656462
656462
656480
656498
656524
656535
656551
656561
656574
656584
656613
656623
656638
656649
656654
656695
656711
656717
656722
656726
656730
656730
656733
656752
656755
656756
656766
656767
656769
656773
656780
656786
656787
656789
656799
656801
656815
656836
656859
656864
656884
656891
656900
656908
656912
656913
656916
656925
656937
656938
656944
656957
656962
656971
657000
657010
657023
657026
657029
657030
657045
657052
657061
657065
657081
657086
657101
657123
657124
657152
657160
657165
657166
657174
657210
657230
657232
657256
657258
657269
657273
657311
657322
657327
657327
657328
657333
657342
657353
657358
657370
657372
657373
657401
657407
657427
657428
657437
657448
657451
657451
657452
657456
657510
657520
657528
657552
657573
657577
657583
657587
657604
657612
657613
657620
657623
657634
657641
657659
657660
657664
657670
657673
657718
657741
657749
657759
657765
657765
657766
657771
657784
657799
657804
657806
657806
657825
657825
657845
657859
657878
657879
657884
657894
657897
657905
657922
657928
657936
657939
657942
657946
657946
657956
657967
657969
657972
658029
658063
658068
658077
658091
658107
658112
658126
658128
658129
658130
658132
658136
658148
658161
658164
658181
658184
658187
658191
658193
658220
658225
658233
658273
658274
658275
658278
658291
658306
658309
658316
658333
658344
658355
658370
658371
658376
658382
658388
658390
658390
658396
658409
658410
658411
658414
658423
658427
658436
658439
658448
658448
658452
658453
658454
658461
658471
658474
658480
658487
658492
658494
658531
658538
658560
658576
658577
658586
658592
658595
658598
658599
658611
658618
658623
658645
658684
658688
658707
658718
658721
658727
658747
658751
658786
658806
658810
658815
658815
658816
658826
658836
658836
658839
658845
658859
658862
658868
658883
658884
658890
658894
658918
658920
658957
658958
658977
658995
659015
659017
659028
659034
659064
659082
659087
659091
659095
659096
659106
659125
659139
659154
659184
659190
659212
659214
659219
659222
659228
659235
659248
659265
659273
659274
659280
659283
659300
659307
659309
659310
659311
659317
659321
659328
659329
659333
659337
659363
659373
659376
659378
659387
659400
659406
659413
659420
659421
659430
659433
659444
659453
659455
659470
659474
659490
659504
659510
659518
659563
659573
659587
659592
659613
659622
659625
659625
659634
659658
659662
659670
659670
659674
659681
659682
659701
659733
659746
659750
659762
659771
659777
659790
659817
659824
659832
659854
659865
659875
659886
659906
659910
659912
659913
659923
659927
659932
659945
659960
659962
659971
659974
659977
659980
659985
659989
660012
660037
660048
660056
660070
660072
660085
660086
660089
660100
660130
660144
660167
660182
660184
660190
660195
660205
660208
660209
660253
660275
660286
660301
660308
660335
660352
660364
660370
660386
660396
660399
660416
660425
660452
660457
660470
660488
660488
660504
660507
660519
660522
660525
660528
660553
660585
660587
660587
660589
660596
660606
660613
660622
660624
660653
660654
660692
660700
660755
660756
660761
660777
660787
660789
660812
660815
660847
660847
660854
660854
660890
660935
660944
660944
660954
660965
660965
660971
660980
660999
661004
661019
661025
661026
661026
661027
661029
661032
661036
661038
661041
661047
661089
661093
661095
661100
661109
661131
661132
661142
661144
661148
661158
661164
661164
661195
661206
661221
661232
661233
661250
661253
661254
661258
661267
661271
661276
661284
661285
661289
661310
661328
661344
661348
661355
661369
661390
661400
661407
661409
661416
661419
661442
661444
661471
661475
661502
661509
661512
661532
661546
661551
661554
661555
661572
661577
661606
661606
661633
661637
661642
661644
661676
661685
661685
661711
661714
661730
661736
661762
661786
661800
661802
661809
661823
661838
661842
661879
661885
661905
661905
661917
661930
661960
661960
661993
661994
662011
662019
662022
662028
662033
662054
662058
662064
662078
662098
662119
662124
662134
662137
662141
662144
662178
662178
662184
662188
662189
662200
662204
662218
662230
662240
662242
662248
662250
662265
662278
662306
662311
662315
662319
662328
662335
662357
662365
662368
662374
662378
662381
662381
662399
662410
662416
662416
662421
662432
662461
662465
662502
662507
662514
662518
662530
662549
662549
662572
662611
662629
662634
662635
662662
662674
662685
662689
662696
662700
662723
662732
662747
662754
662764
662797
662800
662805
662818
662863
662864
662873
662876
662892
662910
662917
662931
662943
662951
662975
662979
662984
663006
663007
663009
663012
663018
663019
663039
663044
663045
663048
663049
663056
663069
663079
663099
663129
663131
663133
663139
663139
663150
663158
663178
663196
663199
663201
663214
663218
663220
663222
663225
663226
663229
663230
663230
663259
663272
663279
663287
663296
663306
663311
663316
663333
663367
663378
663387
663389
663411
663412
663418
663425
663427
663429
663432
663437
663442
663442
663451
663470
663474
663494
663495
663502
663503
663507
663546
663564
663573
663573
663577
663584
663592
663598
663601
663660
663660
663662
663663
663668
663671
663679
663692
663694
663704
663705
663716
663719
663727
663734
663738
663757
663759
663762
663770
663771
663780
663806
663808
663823
663823
663858
663876
663885
663923
663939
663944
663948
663952
663981
663992
663997
664000
664002
664021
664025
664033
664038
664061
664101
664106
664121
664141
664141
664158
664160
664178
664182
664186
664206
664228
664232
664238
664272
664274
664288
664306
664337
664343
664343
664344
664351
664364
664365
664384
664412
664422
664427
664432
664440
664463
664470
664472
664472
664474
664490
664497
664502
664502
664506
664508
664560
664565
664571
664593
664604
664614
664617
664621
664625
664633
664653
664657
664682
664685
664689
664695
664701
664711
664717
664725
664737
664743
664745
664754
664755
664772
664776
664779
664782
664786
664806
664810
664819
664833
664845
664860
664885
664886
664905
664916
664926
664927
664939
664996
664997
665008
665015
665021
665025
665037
665057
665060
665069
665080
665081
665093
665107
665111
665111
665123
665127
665128
665129
665130
665141
665146
665150
665168
665171
665185
665202
665216
665218
665235
665240
665258
665279
665284
665308
665315
665318
665328
665329
665332
665353
665358
665404
665412
665437
665441
665441
665444
665446
665449
665473
665506
665510
665512
665518
665524
665538
665561
665568
665582
665583
665588
665595
665597
665599
665601
665623
665624
665635
665640
665651
665664
665695
665704
665710
665711
665716
665721
665786
665807
665817
665824
665826
665841
665846
665849
665852
665872
665880
665881
665889
665892
665909
665917
665923
665933
665936
665941
665942
665946
665952
665953
665954
665963
665969
665979
665980
665982
665988
665988
666004
666010
666019
666021
666029
666030
666033
666047
666070
666081
666088
666090
666102
666103
666103
666111
666114
666121
666122
666134
666141
666150
666152
666171
666177
666205
666208
666216
666224
666230
666231
666235
666247
666250
666250
666254
666274
666276
666283
666286
666291
666292
666311
666319
666322
666323
666330
666331
666351
666382
666384
666389
666391
666431
666441
666472
666482
666504
666519
666533
666543
666549
666549
666555
666557
666565
666569
666609
666614
666621
666638
666647
666657
666660
666662
666663
666668
666668
666673
666676
666680
666695
666697
666701
666706
666719
666754
666756
666757
666759
666768
666776
666794
666817
666821
666825
666830
666853
666854
666862
666881
666888
666889
666903
666908
666911
666913
666917
666925
666938
666938
666939
666941
666956
666976
666977
666979
666988
666999
667006
667016
667021
667022
667024
667030
667038
667048
667068
667083
667100
667102
667114
667117
667124
667135
667145
667152
667153
667159
667160
667162
667184
667190
667193
667198
667207
667207
667221
667249
667257
667261
667269
667280
667304
667305
667317
667335
667338
667341
667346
667348
667352
667358
667364
667365
667390
667390
667392
667403
667426
667439
667446
667460
667472
667475
667485
667490
667524
667530
667532
667540
667544
667546
667550
667565
667570
667588
667593
667604
667604
667631
667642
667659
667661
667663
667666
667686
667687
667699
667705
667717
667728
667737
667739
667759
667774
667787
667789
667804
667807
667809
667811
667815
667818
667819
667822
667833
667848
667850
667853
667855
667906
667912
667934
667936
667955
667961
667992
667993
667999
668002
668021
668024
668067
668071
668082
668093
668098
668102
668112
668117
668128
668136
668167
668228
668228
668229
668231
668257
668280
668287
668303
668307
668340
668349
668352
668355
668366
668369
668384
668393
668410
668413
668419
668444
668447
668463
668467
668471
668499
668501
668502
668502
668549
668573
668578
668579
668583
668583
668601
668610
668612
668618
668618
668633
668639
668683
668692
668695
668699
668708
668713
668714
668718
668720
668732
668739
668742
668742
668749
668758
668803
668804
668810
668818
668819
668820
668874
668879
668880
668886
668938
668940
668956
668958
668975
668976
668983
668984
668993
669002
669004
669026
669029
669038
669043
669052
669054
669069
669069
669083
669094
669108
669121
669121
669129
669150
669168
669169
669172
669177
669180
669233
669250
669250
669269
669287
669298
669300
669301
669302
669304
669311
669330
669338
669360
669371
669381
669384
669404
669409
669411
669414
669420
669425
669442
669449
669461
669484
669489
669499
669505
669506
669518
669525
669529
669534
669536
669544
669549
669550
669553
669562
669566
669572
669587
669595
669601
669621
669624
669633
669641
669647
669648
669650
669655
669659
669662
669668
669676
669686
669707
669721
669725
669732
669735
669736
669783
669785
669796
669796
669800
669804
669810
669826
669833
669839
669869
669869
669870
669880
669892
669914
669923
669956
669975
669979
669981
669987
669990
670004
670009
670014
670020
670025
670036
670063
670072
670084
670090
670090
670093
670106
670108
670113
670120
670132
670158
670182
670197
670214
670219
670221
670223
670225
670246
670252
670263
670264
670278
670297
670299
670304
670315
670315
670348
670377
670381
670384
670389
670398
670401
670439
670440
670441
670456
670469
670476
670486
670489
670490
670503
670504
670512
670519
670521
670521
670522
670523
670534
670547
670557
670563
670565
670569
670579
670581
670594
670610
670610
670611
670618
670621
670629
670643
670680
670684
670686
670691
670739
670747
670761
670785
670789
670804
670805
670806
670808
670814
670834
670852
670857
670866
670870
670878
670879
670887
670888
670895
670899
670901
670911
670924
670938
670939
670948
670957
670969
670997
671002
671010
671014
671073
671074
671092
671092
671097
671099
671135
671150
671159
671169
671172
671174
671179
671186
671187
671191
671205
671217
671236
671241
671242
671252
671272
671281
671285
671289
671319
671320
671330
671330
671373
671378
671379
671397
671402
671408
671418
671419
671426
671427
671431
671450
671457
671469
671479
671487
671492
671518
671520
671522
671561
671569
671574
671594
671620
671641
671650
671656
671670
671673
671673
671674
671676
671704
671704
671728
671740
671748
671750
671751
671766
671768
671769
671788
671797
671819
671827
671828
671840
671849
671864
671865
671867
671867
671874
671878
671882
671885
671889
671919
671927
671943
671950
671956
671968
672032
672039
672044
672054
672068
672087
672094
672097
672098
672103
672112
672121
672132
672155
672159
672171
672194
672230
672233
672234
672237
672284
672301
672313
672320
672321
672333
672340
672358
672363
672371
672380
672383
672399
672402
672404
672417
672427
672436
672440
672441
672456
672468
672476
672494
672497
672521
672531
672536
672549
672564
672573
672588
672605
672609
672610
672677
672702
672715
672728
672740
672753
672772
672794
672797
672827
672843
672853
672857
672861
672878
672899
672903
672918
672922
672930
672951
672952
672955
672959
672960
672961
672983
672987
672990
672990
673009
673017
673020
673022
673026
673028
673030
673035
673066
673095
673101
673125
673129
673137
673148
673172
673178
673183
673190
673194
673203
673217
673229
673234
673238
673240
673275
673276
673282
673283
673300
673303
673304
673312
673318
673327
673331
673349
673371
673384
673392
673399
673403
673410
673411
673431
673436
673453
673461
673467
673490
673491
673491
673520
673529
673539
673546
673550
673559
673562
673564
673565
673572
673580
673584
673589
673601
673604
673604
673611
673611
673617
673620
673623
673625
673627
673630
673645
673664
673665
673667
673671
673674
673679
673688
673694
673700
673716
673730
673742
673742
673748
673749
673750
673750
673752
673771
673784
673811
673812
673814
673816
673817
673839
673844
673846
673846
673858
673863
673887
673894
673913
673928
673929
673932
673939
673967
673973
673977
673981
674006
674015
674023
674039
674048
674057
674076
674091
674099
674099
674111
674140
674142
674143
674144
674145
674149
674150
674153
674184
674190
674222
674246
674257
674261
674264
674267
674299
674311
674312
674325
674326
674343
674357
674360
674360
674385
674393
674394
674397
674410
674411
674418
674423
674427
674431
674433
674445
674449
674457
674459
674473
674521
674529
674538
674573
674585
674589
674590
674591
674622
674628
674629
674633
674636
674636
674657
674658
674662
674663
674670
674671
674695
674698
674700
674702
674704
674725
674727
674733
674738
674765
674769
674772
674783
674786
674807
674810
674835
674849
674855
674874
674874
674890
674901
674943
674944
674957
674958
674964
674968
674996
675013
675014
675017
675026
675030
675038
675043
675088
675097
675118
675128
675138
675139
675140
675148
675155
675159
675173
675189
675202
675208
675223
675224
675247
675257
675260
675264
675282
675292
675307
675308
675313
675320
675323
675330
675330
675338
675342
675349
675349
675351
675355
675359
675367
675377
675390
675390
675391
675424
675464
675466
675467
675467
675474
675486
675504
675505
675509
675512
675520
675526
675531
675539
675542
675547
675550
675554
675560
675565
675567
675579
675581
675584
675588
675601
675612
675614
675623
675654
675663
675671
675685
675689
675692
675694
675702
675714
675717
675722
675733
675744
675749
675749
675750
675755
675764
675792
675792
675805
675805
675805
675805
675825
675828
675836
675840
675883
675898
675905
675912
675918
675922
675941
675944
675947
675957
675980
675989
675991
675993
675998
676009
676034
676040
676054
676060
676081
676102
676107
676172
676176
676186
676194
676212
676213
676218
676238
676239
676247
676255
676258
676259
676264
676291
676293
676300
676309
676329
676330
676332
676336
676348
676352
676373
676381
676407
676412
676418
676420
676424
676428
676448
676452
676466
676471
676492
676521
676532
676548
676550
676561
676572
676585
676597
676599
676604
676612
676621
676623
676626
676640
676647
676671
676683
676684
676707
676716
676749
676755
676759
676769
676789
676802
676807
676815
676824
676840
676846
676846
676854
676854
676854
676876
676917
676933
676940
676942
676943
676957
676974
676979
676982
676989
677029
677038
677049
677052
677067
677077
677090
677092
677097
677119
677123
677140
677142
677153
677159
677177
677247
677249
677251
677254
677256
677278
677299
677301
677307
677319
677348
677365
677366
677378
677393
677401
677418
677423
677424
677440
677442
677455
677455
677455
677467
677470
677490
677492
677505
677534
677552
677555
677555
677556
677601
677622
677626
677629
677631
677632
677635
677638
677647
677662
677669
677671
677675
677692
677720
677721
677724
677729
677743
677754
677775
677799
677817
677822
677848
677848
677857
677860
677873
677875
677890
677897
677902
677906
677914
677915
677920
677927
677946
677964
677996
677996
678018
678026
678027
678029
678029
678043
678074
678077
678084
678089
678092
678093
678105
678114
678116
678122
678166
678174
678180
678187
678191
678191
678195
678200
678227
678228
678236
678270
678283
678285
678287
678290
678293
678316
678331
678337
678358
678358
678382
678390
678392
678401
678404
678416
678421
678421
678431
678433
678458
678469
678488
678491
678501
678503
678546
678548
678549
678549
678554
678557
678566
678571
678594
678609
678632
678678
678685
678692
678694
678707
678720
678725
678730
678733
678751
678751
678770
678783
678795
678816
678817
678818
678826
678832
678844
678849
678850
678878
678878
678900
678975
678978
678992
679007
679018
679018
679030
679046
679057
679059
679071
679091
679096
679138
679140
679160
679162
679171
679175
679194
679212
679215
679221
679222
679225
679230
679247
679267
679281
679296
679318
679338
679347
679372
679373
679375
679379
679386
679388
679436
679445
679474
679481
679487
679489
679497
679508
679521
679528
679548
679558
679573
679579
679580
679584
679594
679609
679609
679613
679613
679616
679628
679634
679634
679635
679639
679641
679675
679676
679690
679720
679722
679746
679751
679758
679762
679776
679782
679797
679814
679830
679837
679841
679845
679846
679851
679862
679882
679894
679906
679916
679933
679939
679943
679959
680001
680036
680038
680050
680054
680064
680066
680088
680096
680097
680117
680125
680130
680139
680149
680154
680156
680163
680163
680192
680202
680209
680221
680227
680240
680244
680257
680269
680273
680282
680294
680303
680303
680310
680324
680330
680342
680359
680366
680367
680384
680385
680391
680396
680398
680404
680418
680421
680428
680450
680456
680463
680472
680488
680503
680506
680537
680551
680569
680573
680597
680597
680614
680646
680648
680648
680653
680661
680669
680674
680677
680690
680718
680723
680733
680735
680744
680763
680767
680785
680799
680843
680848
680871
680875
680882
680923
680941
680948
680952
680953
680957
680957
680961
680986
680994
681019
681025
681026
681039
681043
681081
681090
681103
681115
681124
681124
681140
681155
681160
681173
681195
681197
681228
681250
681267
681283
681286
681304
681325
681325
681348
681372
681385
681388
681422
681452
681454
681471
681491
681496
681500
681507
681528
681531
681535
681537
681547
681552
681553
681554
681560
681582
681591
681593
681599
681610
681613
681637
681647
681672
681679
681685
681705
681705
681707
681721
681726
681733
681737
681750
681759
681770
681771
681779
681782
681817
681836
681847
681853
681856
681860
681879
681882
681885
681903
681905
681915
681941
681953
681961
681964
681971
681972
681977
681995
682004
682009
682015
682017
682034
682035
682043
682046
682047
682057
682061
682061
682066
682071
682077
682090
682095
682156
682161
682161
682171
682175
682206
682233
682242
682274
682283
682285
682288
682294
682306
682316
682320
682323
682334
682342
682359
682360
682377
682380
682381
682408
682417
682433
682445
682449
682449
682456
682483
682490
682493
682493
682497
682501
682514
682518
682530
682568
682571
682580
682581
682584
682591
682598
682602
682624
682629
682630
682632
682635
682642
682667
682673
682681
682686
682690
682696
682711
682716
682727
682731
682742
682751
682766
682766
682775
682784
682804
682812
682816
682830
682835
682835
682846
682850
682856
682861
682862
682862
682866
682875
682878
682897
682907
682908
682911
682931
682936
682936
682941
682945
682949
682964
682975
682995
683008
683023
683024
683030
683032
683051
683055
683065
683070
683123
683123
683130
683134
683139
683151
683151
683158
683172
683196
683198
683231
683238
683282
683290
683296
683306
683308
683309
683335
683353
683358
683401
683418
683418
683420
683430
683437
683482
683486
683488
683499
683500
683520
683528
683529
683533
683542
683557
683572
683584
683585
683587
683589
683595
683596
683608
683608
683613
683616
683623
683628
683643
683677
683682
683702
683703
683706
683711
683746
683757
683770
683776
683779
683789
683814
683840
683843
683862
683862
683863
683888
683896
683900
683904
683908
683926
683953
683961
683973
683977
683985
683991
683996
684000
684029
684035
684037
684037
684045
684057
684058
684060
684068
684093
684104
684119
684122
684132
684135
684137
684143
684150
684156
684162
684174
684176
684176
684197
684200
684203
684220
684236
684237
684239
684239
684246
684251
684291
684292
684304
684309
684324
684328
684334
684412
684426
684450
684450
684458
684458
684465
684469
684472
684475
684496
684498
684505
684512
684530
684532
684546
684572
684581
684593
684608
684624
684632
684632
684638
684644
684645
684650
684654
684656
684663
684667
684667
684687
684695
684710
684718
684719
684726
684733
684747
684749
684754
684773
684783
684792
684795
684799
684809
684821
684834
684836
684845
684857
684882
684889
684898
684902
684904
684910
684913
684919
684924
684929
684948
684958
684965
684990
684991
684995
685011
685011
685033
685036
685075
685089
685109
685120
685142
685147
685154
685167
685201
685204
685207
685239
685245
685251
685261
685297
685302
685306
685315
685316
685332
685368
685372
685394
685408
685421
685423
685443
685452
685466
685480
685503
685505
685507
685516
685536
685541
685552
685553
685573
685577
685578
685596
685637
685702
685704
685721
685732
685758
685761
685765
685768
685776
685781
685781
685782
685785
685791
685804
685809
685809
685823
685825
685827
685839
685870
685897
685898
685908
685936
685943
685952
685963
685970
685975
685983
685984
685998
685999
686001
686002
686013
686023
686077
686089
686090
686096
686101
686111
686119
686136
686150
686166
686197
686197
686207
686207
686217
686219
686220
686225
686249
686261
686272
686277
686279
686295
686302
686355
686357
686363
686391
686407
686413
686420
686423
686435
686456
686470
686507
686518
686522
686524
686534
686558
686566
686570
686586
686602
686605
686632
686658
686661
686662
686673
686681
686691
686703
686705
686714
686716
686727
686742
686752
686752
686752
686756
686778
686780
686785
686806
686814
686821
686821
686825
686836
686839
686857
686857
686874
686883
686886
686889
686895
686896
686907
686913
686919
686922
686929
686932
686956
686958
686969
686972
686975
686980
686982
686988
687015
687018
687028
687060
687071
687071
687096
687110
687110
687118
687121
687124
687131
687133
687136
687169
687207
687215
687222
687229
687240
687257
687258
687260
687288
687306
687316
687317
687325
687352
687378
687385
687388
687395
687415
687419
687422
687424
687464
687469
687484
687486
687487
687503
687510
687517
687532
687536
687538
687539
687540
687550
687553
687565
687565
687569
687574
687579
687598
687604
687611
687617
687632
687636
687668
687744
687753
687754
687757
687762
687763
687767
687774
687778
687779
687780
687792
687797
687799
687802
687806
687843
687847
687849
687857
687866
687878
687880
687882
687902
687904
687908
687909
687917
687937
687947
687953
687969
687970
687973
687974
687977
687978
688037
688038
688055
688075
688079
688084
688091
688097
688112
688132
688134
688146
688152
688154
688155
688157
688169
688177
688181
688186
688207
688229
688234
688234
688241
688243
688256
688257
688266
688271
688345
688347
688348
688350
688368
688379
688406
688412
688416
688436
688443
688449
688449
688451
688463
688473
688480
688494
688496
688498
688503
688510
688533
688541
688553
688563
688566
688575
688588
688594
688605
688611
688645
688645
688646
688648
688684
688700
688704
688704
688716
688719
688725
688730
688733
688745
688749
688787
688790
688791
688805
688805
688813
688824
688844
688850
688857
688871
688876
688881
688908
688915
688924
688928
688933
688940
688957
688967
689000
689017
689017
689033
689038
689038
689046
689055
689066
689080
689092
689102
689127
689128
689129
689134
689151
689152
689168
689171
689182
689184
689189
689231
689261
689266
689273
689277
689288
689288
689294
689303
689307
689316
689320
689320
689321
689334
689334
689335
689341
689341
689342
689345
689346
689350
689352
689362
689386
689392
689405
689455
689467
689476
689476
689477
689478
689501
689526
689529
689533
689539
689549
689550
689554
689583
689599
689607
689608
689624
689628
689641
689649
689656
689657
689661
689674
689678
689685
689687
689687
689719
689746
689798
689798
689815
689817
689818
689848
689853
689872
689881
689890
689905
689907
689916
689923
689933
689953
689970
689972
689979
690008
690014
690015
690015
690019
690019
690028
690041
690044
690076
690076
690079
690101
690102
690104
690111
690138
690141
690160
690162
690168
690174
690214
690216
690217
690220
690222
690227
690242
690267
690284
690287
690295
690296
690303
690317
690333
690372
690374
690375
690401
690415
690421
690424
690429
690436
690464
690468
690474
690492
690493
690494
690503
690505
690506
690514
690515
690522
690530
690542
690557
690560
690571
690581
690583
690589
690601
690611
690612
690634
690644
690645
690652
690659
690662
690669
690670
690676
690694
690701
690703
690707
690710
690712
690730
690741
690765
690770
690772
690772
690784
690820
690828
690831
690855
690856
690862
690879
690893
690904
690909
690931
690933
690947
690949
690950
690956
690960
690964
690965
690996
690998
691010
691018
691042
691094
691098
691107
691127
691152
691155
691161
691165
691168
691189
691190
691224
691234
691238
691256
691260
691260
691262
691267
691277
691282
691291
691304
691304
691313
691347
691353
691353
691373
691407
691415
691425
691434
691462
691496
691502
691513
691523
691549
691552
691555
691564
691577
691580
691581
691591
691614
691621
691627
691635
691638
691644
691644
691664
691667
691676
691706
691708
691721
691724
691731
691731
691732
691732
691735
691740
691745
691750
691756
691758
691785
691800
691809
691820
691841
691854
691855
691877
691887
691897
691911
691917
691921
691927
691928
691929
691930
691935
691937
691941
691946
691950
691975
691978
691984
691993
692002
692006
692012
692016
692026
692063
692079
692082
692082
692088
692091
692106
692110
692111
692122
692129
692130
692132
692135
692148
692153
692156
692160
692164
692172
692193
692195
692204
692213
692216
692217
692220
692236
692252
692264
692265
692265
692268
692271
692281
692289
692290
692295
692307
692323
692329
692346
692351
692367
692382
692395
692422
692424
692432
692454
692461
692461
692484
692495
692504
692532
692539
692542
692544
692549
692552
692565
692578
692584
692584
692586
692588
692602
692614
692624
692624
692649
692655
692693
692705
692709
692713
692723
692728
692752
692755
692774
692807
692808
692833
692834
692838
692853
692855
692881
692884
692886
692903
692910
692921
692926
692930
692933
692940
692955
692964
692986
692992
693009
693024
693040
693044
693101
693138
693142
693171
693171
693173
693181
693189
693209
693210
693211
693215
693218
693223
693229
693239
693247
693267
693270
693275
693285
693286
693286
693314
693317
693321
693324
693334
693340
693346
693352
693391
693395
693403
693408
693409
693483
693483
693488
693490
693503
693521
693531
693543
693550
693569
693571
693575
693576
693592
693605
693610
693644
693649
693653
693654
693660
693664
693665
693714
693733
693737
693749
693768
693772
693788
693791
693810
693818
693837
693847
693863
693866
693874
693875
693879
693892
693899
693927
693928
693941
693946
693946
693948
693959
693965
693966
693967
693978
694005
694011
694021
694041
694050
694054
694069
694071
694075
694079
694088
694093
694093
694094
694097
694100
694103
694108
694108
694121
694122
694132
694145
694150
694158
694163
694170
694197
694198
694241
694242
694249
694263
694272
694278
694284
694289
694311
694320
694338
694358
694367
694367
694369
694407
694416
694420
694431
694431
694455
694456
694458
694465
694471
694483
694494
694506
694524
694531
694537
694551
694561
694579
694593
694608
694654
694674
694680
694720
694725
694741
694746
694754
694765
694772
694776
694791
694793
694819
694832
694836
694840
694865
694881
694888
694895
694905
694908
694913
694915
694917
694940
694941
694949
694950
694955
694969
694977
694982
694983
694992
695005
695007
695012
695033
695061
695108
695128
695156
695162
695180
695186
695190
695220
695245
695254
695264
695276
695281
695283
695289
695335
695348
695349
695350
695352
695363
695368
695374
695411
695423
695463
695465
695474
695480
695498
695532
695540
695576
695580
695587
695608
695616
695621
695625
695629
695631
695633
695636
695649
695657
695682
695685
695688
695707
695719
695737
695737
695747
695758
695758
695766
695788
695792
695801
695810
695811
695829
695829
695841
695841
695852
695860
695881
695883
695891
695904
695908
695909
695911
695920
695932
695939
695943
695950
695951
695957
695959
695963
695982
695984
696007
696008
696013
696030
696036
696038
696049
696056
696075
696080
696087
696089
696097
696097
696097
696104
696120
696122
696124
696131
696145
696149
696151
696155
696157
696178
696182
696187
696189
696191
696202
696219
696231
696234
696277
696290
696302
696312
696313
696325
696333
696339
696347
696350
696351
696369
696378
696380
696400
696406
696413
696414
696416
696426
696428
696437
696439
696445
696463
696480
696482
696498
696513
696513
696521
696531
696534
696545
696549
696556
696573
696573
696576
696583
696585
696591
696592
696602
696602
696636
696647
696656
696671
696680
696684
696695
696699
696701
696706
696713
696719
696724
696748
696762
696790
696804
696815
696818
696830
696833
696845
696877
696883
696901
696910
696913
696913
696917
696919
696921
696934
696951
696958
697001
697011
697014
697024
697033
697036
697055
697081
697085
697099
697109
697118
697124
697125
697141
697148
697157
697192
697203
697204
697206
697210
697228
697257
697261
697270
697279
697289
697300
697303
697311
697314
697318
697347
697351
697367
697373
697437
697438
697439
697450
697481
697486
697493
697493
697495
697516
697522
697548
697556
697559
697560
697567
697585
697597
697604
697611
697616
697618
697633
697642
697646
697654
697659
697662
697672
697686
697688
697693
697696
697697
697705
697706
697709
697710
697730
697743
697745
697757
697778
697784
697796
697809
697820
697823
697849
697881
697881
697892
697892
697907
697916
697936
697937
697941
697953
697961
697969
697970
697974
697974
698009
698023
698024
698025
698028
698038
698057
698061
698066
698074
698120
698143
698145
698158
698165
698169
698174
698177
698180
698188
698197
698217
698229
698237
698249
698250
698251
698261
698261
698265
698270
698279
698286
698288
698289
698295
698302
698314
698326
698334
698346
698364
698366
698379
698387
698391
698392
698404
698428
698459
698461
698475
698492
698500
698503
698505
698512
698516
698524
698524
698534
698540
698562
698563
698572
698573
698578
698589
698592
698599
698601
698613
698615
698620
698628
698638
698647
698668
698676
698676
698679
698693
698720
698728
698729
698741
698750
698752
698759
698766
698780
698784
698792
698808
698821
698822
698834
698836
698838
698844
698845
698846
698852
698859
698872
698875
698879
698892
698894
698913
698924
698936
698942
698954
698957
698971
698972
698974
698976
698979
699008
699027
699058
699064
699082
699095
699103
699104
699105
699123
699123
699123
699130
699143
699148
699160
699167
699204
699212
699226
699233
699247
699251
699251
699253
699254
699259
699259
699298
699311
699323
699347
699348
699350
699354
699358
699358
699368
699385
699393
699403
699413
699414
699427
699439
699444
699452
699454
699456
699458
699469
699470
699470
699476
699481
699492
699511
699514
699531
699532
699534
699542
699556
699563
699580
699584
699585
699593
699610
699614
699626
699636
699641
699642
699664
699666
699676
699677
699701
699716
699731
699741
699744
699754
699758
699793
699800
699806
699821
699852
699857
699892
699893
699897
699906
699907
699914
699920
699948
699960
699961
699974
699985
700014
700016
700017
700054
700058
700060
700068
700084
700095
700096
700102
700127
700137
700140
700150
700151
700161
700170
700198
700217
700224
700228
700233
700253
700258
700265
700281
700284
700288
700296
700306
700315
700327
700337
700353
700354
700356
700367
700390
700393
700401
700404
700422
700429
700438
700442
700447
700457
700505
700515
700524
700527
700529
700531
700535
700538
700540
700554
700563
700564
700600
700604
700618
700633
700668
700676
700681
700697
700712
700717
700728
700746
700748
700757
700762
700818
700819
700829
700829
700834
700834
700842
700848
700881
700911
700925
700941
700952
700957
700957
700962
700962
700974
700987
700990
700992
701034
701059
701060
701060
701068
701087
701092
701098
701101
701105
701106
701129
701144
701147
701147
701151
701166
701188
701189
701192
701215
701216
701234
701264
701267
701287
701287
701294
701299
701308
701315
701321
701331
701334
701369
701405
701435
701441
701444
701453
701462
701467
701488
701489
701494
701522
701530
701535
701551
701556
701561
701572
701578
701592
701595
701603
701616
701627
701669
701687
701691
701697
701703
701704
701704
701705
701724
701729
701730
701737
701768
701778
701785
701826
701828
701843
701847
701863
701872
701880
701917
701934
701950
701960
701961
701971
701978
701981
701983
701985
701985
701989
701993
701995
702002
702005
702019
702030
702031
702037
702053
702069
702078
702078
702078
702113
702150
702152
702170
702173
702219
702227
702237
702241
702262
702263
702284
702300
702335
702335
702348
702350
702352
702365
702366
702369
702378
702385
702389
702390
702399
702401
702412
702416
702438
702443
702455
702473
702489
702497
702509
702531
702541
702545
702566
702619
702621
702648
702650
702694
702711
702712
702716
702719
702730
702734
702742
702742
702748
702754
702769
702770
702793
702794
702810
702822
702824
702827
702834
702842
702851
702854
702883
702887
702894
702900
702901
702913
702915
702917
702925
702946
702970
702970
702991
703023
703026
703027
703034
703064
703065
703078
703088
703103
703150
703154
703154
703154
703158
703164
703172
703184
703197
703205
703207
703209
703217
703217
703221
703228
703245
703254
703262
703267
703272
703288
703296
703298
703299
703317
703318
703320
703339
703344
703349
703363
703368
703372
703387
703390
703390
703418
703431
703445
703446
703454
703456
703473
703483
703511
703528
703529
703571
703579
703594
703599
703601
703602
703608
703618
703618
703618
703623
703651
703652
703655
703669
703670
703684
703685
703692
703711
703732
703789
703798
703802
703806
703809
703816
703831
703849
703851
703858
703860
703873
703874
703875
703893
703903
703905
703913
703926
703948
703951
703955
703958
703974
703981
704022
704027
704031
704047
704047
704067
704080
704086
704092
704113
704118
704121
704145
704148
704154
704157
704157
704161
704174
704174
704188
704193
704218
704227
704230
704236
704260
704263
704273
704275
704289
704304
704304
704325
704336
704352
704369
704369
704372
704389
704396
704399
704413
704413
704420
704430
704445
704449
704456
704458
704475
704479
704479
704485
704494
704502
704508
704516
704517
704530
704535
704536
704539
704550
704551
704575
704587
704610
704618
704620
704627
704631
704641
704653
704669
704696
704702
704710
704720
704736
704740
704740
704748
704758
704789
704799
704801
704805
704811
704819
704822
704829
704839
704841
704858
704864
704864
704864
704886
704891
704897
704924
704926
704955
704956
704959
704960
704962
705020
705025
705038
705050
705067
705075
705089
705096
705101
705102
705110
705116
705154
705155
705160
705162
705163
705166
705166
705178
705188
705203
705209
705226
705226
705240
705241
705251
705256
705261
705279
705291
705294
705306
705307
705309
705316
705327
705334
705338
705352
705355
705369
705378
705383
705393
705403
705424
705433
705444
705449
705452
705461
705464
705467
705489
705493
705501
705502
705540
705549
705552
705553
705575
705582
705597
705614
705615
705638
705638
705661
705684
705685
705686
705696
705697
705707
705717
705723
705743
705745
705754
705768
705798
705800
705811
705841
705843
705859
705872
705876
705876
705886
705895
705901
705952
705980
706012
706015
706020
706042
706069
706099
706106
706127
706127
706129
706131
706136
706146
706164
706197
706197
706207
706217
706261
706279
706323
706350
706352
706360
706361
706371
706379
706387
706389
706400
706408
706412
706415
706422
706427
706428
706432
706453
706476
706479
706494
706499
706511
706521
706523
706527
706549
706556
706566
706574
706577
706577
706594
706594
706627
706631
706634
706669
706707
706729
706739
706747
706759
706766
706781
706792
706800
706800
706810
706812
706823
706830
706857
706860
706869
706878
706878
706887
706898
706930
706939
706961
706964
706978
706980
707005
707014
707025
707037
707075
707081
707099
707103
707111
707112
707138
707143
707151
707152
707190
707192
707209
707215
707218
707224
707257
707263
707276
707279
707296
707300
707332
707345
707351
707360
707366
707377
707379
707380
707386
707391
707393
707404
707407
707415
707422
707451
707471
707485
707488
707499
707540
707541
707573
707577
707583
707648
707658
707662
707679
707682
707695
707697
707699
707722
707733
707745
707754
707812
707830
707835
707838
707860
707865
707875
707876
707886
707918
707920
707931
707933
707940
707954
707969
707975
707985
707999
708020
708025
708028
708030
708062
708093
708101
708110
708124
708136
708140
708167
708168
708183
708192
708204
708218
708237
708238
708257
708258
708274
708275
708288
708321
708329
708334
708334
708337
708339
708357
708389
708400
708404
708420
708420
708431
708434
708438
708441
708448
708469
708470
708478
708485
708503
708535
708554
708561
708561
708571
708571
708575
708596
708598
708618
708649
708678
708706
708723
708723
708736
708746
708747
708748
708768
708781
708798
708819
708838
708866
708893
708893
708900
708902
708918
708947
708955
708955
708973
708979
708996
709004
709010
709021
709027
709051
709055
709060
709064
709071
709111
709112
709135
709163
709175
709177
709179
709208
709212
709233
709236
709240
709276
709284
709289
709303
709320
709322
709339
709359
709361
709365
709386
709389
709416
709418
709428
709431
709431
709439
709453
709456
709474
709486
709499
709500
709507
709509
709518
709530
709531
709542
709553
709554
709562
709574
709574
709578
709615
709619
709628
709633
709638
709645
709652
709654
709657
709667
709682
709683
709691
709696
709717
709733
709740
709742
709748
709777
709779
709779
709779
709782
709797
709804
709812
709812
709818
709818
709826
709829
709835
709849
709856
709870
709885
709902
709903
709912
709923
709959
709982
709987
709989
710008
710018
710019
710023
710053
710056
710074
710079
710079
710085
710086
710089
710104
710108
710112
710122
710126
710135
710147
710184
710197
710202
710208
710213
710226
710231
710234
710242
710253
710260
710267
710270
710289
710309
710314
710320
710338
710342
710374
710380
710404
710419
710427
710433
710445
710455
710460
710462
710485
710487
710488
710511
710514
710528
710538
710577
710586
710599
710627
710637
710645
710646
710649
710677
710681
710701
710713
710713
710727
710728
710728
710739
710740
710767
710770
710776
710791
710796
710824
710866
710888
710890
710907
710909
710913
710914
710924
710927
710943
710960
710988
711002
711013
711022
711029
711036
711052
711055
711061
711064
711086
711087
711087
711098
711109
711113
711113
711130
711142
711149
711156
711161
711162
711237
711258
711268
711273
711292
711303
711317
711322
711340
711378
711382
711391
711397
711408
711414
711431
711436
711456
711491
711503
711518
711522
711524
711541
711541
711544
711550
711556
711563
711574
711580
711597
711598
711616
711622
711629
711657
711657
711670
711677
711699
711701
711705
711723
711726
711755
711757
711770
711781
711782
711785
711795
711796
711804
711806
711816
711842
711855
711870
711885
711888
711937
711949
711955
711965
711970
711974
711988
712007
712035
712042
712050
712085
712096
712100
712102
712130
712135
712140
712150
712154
712157
712160
712219
712229
712233
712238
712258
712260
712280
712289
712304
712306
712309
712329
712338
712338
712342
712363
712395
712396
712412
712420
712448
712463
712464
712470
712471
712475
712477
712477
712483
712491
712494
712495
712504
712505
712528
712531
712534
712543
712548
712549
712552
712553
712566
712566
712568
712582
712589
712589
712599
712604
712606
712639
712644
712655
712658
712673
712673
712676
712676
712692
712693
712711
712724
712728
712729
712739
712763
712772
712787
712792
712794
712805
712809
712813
712825
712872
712875
712881
712893
712896
712897
712904
712907
712918
712949
712970
712972
713001
713002
713007
713008
713033
713034
713040
713056
713075
713079
713086
713096
713097
713110
713115
713133
713136
713138
713138
713149
713155
713166
713178
713189
713197
713200
713207
713216
713218
713218
713254
713261
713272
713280
713285
713318
713318
713319
713321
713344
713344
713371
713377
713379
713381
713390
713406
713417
713425
713429
713430
713444
713448
713455
713472
713473
713481
713484
713485
713489
713506
713514
713517
713532
713532
713557
713565
713573
713577
713586
713601
713608
713610
713615
713626
713640
713641
713643
713660
713673
713689
713720
713737
713740
713741
713760
713774
713781
713789
713798
713799
713810
713814
713824
713831
713836
713838
713854
713868
713875
713880
713892
713894
713905
713922
713926
713928
713936
713942
713973
714016
714021
714027
714040
714081
714105
714108
714109
714114
714132
714134
714140
714142
714143
714147
714153
714153
714160
714173
714174
714175
714182
714184
714193
714201
714229
714232
714236
714246
714257
714274
714286
714312
714324
714344
714349
714352
714357
714358
714363
714403
714430
714450
714462
714463
714479
714489
714492
714509
714525
714545
714545
714560
714562
714566
714578
714580
714585
714586
714597
714619
714620
714623
714623
714625
714632
714635
714655
714662
714671
714689
714712
714720
714727
714766
714768
714795
714809
714848
714869
714878
714898
714914
714917
714920
714934
714940
714964
714972
715002
715035
715048
715069
715097
715100
715104
715117
715123
715126
715132
715143
715161
715190
715191
715209
715217
715223
715226
715227
715237
715253
715256
715262
715270
715278
715297
715305
715316
715329
715342
715346
715363
715366
715368
715381
715431
715461
715461
715462
715468
715487
715493
715499
715518
715520
715520
715523
715546
715563
715596
715596
715629
715642
715651
715660
715710
715739
715749
715762
715779
715780
715792
715792
715794
715798
715803
715803
715807
715808
715809
715812
715815
715821
715829
715832
715832
715841
715862
715865
715870
715892
715897
715901
715901
715908
715909
715916
715926
715926
715933
715942
715947
715949
715952
715956
715974
715988
715994
715995
715997
716048
716065
716078
716081
716104
716111
716121
716132
716132
716133
716140
716141
716142
716151
716235
716242
716247
716292
716299
716315
716315
716321
716333
716339
716364
716374
716390
716396
716398
716416
716429
716437
716483
716483
716499
716508
716528
716528
716543
716574
716575
716580
716588
716589
716596
716607
716684
716701
716707
716709
716713
716724
716735
716753
716788
716795
716801
716803
716814
716818
716822
716839
716842
716844
716844
716855
716856
716874
716890
716894
716899
716914
716916
716928
716929
716942
716944
716950
716964
716969
716975
716984
716990
716993
716993
716995
717001
717013
717015
717024
717029
717035
717063
717068
717079
717080
717113
717113
717113
717114
717121
717137
717146
717163
717164
717164
717174
717179
717179
717191
717216
717218
717269
717270
717292
717292
717308
717319
717320
717336
717382
717382
717388
717400
717402
717405
717406
717434
717451
717465
717492
717493
717504
717505
717507
717532
717547
717551
717558
717560
717564
717585
717599
717600
717603
717640
717641
717656
717665
717668
717676
717705
717713
717722
717736
717777
717781
717793
717808
717812
717821
717830
717830
717876
717904
717916
717926
717928
717940
717946
717952
717954
717965
717971
718004
718007
718016
718017
718028
718028
718066
718086
718087
718091
718093
718106
718109
718129
718135
718137
718154
718158
718159
718166
718177
718179
718190
718190
718201
718212
718213
718224
718227
718236
718261
718270
718324
718327
718337
718347
718348
718364
718364
718379
718389
718391
718399
718412
718440
718444
718452
718456
718458
718461
718462
718483
718514
718524
718533
718541
718568
718581
718588
718616
718622
718632
718632
718653
718671
718676
718688
718699
718711
718712
718729
718757
718764
718766
718770
718773
718790
718797
718803
718839
718844
718857
718872
718875
718897
718913
718935
718956
718970
718990
718991
719002
719059
719063
719069
719071
719075
719081
719083
719092
719095
719096
719118
719129
719136
719150
719157
719165
719195
719196
719198
719219
719266
719267
719271
719274
719276
719279
719286
719292
719316
719319
719333
719343
719361
719370
719394
719399
719403
719422
719451
719458
719468
719475
719524
719524
719529
719533
719534
719538
719540
719545
719553
719554
719558
719564
719577
719628
719630
719637
719640
719642
719655
719656
719658
719662
719686
719687
719716
719716
719718
719722
719724
719728
719732
719735
719740
719741
719741
719754
719782
719785
719790
719798
719798
719804
719805
719810
719813
719823
719832
719847
719865
719889
719906
719910
719911
719928
719937
719961
719963
719967
719977
719978
719984
719987
719992
719994
720004
720014
720014
720017
720017
720027
720031
720031
720039
720056
720058
720059
720071
720094
720102
720128
720146
720147
720171
720179
720190
720191
720199
720208
720214
720246
720251
720272
720275
720276
720278
720297
720299
720321
720336
720348
720360
720365
720365
720369
720402
720416
720418
720425
720425
720430
720430
720431
720472
720480
720502
720503
720508
720515
720516
720524
720529
720529
720529
720536
720540
720562
720562
720564
720585
720586
720606
720625
720625
720638
720648
720696
720706
720712
720725
720725
720730
720740
720774
720794
720794
720799
720808
720821
720825
720825
720855
720860
720864
720866
720882
720889
720889
720903
720907
720910
720924
720931
720933
720938
720939
720947
720952
720971
720984
720986
721015
721020
721028
721063
721070
721071
721073
721074
721085
721089
721121
721134
721152
721154
721155
721161
721162
721162
721167
721187
721197
721199
721216
721239
721247
721263
721284
721297
721302
721320
721323
721338
721367
721373
721374
721387
721408
721409
721438
721454
721462
721469
721475
721476
721497
721503
721520
721525
721530
721535
721556
721563
721572
721577
721600
721612
721621
721621
721655
721656
721670
721687
721694
721697
721710
721714
721728
721729
721734
721737
721751
721752
721761
721773
721784
721786
721792
721808
721815
721820
721836
721836
721841
721860
721885
721896
721907
721913
721920
721921
721926
721927
721929
721938
721983
721999
722001
722010
722019
722077
722079
722081
722085
722117
722119
722126
722128
722130
722132
722139
722144
722168
722173
722181
722194
722194
722207
722226
722227
722233
722233
722237
722237
722246
722248
722257
722260
722263
722267
722273
722276
722285
722308
722309
722321
722329
722343
722399
722412
722442
722446
722447
722450
722452
722463
722467
722527
722538
722544
722557
722571
722576
722577
722588
722590
722592
722593
722596
722599
722601
722626
722641
722642
722643
722647
722648
722653
722654
722669
722669
722689
722697
722717
722718
722723
722747
722779
722785
722845
722863
722875
722878
722899
722906
722906
722911
722921
722936
722938
722941
722952
722963
722992
723004
723005
723007
723009
723014
723022
723055
723066
723080
723083
723086
723086
723097
723109
723110
723116
723124
723154
723177
723200
723203
723212
723227
723227
723232
723239
723253
723267
723272
723290
723304
723315
723322
723323
723329
723354
723367
723385
723391
723392
723399
723406
723411
723416
723422
723424
723433
723478
723485
723490
723498
723510
723516
723529
723531
723539
723592
723593
723593
723602
723614
723617
723619
723622
723634
723642
723642
723646
723669
723671
723672
723679
723680
723687
723688
723695
723703
723720
723722
723775
723779
723785
723793
723795
723795
723805
723810
723813
723825
723827
723845
723862
723865
723897
723905
723908
723913
723915
723933
723937
723956
723969
723971
723973
723988
724000
724027
724030
724042
724050
724054
724073
724101
724111
724150
724152
724158
724167
724169
724171
724178
724181
724183
724184
724187
724191
724193
724195
724230
724237
724245
724247
724268
724304
724313
724314
724314
724315
724329
724330
724331
724337
724341
724344
724349
724356
724358
724361
724380
724382
724449
724457
724476
724478
724523
724527
724541
724550
724558
724563
724570
724570
724584
724608
724624
724643
724665
724675
724679
724692
724697
724720
724746
724750
724773
724774
724795
724814
724815
724821
724832
724834
724836
724842
724847
724848
724873
724887
724896
724902
724919
724950
724959
724962
724970
724974
724989
724994
725000
725005
725010
725046
725056
725059
725065
725069
725081
725100
725110
725115
725119
725128
725132
725133
725140
725145
725146
725153
725159
725182
725186
725207
725208
725214
725224
725228
725237
725242
725251
725259
725279
725302
725354
725358
725359
725368
725377
725386
725395
725396
725404
725419
725422
725436
725439
725441
725450
725458
725462
725467
725468
725472
725477
725487
725504
725506
725506
725511
725514
725522
725529
725539
725540
725553
725558
725562
725563
725571
725582
725597
725602
725606
725610
725639
725642
725657
725659
725660
725660
725661
725671
725673
725702
725706
725713
725714
725719
725724
725747
725754
725792
725807
725849
725858
725867
725892
725899
725901
725924
725953
725961
725962
725964
725978
725985
726007
726014
726017
726019
726019
726027
726033
726037
726037
726039
726057
726058
726078
726082
726088
726096
726100
726131
726150
726153
726175
726179
726183
726187
726196
726196
726196
726229
726237
726244
726257
726268
726325
726328
726332
726333
726356
726381
726387
726387
726398
726407
726441
726496
726503
726508
726521
726522
726530
726534
726534
726544
726559
726561
726573
726584
726608
726608
726660
726676
726677
726700
726702
726704
726719
726729
726732
726746
726747
726767
726795
726802
726826
726826
726832
726843
726874
726903
726908
726919
726924
726929
726934
726938
726940
726951
726963
726974
726978
726992
727002
727012
727023
727029
727040
727049
727092
727093
727114
727128
727135
727139
727146
727147
727158
727203
727212
727217
727221
727222
727227
727227
727231
727257
727259
727261
727263
727272
727281
727291
727292
727295
727308
727327
727339
727344
727352
727353
727363
727365
727407
727413
727415
727423
727425
727426
727430
727433
727434
727442
727455
727463
727467
727468
727493
727495
727495
727498
727500
727502
727502
727514
727523
727525
727528
727570
727572
727576
727590
727615
727625
727626
727633
727668
727728
727738
727745
727746
727749
727773
727819
727832
727886
727902
727905
727916
727921
727927
727929
727929
727931
727931
727938
727948
727951
727957
727977
727986
728000
728003
728004
728018
728019
728024
728047
728062
728069
728094
728099
728104
728121
728139
728150
728170
728191
728192
728193
728195
728198
728209
728216
728232
728243
728257
728259
728301
728313
728327
728336
728342
728380
728385
728412
728421
728424
728430
728451
728497
728503
728514
728548
728549
728610
728610
728612
728622
728628
728643
728649
728652
728660
728661
728667
728700
728701
728702
728707
728711
728721
728722
728725
728733
728738
728741
728754
728758
728758
728759
728767
728770
728791
728799
728799
728803
728812
728819
728849
728860
728868
728885
728891
728896
728900
728901
728901
728918
728922
728935
728945
728945
728960
728966
728973
728994
729000
729010
729023
729025
729044
729050
729050
729073
729082
729099
729101
729124
729124
729125
729129
729136
729137
729137
729140
729143
729146
729173
729190
729192
729204
729208
729219
729229
729239
729246
729255
729270
729275
729308
729315
729319
729334
729336
729358
729381
729424
729438
729456
729474
729474
729484
729507
729535
729543
729567
729574
729591
729594
729603
729613
729635
729636
729672
729677
729683
729697
729698
729710
729717
729718
729721
729728
729741
729760
729771
729774
729778
729779
729785
729788
729800
729806
729807
729817
729823
729830
729847
729850
729869
729872
729873
729879
729880
729887
729890
729890
729896
729918
729939
729939
729959
729982
729983
729983
729985
729990
730009
730011
730011
730013
730046
730046
730051
730063
730092
730108
730118
730123
730143
730148
730156
730171
730180
730185
730197
730221
730237
730256
730293
730301
730320
730327
730328
730331
730357
730359
730360
730369
730379
730379
730379
730382
730398
730407
730408
730422
730431
730442
730446
730450
730456
730463
730466
730467
730479
730481
730481
730491
730501
730502
730503
730523
730537
730541
730579
730584
730602
730608
730610
730613
730617
730618
730664
730669
730680
730696
730702
730711
730730
730734
730740
730754
730769
730774
730776
730783
730820
730843
730845
730847
730854
730856
730859
730862
730873
730879
730891
730905
730905
730910
730914
730918
730918
730942
730943
730947
730973
731000
731018
731023
731027
731030
731053
731086
731131
731134
731144
731146
731153
731176
731181
731192
731193
731194
731196
731214
731219
731240
731242
731252
731256
731265
731273
731284
731285
731288
731288
731297
731301
731301
731308
731324
731328
731332
731336
731347
731361
731370
731381
731383
731387
731397
731400
731405
731406
731407
731408
731420
731442
731448
731453
731454
731455
731459
731464
731466
731468
731513
731529
731539
731557
731565
731567
731608
731611
731612
731613
731614
731617
731630
731631
731634
731640
731644
731645
731647
731654
731657
731662
731673
731677
731682
731683
731697
731707
731713
731714
731716
731722
731729
731751
731755
731764
731776
731781
731782
731786
731792
731799
731809
731812
731819
731824
731831
731831
731839
731849
731850
731855
731869
731871
731918
731934
731949
731963
731970
731978
731979
731984
732006
732013
732020
732023
732031
732039
732043
732045
732071
732106
732115
732116
732118
732149
732177
732185
732204
732215
732227
732227
732227
732241
732243
732246
732260
732261
732266
732271
732274
732303
732304
732327
732344
732346
732349
732354
732361
732365
732392
732400
732411
732419
732429
732437
732441
732445
732450
732461
732471
732481
732490
732500
732521
732558
732563
732566
732570
732577
732592
732593
732619
732632
732633
732638
732654
732656
732658
732667
732669
732673
732682
732706
732708
732708
732729
732740
732763
732777
732800
732808
732822
732835
732839
732863
732867
732891
732902
732905
732915
732932
732933
732943
732965
732984
732989
732994
733002
733010
733029
733054
733083
733094
733110
733129
733140
733169
733171
733174
733180
733211
733249
733254
733259
733283
733286
733290
733315
733316
733321
733347
733358
733370
733376
733384
733389
733393
733397
733405
733416
733418
733419
733420
733420
733423
733431
733439
733440
733443
733446
733451
733452
733466
733467
733473
733480
733489
733501
733508
733511
733525
733527
733529
733576
733579
733580
733582
733590
733592
733607
733612
733711
733716
733718
733745
733761
733771
733772
733789
733813
733818
733819
733831
733838
733848
733849
733856
733865
733883
733889
733904
733917
733924
733925
733927
733929
733944
733946
733947
733965
733971
733980
733981
734010
734013
734022
734026
734027
734060
734070
734090
734098
734106
734112
734116
734126
734131
734134
734140
734158
734165
734178
734178
734208
734210
734225
734233
734234
734241
734244
734273
734278
734280
734281
734281
734285
734304
734305
734329
734331
734345
734360
734363
734383
734387
734390
734392
734394
734399
734401
734425
734428
734449
734450
734471
734471
734492
734493
734510
734514
734514
734517
734537
734537
734548
734550
734563
734565
734568
734570
734593
734612
734637
734663
734674
734683
734700
734705
734738
734741
734745
734746
734786
734805
734808
734808
734813
734822
734840
734863
734864
734867
734873
734877
734881
734891
734894
734942
734948
734956
734969
734971
734977
734982
734985
734997
735007
735013
735022
735026
735041
735050
735059
735065
735068
735069
735086
735096
735097
735100
735107
735115
735121
735145
735164
735177
735179
735202
735203
735223
735244
735264
735279
735284
735304
735311
735321
735323
735334
735336
735336
735345
735349
735351
735359
735359
735373
735386
735388
735389
735394
735397
735401
735409
735435
735438
735440
735446
735453
735455
735458
735461
735474
735478
735511
735513
735539
735540
735543
735567
735570
735570
735574
735577
735610
735611
735631
735631
735670
735679
735684
735702
735705
735712
735720
735722
735725
735726
735734
735739
735751
735753
735754
735760
735782
735784
735788
735794
735795
735807
735816
735836
735843
735844
735848
735856
735860
735871
735873
735878
735885
735888
735905
735905
735905
735919
735924
735946
735947
735953
735957
735966
735976
735986
735987
736027
736044
736050
736056
736064
736069
736072
736089
736106
736130
736131
736135
736178
736198
736199
736199
736200
736216
736218
736219
736222
736224
736239
736248
736251
736260
736261
736268
736269
736271
736278
736293
736307
736330
736341
736342
736344
736348
736352
736357
736359
736360
736365
736370
736379
736396
736412
736429
736431
736448
736451
736467
736485
736500
736514
736529
736537
736546
736563
736581
736585
736611
736629
736633
736642
736647
736664
736666
736688
736697
736728
736731
736767
736773
736782
736812
736837
736837
736857
736859
736860
736866
736870
736875
736876
736878
736883
736885
736916
736942
736957
736965
736986
736986
736995
737002
737012
737031
737034
737051
737059
737059
737082
737086
737089
737090
737095
737099
737107
737114
737135
737136
737163
737171
737178
737182
737190
737191
737203
737208
737215
737230
737242
737245
737253
737265
737268
737272
737275
737282
737294
737297
737299
737321
737325
737326
737332
737336
737349
737365
737367
737370
737385
737412
737419
737421
737422
737425
737425
737429
737433
737435
737435
737442
737442
737443
737479
737482
737497
737504
737504
737517
737520
737558
737559
737572
737579
737591
737597
737600
737606
737609
737642
737653
737662
737664
737668
737708
737716
737717
737719
737722
737728
737731
737747
737756
737766
737775
737794
737815
737822
737825
737844
737857
737887
737891
737925
737929
737937
737937
737953
737969
737976
737979
737985
738002
738012
738015
738026
738038
738039
738065
738071
738086
738105
738129
738142
738146
738151
738153
738167
738188
738192
738195
738196
738203
738208
738212
738224
738256
738261
738284
738285
738293
738296
738298
738301
738317
738327
738328
738331
738333
738336
738345
738352
738354
738364
738367
738374
738380
738395
738399
738414
738437
738438
738444
738462
738462
738464
738480
738490
738503
738511
738556
738575
738589
738596
738600
738601
738609
738613
738614
738621
738640
738660
738666
738668
738678
738680
738684
738692
738712
738723
738732
738735
738741
738742
738748
738766
738769
738776
738780
738799
738819
738827
738837
738840
738845
738862
738880
738906
738918
738924
738925
738927
738932
738938
738945
738953
738955
738974
738974
739009
739010
739021
739024
739024
739032
739039
739048
739096
739134
739134
739151
739154
739157
739165
739182
739183
739186
739214
739239
739240
739240
739242
739250
739252
739273
739274
739276
739278
739280
739286
739297
739303
739322
739323
739323
739325
739326
739328
739345
739354
739357
739365
739370
739372
739377
739379
739395
739404
739426
739431
739432
739436
739436
739438
739442
739444
739450
739456
739464
739464
739469
739487
739493
739500
739514
739521
739534
739537
739549
739552
739571
739580
739587
739593
739598
739605
739607
739624
739659
739659
739668
739677
739678
739678
739689
739704
739710
739720
739728
739751
739755
739760
739772
739774
739778
739788
739790
739796
739819
739824
739839
739849
739851
739854
739858
739861
739895
739916
739918
739934
739936
739953
739965
739971
739971
739977
739993
739994
740003
740003
740004
740030
740047
740050
740065
740071
740076
740083
740111
740114
740117
740126
740130
740130
740154
740157
740175
740183
740209
740211
740212
740216
740218
740256
740272
740277
740288
740307
740328
740346
740347
740352
740356
740356
740378
740384
740384
740415
740417
740430
740442
740445
740453
740455
740459
740464
740470
740475
740478
740488
740492
740505
740507
740520
740534
740539
740540
740540
740543
740549
740553
740589
740599
740632
740637
740639
740647
740674
740678
740702
740703
740722
740727
740728
740746
740755
740784
740798
740798
740800
740806
740806
740807
740807
740823
740823
740840
740844
740846
740874
740888
740888
740890
740905
740916
740931
740946
740950
740963
740963
740980
740980
740989
741017
741044
741047
741055
741061
741068
741072
741073
741130
741134
741139
741151
741165
741170
741174
741175
741182
741186
741186
741199
741207
741232
741237
741243
741245
741262
741262
741281
741298
741305
741308
741320
741323
741330
741352
741359
741376
741387
741388
741399
741411
741425
741427
741480
741485
741501
741504
741538
741539
741541
741552
741555
741573
741574
741590
741591
741591
741602
741609
741643
741656
741673
741698
741713
741717
741719
741736
741745
741754
741758
741763
741769
741778
741784
741787
741794
741801
741817
741818
741837
741838
741851
741853
741864
741874
741874
741879
741894
741904
741915
741918
741930
741930
741944
741953
741955
741968
741989
741997
742011
742011
742012
742019
742021
742024
742056
742070
742075
742080
742082
742083
742090
742096
742125
742128
742129
742130
742135
742156
742164
742169
742178
742189
742212
742220
742220
742224
742239
742249
742249
742253
742262
742273
742274
742277
742279
742284
742292
742298
742307
742312
742319
742320
742322
742330
742356
742359
742360
742362
742366
742368
742370
742375
742379
742381
742400
742440
742452
742468
742479
742483
742485
742521
742533
742540
742544
742574
742596
742600
742609
742619
742619
742642
742647
742658
742660
742677
742679
742688
742696
742697
742698
742719
742724
742755
742771
742799
742810
742823
742831
742841
742841
742867
742871
742871
742877
742880
742895
742901
742902
742933
742943
742972
742974
742981
742985
742995
742999
743003
743008
743009
743021
743025
743027
743032
743048
743050
743085
743127
743133
743142
743147
743147
743153
743154
743155
743186
743187
743187
743190
743205
743213
743217
743235
743246
743260
743271
743286
743286
743287
743311
743315
743341
743346
743378
743388
743397
743407
743412
743418
743426
743448
743454
743475
743478
743482
743486
743487
743489
743490
743493
743493
743506
743517
743533
743541
743542
743553
743556
743567
743587
743594
743597
743606
743623
743639
743648
743653
743658
743673
743675
743675
743685
743691
743694
743705
743712
743720
743742
743746
743748
743752
743785
743792
743798
743818
743859
743861
743863
743875
743888
743889
743912
743916
743923
743923
743927
743928
743942
743956
743971
743982
743997
744011
744016
744030
744038
744038
744046
744053
744100
744113
744117
744134
744136
744148
744164
744170
744214
744215
744217
744226
744234
744236
744258
744294
744306
744318
744323
744326
744328
744338
744341
744344
744363
744365
744376
744392
744406
744423
744429
744448
744461
744462
744474
744486
744496
744504
744532
744541
744547
744549
744551
744555
744572
744575
744582
744598
744600
744600
744601
744624
744624
744625
744642
744648
744692
744706
744715
744730
744756
744770
744771
744789
744791
744810
744813
744821
744834
744848
744856
744859
744862
744863
744867
744886
744893
744897
744902
744903
744909
744912
744915
744944
744944
744955
744969
744969
744981
744987
745021
745026
745028
745036
745040
745042
745057
745059
745087
745089
745108
745128
745131
745135
745148
745160
745172
745179
745196
745228
745248
745249
745255
745265
745270
745278
745296
745304
745306
745350
745376
745389
745405
745418
745419
745425
745428
745440
745441
745471
745482
745486
745505
745515
745516
745536
745540
745568
745585
745589
745593
745605
745617
745622
745645
745692
745692
745692
745715
745726
745737
745737
745741
745752
745771
745775
745782
745800
745808
745817
745841
745845
745865
745866
745867
745876
745900
745973
745974
745997
746006
746022
746046
746052
746064
746075
746107
746130
746131
746134
746142
746157
746159
746167
746182
746198
746210
746213
746222
746227
746237
746259
746283
746293
746312
746318
746332
746343
746356
746376
746378
746387
746388
746389
746405
746425
746436
746442
746452
746455
746459
746464
746468
746470
746482
746484
746485
746501
746504
746533
746535
746544
746553
746564
746580
746582
746590
746590
746595
746605
746610
746620
746624
746624
746638
746641
746647
746651
746657
746660
746663
746671
746675
746683
746686
746715
746718
746725
746732
746744
746747
746752
746784
746796
746796
746804
746804
746806
746814
746815
746824
746826
746829
746839
746845
746847
746849
746850
746856
746876
746881
746889
746931
746937
746952
746995
747015
747020
747031
747035
747040
747042
747044
747068
747079
747091
747097
747097
747098
747110
747123
747176
747177
747181
747188
747195
747198
747200
747203
747228
747229
747234
747234
747240
747246
747251
747281
747285
747303
747311
747311
747314
747317
747326
747327
747338
747344
747347
747354
747387
747403
747411
747411
747416
747428
747430
747436
747454
747455
747459
747473
747480
747483
747493
747508
747537
747538
747559
747559
747563
747565
747566
747584
747599
747600
747604
747607
747611
747621
747623
747633
747662
747668
747672
747675
747696
747703
747708
747711
747747
747754
747760
747764
747766
747768
747769
747776
747810
747812
747842
747852
747856
747863
747876
747882
747883
747887
747888
747899
747908
747930
747948
747974
747980
747989
748003
748018
748021
748031
748039
748040
748047
748066
748068
748083
748084
748087
748089
748113
748129
748143
748157
748192
748201
748201
748215
748221
748222
748247
748287
748288
748288
748289
748294
748298
748313
748314
748326
748326
748327
748330
748359
748361
748378
748380
748391
748392
748406
748411
748425
748432
748435
748458
748468
748468
748473
748475
748480
748486
748491
748492
748498
748511
748525
748533
748540
748544
748544
748547
748565
748568
748574
748590
748597
748604
748611
748626
748631
748634
748636
748662
748670
748671
748677
748677
748681
748687
748690
748696
748706
748708
748710
748711
748726
748753
748776
748776
748778
748785
748804
748807
748838
748878
748882
748885
748886
748890
748893
748893
748910
748920
748921
748924
748924
748947
748960
748967
748987
749011
749016
749018
749022
749035
749035
749039
749047
749074
749083
749094
749103
749132
749149
749153
749160
749162
749174
749186
749196
749198
749209
749215
749240
749252
749252
749260
749271
749298
749327
749328
749367
749385
749390
749396
749403
749422
749434
749434
749447
749448
749477
749502
749502
749513
749514
749545
749561
749566
749566
749585
749591
749599
749616
749625
749652
749663
749685
749689
749690
749736
749747
749763
749769
749772
749777
749789
749792
749800
749804
749806
749827
749836
749842
749880
749887
749891
749892
749903
749919
749927
749929
749963
749963
749966
749970
749977
749978
749994
749997
750007
750011
750017
750019
750046
750046
750078
750082
750085
750106
750116
750124
750126
750129
750130
750153
750160
750161
750188
750190
750201
750204
750206
750215
750230
750236
750237
750248
750254
750259
750271
750274
750280
750288
750290
750318
750325
750329
750335
750345
750346
750399
750409
750412
750419
750428
750440
750440
750444
750454
750454
750485
750487
750497
750504
750506
750527
750527
750531
750535
750542
750548
750550
750581
750590
750596
750606
750607
750618
750635
750642
750653
750664
750711
750712
750712
750713
750714
750715
750715
750746
750759
750766
750768
750810
750820
750824
750840
750844
750851
750872
750890
750905
750931
750949
750957
750959
750987
750993
750999
751001
751029
751041
751061
751062
751070
751074
751084
751086
751097
751106
751125
751153
751187
751220
751232
751235
751257
751300
751300
751332
751344
751345
751349
751352
751356
751384
751387
751391
751418
751418
751433
751442
751445
751447
751450
751456
751457
751465
751466
751474
751474
751476
751497
751502
751509
751520
751526
751539
751552
751567
751569
751583
751586
751602
751607
751656
751659
751660
751670
751673
751682
751696
751698
751719
751720
751766
751792
751804
751808
751815
751821
751839
751868
751870
751877
751911
751924
751935
751946
751950
751956
751957
751960
751962
751986
751988
751994
752027
752039
752088
752093
752105
752105
752107
752123
752141
752187
752190
752219
752221
752241
752245
752253
752254
752268
752270
752309
752317
752322
752336
752352
752352
752353
752357
752358
752376
752391
752409
752448
752469
752493
752501
752514
752518
752548
752551
752553
752557
752575
752579
752585
752593
752593
752602
752603
752640
752642
752652
752660
752674
752687
752689
752694
752708
752722
752722
752723
752752
752775
752783
752797
752828
752835
752843
752846
752854
752868
752878
752879
752887
752894
752894
752902
752903
752916
752922
752925
752968
753006
753011
753014
753037
753044
753044
753057
753058
753063
753065
753065
753102
753103
753109
753117
753117
753118
753119
753121
753127
753151
753184
753195
753206
753225
753229
753229
753234
753235
753236
753243
753258
753277
753278
753289
753325
753344
753360
753365
753373
753373
753377
753377
753394
753396
753419
753431
753447
753464
753482
753494
753495
753499
753500
753525
753528
753538
753542
753548
753560
753563
753565
753576
753581
753624
753625
753639
753644
753652
753689
753691
753693
753694
753718
753730
753735
753739
753751
753765
753781
753794
753795
753795
753799
753802
753814
753823
753844
753851
753861
753864
753877
753877
753879
753881
753889
753897
753900
753901
753903
753908
753910
753916
753925
753953
753966
753968
753971
754002
754019
754020
754027
754048
754060
754072
754081
754110
754115
754144
754190
754193
754211
754242
754242
754244
754247
754248
754264
754266
754267
754269
754275
754281
754282
754298
754301
754304
754305
754319
754328
754330
754338
754370
754377
754380
754385
754391
754401
754418
754423
754423
754434
754437
754447
754462
754462
754471
754512
754516
754526
754537
754541
754555
754559
754591
754595
754605
754608
754620
754623
754624
754658
754664
754690
754691
754729
754733
754737
754772
754775
754778
754784
754786
754791
754796
754798
754799
754807
754822
754837
754841
754844
754845
754851
754860
754861
754867
754869
754894
754903
754903
754924
754979
754985
755031
755034
755066
755073
755080
755122
755124
755130
755158
755174
755182
755189
755214
755216
755231
755247
755249
755258
755263
755277
755282
755310
755313
755345
755359
755367
755410
755429
755462
755481
755483
755487
755490
755522
755546
755555
755562
755563
755588
755591
755600
755601
755605
755612
755630
755634
755639
755640
755642
755654
755655
755656
755677
755682
755706
755710
755714
755744
755749
755750
755751
755756
755771
755808
755836
755839
755846
755846
755862
755868
755869
755870
755882
755891
755892
755903
755916
755928
755938
755947
755953
755961
755975
755982
755992
755996
756006
756017
756021
756026
756030
756035
756042
756044
756051
756052
756067
756077
756101
756147
756164
756164
756183
756184
756195
756195
756209
756238
756245
756288
756294
756300
756301
756303
756312
756316
756319
756353
756359
756359
756394
756424
756431
756435
756451
756461
756464
756486
756487
756488
756527
756558
756561
756570
756572
756575
756594
756608
756636
756646
756650
756650
756654
756658
756662
756666
756667
756670
756676
756691
756706
756711
756717
756719
756726
756728
756740
756741
756747
756766
756775
756781
756781
756785
756802
756804
756838
756841
756882
756884
756893
756900
756929
756936
756943
757002
757008
757017
757019
757028
757039
757042
757045
757050
757058
757074
757083
757084
757085
757092
757102
757112
757124
757133
757136
757139
757159
757170
757172
757175
757183
757189
757193
757203
757212
757212
757218
757230
757255
757258
757269
757275
757277
757279
757282
757288
757326
757327
757362
757362
757365
757372
757378
757387
757424
757431
757432
757436
757462
757505
757506
757523
757530
757535
757537
757545
757550
757566
757571
757593
757607
757624
757642
757654
757656
757671
757676
757676
757681
757689
757696
757696
757705
757715
757729
757762
757778
757780
757787
757790
757799
757801
757820
757830
757832
757833
757847
757862
757870
757871
757872
757878
757938
757955
757962
757979
757983
757986
757990
757995
758034
758051
758057
758059
758094
758119
758120
758122
758150
758150
758153
758154
758169
758170
758184
758191
758196
758203
758208
758213
758215
758233
758242
758261
758281
758289
758291
758302
758309
758320
758323
758329
758332
758339
758345
758355
758367
758377
758400
758405
758412
758422
758432
758456
758467
758471
758475
758475
758476
758480
758486
758519
758544
758549
758559
758563
758583
758588
758610
758613
758616
758617
758630
758647
758654
758664
758670
758674
758674
758687
758696
758702
758719
758759
758764
758770
758772
758772
758789
758797
758808
758809
758810
758835
758836
758847
758857
758900
758907
758918
758938
758940
758960
758980
758984
758993
758993
759015
759027
759037
759058
759072
759072
759093
759114
759116
759126
759139
759146
759163
759168
759172
759177
759177
759184
759210
759222
759240
759245
759252
759276
759278
759279
759286
759292
759298
759318
759327
759333
759342
759352
759368
759371
759372
759390
759396
759405
759426
759427
759437
759443
759451
759459
759461
759477
759484
759485
759506
759521
759524
759525
759539
759546
759548
759560
759561
759567
759572
759613
759617
759621
759628
759632
759636
759646
759671
759679
759692
759694
759723
759731
759734
759740
759747
759750
759755
759761
759774
759777
759790
759794
759805
759821
759825
759834
759837
759838
759839
759882
759884
759896
759896
759902
759911
759912
759927
759931
759932
759935
759936
759936
759951
759951
759955
759974
759979
759983
759997
760004
760005
760017
760022
760031
760032
760039
760047
760057
760058
760066
760071
760086
760090
760097
760101
760115
760121
760132
760139
760150
760157
760158
760163
760169
760176
760179
760181
760200
760201
760214
760215
760228
760230
760236
760270
760301
760321
760337
760342
760350
760360
760370
760387
760391
760406
760407
760417
760436
760439
760476
760478
760483
760511
760522
760543
760566
760572
760595
760609
760635
760639
760643
760644
760647
760658
760670
760673
760687
760690
760692
760701
760705
760722
760732
760734
760765
760768
760770
760775
760776
760778
760783
760783
760796
760826
760827
760827
760842
760844
760845
760847
760849
760854
760860
760869
760883
760892
760912
760916
760917
760919
760928
760950
760958
760980
760988
760994
761003
761011
761017
761031
761039
761067
761093
761094
761094
761095
761114
761136
761139
761144
761152
761153
761161
761165
761183
761186
761203
761212
761219
761228
761230
761231
761232
761247
761251
761255
761259
761262
761287
761296
761303
761308
761309
761313
761330
761332
761340
761342
761346
761369
761377
761381
761387
761396
761413
761417
761432
761454
761480
761482
761494
761506
761509
761531
761575
761591
761608
761614
761629
761635
761663
761664
761664
761671
761690
761692
761694
761702
761723
761723
761745
761774
761784
761789
761798
761798
761811
761828
761875
761892
761902
761903
761913
761920
761924
761930
761935
761945
761950
761961
761975
761980
761982
761985
762011
762023
762027
762035
762038
762039
762056
762069
762075
762078
762078
762078
762082
762085
762088
762106
762106
762139
762140
762140
762141
762147
762156
762160
762166
762169
762173
762174
762175
762187
762212
762215
762237
762249
762254
762264
762264
762266
762269
762287
762295
762324
762326
762372
762376
762380
762387
762390
762411
762443
762453
762480
762506
762510
762530
762556
762565
762567
762574
762610
762625
762625
762634
762634
762640
762657
762659
762680
762697
762707
762712
762714
762717
762719
762722
762741
762741
762755
762777
762792
762812
762826
762835
762836
762852
762863
762869
762872
762874
762879
762889
762890
762907
762912
762923
762924
762946
762972
762992
763005
763011
763012
763018
763024
763034
763083
763103
763108
763121
763175
763179
763192
763211
763227
763243
763258
763280
763310
763318
763335
763336
763341
763344
763349
763351
763391
763403
763411
763412
763423
763428
763432
763434
763448
763454
763459
763462
763474
763498
763509
763520
763523
763543
763548
763551
763581
763582
763584
763597
763599
763618
763621
763622
763622
763623
763634
763693
763701
763715
763723
763755
763765
763766
763768
763780
763804
763829
763841
763846
763852
763874
763879
763897
763900
763903
763917
763926
763947
763952
763956
763968
763980
764005
764006
764018
764024
764035
764075
764077
764077
764087
764100
764111
764119
764120
764138
764150
764151
764164
764167
764180
764205
764211
764217
764219
764235
764238
764249
764252
764255
764266
764267
764270
764293
764298
764308
764321
764329
764339
764343
764348
764349
764349
764353
764364
764392
764423
764429
764442
764448
764454
764464
764478
764495
764503
764507
764513
764513
764516
764534
764537
764540
764581
764598
764607
764617
764619
764621
764621
764640
764642
764654
764659
764698
764699
764701
764703
764722
764762
764763
764764
764775
764781
764790
764791
764806
764810
764823
764829
764843
764851
764905
764915
764954
764959
764984
764994
765015
765032
765058
765104
765135
765145
765153
765202
765206
765210
765230
765235
765238
765244
765262
765269
765276
765280
765283
765289
765307
765317
765330
765333
765349
765356
765374
765383
765387
765388
765403
765404
765406
765416
765428
765444
765458
765535
765537
765541
765542
765559
765564
765565
765570
765574
765576
765578
765583
765599
765621
765664
765665
765666
765682
765687
765695
765712
765714
765716
765721
765722
765757
765788
765794
765799
765815
765827
765834
765856
765862
765871
765877
765880
765890
765913
765923
765929
765950
765957
765958
765968
765971
765973
765974
765978
765984
765986
765990
766008
766010
766012
766022
766036
766047
766051
766065
766066
766087
766095
766099
766105
766149
766151
766168
766179
766188
766194
766204
766210
766222
766226
766236
766239
766278
766284
766286
766301
766304
766310
766315
766320
766321
766329
766337
766342
766381
766384
766411
766434
766438
766442
766466
766483
766484
766492
766495
766531
766533
766539
766541
766543
766559
766562
766564
766579
766591
766616
766638
766650
766651
766659
766661
766677
766681
766687
766688
766700
766704
766712
766716
766725
766744
766744
766761
766762
766777
766779
766782
766784
766787
766790
766793
766824
766828
766846
766847
766865
766870
766880
766882
766883
766894
766915
766921
766924
766926
766945
766946
766952
766956
766960
766969
766972
766975
766995
766999
767000
767021
767029
767038
767038
767050
767051
767053
767063
767063
767074
767092
767106
767110
767113
767130
767136
767138
767145
767164
767175
767181
767192
767213
767234
767254
767259
767288
767290
767308
767309
767309
767318
767348
767375
767379
767386
767406
767422
767424
767436
767473
767482
767504
767506
767520
767522
767527
767537
767544
767556
767598
767603
767624
767650
767653
767661
767664
767666
767680
767695
767701
767710
767711
767716
767729
767734
767738
767760
767766
767779
767790
767804
767812
767821
767823
767823
767830
767832
767838
767846
767848
767861
767868
767872
767876
767876
767882
767911
767917
767924
767926
767943
767969
767995
768010
768020
768030
768041
768045
768067
768091
768128
768132
768174
768205
768228
768263
768264
768272
768285
768295
768309
768309
768314
768327
768338
768340
768379
768400
768420
768436
768443
768447
768449
768455
768469
768489
768495
768527
768531
768541
768544
768548
768551
768552
768570
768571
768585
768589
768592
768595
768603
768613
768631
768638
768663
768665
768666
768670
768674
768696
768698
768703
768711
768718
768731
768744
768747
768752
768764
768777
768781
768784
768786
768790
768796
768806
768813
768818
768828
768830
768839
768841
768846
768901
768926
768929
768957
768967
768992
768997
769024
769029
769043
769053
769057
769082
769105
769105
769106
769126
769139
769180
769181
769190
769195
769239
769243
769270
769273
769281
769336
769340
769363
769381
769386
769407
769419
769420
769424
769425
769435
769438
769441
769442
769462
769470
769472
769476
769480
769489
769498
769502
769511
769513
769513
769535
769537
769549
769556
769560
769577
769613
769638
769644
769687
769689
769707
769717
769722
769743
769775
769790
769794
769806
769807
769812
769813
769817
769821
769838
769838
769853
769866
769887
769895
769912
769913
769915
769925
769930
769936
769939
769984
769984
769986
769994
770010
770012
770042
770051
770052
770052
770056
770071
770097
770105
770114
770117
770117
770127
770139
770147
770151
770157
770161
770168
770168
770177
770182
770190
770195
770216
770221
770235
770241
770241
770248
770248
770263
770282
770287
770298
770299
770300
770319
770319
770348
770363
770369
770380
770387
770402
770409
770414
770417
770431
770445
770448
770459
770462
770469
770476
770477
770501
770523
770535
770540
770549
770552
770555
770561
770562
770569
770575
770599
770601
770609
770624
770626
770652
770670
770681
770687
770687
770715
770718
770720
770724
770725
770745
770752
770757
770775
770779
770795
770830
770846
770852
770856
770861
770863
770863
770866
770866
770878
770890
770898
770915
770941
770942
770952
770963
770979
770981
771027
771030
771039
771042
771042
771051
771051
771055
771097
771103
771107
771109
771118
771134
771152
771160
771160
771162
771168
771179
771182
771186
771200
771202
771212
771270
771281
771294
771299
771329
771332
771335
771358
771382
771397
771404
771418
771434
771454
771470
771486
771512
771524
771548
771552
771566
771570
771577
771583
771586
771589
771596
771609
771610
771614
771617
771651
771660
771675
771681
771703
771717
771746
771760
771766
771772
771782
771786
771792
771812
771818
771825
771827
771830
771832
771858
771870
771898
771909
771922
771943
771949
771950
771960
771967
771990
772013
772026
772057
772059
772069
772082
772093
772093
772117
772120
772123
772132
772138
772151
772156
772156
772165
772168
772169
772202
772247
772253
772257
772282
772282
772292
772316
772328
772333
772335
772337
772350
772356
772362
772374
772376
772376
772383
772386
772389
772400
772405
772412
772427
772431
772438
772446
772461
772464
772469
772473
772474
772475
772486
772487
772500
772531
772556
772567
772569
772575
772576
772619
772620
772622
772631
772646
772659
772661
772695
772733
772741
772766
772768
772769
772786
772798
772819
772829
772848
772856
772860
772868
772868
772871
772887
772892
772898
772903
772908
772912
772914
772921
772933
772938
772944
772955
772982
772998
772999
773001
773008
773023
773040
773051
773064
773074
773077
773082
773085
773087
773096
773101
773104
773106
773113
773119
773124
773126
773127
773156
773159
773168
773172
773176
773201
773209
773216
773228
773250
773278
773282
773287
773287
773292
773297
773316
773333
773341
773350
773367
773374
773414
773432
773447
773449
773490
773501
773501
773517
773521
773523
773528
773530
773533
773547
773563
773569
773569
773574
773582
773588
773599
773611
773619
773625
773627
773639
773654
773656
773689
773704
773712
773714
773739
773740
773740
773760
773768
773787
773801
773802
773810
773813
773819
773833
773847
773849
773872
773873
773879
773883
773884
773890
773895
773896
773902
773920
773925
773930
773938
773966
773967
773978
773980
773987
773991
773997
774002
774014
774052
774083
774088
774100
774106
774136
774138
774140
774145
774159
774176
774177
774184
774194
774195
774215
774220
774241
774265
774298
774298
774314
774318
774320
774324
774325
774334
774339
774341
774342
774345
774345
774349
774351
774353
774355
774361
774394
774402
774415
774419
774446
774454
774459
774484
774488
774490
774491
774498
774525
774549
774556
774570
774576
774577
774588
774601
774610
774619
774626
774629
774638
774664
774691
774707
774717
774763
774767
774774
774776
774785
774800
774819
774824
774828
774830
774833
774836
774859
774863
774866
774870
774871
774893
774917
774930
774951
774958
774965
774974
774987
774994
774997
775013
775014
775043
775047
775057
775062
775106
775114
775115
775119
775122
775151
775157
775168
775173
775176
775177
775177
775208
775226
775241
775263
775265
775273
775286
775305
775338
775348
775359
775367
775399
775409
775412
775416
775422
775427
775461
775468
775474
775475
775477
775483
775499
775511
775512
775528
775535
775538
775590
775623
775635
775636
775664
775685
775699
775730
775731
775735
775735
775748
775753
775753
775761
775766
775766
775785
775785
775788
775807
775809
775839
775850
775872
775874
775889
775908
775933
775939
775945
775953
775993
776026
776034
776045
776049
776052
776066
776092
776092
776096
776109
776114
776122
776148
776161
776192
776225
776228
776235
776247
776256
776264
776267
776269
776269
776283
776285
776293
776295
776295
776300
776304
776320
776334
776375
776396
776398
776402
776405
776413
776414
776417
776426
776473
776487
776494
776495
776498
776524
776527
776536
776570
776583
776586
776588
776596
776607
776619
776630
776665
776670
776676
776678
776682
776684
776687
776705
776714
776724
776737
776745
776760
776781
776800
776804
776815
776864
776876
776881
776883
776906
776927
776932
776953
776957
777000
777007
777012
777025
777028
777044
777050
777063
777063
777065
777068
777074
777085
777086
777100
777113
777132
777134
777139
777142
777146
777150
777154
777157
777194
777210
777213
777219
777240
777241
777265
777273
777275
777313
777325
777353
777360
777361
777365
777383
777391
777394
777400
777430
777446
777450
777476
777479
777483
777489
777494
777532
777534
777537
777545
777571
777572
777579
777581
777601
777608
777636
777638
777652
777654
777670
777690
777690
777700
777706
777712
777719
777723
777730
777732
777746
777749
777754
777756
777757
777764
777779
777780
777794
777804
777824
777838
777861
777865
777885
777901
777932
777936
777938
777949
777976
777996
777999
778014
778016
778016
778029
778048
778073
778080
778081
778083
778089
778093
778117
778131
778133
778136
778138
778138
778144
778153
778175
778186
778191
778196
778210
778220
778228
778242
778244
778256
778288
778290
778315
778318
778319
778320
778325
778334
778335
778354
778360
778388
778399
778399
778402
778409
778418
778444
778446
778469
778475
778501
778501
778536
778545
778559
778566
778566
778572
778581
778597
778602
778602
778612
778617
778636
778637
778652
778661
778676
778700
778705
778706
778707
778723
778728
778731
778781
778810
778811
778819
778829
778841
778842
778850
778853
778857
778888
778894
778894
778915
778916
778920
778935
778939
778950
778959
778961
778997
779011
779016
779056
779061
779081
779109
779128
779133
779134
779137
779150
779155
779160
779228
779238
779246
779283
779317
779368
779370
779387
779392
779395
779400
779402
779455
779462
779466
779475
779479
779483
779491
779491
779507
779507
779530
779533
779534
779536
779545
779546
779548
779554
779564
779572
779595
779597
779602
779612
779612
779615
779632
779636
779638
779654
779659
779663
779676
779705
779720
779732
779747
779749
779757
779758
779788
779815
779823
779827
779828
779854
779854
779855
779856
779883
779886
779903
779918
779931
779932
779938
779941
779976
779999
779999
780013
780013
780015
780023
780037
780037
780039
780044
780048
780060
780063
780066
780074
780083
780085
780095
780120
780132
780150
780153
780155
780171
780185
780186
780195
780204
780234
780257
780273
780276
780279
780287
780295
780298
780313
780320
780320
780325
780337
780353
780365
780367
780378
780392
780398
780435
780440
780444
780484
780497
780500
780506
780507
780515
780522
780538
780539
780556
780560
780578
780590
780601
780608
780628
780630
780654
780673
780682
780688
780693
780697
780701
780702
780722
780735
780747
780755
780756
780761
780772
780790
780800
780809
780834
780855
780872
780891
780892
780893
780966
780966
780969
780976
780979
780984
780992
781002
781011
781017
781021
781064
781065
781067
781071
781099
781102
781102
781106
781118
781121
781125
781130
781140
781141
781159
781164
781182
781185
781237
781240
781254
781275
781289
781293
781294
781302
781325
781327
781338
781358
781370
781373
781385
781389
781400
781408
781414
781415
781416
781430
781433
781434
781462
781478
781498
781503
781504
781507
781511
781513
781514
781516
781528
781556
781557
781571
781573
781574
781581
781586
781593
781597
781598
781605
781618
781618
781621
781682
781683
781701
781729
781751
781776
781787
781788
781815
781838
781863
781874
781881
781883
781884
781890
781892
781903
781918
781948
781957
781960
781961
781963
781996
782027
782035
782038
782054
782062
782079
782100
782114
782122
782125
782152
782153
782163
782177
782184
782205
782221
782222
782225
782227
782228
782244
782248
782268
782269
782282
782287
782290
782309
782317
782327
782331
782333
782347
782357
782387
782406
782408
782417
782420
782434
782448
782455
782465
782468
782469
782470
782474
782476
782482
782489
782490
782493
782494
782508
782509
782513
782525
782549
782563
782568
782570
782573
782596
782598
782613
782615
782628
782635
782646
782646
782670
782675
782683
782689
782689
782695
782710
782712
782715
782719
782730
782732
782742
782750
782766
782768
782769
782783
782786
782790
782795
782796
782815
782825
782841
782846
782846
782878
782909
782925
782946
782955
782974
782974
782997
783009
783015
783036
783040
783054
783062
783089
783093
783110
783115
783123
783167
783188
783199
783201
783202
783206
783232
783237
783281
783292
783305
783311
783317
783326
783330
783337
783347
783363
783369
783387
783398
783406
783429
783453
783458
783469
783510
783515
783523
783532
783533
783535
783540
783541
783543
783558
783583
783596
783597
783612
783613
783627
783633
783642
783647
783649
783653
783682
783684
783713
783714
783718
783720
783724
783731
783738
783747
783766
783780
783828
783836
783859
783867
783872
783872
783879
783886
783898
783902
783902
783902
783913
783916
783919
783920
783920
783940
783948
783953
783954
783955
783978
784005
784019
784036
784043
784054
784060
784060
784063
784075
784077
784110
784110
784111
784111
784113
784129
784143
784146
784157
784180
784184
784186
784191
784198
784205
784206
784207
784218
784225
784227
784229
784230
784236
784237
784237
784253
784253
784257
784262
784270
784272
784273
784283
784285
784291
784305
784310
784363
784366
784375
784378
784385
784397
784412
784417
784420
784450
784461
784478
784509
784516
784520
784525
784529
784567
784572
784576
784583
784611
784627
784639
784648
784659
784684
784700
784702
784714
784728
784732
784737
784738
784742
784746
784748
784755
784767
784767
784767
784782
784802
784805
784805
784834
784857
784862
784872
784883
784886
784891
784893
784899
784900
784907
784909
784909
784913
784933
784945
784958
784959
784995
784997
785007
785015
785022
785023
785031
785039
785042
785057
785064
785086
785121
785123
785126
785135
785144
785154
785165
785169
785180
785181
785182
785189
785206
785226
785236
785237
785238
785251
785269
785275
785278
785279
785282
785291
785304
785308
785317
785318
785330
785331
785339
785341
785352
785353
785362
785385
785393
785397
785401
785421
785423
785427
785427
785434
785435
785442
785444
785451
785454
785459
785461
785464
785475
785488
785503
785513
785541
785549
785557
785562
785568
785575
785581
785598
785600
785635
785636
785637
785653
785659
785691
785699
785714
785724
785731
785732
785734
785758
785780
785780
785785
785796
785797
785807
785813
785819
785820
785843
785844
785848
785854
785867
785873
785884
785885
785889
785890
785894
785898
785906
785916
785930
785936
785940
785941
785963
785996
786001
786013
786015
786016
786029
786033
786037
786037
786045
786053
786075
786083
786094
786094
786100
786117
786129
786132
786179
786193
786213
786219
786227
786233
786244
786249
786270
786287
786288
786298
786298
786299
786303
786303
786306
786307
786307
786316
786325
786336
786347
786348
786356
786378
786397
786400
786432
786440
786450
786464
786485
786505
786509
786519
786539
786543
786547
786595
786601
786607
786653
786657
786659
786673
786698
786700
786701
786701
786705
786712
786721
786734
786735
786737
786746
786753
786764
786772
786775
786793
786815
786820
786841
786851
786851
786861
786873
786877
786892
786898
786898
786909
786924
786950
786977
786982
786985
786995
786996
787000
787009
787020
787027
787029
787032
787040
787049
787060
787060
787065
787068
787074
787097
787103
787144
787156
787158
787178
787179
787180
787182
787189
787202
787224
787228
787248
787256
787271
787279
787290
787299
787300
787303
787308
787310
787312
787360
787364
787370
787382
787383
787390
787396
787407
787431
787437
787445
787445
787453
787454
787471
787473
787474
787475
787478
787500
787502
787502
787545
787549
787570
787575
787653
787661
787698
787707
787711
787724
787725
787736
787741
787741
787750
787752
787759
787761
787771
787771
787773
787784
787789
787833
787846
787884
787886
787893
787914
787921
787945
787964
787976
787979
787981
787990
788040
788053
788060
788103
788104
788110
788120
788120
788137
788154
788161
788167
788171
788174
788176
788190
788191
788207
788233
788259
788260
788263
788271
788280
788305
788313
788317
788324
788344
788350
788352
788357
788396
788398
788449
788461
788466
788477
788481
788484
788495
788496
788504
788506
788525
788554
788586
788613
788653
788656
788659
788661
788683
788690
788691
788710
788713
788714
788716
788733
788735
788735
788747
788757
788761
788780
788782
788783
788787
788794
788794
788833
788851
788871
788872
788885
788887
788910
788918
788919
788930
788934
788935
788940
788945
788946
788965
788989
789008
789009
789051
789056
789069
789071
789083
789085
789104
789105
789114
789119
789128
789151
789159
789174
789184
789185
789187
789199
789207
789214
789218
789229
789241
789244
789253
789260
789260
789263
789292
789304
789325
789346
789377
789395
789396
789400
789401
789420
789428
789429
789449
789462
789467
789484
789494
789504
789520
789525
789531
789533
789549
789567
789570
789577
789594
789598
789611
789634
789635
789654
789673
789674
789676
789686
789697
789703
789705
789738
789743
789750
789754
789760
789823
789837
789842
789846
789846
789870
789870
789877
789878
789921
789921
789930
789933
789934
789941
789950
789960
789966
789982
789992
790011
790015
790018
790030
790060
790073
790081
790088
790105
790112
790124
790143
790148
790151
790155
790158
790163
790169
790176
790187
790211
790216
790219
790220
790221
790221
790241
790253
790273
790277
790302
790310
790315
790317
790325
790333
790334
790336
790337
790346
790348
790352
790357
790378
790380
790382
790400
790411
790437
790476
790478
790494
790502
790507
790508
790509
790537
790541
790544
790552
790567
790570
790573
790573
790574
790576
790592
790616
790621
790628
790629
790652
790674
790689
790698
790702
790717
790731
790731
790734
790737
790739
790741
790753
790755
790757
790764
790777
790787
790866
790879
790923
790925
790931
790950
790956
790956
790958
790963
790968
790983
790990
790997
791062
791073
791117
791149
791155
791166
791213
791217
791244
791269
791276
791279
791283
791293
791306
791336
791370
791394
791402
791413
791421
791429
791450
791464
791465
791473
791498
791526
791528
791533
791535
791544
791548
791551
791567
791573
791582
791602
791617
791631
791644
791665
791666
791682
791694
791705
791707
791708
791710
791717
791718
791721
791723
791761
791773
791779
791781
791783
791788
791801
791802
791803
791806
791821
791827
791833
791834
791847
791847
791848
791854
791854
791860
791861
791867
791885
791902
791903
791904
791913
791922
791936
791938
791967
791970
791987
791994
792000
792010
792016
792024
792025
792026
792038
792045
792045
792049
792053
792072
792104
792114
792115
792116
792133
792138
792156
792188
792192
792202
792210
792229
792231
792253
792258
792285
792300
792303
792311
792311
792326
792332
792334
792344
792346
792358
792372
792375
792378
792379
792384
792399
792411
792432
792463
792467
792482
792503
792507
792516
792517
792522
792527
792530
792544
792548
792550
792560
792592
792621
792622
792627
792639
792645
792645
792662
792674
792677
792694
792700
792708
792710
792713
792715
792715
792738
792743
792746
792754
792764
792771
792777
792784
792790
792794
792826
792828
792832
792832
792834
792842
792862
792873
792902
792907
792915
792925
792927
792931
792947
792948
792955
792980
792982
793002
793020
793023
793057
793081
793090
793097
793101
793106
793111
793123
793127
793131
793135
793143
793161
793172
793180
793193
793201
793210
793250
793253
793264
793269
793278
793315
793316
793322
793335
793337
793351
793353
793385
793393
793396
793409
793424
793427
793433
793444
793448
793485
793526
793531
793538
793558
793566
793578
793581
793588
793589
793619
793619
793622
793626
793655
793656
793657
793665
793681
793687
793719
793732
793736
793747
793753
793769
793788
793788
793795
793798
793799
793805
793813
793815
793821
793830
793843
793843
793845
793848
793862
793872
793880
793898
793902
793927
793938
793940
793958
793985
793999
794013
794014
794035
794039
794052
794055
794072
794072
794081
794098
794103
794118
794138
794143
794147
794148
794149
794152
794157
794158
794161
794167
794172
794175
794176
794183
794195
794196
794197
794198
794207
794229
794239
794246
794260
794266
794267
794279
794301
794310
794311
794316
794353
794357
794362
794362
794364
794424
794454
794456
794462
794482
794490
794498
794508
794519
794530
794531
794541
794546
794603
794620
794623
794625
794640
794648
794664
794684
794686
794727
794732
794769
794778
794784
794795
794802
794807
794817
794819
794830
794835
794851
794879
794887
794897
794902
794906
794911
794944
794965
794965
794973
794982
794984
794988
795001
795001
795006
795011
795019
795024
795026
795039
795043
795062
795078
795092
795116
795134
795153
795166
795170
795175
795191
795201
795211
795215
795231
795237
795257
795264
795270
795288
795293
795304
795323
795335
795339
795347
795364
795374
795379
795389
795409
795437
795447
795454
795487
795489
795495
795539
795551
795570
795613
795613
795626
795640
795648
795652
795656
795673
795677
795678
795682
795691
795699
795700
795701
795702
795716
795723
795744
795750
795754
795781
795787
795790
795807
795815
795821
795824
795830
795839
795843
795845
795846
795871
795872
795877
795884
795895
795908
795919
795932
795939
795947
795964
795966
795978
795992
795996
796011
796016
796017
796018
796037
796040
796043
796048
796053
796072
796102
796152
796155
796157
796170
796178
796187
796188
796189
796192
796196
796206
796230
796241
796256
796260
796268
796271
796290
796296
796300
796303
796327
796335
796346
796347
796353
796358
796371
796375
796381
796395
796410
796412
796412
796413
796418
796431
796432
796444
796448
796451
796479
796497
796507
796508
796509
796544
796547
796550
796570
796582
796589
796592
796600
796603
796618
796621
796625
796634
796634
796660
796670
796672
796698
796701
796704
796708
796727
796747
796764
796769
796770
796774
796775
796783
796802
796812
796812
796815
796833
796835
796843
796853
796857
796876
796878
796887
796900
796900
796901
796903
796907
796916
796918
796918
796919
796929
796934
796936
796952
796954
796962
796996
796997
797008
797010
797034
797035
797039
797048
797056
797058
797065
797075
797077
797079
797084
797085
797094
797106
797113
797119
797127
797129
797137
797138
797141
797157
797161
797163
797166
797171
797187
797197
797202
797217
797225
797226
797244
797246
797248
797253
797254
797272
797285
797285
797287
797307
797312
797315
797316
797330
797335
797339
797357
797376
797381
797383
797385
797394
797401
797413
797421
797422
797424
797426
797434
797435
797443
797445
797447
797462
797474
797474
797478
797482
797487
797494
797501
797505
797505
797511
797533
797537
797551
797553
797589
797609
797621
797623
797624
797626
797626
797629
797648
797651
797661
797693
797698
797705
797707
797715
797716
797717
797721
797729
797765
797766
797780
797798
797806
797807
797808
797814
797834
797841
797848
797848
797854
797862
797870
797931
797941
797944
797979
797979
797992
797994
798007
798017
798019
798027
798037
798038
798053
798073
798075
798100
798112
798143
798153
798187
798188
798198
798209
798237
798251
798261
798262
798283
798290
798292
798319
798321
798325
798331
798332
798338
798339
798340
798351
798358
798395
798399
798407
798420
798424
798430
798438
798450
798451
798452
798466
798474
798479
798488
798489
798518
798521
798522
798530
798539
798541
798547
798558
798585
798598
798604
798611
798615
798638
798639
798649
798660
798662
798664
798668
798669
798705
798706
798712
798748
798772
798807
798824
798844
798846
798855
798863
798865
798866
798892
798902
798907
798925
798943
798948
798959
798992
798998
799007
799010
799011
799019
799022
799025
799033
799069
799087
799089
799121
799130
799152
799153
799157
799162
799166
799172
799173
799176
799181
799208
799209
799242
799263
799267
799271
799281
799289
799312
799316
799323
799327
799332
799350
799350
799352
799357
799364
799368
799375
799402
799405
799407
799415
799429
799452
799465
799466
799492
799508
799511
799529
799531
799546
799557
799578
799579
799581
799588
799590
799592
799602
799628
799628
799635
799644
799656
799659
799675
799681
799690
799702
799716
799734
799742
799753
799759
799761
799802
799808
799825
799837
799858
799863
799902
799902
799909
799914
799938
799938
799939
799945
799976
799990
799999
800028
800071
800075
800081
800095
800104
800123
800127
800134
800149
800156
800163
800166
800166
800169
800182
800197
800200
800212
800219
800222
800242
800247
800250
800253
800254
800255
800294
800305
800310
800322
800323
800336
800336
800341
800344
800381
800417
800428
800429
800453
800469
800490
800498
800510
800516
800522
800543
800550
800550
800554
800555
800569
800583
800594
800606
800612
800620
800626
800626
800639
800677
800685
800697
800697
800705
800709
800723
800731
800736
800745
800746
800762
800763
800784
800795
800815
800823
800828
800829
800844
800879
800882
800884
800911
800941
800953
800966
800984
800997
801000
801004
801016
801031
801051
801062
801075
801082
801082
801091
801102
801105
801120
801121
801122
801145
801165
801175
801187
801189
801191
801207
801209
801216
801226
801241
801248
801250
801269
801273
801281
801302
801307
801312
801314
801326
801327
801335
801341
801350
801373
801376
801378
801402
801413
801419
801420
801423
801424
801439
801451
801453
801460
801485
801488
801507
801510
801527
801537
801544
801549
801559
801588
801613
801618
801626
801630
801631
801636
801639
801661
801673
801684
801688
801691
801699
801710
801728
801746
801747
801754
801754
801758
801795
801796
801806
801806
801818
801824
801824
801842
801849
801859
801872
801894
801905
801906
801911
801913
801921
801922
801928
801952
801956
801981
802000
802005
802015
802040
802042
802049
802064
802094
802094
802109
802112
802129
802135
802144
802155
802168
802172
802180
802193
802194
802229
802231
802240
802247
802254
802259
802300
802314
802332
802336
802347
802348
802348
802357
802361
802370
802377
802379
802413
802422
802428
802445
802449
802456
802486
802490
802490
802494
802495
802504
802505
802521
802532
802552
802567
802570
802570
802576
802584
802584
802588
802600
802601
802630
802632
802633
802636
802642
802647
802657
802685
802691
802708
802716
802732
802772
802778
802778
802793
802795
802806
802809
802841
802855
802858
802860
802860
802868
802871
802874
802881
802885
802889
802889
802906
802919
802921
802944
802954
802956
802957
802965
802967
802993
803011
803038
803047
803072
803099
803111
803125
803129
803132
803146
803153
803168
803181
803185
803186
803191
803203
803212
803216
803233
803249
803320
803339
803340
803341
803362
803386
803390
803397
803407
803411
803413
803442
803447
803448
803471
803474
803477
803478
803486
803491
803494
803521
803521
803524
803540
803542
803563
803572
803583
803589
803595
803600
803616
803645
803655
803672
803687
803714
803716
803732
803735
803736
803747
803764
803780
803797
803799
803805
803806
803806
803811
803821
803835
803835
803837
803837
803847
803852
803855
803858
803867
803876
803887
803896
803910
803912
803914
803923
803928
803934
803940
803941
803946
803950
803950
803962
803981
804003
804020
804026
804026
804027
804044
804048
804063
804064
804074
804079
804086
804090
804121
804124
804192
804292
804299
804311
804349
804374
804396
804430
804453
804457
804462
804471
804482
804509
804513
804515
804522
804540
804550
804552
804561
804564
804582
804594
804596
804596
804601
804606
804608
804615
804616
804625
804647
804652
804653
804663
804685
804687
804692
804693
804696
804698
804698
804699
804709
804725
804727
804745
804747
804766
804770
804772
804772
804790
804795
804796
804801
804830
804835
804838
804840
804861
804874
804889
804889
804903
804943
804950
804953
804954
804956
804963
804965
804979
804984
804992
804994
805020
805021
805040
805051
805057
805076
805079
805086
805110
805112
805114
805116
805120
805123
805138
805143
805144
805144
805160
805170
805172
805188
805191
805197
805207
805210
805221
805224
805225
805238
805241
805245
805254
805254
805259
805261
805298
805299
805303
805304
805307
805312
805321
805322
805322
805340
805346
805351
805361
805374
805396
805405
805408
805419
805440
805448
805462
805468
805491
805495
805504
805513
805529
805531
805548
805551
805575
805605
805608
805609
805613
805620
805627
805630
805651
805653
805663
805664
805666
805688
805718
805732
805746
805750
805752
805760
805771
805774
805774
805774
805778
805780
805786
805800
805805
805818
805828
805837
805841
805850
805863
805869
805899
805917
805943
805967
805969
805981
805988
805996
805999
806004
806010
806018
806027
806034
806034
806041
806052
806062
806067
806084
806089
806096
806108
806109
806153
806158
806167
806169
806185
806190
806214
806216
806220
806225
806239
806245
806252
806258
806259
806267
806272
806285
806300
806318
806318
806322
806332
806335
806339
806354
806358
806358
806360
806365
806366
806380
806380
806387
806399
806399
806423
806431
806432
806437
806441
806447
806452
806466
806505
806505
806532
806550
806555
806569
806582
806583
806601
806614
806642
806656
806667
806675
806689
806709
806734
806741
806742
806746
806751
806751
806760
806765
806779
806785
806791
806792
806804
806808
806819
806824
806855
806882
806903
806910
806923
806924
806924
806929
806944
806947
806948
806955
806957
806965
806981
807034
807046
807049
807061
807066
807074
807082
807093
807107
807117
807128
807143
807147
807155
807156
807156
807173
807175
807209
807227
807229
807229
807250
807255
807260
807266
807271
807287
807296
807298
807308
807317
807336
807337
807339
807360
807369
807375
807386
807391
807392
807404
807406
807407
807411
807414
807445
807446
807453
807455
807462
807482
807491
807510
807518
807519
807552
807553
807559
807578
807590
807595
807604
807606
807614
807629
807640
807642
807653
807667
807668
807682
807683
807684
807713
807714
807716
807726
807729
807744
807773
807792
807800
807819
807822
807833
807834
807859
807867
807875
807880
807885
807916
807931
807945
807951
807959
807962
807980
808017
808022
808039
808039
808040
808069
808099
808107
808111
808142
808143
808149
808153
808162
808198
808201
808216
808220
808221
808233
808265
808268
808291
808303
808325
808328
808329
808332
808338
808343
808346
808363
808367
808392
808401
808408
808414
808415
808418
808423
808429
808433
808437
808445
808452
808469
808477
808524
808527
808531
808554
808559
808562
808571
808577
808581
808586
808600
808606
808609
808624
808639
808639
808644
808658
808683
808705
808710
808755
808771
808772
808773
808793
808803
808813
808815
808831
808842
808855
808862
808867
808868
808870
808885
808921
808927
808942
808955
808956
808957
808966
808968
808977
808978
808981
808982
809032
809035
809036
809058
809067
809074
809088
809089
809096
809113
809122
809133
809139
809150
809154
809154
809156
809181
809187
809192
809202
809208
809226
809233
809238
809247
809250
809252
809255
809256
809266
809285
809288
809295
809305
809307
809333
809335
809348
809350
809376
809397
809405
809415
809422
809431
809433
809433
809436
809441
809477
809479
809484
809486
809491
809495
809502
809515
809517
809524
809539
809548
809590
809651
809656
809665
809685
809687
809692
809694
809698
809701
809710
809718
809720
809726
809729
809741
809743
809748
809757
809758
809758
809759
809784
809803
809812
809814
809816
809819
809825
809827
809829
809835
809838
809846
809851
809892
809903
809909
809920
809933
809933
809935
809939
809954
809968
810002
810015
810020
810022
810034
810056
810064
810065
810066
810066
810102
810106
810119
810130
810130
810143
810150
810158
810165
810173
810180
810184
810185
810194
810202
810230
810230
810236
810253
810256
810264
810272
810313
810314
810331
810334
810346
810349
810349
810367
810368
810383
810393
810396
810408
810412
810413
810419
810422
810430
810433
810448
810448
810457
810463
810472
810519
810536
810566
810576
810578
810580
810593
810602
810603
810606
810608
810614
810628
810629
810629
810632
810633
810636
810647
810647
810670
810672
810675
810679
810681
810695
810723
810730
810732
810756
810774
810779
810779
810782
810783
810787
810794
810796
810799
810809
810814
810833
810853
810864
810883
810902
810904
810904
810906
810914
810922
810945
810947
810974
810991
810994
811014
811041
811067
811073
811075
811077
811087
811103
811107
811110
811112
811114
811124
811129
811131
811157
811158
811163
811172
811172
811183
811188
811191
811202
811238
811250
811252
811257
811263
811268
811287
811314
811315
811316
811342
811361
811362
811404
811404
811423
811428
811435
811439
811448
811456
811483
811497
811525
811536
811546
811567
811585
811599
811603
811611
811611
811630
811655
811657
811661
811666
811667
811675
811682
811688
811709
811715
811724
811737
811745
811745
811752
811763
811774
811775
811780
811811
811833
811854
811858
811858
811894
811904
811905
811906
811911
811913
811915
811924
811928
811930
811935
811943
811976
811979
811984
812001
812010
812013
812035
812047
812061
812063
812063
812067
812078
812080
812089
812118
812120
812128
812130
812132
812132
812142
812145
812147
812169
812169
812174
812183
812191
812232
812245
812248
812249
812263
812273
812283
812326
812327
812332
812337
812346
812346
812352
812354
812369
812371
812372
812374
812385
812394
812403
812405
812429
812429
812480
812484
812520
812528
812534
812556
812580
812587
812588
812589
812589
812598
812600
812600
812606
812612
812623
812624
812627
812629
812634
812646
812650
812681
812683
812696
812708
812712
812724
812733
812734
812769
812772
812805
812809
812831
812856
812870
812871
812900
812906
812908
812947
812947
812963
812964
812965
812965
812966
812985
812986
812987
812987
813007
813010
813028
813030
813049
813050
813060
813072
813076
813085
813089
813095
813100
813104
813110
813123
813141
813146
813158
813171
813177
813179
813183
813193
813198
813208
813210
813217
813218
813223
813238
813247
813249
813255
813260
813260
813261
813264
813267
813281
813284
813299
813321
813337
813352
813358
813364
813398
813400
813414
813415
813428
813439
813449
813457
813459
813461
813466
813495
813497
813511
813539
813551
813551
813553
813570
813571
813574
813587
813592
813595
813596
813625
813643
813646
813650
813662
813668
813673
813676
813678
813678
813693
813701
813723
813734
813743
813745
813765
813774
813786
813792
813808
813815
813816
813829
813831
813834
813856
813862
813862
813887
813888
813895
813905
813911
813936
813940
813943
813944
813946
813970
813975
814007
814019
814026
814028
814029
814045
814047
814058
814095
814097
814107
814115
814115
814116
814155
814159
814164
814164
814165
814165
814170
814170
814172
814204
814205
814210
814232
814246
814248
814258
814266
814274
814284
814287
814299
814306
814307
814343
814348
814351
814356
814370
814377
814400
814405
814413
814416
814422
814424
814437
814446
814447
814467
814479
814486
814490
814500
814510
814512
814532
814533
814543
814561
814563
814564
814566
814576
814605
814616
814631
814635
814641
814657
814670
814675
814706
814716
814725
814731
814731
814763
814768
814782
814787
814794
814806
814809
814834
814837
814840
814855
814870
814880
814938
814946
814949
814955
814970
814972
814975
814983
814999
815005
815018
815019
815020
815022
815026
815046
815050
815052
815114
815142
815151
815160
815163
815164
815167
815182
815183
815184
815185
815196
815196
815204
815215
815247
815257
815292
815293
815295
815296
815313
815319
815334
815364
815367
815375
815381
815385
815387
815390
815395
815399
815449
815455
815470
815485
815487
815490
815492
815506
815515
815525
815536
815546
815564
815583
815590
815591
815607
815610
815614
815616
815617
815638
815646
815647
815654
815668
815689
815730
815733
815743
815748
815781
815786
815795
815803
815832
815844
815847
815851
815854
815875
815901
815901
815928
815949
815952
815974
815984
815988
815996
816014
816042
816056
816067
816075
816079
816096
816100
816107
816119
816133
816138
816139
816177
816187
816189
816190
816198
816201
816206
816215
816226
816228
816236
816238
816251
816252
816254
816257
816258
816265
816277
816290
816292
816310
816314
816344
816349
816359
816360
816362
816385
816386
816409
816409
816411
816419
816445
816448
816467
816478
816494
816501
816504
816505
816526
816541
816552
816581
816594
816597
816606
816610
816622
816623
816626
816640
816681
816683
816684
816698
816705
816713
816732
816756
816766
816769
816772
816792
816801
816805
816807
816820
816830
816837
816846
816847
816873
816874
816915
816917
816934
816943
816953
816976
816987
817003
817005
817046
817046
817069
817077
817083
817094
817094
817097
817099
817110
817113
817113
817131
817145
817150
817162
817177
817185
817197
817204
817207
817212
817227
817262
817273
817283
817287
817292
817295
817299
817300
817319
817323
817333
817334
817338
817339
817362
817397
817403
817407
817408
817412
817413
817418
817428
817429
817435
817468
817486
817490
817493
817519
817523
817529
817538
817548
817562
817579
817585
817593
817613
817619
817639
817668
817674
817704
817705
817723
817723
817743
817747
817800
817803
817819
817822
817832
817838
817849
817853
817854
817873
817876
817885
817898
817907
817920
817923
817947
817959
817962
817968
817973
817973
817981
818000
818018
818025
818043
818046
818047
818048
818050
818054
818075
818078
818083
818084
818085
818110
818112
818124
818129
818131
818135
818148
818150
818170
818171
818177
818179
818186
818187
818189
818192
818201
818202
818210
818214
818222
818229
818231
818234
818240
818243
818248
818253
818258
818258
818271
818274
818289
818307
818317
818321
818324
818324
818343
818347
818350
818368
818386
818389
818400
818402
818403
818409
818417
818435
818452
818454
818483
818488
818491
818493
818525
818532
818548
818559
818568
818573
818589
818603
818620
818622
818623
818635
818638
818646
818648
818651
818652
818668
818670
818676
818679
818695
818696
818707
818710
818714
818717
818760
818777
818786
818789
818795
818798
818802
818827
818828
818828
818850
818850
818856
818867
818870
818880
818883
818885
818886
818896
818908
818919
818937
818937
818940
818955
818968
818977
819009
819011
819015
819022
819025
819034
819034
819042
819050
819053
819056
819071
819074
819082
819094
819103
819107
819121
819137
819138
819139
819157
819160
819162
819171
819199
819200
819203
819206
819210
819219
819225
819240
819250
819272
819276
819292
819300
819315
819330
819341
819351
819353
819368
819372
819372
819377
819383
819392
819392
819396
819406
819408
819424
819424
819438
819454
819455
819465
819476
819488
819498
819510
819518
819527
819544
819549
819557
819560
819573
819576
819576
819589
819614
819625
819627
819636
819651
819652
819657
819658
819668
819669
819671
819683
819691
819700
819713
819715
819718
819719
819720
819721
819723
819729
819734
819736
819754
819770
819783
819797
819808
819839
819852
819859
819862
819887
819893
819895
819896
819911
819924
819938
819940
819944
819945
819961
819967
819970
819974
819995
819996
820051
820052
820063
820066
820086
820087
820087
820088
820095
820108
820115
820127
820134
820136
820147
820162
820183
820184
820186
820198
820199
820207
820216
820221
820222
820239
820239
820259
820269
820282
820293
820300
820307
820323
820350
820354
820355
820364
820383
820396
820410
820428
820428
820430
820449
820454
820463
820464
820480
820482
820487
820495
820507
820512
820517
820522
820529
820539
820541
820542
820545
820574
820578
820586
820596
820602
820606
820614
820615
820621
820625
820627
820638
820638
820648
820670
820682
820728
820741
820764
820769
820800
820811
820817
820832
820853
820866
820883
820895
820895
820914
820938
820939
820948
820950
820956
820966
820975
820978
821007
821021
821036
821061
821065
821071
821074
821098
821111
821124
821127
821132
821135
821137
821137
821141
821152
821187
821189
821196
821198
821239
821248
821252
821262
821273
821286
821287
821288
821292
821316
821323
821329
821340
821350
821353
821358
821364
821374
821380
821381
821383
821409
821410
821415
821418
821421
821425
821431
821437
821439
821443
821452
821460
821472
821483
821486
821487
821489
821501
821512
821517
821527
821544
821547
821558
821565
821565
821582
821586
821609
821617
821625
821637
821639
821659
821663
821675
821682
821683
821701
821702
821720
821724
821727
821731
821750
821770
821774
821778
821783
821786
821793
821829
821838
821864
821876
821914
821916
821917
821925
821945
821945
821955
821966
821966
821974
821982
822004
822015
822020
822023
822066
822073
822096
822098
822113
822120
822127
822129
822131
822146
822146
822149
822163
822168
822171
822186
822197
822201
822214
822235
822253
822261
822261
822267
822276
822277
822278
822280
822285
822287
822330
822357
822366
822370
822380
822383
822385
822389
822390
822391
822395
822408
822412
822420
822433
822436
822439
822441
822443
822445
822447
822463
822466
822505
822510
822536
822539
822547
822548
822564
822570
822576
822581
822590
822607
822618
822618
822631
822639
822653
822657
822661
822670
822695
822700
822718
822720
822746
822747
822753
822756
822762
822778
822805
822808
822809
822818
822832
822844
822847
822853
822864
822902
822914
822915
822915
822925
822929
822939
822950
822969
822986
823015
823017
823019
823026
823037
823046
823064
823073
823085
823091
823093
823098
823106
823108
823112
823127
823157
823179
823187
823206
823218
823229
823254
823263
823280
823316
823319
823331
823367
823372
823385
823388
823407
823407
823432
823436
823445
823448
823452
823470
823477
823488
823493
823499
823504
823506
823509
823510
823510
823518
823519
823524
823529
823594
823600
823610
823614
823618
823623
823627
823632
823643
823654
823665
823669
823727
823755
823756
823757
823770
823774
823775
823778
823803
823810
823811
823813
823815
823823
823833
823836
823837
823843
823860
823861
823862
823869
823893
823894
823906
823908
823922
823940
823941
823963
823985
823997
824001
824011
824051
824052
824061
824065
824091
824092
824094
824113
824117
824118
824118
824134
824138
824176
824178
824196
824197
824205
824205
824214
824235
824254
824255
824258
824259
824261
824263
824266
824267
824272
824283
824291
824302
824310
824312
824330
824334
824340
824343
824345
824348
824349
824390
824391
824392
824423
824442
824452
824469
824477
824506
824507
824509
824515
824526
824552
824559
824561
824569
824590
824590
824594
824598
824606
824607
824609
824622
824625
824626
824657
824657
824658
824661
824669
824671
824706
824711
824713
824745
824757
824778
824780
824781
824792
824802
824809
824823
824825
824838
824858
824869
824894
824911
824923
824930
824930
824934
824934
824942
824945
824946
824952
824963
824969
824971
824997
825002
825005
825006
825024
825038
825043
825046
825048
825057
825088
825089
825108
825109
825142
825142
825144
825146
825167
825175
825179
825188
825231
825255
825286
825299
825333
825346
825363
825366
825387
825423
825436
825456
825461
825463
825469
825469
825479
825479
825484
825485
825485
825489
825495
825506
825510
825514
825525
825540
825553
825556
825572
825578
825586
825599
825604
825605
825634
825636
825646
825654
825657
825661
825666
825667
825668
825669
825690
825711
825720
825725
825735
825751
825753
825760
825765
825780
825793
825803
825804
825807
825820
825827
825881
825882
825884
825887
825894
825917
825947
825948
825958
825976
825997
826015
826025
826035
826069
826074
826077
826081
826085
826105
826109
826124
826137
826164
826169
826170
826187
826196
826198
826202
826208
826209
826214
826214
826214
826220
826230
826268
826272
826275
826282
826282
826305
826320
826321
826327
826327
826327
826340
826341
826353
826365
826386
826388
826392
826396
826398
826415
826429
826430
826436
826440
826444
826455
826455
826461
826478
826486
826487
826503
826504
826504
826506
826509
826511
826526
826536
826540
826540
826552
826568
826571
826578
826599
826606
826616
826637
826642
826653
826679
826698
826707
826711
826734
826743
826745
826748
826756
826770
826787
826799
826821
826828
826829
826830
826845
826850
826853
826857
826890
826895
826897
826910
826921
826923
826934
826934
826935
826943
826948
826955
826958
826965
826972
826973
826990
826997
827000
827008
827018
827037
827044
827057
827062
827068
827072
827079
827146
827156
827159
827161
827164
827169
827169
827172
827181
827195
827204
827226
827227
827238
827241
827265
827285
827306
827310
827312
827321
827322
827327
827331
827358
827362
827366
827385
827392
827393
827416
827422
827423
827427
827432
827438
827456
827458
827489
827492
827512
827513
827514
827517
827522
827524
827532
827534
827540
827560
827571
827571
827578
827578
827608
827629
827634
827636
827640
827648
827659
827664
827670
827676
827687
827703
827705
827707
827720
827723
827725
827727
827740
827742
827747
827805
827808
827816
827823
827839
827840
827855
827859
827860
827865
827878
827878
827892
827894
827908
827916
827940
827968
827981
827990
827991
827994
827997
828009
828032
828042
828047
828048
828054
828057
828063
828090
828092
828101
828114
828139
828142
828157
828159
828164
828167
828168
828176
828182
828182
828185
828186
828191
828192
828194
828200
828233
828237
828238
828246
828257
828264
828285
828292
828295
828302
828309
828328
828345
828361
828365
828365
828394
828417
828427
828441
828495
828507
828523
828543
828545
828600
828607
828612
828639
828665
828666
828695
828700
828726
828730
828737
828740
828742
828748
828755
828789
828792
828806
828810
828821
828827
828833
828839
828846
828847
828860
828869
828874
828874
828881
828882
828894
828903
828903
828905
828926
828940
828944
828980
828989
828994
829001
829003
829030
829047
829049
829063
829066
829077
829086
829089
829114
829146
829152
829170
829170
829172
829181
829181
829205
829210
829223
829223
829247
829249
829253
829269
829281
829290
829294
829303
829303
829306
829308
829316
829325
829337
829343
829346
829357
829383
829384
829391
829393
829402
829435
829439
829446
829452
829456
829487
829519
829522
829524
829571
829584
829589
829603
829605
829606
829622
829632
829654
829657
829660
829662
829681
829682
829696
829706
829727
829743
829750
829780
829800
829803
829812
829813
829817
829845
829847
829847
829854
829878
829882
829884
829900
829927
829930
829932
829955
829958
829959
829977
829997
830006
830016
830021
830024
830034
830039
830071
830096
830096
830103
830108
830111
830116
830122
830122
830130
830133
830169
830180
830190
830205
830214
830216
830218
830232
830232
830244
830274
830304
830314
830323
830324
830328
830349
830351
830354
830360
830365
830370
830372
830425
830429
830433
830437
830443
830448
830471
830497
830502
830504
830511
830522
830546
830554
830576
830595
830598
830621
830626
830631
830637
830654
830672
830675
830677
830696
830705
830716
830722
830725
830728
830732
830733
830742
830742
830756
830769
830772
830802
830819
830831
830837
830848
830850
830855
830857
830857
830877
830892
830897
830927
830940
830941
830947
830949
830956
830959
830972
830975
830989
830994
830999
831008
831017
831026
831054
831055
831055
831068
831078
831079
831083
831089
831096
831096
831107
831136
831138
831145
831151
831161
831177
831186
831190
831214
831225
831244
831248
831250
831257
831273
831275
831275
831294
831294
831306
831318
831327
831344
831351
831361
831422
831454
831458
831467
831492
831500
831501
831504
831517
831526
831535
831564
831570
831575
831587
831598
831612
831650
831660
831667
831674
831688
831766
831823
831840
831867
831870
831872
831874
831875
831881
831919
831926
831934
831951
831967
831974
831977
831991
831994
831997
832000
832019
832029
832029
832033
832068
832072
832084
832097
832099
832105
832118
832127
832138
832154
832171
832175
832188
832232
832254
832254
832279
832283
832306
832312
832329
832335
832353
832369
832369
832374
832382
832417
832441
832445
832445
832464
832471
832482
832491
832493
832494
832495
832501
832507
832513
832518
832521
832523
832524
832532
832536
832568
832616
832621
832636
832641
832645
832666
832670
832671
832686
832714
832718
832725
832725
832729
832739
832768
832769
832773
832777
832795
832808
832814
832830
832850
832869
832871
832885
832889
832895
832909
832913
832919
832923
832931
832947
832948
832962
832962
832963
832963
832978
832989
832989
832989
832995
833006
833008
833010
833036
833060
833069
833073
833074
833093
833098
833118
833142
833175
833188
833192
833199
833202
833207
833218
833218
833241
833242
833259
833263
833265
833267
833271
833282
833287
833295
833308
833310
833312
833313
833317
833318
833324
833339
833348
833353
833369
833376
833378
833403
833415
833421
833425
833444
833457
833479
833493
833519
833529
833538
833543
833559
833589
833598
833602
833609
833616
833617
833625
833625
833712
833718
833724
833725
833738
833748
833748
833770
833781
833795
833815
833820
833824
833836
833847
833848
833871
833883
833893
833920
833930
833937
833946
833948
833973
833981
833991
833999
834006
834008
834011
834013
834024
834029
834030
834035
834036
834041
834051
834063
834063
834068
834069
834076
834109
834111
834113
834115
834126
834168
834187
834190
834196
834206
834219
834247
834247
834253
834268
834282
834285
834292
834292
834308
834316
834318
834321
834322
834323
834331
834331
834334
834339
834341
834343
834350
834351
834351
834355
834363
834366
834367
834376
834387
834404
834408
834413
834436
834446
834455
834470
834508
834520
834521
834542
834573
834591
834594
834652
834663
834685
834686
834708
834724
834727
834759
834765
834768
834769
834778
834779
834810
834829
834835
834861
834868
834885
834890
834917
834918
834926
834929
834960
834967
834978
834979
834990
834993
834997
835006
835028
835033
835038
835038
835099
835106
835115
835120
835123
835123
835128
835129
835149
835153
835175
835197
835208
835225
835243
835249
835252
835261
835269
835269
835276
835277
835280
835283
835298
835304
835306
835313
835338
835347
835376
835393
835394
835395
835397
835399
835403
835404
835433
835465
835467
835469
835472
835482
835485
835496
835501
835542
835543
835558
835558
835568
835568
835582
835593
835599
835600
835613
835613
835624
835626
835631
835642
835642
835656
835665
835668
835669
835673
835702
835706
835716
835719
835730
835738
835743
835745
835761
835768
835779
835803
835806
835810
835811
835823
835826
835829
835842
835859
835885
835920
835922
835944
835947
835955
835959
835979
835985
835999
836011
836015
836017
836065
836096
836099
836102
836110
836123
836134
836157
836162
836163
836171
836179
836189
836203
836204
836207
836207
836220
836233
836243
836245
836251
836256
836264
836264
836289
836292
836306
836311
836331
836347
836358
836374
836381
836396
836409
836418
836427
836433
836445
836471
836475
836479
836480
836492
836518
836518
836522
836530
836533
836546
836555
836558
836563
836573
836583
836590
836607
836649
836649
836651
836656
836688
836703
836712
836748
836761
836769
836771
836786
836789
836810
836826
836829
836847
836859
836862
836880
836884
836900
836900
836914
836942
836949
836957
836962
836968
836970
836984
837000
837003
837013
837018
837030
837031
837035
837049
837068
837069
837080
837084
837085
837092
837123
837145
837149
837155
837172
837191
837194
837209
837214
837219
837222
837239
837245
837249
837256
837268
837277
837290
837299
837316
837346
837352
837359
837390
837395
837398
837421
837430
837438
837439
837439
837441
837443
837455
837470
837470
837476
837476
837478
837483
837516
837525
837533
837534
837569
837619
837625
837638
837650
837671
837672
837674
837676
837686
837694
837708
837721
837728
837746
837754
837767
837768
837785
837792
837802
837814
837816
837831
837835
837864
837874
837877
837885
837891
837898
837903
837913
837922
837926
837929
837938
837946
837953
837976
837977
837981
837984
837987
837993
837999
838010
838010
838016
838017
838017
838030
838032
838035
838061
838062
838068
838071
838073
838075
838075
838087
838088
838098
838111
838115
838116
838120
838121
838150
838150
838154
838167
838174
838186
838194
838213
838226
838231
838234
838241
838243
838254
838259
838262
838279
838283
838302
838303
838320
838347
838377
838404
838404
838415
838440
838479
838479
838495
838511
838512
838513
838519
838519
838520
838524
838529
838534
838538
838538
838558
838560
838597
838606
838621
838655
838657
838668
838699
838702
838718
838736
838745
838746
838755
838759
838770
838772
838784
838787
838806
838808
838843
838858
838858
838862
838885
838887
838887
838903
838912
838916
838929
838929
838929
838941
838951
838954
838954
838959
838960
838980
838991
838998
839018
839024
839062
839071
839081
839094
839099
839100
839117
839157
839174
839192
839192
839194
839199
839204
839205
839207
839217
839217
839219
839222
839269
839277
839300
839310
839316
839324
839325
839341
839344
839358
839364
839383
839391
839395
839398
839401
839425
839439
839456
839457
839461
839480
839505
839505
839509
839543
839548
839550
839555
839575
839576
839580
839597
839604
839613
839617
839621
839639
839647
839658
839662
839670
839687
839701
839703
839709
839709
839722
839725
839727
839751
839772
839807
839810
839831
839833
839837
839837
839846
839854
839857
839859
839862
839863
839863
839864
839868
839885
839909
839917
839931
839934
839943
839955
839962
839966
839967
839968
839968
839995
840002
840011
840012
840012
840027
840030
840038
840065
840071
840074
840091
840104
840110
840116
840129
840131
840132
840135
840145
840165
840197
840198
840230
840242
840252
840274
840279
840293
840326
840347
840356
840373
840374
840375
840377
840381
840405
840417
840426
840436
840440
840447
840448
840454
840458
840460
840478
840490
840515
840523
840525
840530
840541
840542
840573
840575
840616
840644
840663
840683
840685
840695
840711
840734
840756
840764
840764
840767
840767
840773
840780
840782
840816
840825
840847
840852
840858
840903
840922
840926
840958
840961
840970
840979
840987
840995
840998
841004
841006
841014
841022
841025
841028
841029
841031
841033
841061
841067
841098
841106
841123
841137
841144
841154
841162
841165
841170
841189
841211
841226
841229
841242
841266
841270
841279
841286
841288
841294
841297
841300
841320
841326
841328
841332
841335
841370
841376
841441
841481
841487
841493
841502
841504
841535
841543
841545
841547
841550
841569
841574
841580
841594
841601
841611
841614
841629
841630
841638
841647
841678
841679
841681
841684
841689
841713
841723
841739
841743
841744
841770
841777
841812
841818
841823
841825
841826
841834
841841
841849
841863
841869
841879
841886
841896
841901
841903
841918
841923
841926
841933
841950
841965
841969
841969
841971
841983
842002
842011
842021
842028
842037
842044
842048
842067
842103
842105
842127
842133
842155
842176
842200
842200
842240
842253
842279
842286
842286
842287
842290
842297
842303
842313
842340
842345
842345
842346
842362
842370
842387
842422
842432
842433
842439
842441
842449
842454
842462
842481
842513
842535
842551
842552
842562
842566
842566
842569
842578
842584
842588
842591
842596
842596
842604
842619
842639
842642
842649
842660
842667
842671
842682
842695
842706
842713
842728
842729
842743
842753
842757
842758
842771
842783
842791
842800
842805
842808
842809
842810
842820
842825
842826
842837
842845
842849
842853
842865
842876
842916
842918
842946
842957
842984
843002
843015
843020
843054
843059
843069
843078
843094
843121
843134
843139
843146
843165
843176
843186
843205
843224
843237
843249
843249
843260
843280
843285
843287
843315
843323
843346
843360
843374
843381
843387
843390
843394
843397
843421
843424
843425
843432
843448
843453
843454
843458
843466
843467
843477
843480
843483
843491
843518
843537
843542
843549
843568
843569
843579
843593
843594
843618
843620
843631
843632
843641
843662
843673
843684
843685
843697
843709
843710
843711
843720
843722
843725
843733
843736
843777
843780
843782
843783
843784
843785
843796
843799
843799
843810
843827
843830
843844
843883
843889
843897
843897
843897
843897
843917
843919
843949
843979
843986
843991
843993
843993
844002
844008
844010
844029
844030
844032
844053
844081
844086
844086
844094
844098
844118
844133
844136
844138
844150
844153
844162
844164
844164
844165
844174
844178
844179
844182
844185
844197
844202
844213
844235
844252
844261
844264
844275
844286
844304
844305
844339
844352
844356
844358
844364
844370
844378
844383
844391
844410
844411
844421
844424
844436
844478
844488
844489
844524
844530
844535
844545
844559
844566
844567
844597
844608
844611
844670
844676
844686
844697
844702
844709
844715
844716
844730
844731
844741
844742
844760
844766
844770
844775
844778
844793
844799
844802
844812
844822
844826
844829
844834
844836
844837
844847
844849
844861
844864
844866
844876
844916
844938
844944
844947
844949
844960
844963
844984
844986
845017
845023
845035
845041
845054
845056
845068
845068
845071
845082
845104
845125
845135
845137
845160
845168
845201
845204
845214
845222
845228
845239
845241
845249
845265
845288
845292
845304
845307
845315
845318
845331
845352
845354
845377
845400
845402
845421
845425
845431
845440
845465
845476
845505
845511
845514
845540
845544
845552
845557
845563
845576
845579
845592
845593
845600
845608
845616
845625
845625
845645
845652
845654
845663
845676
845682
845699
845711
845727
845734
845749
845761
845764
845764
845766
845768
845772
845779
845800
845801
845804
845806
845806
845808
845814
845815
845834
845857
845861
845864
845880
845880
845892
845897
845897
845898
845903
845907
845925
845943
845954
845986
846013
846036
846038
846041
846047
846055
846060
846089
846097
846104
846110
846160
846162
846174
846190
846236
846236
846250
846253
846259
846261
846271
846278
846297
846326
846326
846337
846348
846385
846386
846389
846398
846414
846421
846424
846438
846438
846441
846455
846473
846479
846481
846491
846507
846518
846534
846534
846541
846543
846548
846563
846568
846572
846573
846585
846600
846611
846622
846637
846657
846679
846681
846695
846697
846700
846705
846707
846709
846713
846723
846755
846764
846775
846816
846817
846825
846841
846844
846845
846845
846848
846867
846906
846930
846935
846945
846946
846947
846962
846968
846983
847000
847004
847009
847012
847018
847023
847023
847053
847058
847067
847072
847087
847096
847098
847104
847111
847117
847121
847125
847128
847130
847146
847165
847186
847190
847205
847221
847228
847229
847230
847232
847257
847261
847281
847294
847297
847308
847308
847323
847330
847342
847346
847350
847371
847403
847405
847415
847426
847427
847435
847482
847507
847526
847529
847544
847558
847566
847596
847605
847631
847652
847657
847663
847666
847674
847681
847683
847689
847721
847730
847731
847733
847745
847750
847769
847774
847786
847824
847847
847847
847867
847887
847896
847902
847902
847936
847945
847948
847962
847963
847967
847975
848002
848017
848017
848027
848040
848041
848043
848050
848069
848075
848112
848112
848114
848124
848152
848154
848174
848195
848200
848209
848241
848250
848264
848265
848271
848292
848304
848315
848318
848328
848337
848365
848370
848415
848418
848426
848433
848436
848487
848501
848505
848507
848509
848512
848513
848534
848555
848573
848582
848595
848608
848625
848627
848634
848648
848658
848662
848666
848670
848674
848684
848700
848713
848736
848741
848761
848763
848798
848805
848807
848815
848826
848829
848830
848840
848848
848856
848862
848882
848883
848887
848887
848901
848902
848907
848945
848963
848969
848985
849000
849006
849006
849010
849015
849015
849032
849052
849061
849069
849080
849091
849094
849113
849114
849140
849147
849154
849172
849183
849188
849203
849223
849246
849268
849272
849277
849286
849319
849341
849358
849371
849377
849385
849393
849402
849416
849419
849420
849420
849423
849426
849429
849451
849461
849462
849465
849472
849475
849476
849485
849510
849533
849540
849540
849544
849566
849576
849576
849584
849588
849605
849623
849624
849646
849665
849675
849694
849695
849703
849717
849761
849762
849773
849773
849778
849782
849788
849798
849802
849818
849841
849856
849869
849891
849891
849897
849904
849909
849916
849918
849933
849933
849936
849944
849946
849950
849954
849960
849970
849975
849979
850024
850025
850032
850045
850046
850050
850050
850061
850062
850063
850075
850115
850116
850123
850131
850154
850157
850163
850223
850224
850232
850242
850250
850267
850274
850298
850320
850325
850327
850339
850344
850372
850376
850388
850413
850417
850425
850433
850436
850452
850464
850479
850482
850483
850485
850486
850496
850502
850507
850513
850527
850548
850553
850553
850569
850585
850587
850597
850611
850620
850635
850665
850668
850672
850708
850711
850719
850746
850746
850753
850757
850771
850777
850778
850784
850788
850802
850837
850840
850843
850854
850868
850873
850879
850880
850900
850902
850909
850926
850927
850931
850965
850985
850991
850994
851005
851012
851035
851038
851044
851048
851051
851061
851076
851107
851109
851109
851115
851119
851120
851138
851150
851161
851176
851181
851181
851182
851190
851191
851203
851212
851218
851221
851227
851227
851232
851239
851255
851267
851292
851307
851309
851331
851345
851355
851356
851368
851369
851379
851383
851400
851408
851417
851428
851429
851435
851453
851463
851465
851477
851485
851507
851514
851514
851544
851547
851554
851555
851556
851558
851592
851605
851612
851617
851644
851650
851671
851673
851679
851688
851716
851721
851737
851759
851783
851808
851819
851830
851840
851861
851864
851869
851876
851878
851927
851941
851960
851964
851970
851978
851987
851988
852007
852020
852028
852036
852039
852059
852092
852118
852124
852134
852140
852146
852169
852188
852206
852232
852241
852261
852267
852289
852311
852312
852321
852332
852334
852338
852359
852363
852370
852373
852384
852398
852400
852402
852413
852415
852423
852432
852472
852478
852483
852488
852488
852496
852514
852515
852524
852527
852542
852550
852558
852589
852593
852603
852631
852652
852657
852678
852699
852709
852713
852717
852722
852731
852736
852744
852760
852764
852774
852777
852780
852787
852791
852805
852809
852831
852832
852835
852852
852853
852861
852872
852873
852902
852913
852915
852926
852931
852931
852967
852980
852993
853006
853013
853027
853031
853042
853061
853079
853100
853103
853116
853153
853158
853195
853218
853218
853231
853241
853245
853246
853251
853275
853275
853277
853295
853313
853325
853353
853358
853371
853377
853386
853390
853395
853407
853417
853418
853424
853431
853433
853443
853444
853457
853459
853475
853505
853518
853518
853521
853535
853537
853537
853556
853576
853581
853592
853598
853599
853611
853615
853640
853650
853658
853681
853696
853730
853730
853738
853752
853758
853769
853783
853806
853817
853824
853841
853855
853856
853857
853861
853865
853868
853871
853872
853874
853875
853903
853907
853915
853919
853923
853931
853945
853969
853979
853992
853999
854011
854029
854030
854069
854077
854097
854116
854127
854127
854129
854150
854150
854151
854151
854152
854161
854180
854193
854227
854229
854254
854257
854264
854266
854266
854267
854303
854306
854326
854333
854337
854355
854357
854359
854360
854361
854384
854432
854434
854438
854444
854447
854457
854493
854499
854504
854509
854510
854517
854524
854527
854529
854539
854541
854565
854579
854579
854589
854601
854612
854615
854640
854667
854693
854705
854709
854725
854725
854728
854741
854743
854762
854784
854805
854817
854821
854825
854833
854839
854841
854845
854867
854870
854881
854889
854891
854903
854905
854910
854918
854938
854947
854966
854975
854993
854994
854997
854999
855005
855009
855026
855032
855034
855042
855043
855046
855066
855067
855068
855070
855095
855100
855102
855112
855120
855128
855145
855175
855197
855216
855228
855231
855240
855249
855250
855252
855272
855294
855300
855303
855312
855327
855329
855329
855337
855355
855375
855386
855406
855410
855413
855424
855431
855456
855460
855463
855467
855480
855507
855522
855525
855529
855534
855546
855553
855571
855586
855595
855597
855599
855613
855618
855623
855631
855632
855650
855692
855704
855715
855716
855723
855730
855747
855754
855759
855778
855786
855808
855826
855852
855861
855865
855874
855879
855881
855897
855903
855920
855921
855936
855949
855953
855953
855959
855964
855999
856022
856023
856025
856029
856033
856058
856062
856073
856086
856090
856098
856116
856118
856127
856130
856137
856138
856139
856157
856158
856159
856170
856183
856200
856204
856212
856213
856215
856235
856240
856247
856267
856270
856271
856303
856304
856310
856319
856337
856342
856365
856368
856370
856380
856381
856389
856404
856418
856420
856428
856429
856455
856473
856473
856488
856500
856502
856503
856508
856511
856534
856538
856539
856554
856567
856570
856591
856591
856604
856625
856641
856644
856666
856671
856677
856689
856694
856696
856704
856705
856728
856732
856735
856739
856744
856750
856757
856761
856771
856787
856788
856793
856798
856800
856800
856849
856860
856879
856881
856881
856900
856904
856919
856923
856935
856949
856973
856978
856998
857007
857010
857024
857051
857059
857061
857072
857074
857102
857122
857127
857134
857145
857147
857150
857165
857166
857192
857202
857212
857214
857224
857252
857253
857258
857274
857277
857296
857298
857306
857316
857321
857326
857331
857336
857339
857339
857341
857344
857348
857350
857352
857353
857370
857379
857387
857411
857458
857458
857464
857467
857473
857481
857492
857503
857518
857532
857542
857553
857560
857580
857608
857614
857624
857630
857643
857647
857651
857658
857662
857663
857676
857695
857702
857718
857719
857725
857735
857740
857748
857758
857758
857774
857788
857789
857819
857819
857828
857835
857835
857847
857857
857870
857881
857883
857887
857933
857935
857938
857946
857948
857952
857955
857957
857984
858000
858003
858012
858028
858036
858080
858088
858091
858095
858106
858107
858140
858142
858144
858147
858151
858172
858199
858214
858214
858220
858236
858237
858252
858254
858263
858263
858264
858298
858306
858307
858311
858317
858333
858340
858353
858358
858375
858377
858382
858383
858386
858401
858428
858444
858449
858461
858473
858475
858479
858505
858508
858514
858519
858525
858533
858543
858553
858560
858569
858571
858590
858596
858620
858622
858623
858623
858631
858633
858639
858649
858649
858654
858667
858678
858682
858688
858688
858697
858699
858701
858706
858708
858710
858710
858714
858719
858746
858748
858765
858771
858779
858791
858795
858802
858839
858846
858846
858847
858849
858850
858865
858870
858871
858888
858897
858898
858899
858920
858930
858932
858936
858941
858964
858966
858988
859004
859009
859018
859033
859040
859041
859045
859050
859054
859063
859070
859072
859074
859084
859106
859106
859106
859121
859134
859145
859147
859154
859164
859183
859186
859205
859214
859221
859227
859233
859234
859252
859256
859258
859259
859267
859269
859274
859283
859293
859294
859301
859306
859312
859343
859352
859388
859392
859404
859406
859410
859431
859436
859443
859450
859451
859469
859485
859486
859518
859523
859538
859540
859551
859564
859565
859588
859601
859611
859616
859622
859625
859637
859664
859674
859686
859703
859725
859732
859735
859749
859750
859752
859767
859776
859811
859822
859830
859840
859845
859862
859873
859874
859878
859895
859898
859911
859918
859928
859928
859945
859949
859963
859980
859999
860007
860011
860012
860014
860022
860066
860091
860109
860109
860136
860151
860152
860154
860166
860169
860175
860185
860191
860193
860193
860209
860246
860250
860254
860265
860271
860278
860282
860291
860302
860311
860314
860317
860327
860349
860349
860363
860364
860371
860376
860390
860398
860405
860409
860415
860417
860428
860429
860445
860450
860459
860464
860481
860492
860506
860506
860507
860523
860524
860527
860527
860531
860540
860574
860588
860592
860607
860612
860616
860632
860633
860637
860644
860645
860662
860664
860703
860713
860737
860750
860768
860780
860787
860794
860800
860805
860805
860807
860812
860815
860815
860827
860829
860836
860845
860850
860868
860871
860892
860894
860950
860953
860958
860982
861016
861020
861022
861037
861043
861075
861089
861096
861101
861107
861109
861126
861142
861150
861156
861158
861162
861164
861167
861183
861187
861200
861204
861205
861208
861219
861232
861234
861240
861249
861257
861261
861283
861331
861335
861338
861349
861351
861354
861359
861364
861371
861380
861381
861382
861394
861398
861407
861415
861433
861448
861461
861471
861480
861488
861515
861528
861528
861530
861536
861542
861548
861553
861564
861578
861582
861586
861596
861607
861614
861616
861619
861634
861644
861649
861654
861665
861671
861684
861711
861714
861731
861734
861738
861746
861762
861767
861768
861793
861816
861823
861838
861843
861850
861864
861883
861888
861897
861900
861913
861917
861921
861934
861936
861940
861943
861965
861994
862000
862021
862030
862046
862047
862065
862078
862081
862082
862097
862121
862143
862145
862152
862159
862163
862172
862199
862207
862229
862240
862242
862259
862271
862281
862288
862292
862314
862323
862324
862328
862329
862343
862371
862374
862376
862377
862379
862387
862389
862404
862422
862424
862435
862459
862471
862485
862485
862489
862506
862507
862515
862515
862556
862557
862593
862596
862596
862600
862615
862622
862647
862651
862665
862696
862699
862699
862699
862709
862729
862746
862751
862752
862752
862773
862780
862781
862795
862809
862810
862811
862824
862829
862833
862835
862844
862851
862861
862864
862870
862878
862886
862913
862936
862943
862975
862981
862994
862994
863021
863033
863035
863039
863044
863080
863100
863103
863104
863105
863110
863117
863118
863119
863149
863156
863160
863162
863168
863176
863185
863185
863198
863201
863204
863209
863221
863223
863234
863234
863296
863306
863308
863336
863342
863354
863357
863382
863385
863401
863401
863424
863456
863468
863470
863481
863492
863509
863517
863526
863529
863550
863574
863589
863592
863597
863603
863607
863613
863618
863621
863635
863635
863653
863698
863705
863720
863738
863742
863744
863753
863761
863763
863763
863769
863780
863791
863795
863827
863851
863854
863859
863876
863888
863896
863897
863902
863903
863910
863929
863941
863946
863967
863975
864008
864012
864015
864049
864071
864072
864080
864094
864118
864122
864141
864148
864152
864153
864169
864170
864172
864183
864195
864211
864217
864231
864275
864276
864299
864311
864317
864325
864331
864336
864354
864360
864361
864362
864373
864373
864376
864397
864401
864413
864427
864429
864431
864431
864455
864461
864461
864474
864482
864484
864484
864494
864526
864527
864541
864581
864603
864609
864633
864635
864651
864679
864683
864683
864685
864686
864696
864720
864728
864730
864732
864750
864752
864769
864772
864775
864777
864777
864812
864815
864818
864827
864836
864843
864847
864851
864851
864855
864866
864885
864893
864917
864922
864927
864938
864954
864956
864965
864985
864988
865063
865063
865074
865114
865125
865134
865137
865140
865141
865147
865159
865167
865188
865191
865201
865219
865226
865228
865241
865256
865270
865272
865290
865296
865336
865344
865354
865354
865366
865401
865403
865441
865464
865471
865477
865494
865494
865513
865533
865553
865598
865621
865637
865643
865645
865654
865672
865674
865678
865696
865698
865703
865706
865721
865748
865765
865767
865770
865772
865796
865802
865811
865825
865834
865839
865849
865851
865855
865862
865870
865872
865872
865874
865891
865894
865905
865917
865924
865929
865932
865948
865955
865958
865966
865973
865976
865998
866015
866027
866053
866058
866082
866085
866116
866118
866119
866134
866157
866165
866165
866169
866169
866194
866195
866198
866227
866235
866266
866284
866286
866306
866336
866361
866390
866393
866401
866414
866439
866456
866461
866464
866470
866473
866483
866495
866502
866512
866521
866537
866539
866583
866583
866585
866601
866602
866603
866604
866611
866642
866642
866642
866659
866660
866663
866673
866720
866721
866743
866744
866759
866768
866776
866777
866790
866794
866803
866803
866806
866836
866845
866850
866854
866858
866863
866867
866871
866872
866879
866879
866888
866894
866902
866902
866911
866912
866916
866921
866922
866925
866931
866938
866949
866974
866994
867016
867044
867059
867063
867065
867067
867081
867093
867108
867125
867147
867171
867174
867179
867183
867195
867202
867206
867217
867219
867228
867239
867242
867249
867275
867277
867282
867291
867306
867306
867319
867356
867405
867407
867414
867423
867424
867429
867452
867472
867499
867501
867510
867555
867593
867601
867602
867603
867614
867623
867624
867636
867644
867647
867655
867659
867666
867678
867690
867695
867718
867719
867730
867744
867745
867753
867756
867757
867760
867775
867775
867788
867798
867802
867812
867830
867855
867856
867865
867872
867878
867879
867886
867910
867915
867927
867942
867944
867954
867958
867968
867969
867977
867981
868016
868030
868034
868053
868066
868078
868081
868086
868092
868102
868137
868140
868145
868157
868162
868162
868164
868176
868177
868182
868184
868202
868203
868213
868216
868253
868267
868268
868271
868280
868282
868287
868294
868310
868318
868323
868330
868333
868335
868371
868372
868380
868389
868392
868394
868400
868410
868425
868441
868445
868448
868454
868454
868460
868462
868469
868483
868485
868487
868510
868514
868532
868542
868544
868564
868569
868584
868611
868613
868614
868626
868658
868658
868678
868689
868693
868700
868710
868722
868728
868733
868744
868775
868783
868801
868808
868819
868824
868829
868844
868860
868861
868869
868885
868895
868899
868899
868909
868909
868915
868915
868931
868932
868939
868953
868962
868994
868996
869005
869023
869029
869030
869037
869051
869056
869062
869069
869072
869118
869124
869125
869132
869133
869146
869153
869164
869177
869187
869193
869201
869214
869216
869217
869241
869259
869305
869305
869306
869308
869316
869334
869337
869339
869357
869366
869378
869400
869405
869431
869434
869445
869455
869456
869482
869487
869523
869523
869571
869585
869587
869591
869599
869605
869609
869614
869627
869627
869632
869642
869647
869655
869668
869669
869681
869687
869687
869691
869692
869718
869723
869759
869764
869768
869772
869783
869786
869786
869789
869792
869809
869817
869847
869849
869855
869859
869862
869866
869870
869876
869890
869906
869919
869942
869952
869962
869984
869985
869994
870006
870049
870060
870076
870089
870090
870091
870095
870096
870099
870115
870129
870149
870174
870178
870190
870194
870195
870196
870202
870206
870208
870212
870216
870221
870222
870234
870235
870258
870271
870297
870309
870316
870332
870340
870340
870341
870366
870374
870378
870382
870384
870385
870392
870392
870401
870423
870430
870436
870445
870456
870456
870461
870470
870478
870496
870503
870505
870508
870519
870524
870534
870534
870544
870545
870548
870550
870554
870559
870561
870577
870597
870598
870608
870608
870611
870655
870662
870670
870673
870694
870708
870710
870724
870735
870739
870746
870751
870755
870755
870763
870784
870790
870794
870821
870824
870837
870854
870859
870866
870874
870895
870898
870939
870958
870971
870990
870993
871013
871031
871033
871070
871077
871095
871108
871159
871177
871186
871206
871230
871238
871250
871267
871269
871274
871280
871297
871297
871314
871320
871323
871324
871328
871331
871343
871345
871364
871365
871371
871380
871381
871382
871385
871390
871390
871396
871398
871399
871405
871409
871446
871481
871486
871498
871500
871507
871507
871507
871521
871529
871549
871562
871584
871585
871588
871591
871595
871603
871610
871613
871625
871630
871636
871662
871673
871679
871696
871704
871710
871717
871722
871731
871744
871765
871770
871770
871780
871807
871809
871816
871839
871844
871845
871845
871847
871848
871849
871852
871858
871878
871883
871888
871892
871893
871898
871913
871928
871944
871945
871956
871965
871965
872017
872023
872048
872068
872076
872078
872080
872099
872135
872140
872167
872171
872175
872176
872189
872197
872198
872199
872208
872209
872221
872234
872260
872260
872270
872284
872302
872306
872308
872317
872335
872340
872345
872368
872383
872384
872395
872403
872412
872441
872447
872447
872463
872486
872489
872490
872493
872502
872510
872533
872540
872540
872575
872601
872606
872610
872622
872623
872623
872636
872643
872646
872657
872662
872669
872669
872684
872684
872712
872713
872719
872720
872723
872742
872747
872748
872759
872767
872770
872773
872775
872777
872780
872797
872797
872808
872846
872846
872857
872869
872889
872892
872901
872915
872917
872927
872937
872941
872946
872981
872984
872985
872991
873017
873050
873102
873108
873112
873117
873144
873169
873206
873220
873223
873235
873243
873252
873259
873268
873274
873277
873324
873340
873345
873351
873358
873362
873370
873384
873385
873390
873404
873420
873427
873430
873436
873438
873444
873457
873457
873463
873463
873479
873481
873488
873489
873505
873511
873518
873530
873530
873552
873557
873558
873559
873565
873567
873605
873624
873624
873628
873628
873648
873651
873651
873654
873667
873667
873686
873686
873707
873722
873732
873736
873740
873745
873757
873775
873803
873839
873840
873878
873881
873896
873906
873909
873914
873948
873964
873975
873977
873994
873997
874059
874060
874065
874090
874104
874108
874111
874113
874134
874136
874138
874147
874167
874172
874172
874184
874209
874218
874228
874240
874240
874241
874263
874274
874278
874319
874338
874350
874351
874353
874354
874364
874365
874368
874375
874405
874416
874438
874465
874465
874468
874481
874481
874508
874517
874525
874545
874546
874555
874556
874561
874562
874562
874574
874587
874606
874608
874615
874628
874650
874655
874683
874685
874696
874697
874713
874721
874723
874726
874731
874733
874752
874759
874791
874795
874804
874822
874826
874834
874835
874843
874845
874854
874857
874863
874875
874884
874897
874900
874915
874917
874917
874923
874932
874940
874960
874968
874970
874998
875003
875012
875040
875045
875053
875067
875081
875088
875089
875096
875107
875110
875115
875122
875127
875132
875135
875161
875175
875185
875188
875194
875208
875217
875223
875230
875257
875261
875261
875261
875287
875292
875299
875307
875325
875349
875359
875377
875389
875393
875401
875402
875408
875410
875422
875433
875443
875452
875460
875464
875465
875468
875470
875470
875481
875485
875528
875536
875547
875551
875608
875613
875619
875623
875639
875643
875661
875672
875683
875689
875690
875712
875714
875741
875748
875785
875807
875844
875845
875849
875863
875889
875903
875909
875913
875923
875926
875927
875938
875941
875956
875962
875984
875986
875992
876002
876002
876025
876030
876042
876044
876048
876068
876073
876081
876086
876101
876103
876104
876110
876118
876148
876160
876176
876187
876196
876223
876258
876309
876334
876341
876355
876403
876405
876416
876432
876434
876439
876443
876450
876484
876484
876487
876497
876499
876517
876524
876550
876552
876555
876559
876565
876570
876582
876583
876585
876603
876636
876641
876645
876649
876659
876675
876685
876686
876694
876695
876709
876726
876726
876729
876734
876747
876752
876768
876786
876797
876818
876855
876861
876886
876891
876908
876923
876925
876929
876930
876936
876936
876939
876946
876957
876962
876988
877003
877010
877038
877040
877040
877053
877058
877062
877064
877075
877082
877091
877104
877112
877118
877131
877132
877177
877186
877189
877193
877202
877206
877228
877244
877246
877266
877276
877284
877286
877293
877297
877300
877301
877343
877344
877354
877363
877373
877378
877386
877408
877409
877413
877417
877418
877433
877439
877469
877484
877487
877517
877517
877531
877539
877539
877540
877555
877568
877588
877590
877595
877606
877616
877637
877642
877653
877663
877668
877679
877689
877693
877705
877709
877714
877714
877737
877752
877754
877758
877759
877766
877767
877786
877810
877813
877853
877871
877877
877883
877889
877891
877899
877899
877899
877904
877905
877918
877924
877924
877929
877932
877972
877973
877986
877988
877996
878008
878012
878019
878039
878063
878072
878100
878102
878102
878104
878128
878166
878173
878184
878185
878187
878189
878193
878229
878233
878243
878245
878247
878250
878251
878272
878283
878296
878309
878319
878326
878331
878331
878334
878340
878353
878361
878361
878363
878423
878423
878444
878450
878462
878465
878469
878473
878476
878488
878493
878496
878512
878530
878594
878594
878633
878635
878643
878645
878656
878659
878676
878681
878705
878721
878721
878730
878734
878744
878762
878770
878775
878779
878786
878790
878813
878835
878841
878850
878869
878880
878889
878892
878893
878904
878907
878907
878908
878937
878938
878940
878953
878954
878964
878964
878984
878992
879005
879005
879006
879031
879033
879046
879075
879106
879106
879108
879117
879117
879119
879132
879132
879144
879155
879157
879168
879176
879203
879206
879228
879258
879278
879283
879295
879308
879313
879330
879344
879351
879353
879380
879382
879396
879399
879402
879424
879435
879456
879462
879479
879483
879509
879531
879536
879543
879552
879555
879557
879564
879596
879596
879601
879603
879606
879641
879645
879655
879657
879668
879679
879684
879699
879746
879766
879782
879787
879810
879829
879836
879844
879861
879863
879892
879900
879916
879920
879931
879935
879944
879956
879968
879973
879973
880011
880036
880045
880046
880048
880051
880056
880060
880066
880074
880080
880106
880129
880132
880139
880150
880153
880167
880187
880190
880192
880200
880204
880213
880229
880238
880244
880256
880264
880271
880278
880286
880312
880332
880341
880347
880357
880359
880362
880373
880377
880399
880407
880418
880419
880427
880436
880438
880442
880455
880459
880464
880484
880485
880487
880499
880512
880513
880528
880546
880555
880577
880580
880582
880582
880587
880606
880621
880632
880651
880659
880661
880665
880673
880687
880688
880719
880723
880726
880731
880736
880748
880752
880765
880774
880780
880804
880869
880870
880871
880886
880893
880897
880900
880904
880906
880910
880911
880933
880933
880948
880949
880950
880968
880970
881011
881018
881018
881027
881046
881047
881050
881073
881077
881083
881099
881105
881116
881157
881163
881167
881173
881200
881223
881232
881238
881242
881244
881257
881261
881261
881264
881269
881309
881319
881325
881335
881340
881345
881347
881359
881371
881399
881400
881408
881418
881450
881548
881548
881581
881598
881616
881617
881634
881639
881644
881651
881660
881664
881665
881680
881686
881723
881733
881763
881784
881801
881805
881812
881841
881856
881891
881893
881910
881912
881936
881948
881956
881959
881968
881970
881973
881986
881995
881997
882000
882004
882005
882005
882006
882030
882039
882044
882052
882061
882065
882070
882076
882091
882094
882103
882107
882143
882153
882161
882168
882177
882184
882185
882187
882194
882194
882195
882204
882206
882212
882214
882220
882221
882222
882224
882225
882235
882242
882259
882261
882268
882273
882280
882324
882334
882351
882353
882366
882366
882367
882370
882372
882380
882384
882393
882397
882409
882424
882425
882426
882450
882457
882461
882466
882468
882480
882528
882579
882581
882597
882617
882620
882621
882630
882656
882660
882698
882705
882719
882734
882745
882746
882771
882774
882777
882777
882801
882805
882810
882848
882860
882862
882865
882875
882893
882902
882904
882908
882926
882934
882942
882942
882952
882960
882973
882987
883008
883009
883032
883039
883039
883064
883075
883086
883096
883098
883116
883123
883123
883124
883137
883158
883159
883162
883168
883193
883197
883216
883233
883283
883284
883296
883297
883308
883331
883341
883357
883363
883387
883394
883401
883425
883426
883439
883451
883467
883480
883481
883484
883498
883508
883514
883547
883574
883592
883599
883609
883619
883630
883634
883645
883656
883685
883686
883718
883729
883739
883747
883779
883783
883783
883797
883819
883829
883833
883856
883858
883871
883874
883879
883893
883894
883895
883897
883900
883904
883909
883925
883942
883949
883955
883969
883970
883971
883974
883974
883986
883988
883994
884011
884015
884025
884027
884029
884031
884033
884038
884041
884047
884061
884091
884104
884124
884140
884144
884146
884153
884167
884176
884180
884189
884201
884206
884209
884211
884219
884225
884234
884236
884318
884326
884351
884367
884368
884370
884371
884378
884384
884390
884391
884397
884397
884411
884438
884464
884472
884474
884496
884506
884507
884510
884516
884538
884546
884552
884576
884592
884602
884603
884620
884632
884640
884646
884650
884682
884722
884738
884746
884752
884762
884776
884783
884811
884828
884836
884858
884872
884907
884907
884934
884943
884964
884968
884969
884971
884972
884975
884975
884987
884995
885009
885010
885012
885014
885035
885045
885080
885087
885113
885122
885133
885136
885152
885158
885164
885187
885189
885190
885194
885203
885209
885222
885248
885271
885276
885280
885311
885312
885317
885320
885342
885344
885353
885354
885358
885377
885395
885401
885402
885441
885445
885447
885457
885466
885473
885481
885484
885500
885508
885511
885526
885530
885531
885541
885578
885585
885590
885593
885593
885608
885627
885628
885629
885631
885649
885664
885665
885666
885716
885720
885726
885742
885757
885782
885786
885789
885791
885797
885798
885800
885805
885805
885806
885811
885830
885834
885839
885851
885859
885867
885892
885895
885901
885922
885927
885933
885937
885957
885958
885983
886009
886017
886019
886027
886034
886034
886037
886049
886056
886057
886070
886085
886094
886112
886124
886131
886142
886192
886205
886214
886234
886237
886247
886289
886290
886323
886337
886344
886351
886351
886352
886354
886361
886373
886386
886396
886399
886409
886413
886430
886431
886431
886441
886448
886482
886536
886538
886578
886590
886605
886679
886682
886682
886683
886731
886732
886742
886744
886747
886755
886772
886785
886797
886807
886809
886827
886829
886832
886844
886851
886865
886865
886881
886883
886888
886890
886893
886899
886910
886914
886917
886920
886924
886929
886949
886955
886959
886967
886974
886986
887003
887007
887011
887021
887023
887027
887034
887045
887051
887061
887063
887074
887087
887091
887099
887122
887136
887141
887144
887166
887212
887213
887231
887235
887236
887243
887250
887262
887264
887271
887274
887283
887292
887299
887328
887348
887350
887367
887381
887386
887387
887393
887408
887417
887422
887433
887451
887464
887470
887473
887483
887493
887495
887517
887520
887526
887533
887590
887598
887602
887604
887619
887624
887636
887640
887644
887658
887666
887693
887693
887699
887704
887770
887789
887801
887808
887820
887821
887833
887835
887837
887841
887842
887846
887862
887884
887896
887897
887898
887908
887913
887919
887924
887944
887951
887961
887985
888002
888005
888009
888014
888020
888054
888072
888076
888079
888081
888090
888095
888102
888112
888115
888115
888122
888139
888145
888152
888154
888164
888165
888169
888189
888194
888197
888205
888213
888231
888232
888243
888254
888274
888275
888287
888300
888303
888330
888331
888341
888354
888369
888371
888381
888383
888387
888398
888414
888417
888472
888473
888473
888491
888492
888514
888517
888517
888522
888533
888533
888547
888551
888565
888579
888581
888605
888614
888653
888657
888681
888701
888711
888712
888727
888735
888738
888741
888763
888770
888781
888786
888798
888804
888839
888848
888858
888858
888860
888876
888883
888918
888922
888939
888941
888944
888974
888991
888992
889002
889021
889026
889028
889045
889045
889048
889054
889056
889062
889062
889070
889073
889079
889109
889120
889130
889134
889147
889151
889172
889179
889181
889190
889207
889224
889235
889239
889255
889259
889262
889301
889306
889316
889316
889324
889327
889332
889332
889333
889335
889340
889355
889360
889367
889367
889369
889371
889373
889385
889389
889392
889427
889430
889442
889444
889453
889460
889462
889462
889468
889469
889477
889482
889482
889492
889502
889538
889541
889553
889571
889575
889603
889608
889619
889623
889626
889639
889639
889642
889648
889649
889662
889665
889695
889711
889735
889747
889749
889751
889756
889756
889771
889778
889791
889791
889812
889813
889826
889833
889841
889845
889848
889877
889882
889886
889934
889942
889944
889966
889973
889981
889994
890001
890008
890015
890033
890036
890044
890050
890051
890052
890063
890066
890069
890088
890100
890109
890115
890126
890130
890132
890148
890157
890159
890160
890167
890173
890179
890182
890184
890191
890193
890202
890204
890208
890215
890216
890227
890236
890251
890253
890259
890266
890284
890299
890320
890327
890331
890352
890368
890369
890369
890375
890381
890390
890396
890397
890398
890398
890410
890412
890416
890442
890445
890448
890451
890455
890461
890474
890474
890475
890476
890480
890527
890529
890531
890549
890566
890574
890589
890601
890604
890606
890607
890630
890631
890641
890646
890647
890698
890736
890744
890754
890754
890754
890754
890763
890765
890787
890790
890803
890804
890822
890826
890830
890843
890846
890848
890853
890875
890878
890883
890901
890956
890969
890971
890982
890985
890986
890986
890987
890992
891001
891004
891027
891032
891035
891046
891046
891051
891053
891063
891066
891087
891115
891149
891163
891168
891179
891181
891188
891201
891206
891211
891214
891220
891231
891246
891293
891302
891305
891308
891324
891326
891332
891350
891359
891363
891386
891388
891392
891399
891430
891434
891436
891446
891448
891452
891455
891462
891475
891476
891478
891494
891506
891510
891521
891527
891529
891530
891542
891575
891578
891584
891589
891589
891599
891642
891650
891653
891673
891680
891696
891704
891708
891711
891714
891731
891742
891771
891772
891773
891774
891802
891811
891844
891856
891881
891895
891916
891917
891926
891930
891939
891941
891943
891946
891952
891990
891995
892010
892010
892027
892040
892068
892077
892080
892081
892092
892109
892116
892116
892127
892128
892149
892161
892164
892183
892201
892206
892228
892248
892253
892268
892273
892282
892284
892290
892299
892332
892338
892340
892344
892354
892383
892384
892396
892399
892418
892419
892427
892441
892453
892489
892491
892492
892537
892539
892541
892544
892545
892547
892565
892573
892576
892584
892599
892603
892612
892614
892618
892622
892631
892635
892640
892642
892647
892649
892675
892686
892689
892694
892708
892719
892725
892739
892744
892748
892759
892760
892773
892776
892787
892792
892793
892795
892802
892806
892810
892810
892820
892827
892842
892849
892861
892871
892879
892881
892885
892890
892905
892906
892913
892927
892932
892957
892970
892975
892978
892990
892993
892994
892997
893004
893014
893029
893040
893043
893045
893049
893059
893087
893089
893091
893100
893112
893113
893114
893119
893119
893136
893137
893196
893230
893264
893265
893272
893273
893308
893316
893316
893319
893327
893337
893385
893389
893391
893393
893395
893404
893424
893433
893444
893444
893456
893464
893471
893473
893487
893488
893504
893511
893518
893535
893535
893540
893543
893551
893556
893560
893568
893603
893625
893639
893641
893648
893661
893661
893663
893673
893682
893691
893701
893701
893707
893713
893722
893723
893761
893778
893785
893799
893815
893822
893828
893844
893850
893856
893871
893871
893873
893902
893916
893938
893944
893946
893962
893966
893970
894023
894024
894028
894037
894045
894054
894057
894057
894085
894098
894102
894108
894121
894139
894140
894161
894166
894170
894172
894174
894184
894198
894209
894215
894225
894226
894236
894245
894246
894256
894265
894275
894278
894286
894291
894305
894312
894315
894347
894361
894366
894376
894389
894411
894432
894450
894489
894491
894498
894509
894513
894540
894546
894562
894565
894567
894571
894575
894593
894594
894612
894613
894622
894638
894642
894645
894660
894662
894691
894704
894722
894727
894729
894742
894770
894786
894787
894792
894794
894810
894822
894860
894871
894872
894885
894915
894929
894931
894936
894985
895027
895029
895033
895052
895085
895095
895118
895124
895127
895137
895138
895175
895177
895230
895238
895247
895255
895276
895286
895298
895305
895317
895321
895321
895329
895333
895336
895337
895337
895343
895348
895355
895370
895379
895382
895401
895408
895409
895423
895423
895432
895434
895452
895453
895461
895471
895477
895481
895495
895509
895527
895538
895544
895572
895574
895581
895586
895598
895599
895599
895608
895620
895624
895645
895665
895683
895684
895685
895694
895705
895714
895716
895729
895753
895755
895759
895763
895776
895787
895797
895800
895803
895807
895816
895817
895834
895835
895851
895858
895862
895865
895867
895867
895893
895896
895911
895931
895970
895971
895973
895993
896004
896005
896010
896026
896038
896060
896075
896078
896082
896083
896093
896099
896124
896134
896135
896139
896156
896164
896164
896171
896173
896181
896182
896186
896188
896204
896208
896249
896252
896264
896277
896282
896290
896297
896301
896318
896328
896332
896333
896358
896361
896369
896371
896372
896375
896379
896383
896385
896386
896393
896403
896411
896432
896433
896434
896484
896491
896549
896583
896599
896603
896607
896609
896610
896617
896625
896641
896651
896661
896672
896678
896706
896709
896710
896712
896714
896738
896741
896748
896786
896816
896839
896846
896859
896885
896890
896890
896893
896897
896898
896915
896921
896942
896978
896985
896990
897005
897007
897015
897020
897027
897055
897075
897075
897107
897111
897120
897124
897127
897150
897170
897204
897218
897227
897243
897249
897254
897262
897262
897273
897281
897314
897322
897340
897347
897367
897368
897369
897392
897399
897401
897421
897436
897437
897445
897452
897461
897473
897482
897508
897527
897534
897541
897547
897570
897579
897582
897582
897583
897603
897604
897619
897642
897642
897642
897652
897660
897671
897682
897695
897702
897705
897710
897727
897731
897741
897745
897747
897755
897759
897778
897779
897797
897799
897806
897808
897809
897833
897839
897877
897897
897901
897911
897924
897934
897943
897948
897958
897993
898016
898019
898019
898029
898029
898031
898036
898041
898079
898088
898093
898097
898126
898139
898156
898164
898172
898184
898188
898194
898203
898208
898217
898222
898224
898242
898247
898272
898306
898308
898365
898366
898383
898383
898383
898395
898398
898399
898400
898404
898419
898419
898445
898466
898480
898487
898494
898507
898540
898557
898561
898578
898580
898581
898606
898613
898618
898661
898670
898675
898740
898740
898776
898778
898789
898806
898809
898818
898834
898848
898863
898865
898872
898879
898882
898886
898919
898928
898940
898943
898944
898955
898965
898980
898981
898982
898983
898987
898988
899013
899028
899040
899048
899058
899059
899063
899072
899075
899077
899095
899104
899105
899106
899112
899139
899153
899155
899158
899161
899164
899173
899189
899193
899206
899220
899220
899237
899259
899283
899288
899291
899303
899305
899318
899352
899355
899386
899395
899395
899405
899408
899408
899408
899411
899421
899423
899430
899458
899460
899464
899480
899495
899507
899510
899540
899543
899548
899560
899561
899593
899613
899615
899617
899623
899625
899630
899635
899648
899650
899666
899671
899680
899684
899692
899720
899727
899729
899746
899750
899753
899775
899776
899786
899811
899830
899846
899881
899886
899890
899901
899905
899906
899907
899915
899917
899931
899958
899993
900011
900019
900032
900040
900043
900043
900049
900055
900057
900057
900062
900072
900073
900085
900095
900116
900117
900127
900136
900149
900151
900152
900153
900158
900169
900178
900198
900199
900201
900202
900220
900225
900231
900254
900257
900263
900264
900274
900289
900299
900299
900301
900320
900320
900325
900333
900353
900355
900358
900359
900360
900372
900377
900388
900392
900399
900417
900430
900434
900444
900465
900484
900484
900499
900505
900538
900543
900549
900555
900574
900574
900577
900578
900578
900607
900609
900617
900627
900636
900636
900642
900652
900659
900679
900705
900706
900724
900732
900736
900782
900811
900812
900820
900822
900825
900838
900838
900844
900849
900850
900855
900867
900873
900883
900891
900919
900946
900959
900980
900991
900995
900997
900999
901061
901062
901064
901069
901077
901086
901097
901110
901142
901151
901151
901164
901177
901182
901185
901232
901258
901278
901279
901287
901296
901310
901321
901326
901341
901364
901367
901368
901375
901396
901413
901417
901420
901432
901436
901438
901450
901462
901481
901485
901505
901549
901557
901593
901606
901633
901641
901670
901672
901673
901677
901680
901689
901692
901700
901708
901711
901728
901741
901754
901767
901771
901789
901799
901804
901822
901826
901828
901838
901842
901891
901893
901894
901899
901899
901904
901908
901910
901968
901985
902000
902016
902019
902029
902031
902038
902040
902054
902058
902060
902062
902107
902119
902121
902135
902138
902152
902160
902172
902178
902191
902213
902219
902220
902229
902233
902238
902244
902247
902251
902255
902270
902278
902287
902310
902317
902329
902356
902362
902371
902376
902392
902403
902403
902420
902426
902434
902440
902441
902444
902448
902456
902459
902477
902482
902498
902509
902509
902519
902529
902550
902555
902563
902566
902576
902582
902587
902612
902617
902623
902628
902637
902643
902650
902689
902701
902731
902755
902756
902759
902765
902769
902774
902774
902811
902815
902866
902878
902886
902891
902904
902908
902927
902939
902951
902961
902962
902968
902990
902993
903030
903036
903046
903047
903070
903116
903124
903139
903146
903154
903163
903167
903168
903170
903171
903172
903201
903221
903237
903255
903257
903262
903264
903268
903286
903303
903309
903329
903355
903363
903374
903381
903395
903403
903405
903421
903437
903439
903454
903455
903483
903485
903486
903514
903515
903521
903539
903568
903573
903592
903594
903641
903649
903661
903663
903680
903681
903684
903707
903712
903721
903730
903735
903746
903756
903760
903763
903764
903784
903785
903802
903803
903812
903824
903827
903829
903830
903836
903865
903875
903882
903903
903905
903905
903917
903919
903926
903932
903937
903948
903954
903961
903972
903974
903982
903986
903987
903995
904002
904004
904028
904040
904044
904066
904079
904094
904095
904101
904109
904112
904115
904117
904127
904129
904158
904160
904160
904161
904173
904187
904190
904211
904217
904220
904228
904240
904250
904287
904290
904290
904308
904336
904340
904342
904347
904362
904371
904375
904383
904383
904393
904393
904396
904417
904421
904427
904431
904432
904433
904444
904447
904455
904456
904463
904479
904502
904504
904522
904525
904530
904544
904546
904548
904562
904566
904591
904594
904595
904602
904616
904624
904641
904643
904669
904676
904678
904684
904691
904706
904708
904718
904719
904724
904742
904745
904746
904747
904760
904770
904775
904785
904787
904793
904804
904804
904825
904831
904893
904893
904896
904902
904922
904930
904966
904974
904990
905001
905006
905008
905008
905010
905015
905019
905028
905032
905040
905042
905050
905055
905055
905064
905067
905076
905080
905081
905086
905094
905107
905111
905112
905131
905135
905141
905160
905188
905189
905213
905223
905228
905230
905260
905269
905289
905292
905293
905302
905314
905321
905339
905342
905350
905355
905371
905399
905411
905419
905419
905421
905422
905439
905450
905453
905455
905458
905462
905476
905497
905501
905502
905505
905506
905506
905525
905534
905571
905573
905575
905575
905582
905593
905622
905633
905706
905722
905731
905753
905762
905763
905770
905772
905785
905799
905828
905841
905851
905851
905858
905869
905872
905920
905922
905927
905939
905942
905949
905969
905995
906001
906036
906049
906076
906084
906085
906091
906093
906095
906116
906121
906124
906126
906139
906140
906147
906148
906165
906198
906221
906223
906281
906298
906323
906338
906340
906341
906358
906371
906372
906394
906396
906399
906400
906416
906417
906433
906443
906468
906481
906484
906485
906491
906517
906517
906533
906545
906550
906550
906582
906588
906599
906608
906610
906610
906614
906626
906650
906651
906664
906670
906674
906677
906678
906686
906695
906701
906721
906733
906757
906759
906774
906788
906791
906800
906841
906864
906867
906873
906880
906882
906883
906885
906905
906912
906912
906915
906919
906928
906929
906939
906948
906970
906988
907005
907026
907032
907039
907057
907061
907066
907068
907087
907088
907091
907105
907112
907130
907134
907143
907150
907161
907179
907182
907200
907225
907238
907267
907267
907275
907278
907290
907293
907329
907334
907351
907357
907358
907370
907372
907393
907398
907400
907427
907430
907432
907435
907438
907450
907457
907460
907461
907468
907479
907482
907486
907487
907488
907496
907502
907512
907516
907520
907520
907525
907568
907585
907602
907606
907613
907624
907625
907643
907644
907667
907685
907689
907698
907700
907703
907712
907760
907765
907766
907771
907785
907841
907880
907898
907905
907926
907933
907943
907943
907946
907954
907956
907960
907962
907992
907994
907998
908002
908003
908015
908018
908018
908025
908025
908031
908045
908099
908134
908135
908136
908140
908144
908161
908193
908241
908247
908270
908272
908295
908330
908331
908351
908355
908369
908369
908373
908377
908390
908392
908404
908480
908513
908548
908554
908565
908569
908577
908580
908581
908594
908614
908624
908625
908626
908638
908643
908650
908655
908686
908687
908698
908699
908705
908726
908731
908749
908754
908770
908773
908807
908810
908812
908813
908814
908818
908826
908847
908848
908875
908879
908892
908894
908896
908921
908923
908953
908956
908962
908989
908994
908998
909007
909014
909015
909036
909043
909056
909074
909082
909083
909099
909101
909112
909118
909119
909122
909139
909152
909162
909177
909183
909188
909198
909210
909213
909219
909226
909237
909257
909265
909280
909280
909282
909290
909304
909306
909334
909334
909336
909345
909358
909387
909414
909430
909432
909432
909438
909447
909459
909476
909518
909520
909522
909532
909554
909569
909576
909582
909586
909591
909596
909601
909613
909619
909621
909622
909628
909636
909653
909671
909682
909693
909694
909713
909738
909757
909775
909782
909786
909788
909799
909800
909808
909816
909816
909829
909830
909877
909879
909882
909885
909895
909916
909918
909924
909939
909973
909988
910018
910030
910033
910034
910037
910057
910058
910067
910075
910089
910089
910105
910110
910130
910138
910148
910153
910164
910168
910176
910185
910186
910206
910215
910248
910249
910257
910274
910299
910301
910318
910335
910351
910367
910369
910405
910406
910415
910416
910420
910420
910451
910452
910453
910453
910465
910491
910504
910509
910510
910536
910541
910548
910550
910572
910580
910594
910598
910600
910600
910610
910615
910625
910639
910678
910688
910712
910717
910718
910718
910725
910741
910779
910783
910797
910824
910844
910846
910862
910870
910886
910904
910946
910966
910968
911030
911043
911044
911051
911051
911051
911079
911088
911090
911096
911127
911128
911128
911131
911164
911166
911166
911172
911178
911180
911183
911190
911217
911241
911252
911258
911260
911263
911285
911293
911293
911312
911323
911327
911327
911338
911339
911346
911354
911366
911371
911385
911386
911453
911454
911454
911455
911456
911458
911467
911473
911497
911500
911522
911540
911543
911544
911546
911546
911567
911576
911586
911604
911628
911629
911656
911656
911658
911669
911689
911701
911704
911708
911708
911715
911736
911738
911744
911753
911761
911772
911773
911797
911807
911814
911819
911851
911868
911885
911908
911936
911942
911942
911945
911970
911975
911977
911987
912001
912016
912017
912021
912027
912037
912052
912067
912083
912084
912088
912106
912112
912116
912126
912126
912145
912160
912185
912189
912226
912238
912242
912271
912274
912277
912279
912287
912287
912288
912302
912302
912314
912325
912329
912352
912353
912388
912393
912401
912403
912442
912464
912485
912488
912497
912511
912515
912522
912531
912534
912537
912546
912547
912554
912555
912574
912604
912652
912657
912661
912671
912676
912678
912683
912706
912708
912745
912745
912759
912801
912809
912817
912828
912832
912832
912849
912860
912863
912870
912881
912885
912909
912917
912926
912946
912952
912956
912980
912981
913003
913005
913017
913018
913021
913021
913022
913033
913052
913052
913076
913094
913095
913107
913128
913139
913139
913154
913184
913193
913196
913202
913205
913207
913208
913213
913214
913230
913235
913241
913259
913261
913262
913263
913265
913288
913292
913295
913299
913308
913309
913309
913318
913321
913338
913340
913349
913350
913354
913388
913420
913421
913426
913437
913440
913445
913446
913451
913461
913494
913496
913522
913534
913550
913557
913562
913570
913596
913608
913612
913634
913637
913648
913649
913661
913672
913683
913687
913711
913714
913718
913725
913751
913768
913772
913775
913788
913793
913808
913808
913809
913816
913816
913820
913826
913841
913846
913848
913848
913853
913864
913865
913870
913872
913887
913901
913902
913907
913911
913923
913927
913930
913942
913945
913986
913986
914000
914018
914025
914025
914028
914036
914036
914039
914041
914041
914050
914050
914052
914054
914068
914096
914108
914117
914131
914150
914169
914177
914183
914185
914189
914204
914219
914228
914230
914233
914239
914245
914249
914267
914277
914278
914283
914284
914297
914298
914302
914315
914317
914330
914333
914333
914346
914361
914362
914364
914368
914379
914386
914388
914389
914390
914394
914399
914401
914408
914411
914415
914431
914443
914445
914461
914469
914479
914485
914499
914501
914517
914517
914533
914545
914546
914567
914571
914577
914586
914588
914593
914593
914600
914605
914610
914612
914621
914634
914640
914643
914651
914653
914658
914667
914672
914714
914721
914721
914729
914736
914762
914765
914770
914773
914774
914777
914779
914779
914785
914787
914799
914805
914818
914818
914834
914835
914860
914872
914887
914910
914912
914915
914934
914945
914946
914946
914948
914955
914975
914987
914987
914990
915002
915018
915022
915026
915027
915033
915034
915036
915036
915061
915098
915121
915127
915130
915147
915191
915197
915204
915208
915214
915216
915220
915233
915260
915265
915277
915284
915286
915288
915295
915315
915316
915329
915343
915357
915357
915412
915423
915426
915429
915438
915447
915456
915457
915473
915476
915476
915484
915511
915528
915537
915539
915545
915587
915594
915594
915598
915609
915616
915619
915623
915631
915636
915657
915663
915664
915677
915684
915685
915685
915688
915690
915690
915692
915720
915727
915745
915756
915775
915783
915785
915814
915832
915841
915844
915847
915873
915874
915886
915892
915897
915901
915920
915926
915945
915947
916000
916007
916008
916028
916042
916046
916057
916070
916072
916073
916074
916091
916091
916097
916108
916147
916168
916173
916175
916181
916188
916204
916221
916226
916227
916229
916233
916242
916260
916264
916282
916285
916304
916307
916310
916317
916329
916335
916352
916370
916373
916381
916386
916400
916407
916408
916419
916435
916441
916441
916477
916489
916490
916491
916493
916507
916511
916513
916522
916524
916525
916527
916528
916533
916570
916587
916594
916608
916616
916635
916639
916641
916654
916676
916677
916690
916710
916728
916735
916738
916740
916743
916744
916745
916767
916774
916779
916790
916812
916848
916848
916868
916880
916881
916891
916905
916912
916917
916923
916933
916938
916955
916959
916986
916987
917019
917044
917044
917050
917053
917063
917077
917080
917085
917089
917094
917102
917103
917112
917132
917140
917146
917151
917176
917177
917180
917186
917189
917197
917215
917215
917232
917250
917255
917261
917291
917299
917300
917326
917332
917337
917342
917351
917353
917356
917363
917372
917377
917385
917392
917409
917419
917423
917444
917459
917459
917469
917469
917478
917482
917506
917518
917524
917525
917540
917540
917543
917553
917556
917570
917591
917597
917621
917621
917660
917681
917696
917698
917699
917701
917726
917728
917731
917752
917762
917766
917778
917787
917798
917809
917819
917821
917824
917827
917831
917837
917845
917845
917851
917876
917886
917898
917928
917933
917946
917954
917960
917961
917987
917993
917994
918019
918021
918027
918035
918048
918048
918055
918089
918098
918106
918129
918139
918166
918167
918191
918194
918199
918203
918212
918215
918217
918222
918234
918234
918240
918247
918254
918255
918258
918272
918281
918295
918297
918302
918356
918363
918370
918370
918387
918400
918405
918405
918407
918418
918421
918436
918442
918443
918444
918448
918458
918463
918471
918475
918498
918508
918528
918536
918537
918559
918570
918575
918577
918614
918624
918632
918651
918662
918663
918681
918696
918723
918724
918753
918757
918774
918774
918781
918806
918826
918836
918843
918848
918848
918852
918869
918873
918879
918883
918883
918889
918890
918892
918913
918918
918921
918929
918929
918932
918934
918937
918947
918949
918959
918959
918972
918974
918979
919002
919015
919027
919054
919057
919067
919072
919075
919097
919121
919136
919145
919154
919159
919171
919171
919174
919176
919189
919195
919206
919214
919218
919231
919241
919248
919252
919254
919277
919279
919280
919281
919286
919287
919288
919294
919304
919306
919310
919319
919321
919333
919337
919339
919342
919354
919375
919380
919385
919391
919395
919400
919409
919425
919432
919464
919468
919469
919481
919485
919485
919491
919494
919515
919516
919517
919527
919531
919536
919544
919548
919554
919562
919569
919582
919583
919588
919590
919595
919598
919616
919626
919628
919630
919632
919659
919661
919664
919666
919666
919677
919686
919707
919707
919725
919728
919735
919736
919737
919751
919783
919798
919803
919817
919855
919877
919881
919892
919899
919904
919916
919931
919934
919940
919943
919944
919966
919983
919991
919994
919995
920011
920022
920023
920070
920075
920093
920094
920097
920110
920114
920123
920127
920134
920136
920146
920147
920156
920167
920172
920209
920210
920223
920226
920235
920240
920241
920268
920276
920276
920280
920285
920288
920289
920294
920311
920321
920336
920343
920349
920360
920367
920368
920371
920375
920380
920392
920396
920404
920407
920416
920418
920424
920427
920435
920445
920454
920456
920468
920470
920481
920488
920497
920498
920511
920523
920527
920537
920543
920557
920565
920569
920596
920597
920601
920623
920633
920635
920639
920656
920657
920661
920665
920675
920675
920681
920727
920732
920744
920749
920754
920791
920794
920797
920801
920813
920814
920854
920866
920876
920888
920888
920915
920920
920939
920953
920963
920969
920978
921010
921015
921016
921022
921023
921032
921046
921056
921069
921085
921116
921138
921139
921140
921153
921162
921184
921186
921190
921192
921201
921211
921228
921234
921237
921238
921245
921247
921252
921258
921263
921268
921274
921276
921289
921294
921300
921311
921315
921316
921334
921359
921376
921383
921385
921385
921404
921417
921440
921444
921455
921457
921457
921503
921516
921521
921536
921550
921552
921578
921590
921592
921592
921593
921600
921601
921602
921616
921620
921624
921632
921656
921671
921680
921682
921707
921711
921741
921742
921762
921780
921784
921785
921787
921790
921796
921822
921833
921836
921844
921857
921861
921864
921901
921909
921911
921920
921930
921958
921969
921976
921981
921988
921999
922010
922012
922020
922025
922025
922029
922048
922073
922090
922092
922098
922118
922119
922131
922151
922159
922165
922176
922207
922209
922216
922218
922219
922231
922258
922260
922271
922277
922278
922297
922325
922339
922345
922349
922363
922378
922380
922389
922404
922424
922425
922433
922434
922440
922446
922454
922465
922467
922471
922476
922486
922517
922527
922562
922565
922607
922615
922623
922627
922629
922642
922669
922692
922700
922738
922746
922774
922774
922778
922783
922820
922825
922844
922849
922854
922854
922859
922892
922901
922922
922923
922924
922926
922934
922939
922941
922970
922981
922982
923019
923038
923049
923055
923055
923061
923070
923080
923088
923089
923099
923110
923127
923128
923133
923142
923153
923154
923159
923165
923167
923194
923202
923203
923205
923213
923217
923223
923223
923224
923235
923241
923245
923286
923288
923300
923303
923312
923316
923324
923327
923328
923338
923339
923340
923373
923383
923388
923395
923404
923428
923430
923434
923458
923470
923486
923498
923499
923517
923518
923532
923533
923553
923554
923556
923575
923589
923604
923616
923622
923622
923624
923636
923638
923642
923647
923657
923662
923665
923670
923688
923690
923717
923721
923725
923745
923751
923752
923762
923766
923766
923770
923799
923801
923803
923811
923812
923818
923826
923858
923876
923880
923886
923910
923918
923921
923924
923956
923978
923989
924021
924030
924051
924062
924068
924073
924092
924102
924134
924149
924156
924157
924166
924177
924192
924212
924221
924225
924255
924262
924287
924291
924317
924323
924325
924335
924344
924345
924365
924374
924397
924403
924425
924433
924471
924486
924488
924491
924501
924509
924513
924522
924528
924530
924533
924538
924555
924559
924565
924581
924602
924603
924611
924613
924617
924629
924650
924666
924668
924687
924687
924687
924691
924700
924700
924706
924711
924717
924737
924738
924755
924757
924761
924766
924767
924792
924799
924803
924806
924807
924825
924835
924840
924842
924858
924861
924862
924866
924867
924876
924881
924902
924905
924927
924938
924968
924970
924970
924972
924980
924983
924994
924998
925001
925006
925008
925011
925014
925020
925030
925048
925055
925065
925092
925093
925099
925104
925107
925110
925124
925130
925144
925151
925174
925188
925215
925223
925226
925232
925238
925249
925251
925254
925264
925275
925284
925290
925317
925363
925366
925367
925369
925375
925381
925385
925397
925424
925430
925448
925461
925461
925478
925486
925487
925505
925511
925539
925554
925562
925580
925594
925605
925615
925616
925640
925642
925646
925664
925685
925685
925699
925703
925703
925704
925706
925707
925718
925718
925721
925750
925751
925752
925755
925776
925827
925843
925845
925861
925864
925907
925932
925955
925972
926015
926024
926035
926048
926050
926053
926058
926065
926070
926071
926072
926090
926098
926104
926104
926106
926112
926115
926121
926124
926126
926132
926134
926137
926138
926140
926145
926147
926155
926173
926182
926192
926199
926224
926231
926235
926258
926265
926274
926291
926291
926293
926312
926316
926333
926345
926392
926410
926415
926420
926441
926446
926449
926449
926455
926473
926488
926490
926505
926508
926522
926553
926556
926568
926571
926609
926614
926624
926633
926658
926688
926714
926718
926725
926746
926750
926754
926757
926763
926780
926794
926798
926816
926819
926843
926844
926849
926859
926859
926871
926874
926883
926900
926904
926905
926912
926919
926925
926935
926969
926973
926982
926997
927019
927026
927039
927040
927041
927052
927062
927076
927077
927080
927082
927083
927094
927102
927115
927118
927139
927144
927155
927172
927181
927185
927197
927202
927206
927209
927211
927212
927223
927233
927237
927239
927248
927249
927263
927271
927278
927294
927300
927310
927312
927335
927336
927343
927361
927436
927436
927443
927468
927470
927477
927481
927500
927501
927526
927538
927541
927544
927573
927576
927592
927614
927614
927619
927632
927632
927636
927645
927647
927653
927656
927661
927661
927672
927682
927689
927691
927691
927692
927695
927697
927707
927724
927735
927754
927767
927773
927778
927806
927810
927811
927822
927833
927859
927873
927877
927883
927893
927893
927906
927924
927940
927965
927986
928000
928003
928007
928029
928037
928043
928069
928071
928084
928096
928098
928103
928123
928139
928140
928141
928150
928161
928165
928173
928181
928201
928250
928257
928264
928279
928281
928285
928291
928296
928307
928320
928326
928327
928349
928352
928365
928366
928378
928409
928416
928424
928425
928427
928432
928433
928435
928446
928455
928466
928477
928504
928508
928511
928521
928532
928538
928543
928549
928556
928562
928563
928571
928573
928577
928612
928612
928638
928653
928654
928654
928656
928669
928685
928698
928718
928728
928758
928769
928846
928848
928861
928864
928880
928891
928904
928904
928912
928919
928920
928948
928952
928954
928956
928963
928988
928994
929001
929046
929048
929055
929056
929059
929068
929077
929112
929138
929139
929139
929146
929156
929169
929169
929206
929207
929209
929214
929216
929227
929229
929232
929238
929239
929255
929265
929270
929284
929292
929316
929322
929333
929344
929347
929377
929380
929382
929392
929451
929455
929457
929457
929486
929488
929500
929517
929518
929521
929536
929545
929552
929562
929563
929580
929591
929606
929616
929638
929650
929656
929683
929687
929691
929724
929732
929737
929753
929756
929770
929785
929791
929795
929804
929805
929805
929807
929818
929864
929867
929894
929901
929905
929913
929917
929943
929959
929970
929980
929989
929989
929994
930013
930027
930035
930036
930061
930063
930076
930083
930100
930116
930122
930123
930147
930148
930148
930180
930180
930186
930202
930225
930244
930292
930298
930304
930330
930337
930380
930384
930387
930400
930401
930426
930428
930436
930437
930452
930463
930478
930478
930491
930498
930510
930514
930525
930534
930534
930571
930580
930586
930594
930607
930612
930622
930636
930655
930659
930676
930683
930690
930691
930698
930700
930707
930710
930718
930725
930736
930745
930745
930755
930772
930781
930782
930796
930816
930817
930827
930837
930862
930883
930910
930917
930922
930935
930940
930943
930968
930983
930986
930988
930998
931017
931018
931020
931040
931062
931068
931069
931070
931075
931076
931082
931093
931104
931115
931125
931133
931144
931147
931159
931166
931182
931187
931191
931198
931200
931209
931239
931243
931246
931256
931274
931292
931312
931319
931320
931337
931342
931350
931352
931365
931379
931397
931399
931432
931456
931466
931467
931472
931480
931495
931495
931508
931529
931538
931540
931541
931548
931567
931567
931583
931590
931591
931617
931639
931644
931661
931664
931689
931706
931708
931737
931738
931746
931759
931762
931764
931774
931777
931784
931800
931815
931818
931829
931831
931831
931838
931856
931881
931888
931919
931920
931920
931939
931975
931979
931980
931981
932015
932019
932031
932032
932045
932047
932061
932067
932079
932083
932086
932106
932112
932128
932129
932141
932146
932153
932158
932170
932171
932183
932199
932210
932218
932231
932248
932256
932276
932280
932285
932297
932303
932319
932325
932332
932342
932369
932371
932372
932376
932376
932392
932394
932416
932417
932418
932426
932437
932451
932452
932455
932464
932476
932481
932496
932507
932520
932520
932531
932531
932536
932554
932564
932566
932567
932593
932597
932623
932663
932665
932666
932674
932677
932687
932694
932699
932725
932742
932748
932754
932780
932794
932820
932829
932839
932845
932854
932860
932879
932914
932942
932946
932951
932954
932959
932968
932994
933042
933043
933062
933069
933074
933081
933090
933106
933111
933112
933112
933132
933144
933144
933160
933172
933174
933189
933195
933200
933206
933206
933214
933217
933229
933274
933291
933335
933343
933351
933362
933366
933383
933413
933425
933437
933446
933447
933448
933471
933487
933505
933514
933528
933530
933531
933534
933536
933552
933563
933567
933567
933568
933571
933586
933591
933606
933608
933618
933620
933622
933641
933663
933668
933677
933685
933690
933699
933712
933723
933730
933733
933760
933782
933802
933808
933823
933831
933833
933859
933860
933870
933880
933892
933893
933893
933899
933912
933916
933937
933940
933950
933953
933954
933962
933966
933980
933983
933988
933993
933995
933996
934003
934004
934004
934040
934070
934082
934090
934095
934112
934128
934160
934161
934205
934209
934209
934224
934225
934226
934228
934230
934239
934242
934249
934249
934256
934259
934262
934266
934276
934280
934288
934294
934294
934298
934302
934306
934314
934340
934345
934368
934368
934377
934386
934392
934410
934434
934458
934476
934481
934500
934502
934512
934513
934545
934545
934554
934557
934579
934583
934585
934599
934626
934660
934678
934680
934687
934696
934699
934709
934715
934719
934725
934749
934753
934762
934774
934781
934811
934830
934834
934861
934878
934889
934890
934910
934918
934920
934924
934926
934931
934941
934962
934973
934974
934981
934989
934991
934993
935000
935005
935034
935036
935044
935061
935064
935080
935084
935099
935107
935109
935136
935137
935160
935174
935176
935184
935193
935195
935233
935267
935278
935294
935300
935301
935311
935324
935342
935360
935382
935407
935414
935423
935447
935455
935468
935494
935502
935507
935512
935521
935524
935526
935527
935528
935552
935564
935574
935584
935585
935611
935616
935620
935634
935642
935648
935651
935655
935671
935681
935694
935699
935714
935724
935748
935749
935764
935781
935795
935810
935845
935856
935857
935869
935885
935900
935901
935906
935921
935922
935932
935944
935960
935960
935961
935977
935996
936011
936025
936036
936044
936046
936057
936062
936073
936077
936078
936088
936090
936091
936108
936111
936118
936125
936135
936143
936161
936175
936178
936188
936191
936191
936207
936210
936211
936212
936214
936239
936243
936268
936287
936311
936314
936355
936356
936391
936396
936397
936407
936416
936416
936437
936443
936449
936455
936466
936466
936469
936481
936490
936491
936507
936514
936534
936535
936553
936584
936587
936589
936589
936600
936605
936607
936608
936614
936627
936629
936630
936632
936656
936679
936683
936696
936705
936737
936753
936756
936774
936775
936799
936803
936805
936811
936816
936834
936847
936855
936856
936886
936894
936911
936912
936914
936920
936927
936962
936990
936990
936991
936992
937002
937011
937030
937038
937038
937040
937059
937059
937063
937067
937087
937088
937097
937103
937137
937143
937153
937161
937173
937173
937184
937198
937225
937232
937238
937243
937250
937258
937265
937268
937268
937280
937292
937305
937312
937328
937328
937337
937339
937358
937367
937371
937374
937381
937425
937452
937454
937458
937469
937476
937480
937482
937508
937537
937544
937550
937572
937579
937594
937606
937613
937629
937636
937655
937657
937660
937662
937676
937679
937687
937689
937699
937702
937709
937713
937722
937728
937745
937747
937747
937751
937754
937762
937792
937798
937801
937811
937812
937828
937857
937880
937893
937906
937911
937915
937921
937934
937936
937944
937977
937981
937981
937982
937995
938001
938001
938045
938062
938075
938089
938112
938119
938132
938141
938148
938154
938155
938163
938180
938204
938205
938226
938226
938227
938252
938263
938267
938316
938319
938326
938339
938380
938389
938404
938423
938423
938442
938444
938446
938448
938460
938472
938480
938481
938489
938504
938524
938534
938543
938545
938547
938547
938573
938594
938620
938622
938623
938629
938630
938703
938709
938713
938714
938720
938725
938733
938745
938761
938769
938770
938788
938797
938799
938802
938804
938825
938831
938837
938841
938844
938853
938894
938895
938904
938916
938933
938934
938958
938983
938992
938999
939002
939020
939021
939082
939114
939115
939132
939139
939148
939179
939206
939216
939218
939223
939243
939249
939266
939271
939289
939296
939297
939299
939300
939301
939319
939334
939334
939339
939343
939347
939348
939349
939351
939370
939389
939402
939411
939423
939426
939429
939466
939477
939480
939481
939482
939500
939500
939503
939516
939528
939540
939556
939558
939565
939579
939582
939589
939591
939592
939607
939615
939620
939635
939639
939691
939740
939744
939746
939746
939768
939780
939784
939789
939798
939800
939801
939804
939813
939836
939836
939854
939859
939867
939876
939881
939885
939887
939889
939891
939903
939908
939927
939928
939929
939951
939975
939995
940016
940022
940027
940032
940034
940075
940077
940107
940118
940123
940125
940126
940134
940134
940134
940161
940163
940173
940199
940202
940232
940234
940266
940299
940315
940315
940320
940332
940341
940344
940353
940378
940380
940383
940387
940406
940415
940431
940433
940441
940456
940473
940474
940487
940492
940502
940504
940506
940525
940536
940537
940544
940554
940610
940612
940626
940634
940648
940657
940663
940666
940667
940672
940681
940704
940738
940753
940753
940755
940757
940776
940783
940786
940787
940802
940807
940810
940813
940825
940835
940835
940850
940857
940858
940865
940871
940882
940899
940901
940902
940933
940942
940953
940965
940969
940973
940988
940994
941001
941017
941021
941031
941032
941034
941037
941039
941044
941045
941049
941063
941067
941071
941094
941095
941099
941114
941119
941124
941134
941141
941152
941157
941165
941169
941177
941178
941182
941188
941209
941220
941220
941233
941236
941241
941259
941267
941267
941282
941288
941306
941313
941318
941320
941342
941376
941377
941377
941410
941415
941416
941423
941427
941451
941452
941464
941468
941468
941468
941471
941480
941480
941481
941482
941485
941486
941525
941528
941534
941551
941554
941555
941555
941562
941563
941571
941584
941606
941610
941613
941615
941625
941665
941668
941676
941687
941714
941721
941738
941743
941751
941759
941760
941760
941776
941791
941811
941814
941819
941839
941855
941861
941865
941866
941868
941873
941879
941881
941908
941909
941914
941927
941929
941938
941940
941951
941955
941969
941972
941982
941988
941989
942004
942014
942026
942044
942055
942060
942066
942075
942085
942091
942091
942095
942121
942126
942137
942138
942139
942154
942192
942193
942204
942221
942222
942225
942239
942243
942246
942262
942281
942284
942296
942301
942301
942302
942331
942334
942342
942359
942369
942373
942378
942387
942396
942399
942400
942404
942406
942409
942414
942422
942431
942433
942438
942450
942461
942507
942510
942532
942536
942544
942551
942560
942568
942572
942595
942598
942601
942626
942655
942662
942693
942693
942700
942710
942712
942723
942729
942736
942749
942750
942754
942754
942771
942773
942775
942777
942784
942797
942798
942813
942817
942820
942834
942836
942839
942865
942873
942881
942889
942897
942904
942931
942938
942944
942946
943005
943037
943044
943062
943087
943102
943107
943137
943147
943164
943169
943182
943190
943207
943207
943214
943224
943240
943254
943259
943274
943281
943328
943332
943337
943339
943349
943352
943353
943354
943355
943359
943364
943366
943368
943369
943369
943379
943396
943417
943422
943450
943451
943467
943482
943484
943495
943535
943538
943539
943545
943564
943575
943586
943598
943600
943627
943649
943649
943659
943679
943685
943687
943703
943707
943710
943730
943731
943752
943754
943756
943768
943775
943784
943790
943793
943808
943832
943839
943850
943863
943870
943892
943901
943904
943929
943970
943977
943979
943990
944004
944025
944032
944037
944046
944056
944056
944058
944060
944093
944118
944121
944136
944145
944148
944153
944156
944176
944188
944191
944194
944221
944237
944241
944242
944243
944246
944246
944255
944278
944285
944291
944294
944297
944304
944308
944312
944316
944319
944322
944324
944346
944355
944377
944383
944384
944397
944401
944402
944417
944419
944435
944441
944473
944475
944491
944498
944499
944503
944508
944514
944514
944514
944520
944532
944534
944544
944547
944548
944556
944559
944563
944566
944581
944585
944585
944600
944603
944635
944636
944640
944656
944683
944702
944708
944716
944718
944724
944724
944741
944741
944741
944761
944761
944776
944783
944783
944808
944810
944820
944827
944832
944842
944843
944845
944853
944862
944898
944901
944903
944927
944928
944934
944945
944966
944969
944973
944991
944997
945002
945002
945013
945015
945031
945060
945070
945075
945095
945105
945115
945120
945122
945166
945175
945196
945199
945204
945205
945209
945210
945212
945263
945277
945280
945283
945310
945346
945365
945366
945391
945396
945448
945472
945472
945476
945479
945492
945500
945504
945525
945535
945549
945553
945553
945566
945575
945580
945593
945595
945602
945610
945619
945634
945657
945658
945665
945669
945675
945677
945685
945690
945701
945708
945709
945722
945726
945726
945728
945735
945740
945747
945760
945772
945797
945798
945810
945815
945827
945830
945831
945840
945841
945843
945861
945864
945894
945898
945924
945937
945939
945947
945960
945970
945982
945988
945992
946005
946017
946026
946027
946037
946040
946042
946061
946085
946085
946088
946091
946131
946145
946163
946170
946175
946186
946188
946189
946212
946235
946237
946255
946259
946263
946268
946287
946290
946292
946293
946299
946301
946304
946310
946312
946326
946345
946359
946367
946369
946371
946379
946386
946401
946402
946416
946419
946438
946443
946463
946466
946467
946467
946473
946476
946486
946489
946500
946501
946510
946536
946541
946541
946546
946547
946555
946589
946596
946624
946625
946626
946633
946647
946648
946657
946679
946686
946687
946719
946727
946735
946735
946744
946748
946765
946780
946782
946789
946807
946814
946825
946826
946827
946845
946871
946898
946903
946909
946917
946921
946936
946940
946951
946989
946999
947036
947040
947067
947080
947083
947099
947124
947125
947125
947173
947177
947188
947201
947267
947282
947285
947291
947294
947296
947307
947316
947337
947340
947347
947358
947381
947382
947389
947400
947409
947418
947421
947434
947449
947467
947473
947493
947509
947515
947532
947533
947541
947555
947555
947561
947570
947574
947582
947604
947605
947619
947619
947634
947638
947665
947667
947695
947734
947745
947757
947764
947773
947787
947794
947803
947807
947807
947822
947823
947830
947832
947842
947844
947869
947870
947887
947892
947926
947935
947938
947943
948009
948010
948016
948021
948024
948048
948050
948064
948101
948101
948121
948123
948131
948148
948164
948167
948178
948185
948200
948244
948250
948283
948284
948289
948297
948301
948312
948331
948337
948353
948359
948370
948379
948388
948391
948395
948404
948409
948410
948416
948430
948431
948443
948444
948449
948453
948454
948463
948472
948481
948481
948486
948500
948506
948516
948521
948522
948522
948523
948526
948545
948552
948553
948574
948580
948587
948622
948639
948641
948643
948653
948665
948678
948680
948683
948708
948716
948736
948737
948750
948768
948777
948785
948788
948798
948807
948811
948816
948816
948824
948849
948853
948853
948867
948883
948888
948900
948900
948915
948927
948937
948937
948945
948977
948986
948993
948999
949001
949060
949062
949067
949069
949079
949090
949106
949116
949168
949192
949215
949222
949227
949230
949238
949245
949250
949255
949258
949259
949267
949269
949275
949282
949284
949287
949294
949294
949304
949327
949344
949357
949358
949358
949364
949365
949370
949377
949386
949395
949396
949465
949469
949508
949518
949521
949522
949524
949549
949562
949566
949570
949581
949581
949585
949619
949624
949625
949626
949627
949640
949644
949646
949646
949647
949662
949672
949679
949691
949695
949716
949721
949729
949739
949763
949764
949764
949772
949780
949794
949816
949823
949826
949839
949842
949848
949861
949876
949884
949885
949900
949920
949949
949956
949972
949974
949974
949976
949982
949993
950023
950032
950044
950049
950065
950071
950081
950096
950098
950098
950103
950118
950121
950125
950128
950138
950152
950156
950163
950174
950217
950222
950229
950231
950259
950259
950302
950304
950315
950355
950371
950385
950389
950401
950410
950412
950412
950413
950415
950415
950430
950443
950489
950491
950495
950509
950515
950517
950523
950544
950547
950558
950565
950576
950585
950596
950605
950606
950615
950615
950623
950634
950634
950639
950643
950644
950644
950650
950652
950655
950667
950700
950707
950718
950733
950735
950754
950761
950787
950793
950799
950805
950853
950866
950873
950877
950878
950885
950889
950899
950902
950908
950910
950921
950941
950944
950949
950953
950956
950959
950968
950977
950978
950986
950996
951021
951044
951061
951064
951077
951079
951090
951093
951106
951114
951122
951125
951181
951184
951226
951228
951249
951252
951279
951306
951320
951321
951323
951331
951350
951360
951405
951406
951407
951407
951413
951442
951451
951454
951454
951502
951539
951545
951554
951555
951565
951571
951608
951610
951610
951621
951625
951649
951649
951654
951664
951667
951683
951688
951692
951693
951693
951693
951702
951708
951712
951716
951749
951764
951768
951790
951793
951833
951842
951853
951855
951856
951872
951882
951883
951896
951913
951914
951924
951947
951952
951980
951981
951988
952007
952013
952028
952054
952068
952072
952110
952132
952139
952151
952160
952164
952164
952185
952189
952191
952192
952203
952238
952241
952243
952261
952272
952293
952299
952303
952308
952315
952317
952342
952361
952369
952369
952371
952382
952382
952391
952415
952425
952438
952446
952448
952448
952456
952462
952462
952462
952480
952480
952485
952487
952487
952490
952510
952528
952530
952562
952564
952575
952584
952592
952600
952604
952638
952640
952646
952663
952664
952682
952685
952708
952712
952715
952718
952731
952746
952747
952766
952776
952781
952806
952808
952816
952848
952849
952851
952853
952886
952897
952920
952920
952937
952949
952978
952991
952994
952999
953014
953022
953026
953036
953061
953069
953087
953098
953107
953111
953124
953130
953136
953137
953158
953161
953176
953180
953182
953191
953204
953207
953215
953247
953259
953268
953276
953278
953288
953301
953324
953329
953342
953348
953371
953373
953384
953406
953411
953438
953445
953447
953455
953479
953480
953482
953487
953488
953510
953515
953521
953537
953538
953570
953618
953624
953626
953629
953635
953636
953666
953693
953707
953729
953734
953742
953752
953758
953780
953803
953803
953804
953813
953817
953818
953836
953849
953860
953871
953887
953890
953892
953897
953905
953905
953906
953914
953946
953948
953949
953962
953986
953988
954003
954012
954015
954021
954030
954033
954044
954090
954091
954094
954103
954121
954121
954122
954129
954146
954147
954159
954178
954182
954184
954199
954202
954220
954232
954237
954238
954241
954243
954243
954252
954255
954286
954301
954301
954342
954347
954348
954348
954351
954354
954367
954370
954377
954378
954400
954403
954406
954419
954423
954427
954431
954433
954464
954484
954486
954494
954496
954499
954508
954525
954532
954544
954551
954562
954567
954580
954595
954599
954605
954626
954638
954645
954660
954672
954688
954690
954692
954697
954698
954722
954723
954729
954739
954761
954764
954770
954772
954776
954784
954789
954789
954791
954799
954807
954822
954834
954834
954838
954855
954876
954878
954891
954897
954907
954925
954928
954932
954945
954966
954971
954983
955020
955054
955061
955090
955096
955097
955098
955099
955108
955128
955132
955141
955142
955149
955158
955172
955175
955182
955188
955195
955197
955199
955205
955227
955237
955240
955243
955266
955277
955294
955295
955316
955327
955331
955334
955335
955356
955393
955399
955402
955415
955422
955425
955426
955433
955435
955435
955448
955463
955473
955489
955490
955549
955576
955583
955583
955619
955621
955621
955624
955628
955638
955670
955673
955677
955685
955695
955700
955709
955753
955758
955764
955779
955785
955785
955799
955812
955834
955842
955845
955855
955862
955865
955882
955888
955898
955899
955928
955929
955936
955950
955952
955953
955959
955960
955965
956018
956018
956047
956049
956049
956060
956061
956062
956065
956080
956081
956087
956111
956115
956125
956130
956130
956143
956143
956169
956177
956184
956191
956196
956209
956212
956216
956220
956233
956251
956274
956277
956287
956312
956317
956323
956333
956342
956352
956361
956364
956376
956396
956405
956428
956453
956456
956473
956496
956508
956530
956543
956544
956554
956556
956559
956561
956565
956571
956583
956598
956604
956610
956626
956627
956630
956632
956638
956673
956683
956694
956700
956701
956718
956722
956724
956731
956737
956738
956761
956767
956773
956777
956777
956783
956785
956789
956794
956800
956802
956808
956811
956833
956850
956861
956871
956889
956890
956892
956892
956894
956930
956938
956939
956953
956955
956956
956984
956998
957010
957027
957065
957079
957081
957087
957095
957118
957120
957127
957134
957136
957159
957177
957183
957206
957210
957215
957235
957237
957242
957242
957246
957260
957260
957261
957266
957281
957285
957287
957290
957290
957322
957326
957336
957353
957359
957361
957379
957402
957419
957431
957437
957444
957453
957458
957473
957477
957494
957513
957536
957552
957556
957621
957623
957636
957648
957649
957653
957672
957673
957680
957683
957692
957704
957717
957719
957722
957736
957756
957757
957762
957770
957788
957800
957807
957825
957838
957847
957853
957859
957860
957863
957882
957889
957896
957897
957910
957911
957924
957927
957937
957957
957963
957977
957986
957997
958007
958009
958045
958045
958047
958053
958053
958060
958062
958069
958081
958147
958152
958167
958186
958187
958192
958203
958208
958220
958244
958246
958284
958289
958289
958298
958302
958305
958307
958315
958320
958344
958354
958377
958392
958392
958396
958396
958415
958420
958421
958433
958440
958446
958448
958450
958467
958468
958470
958486
958514
958519
958522
958528
958534
958566
958572
958594
958594
958602
958624
958647
958651
958660
958680
958687
958694
958704
958716
958726
958729
958732
958747
958749
958752
958754
958758
958781
958785
958798
958808
958811
958816
958820
958828
958842
958850
958857
958860
958877
958885
958891
958897
958910
958910
958911
958928
958955
958958
958977
958980
959018
959033
959050
959050
959056
959060
959069
959072
959073
959089
959107
959126
959127
959147
959148
959162
959170
959171
959184
959211
959222
959232
959235
959236
959239
959253
959255
959262
959268
959273
959273
959293
959308
959318
959351
959411
959426
959437
959440
959444
959449
959456
959462
959472
959482
959498
959533
959542
959546
959576
959581
959586
959608
959617
959630
959635
959642
959643
959646
959648
959658
959686
959687
959691
959713
959747
959754
959756
959782
959785
959790
959799
959818
959819
959822
959826
959827
959851
959881
959888
959934
959943
959958
960003
960013
960021
960025
960025
960026
960027
960036
960068
960073
960076
960089
960105
960118
960125
960130
960145
960154
960176
960184
960188
960198
960200
960201
960203
960206
960217
960223
960225
960252
960257
960264
960322
960328
960335
960337
960348
960379
960399
960404
960406
960432
960440
960471
960477
960497
960509
960513
960522
960528
960531
960534
960538
960548
960551
960573
960579
960582
960588
960608
960613
960634
960636
960648
960659
960659
960661
960662
960666
960667
960679
960692
960714
960726
960733
960761
960762
960770
960771
960780
960783
960801
960806
960816
960822
960852
960859
960862
960875
960876
960879
960896
960897
960954
960975
960978
960990
961025
961032
961037
961038
961039
961045
961051
961083
961084
961088
961090
961094
961097
961112
961118
961143
961145
961149
961150
961162
961177
961179
961182
961190
961192
961192
961216
961218
961224
961237
961238
961242
961258
961263
961268
961272
961276
961277
961278
961280
961288
961296
961301
961330
961331
961332
961333
961336
961337
961341
961370
961380
961381
961402
961415
961416
961417
961418
961422
961436
961436
961450
961470
961475
961489
961490
961506
961511
961520
961521
961547
961560
961576
961576
961578
961584
961588
961596
961596
961605
961624
961627
961636
961653
961689
961718
961723
961724
961732
961736
961738
961742
961745
961746
961773
961773
961777
961780
961797
961808
961828
961841
961848
961860
961861
961862
961867
961886
961917
961924
961937
961941
961942
961956
961963
961974
961980
961982
961982
961988
961992
962007
962032
962034
962043
962052
962056
962079
962088
962091
962103
962126
962129
962133
962146
962154
962187
962194
962212
962236
962242
962244
962247
962248
962250
962250
962251
962254
962256
962268
962279
962281
962284
962290
962295
962301
962308
962322
962338
962339
962340
962357
962364
962377
962379
962406
962415
962428
962429
962431
962441
962445
962452
962457
962467
962476
962479
962489
962505
962510
962516
962527
962542
962543
962575
962589
962590
962596
962602
962606
962618
962620
962626
962626
962651
962661
962668
962686
962689
962703
962704
962706
962706
962708
962724
962738
962740
962748
962749
962751
962753
962757
962760
962767
962769
962774
962775
962790
962792
962800
962811
962814
962829
962845
962846
962851
962860
962894
962900
962919
962949
962957
962963
962968
962969
962972
962976
962980
962986
963001
963010
963014
963029
963030
963041
963067
963089
963104
963122
963165
963185
963187
963198
963207
963212
963226
963237
963244
963250
963251
963266
963266
963278
963309
963315
963322
963330
963354
963367
963376
963389
963433
963435
963448
963451
963462
963468
963468
963470
963482
963509
963516
963527
963553
963554
963558
963560
963568
963569
963571
963576
963607
963609
963634
963638
963642
963653
963669
963681
963685
963691
963699
963701
963740
963746
963759
963763
963776
963811
963819
963834
963845
963868
963873
963888
963892
963903
963906
963908
963930
963930
963933
963956
963957
963962
963970
963979
963984
963997
964002
964014
964035
964035
964051
964052
964064
964068
964071
964087
964089
964113
964120
964130
964131
964135
964138
964141
964148
964163
964169
964182
964184
964185
964193
964194
964208
964211
964212
964215
964221
964231
964255
964263
964271
964291
964295
964297
964303
964308
964311
964320
964322
964323
964330
964333
964349
964356
964365
964366
964375
964381
964387
964397
964405
964412
964414
964426
964430
964458
964484
964489
964495
964496
964511
964514
964519
964521
964523
964530
964549
964554
964556
964584
964587
964594
964615
964640
964663
964677
964691
964701
964718
964744
964764
964781
964783
964789
964808
964810
964848
964872
964887
964905
964933
964938
964959
965010
965015
965017
965027
965035
965042
965053
965074
965079
965080
965084
965087
965089
965092
965093
965093
965100
965100
965104
965108
965113
965120
965122
965159
965170
965175
965177
965183
965191
965200
965212
965217
965217
965219
965235
965238
965245
965259
965280
965308
965311
965339
965343
965362
965367
965368
965373
965375
965420
965429
965459
965459
965483
965490
965497
965500
965511
965513
965528
965541
965552
965561
965563
965570
965577
965583
965590
965590
965603
965605
965611
965622
965631
965637
965672
965688
965705
965733
965752
965753
965756
965768
965774
965778
965791
965808
965823
965829
965835
965857
965870
965902
965904
965908
965927
965949
965949
965959
965961
965963
965975
965978
965998
966004
966028
966040
966082
966105
966105
966123
966126
966155
966162
966173
966189
966205
966212
966218
966221
966254
966258
966259
966270
966277
966289
966292
966299
966318
966337
966355
966378
966402
966406
966413
966424
966425
966445
966456
966457
966465
966477
966481
966484
966492
966504
966511
966512
966512
966520
966524
966544
966548
966554
966574
966600
966635
966637
966675
966692
966700
966702
966720
966727
966729
966740
966752
966755
966757
966776
966780
966783
966783
966810
966814
966815
966820
966822
966827
966827
966841
966849
966857
966873
966881
966888
966901
966905
966906
966910
966921
966930
966934
966935
966937
966956
966970
966975
966976
966981
966987
966999
967005
967026
967031
967047
967053
967055
967061
967080
967085
967090
967096
967107
967108
967120
967134
967144
967145
967146
967156
967162
967208
967222
967229
967244
967249
967251
967260
967264
967269
967271
967274
967278
967279
967282
967284
967296
967299
967309
967316
967320
967324
967325
967337
967345
967360
967370
967371
967371
967372
967387
967393
967396
967397
967405
967434
967443
967451
967453
967454
967462
967477
967489
967502
967506
967508
967513
967515
967517
967523
967532
967541
967545
967546
967555
967560
967560
967563
967597
967605
967608
967623
967644
967645
967660
967661
967690
967705
967715
967718
967743
967751
967760
967763
967765
967765
967782
967799
967802
967802
967803
967871
967876
967876
967879
967923
967957
967961
967967
967969
967971
967985
967995
968003
968018
968031
968038
968038
968059
968076
968092
968098
968112
968135
968136
968137
968145
968151
968157
968158
968176
968200
968222
968240
968248
968251
968256
968296
968302
968304
968310
968317
968331
968332
968338
968340
968350
968351
968355
968364
968389
968395
968412
968418
968443
968469
968487
968509
968516
968528
968533
968534
968542
968544
968548
968554
968582
968595
968603
968605
968614
968626
968632
968638
968644
968650
968675
968679
968687
968689
968706
968707
968709
968709
968712
968717
968729
968743
968744
968750
968765
968779
968820
968826
968837
968848
968854
968856
968873
968876
968900
968915
968917
968918
968924
968927
968930
968931
968937
968940
968942
968949
968965
968984
969013
969036
969038
969058
969085
969089
969097
969103
969119
969139
969152
969168
969200
969214
969263
969276
969278
969287
969292
969315
969315
969332
969344
969346
969350
969361
969365
969369
969387
969406
969408
969413
969423
969425
969428
969442
969442
969445
969448
969455
969456
969460
969467
969477
969478
969490
969509
969514
969523
969528
969531
969537
969549
969549
969558
969562
969562
969565
969573
969573
969585
969600
969609
969623
969645
969649
969662
969675
969688
969695
969706
969714
969741
969758
969767
969771
969772
969773
969786
969789
969793
969799
969799
969815
969822
969831
969850
969864
969864
969876
969878
969886
969888
969890
969900
969911
969918
969918
969926
969931
969932
969937
969960
969973
969983
970004
970008
970009
970026
970042
970051
970053
970064
970072
970089
970108
970112
970115
970135
970162
970174
970205
970211
970224
970228
970230
970234
970252
970267
970270
970296
970299
970300
970303
970326
970328
970362
970374
970378
970381
970388
970398
970406
970436
970441
970448
970454
970458
970460
970461
970479
970487
970494
970496
970515
970521
970522
970544
970563
970565
970571
970574
970586
970590
970593
970614
970637
970639
970641
970645
970649
970655
970666
970672
970687
970689
970744
970757
970773
970774
970779
970784
970785
970785
970793
970799
970818
970822
970832
970836
970861
970876
970884
970892
970896
970902
970915
970920
970940
970945
970951
970966
970969
970970
970987
970997
971002
971002
971007
971011
971014
971052
971059
971073
971093
971124
971125
971141
971143
971160
971171
971191
971198
971205
971213
971234
971244
971262
971270
971279
971282
971284
971285
971292
971295
971306
971319
971321
971333
971334
971364
971364
971370
971381
971394
971395
971397
971398
971400
971404
971410
971412
971413
971427
971432
971447
971447
971462
971477
971483
971484
971504
971504
971514
971517
971525
971525
971533
971542
971543
971553
971565
971576
971578
971587
971592
971593
971600
971607
971613
971616
971620
971630
971635
971637
971656
971672
971678
971688
971710
971712
971718
971718
971747
971761
971770
971772
971799
971808
971812
971818
971830
971844
971869
971872
971873
971896
971913
971915
971923
971946
971950
971950
971955
971965
971979
971997
972013
972015
972022
972052
972054
972065
972075
972080
972083
972104
972119
972159
972165
972181
972191
972191
972192
972196
972215
972224
972228
972256
972266
972284
972287
972296
972297
972303
972320
972327
972345
972375
972377
972383
972404
972410
972413
972431
972449
972464
972469
972480
972489
972507
972512
972512
972519
972527
972544
972553
972565
972571
972580
972601
972607
972623
972638
972642
972654
972659
972676
972676
972695
972708
972710
972730
972733
972744
972764
972787
972800
972805
972830
972831
972835
972847
972853
972870
972878
972900
972909
972916
972922
972930
972945
972947
972957
972958
972958
972962
972970
972994
972995
972999
973005
973015
973021
973039
973045
973087
973089
973092
973098
973111
973113
973119
973120
973123
973127
973130
973130
973133
973137
973142
973148
973149
973168
973185
973198
973236
973240
973263
973272
973288
973300
973305
973310
973324
973328
973328
973339
973368
973374
973377
973381
973393
973397
973403
973406
973407
973407
973412
973444
973453
973465
973479
973483
973485
973492
973517
973519
973527
973544
973557
973608
973609
973622
973634
973636
973642
973653
973658
973659
973659
973667
973679
973680
973699
973702
973705
973710
973732
973737
973741
973744
973749
973762
973764
973783
973796
973798
973806
973814
973817
973824
973829
973838
973839
973847
973885
973896
973896
973912
973932
973960
973964
973975
973980
973981
973986
973996
974021
974025
974036
974040
974046
974047
974049
974058
974070
974086
974103
974122
974122
974129
974153
974160
974165
974165
974170
974173
974174
974175
974178
974182
974191
974207
974213
974217
974251
974266
974270
974276
974280
974304
974308
974318
974342
974382
974383
974384
974418
974439
974449
974455
974456
974459
974481
974490
974495
974495
974531
974544
974551
974587
974600
974608
974639
974641
974643
974653
974667
974674
974676
974689
974689
974692
974703
974708
974725
974727
974729
974732
974739
974744
974766
974788
974793
974796
974802
974807
974833
974842
974847
974865
974883
974902
974904
974907
974917
974917
974943
974949
974964
974968
974968
974970
974974
974983
974985
974986
974989
974995
975008
975015
975016
975020
975021
975025
975026
975033
975045
975076
975078
975082
975094
975149
975155
975164
975170
975176
975184
975188
975212
975235
975236
975245
975252
975261
975274
975291
975328
975341
975365
975366
975366
975368
975384
975387
975400
975404
975407
975420
975427
975429
975444
975481
975496
975501
975504
975504
975509
975510
975529
975530
975540
975543
975550
975551
975572
975575
975585
975594
975615
975616
975617
975618
975634
975643
975651
975657
975660
975702
975710
975712
975750
975756
975757
975763
975766
975767
975768
975771
975776
975783
975784
975800
975808
975808
975818
975821
975824
975842
975848
975851
975852
975871
975873
975879
975887
975896
975901
975908
975915
975925
975955
975958
975974
975975
975982
975983
975988
975990
975993
975995
976023
976029
976053
976099
976099
976117
976118
976123
976127
976129
976134
976138
976142
976152
976201
976212
976214
976215
976227
976235
976240
976249
976252
976258
976265
976266
976277
976292
976297
976299
976302
976304
976304
976315
976329
976334
976339
976361
976363
976365
976383
976386
976394
976403
976422
976425
976430
976434
976449
976461
976462
976465
976480
976480
976504
976523
976528
976544
976545
976546
976561
976573
976578
976581
976593
976594
976611
976615
976620
976628
976628
976633
976662
976671
976673
976696
976699
976734
976768
976773
976795
976798
976798
976803
976806
976839
976848
976853
976874
976878
976884
976896
976902
976912
976918
976923
976935
976948
976966
976974
976979
976981
976984
976991
976993
976996
977018
977108
977108
977112
977113
977116
977117
977121
977123
977135
977141
977143
977169
977172
977187
977195
977196
977202
977210
977210
977226
977228
977251
977252
977268
977269
977281
977302
977303
977312
977321
977322
977326
977326
977326
977350
977361
977372
977389
977414
977423
977441
977441
977446
977463
977471
977475
977484
977485
977490
977508
977532
977562
977584
977587
977591
977594
977600
977618
977629
977632
977633
977637
977640
977644
977658
977658
977695
977714
977738
977748
977749
977778
977792
977800
977813
977819
977827
977838
977842
977873
977874
977898
977906
977946
977959
977962
977968
977975
977987
977989
978000
978008
978012
978022
978027
978034
978046
978057
978060
978068
978075
978077
978078
978084
978098
978108
978133
978137
978143
978147
978170
978185
978187
978232
978243
978253
978259
978263
978278
978283
978284
978286
978295
978316
978317
978326
978334
978343
978358
978373
978386
978392
978397
978409
978413
978424
978425
978432
978439
978446
978465
978466
978468
978473
978486
978487
978493
978497
978498
978499
978558
978564
978572
978600
978606
978618
978642
978652
978662
978663
978665
978676
978680
978699
978701
978743
978744
978763
978764
978771
978800
978817
978829
978839
978840
978854
978856
978856
978857
978865
978875
978877
978878
978896
978897
978911
978911
978925
978931
978944
978945
978947
978948
978989
978990
978996
979012
979013
979028
979035
979038
979050
979050
979051
979075
979094
979104
979108
979115
979130
979135
979138
979193
979204
979210
979211
979218
979226
979233
979234
979234
979234
979280
979291
979299
979303
979303
979304
979309
979311
979315
979319
979325
979356
979360
979362
979365
979368
979370
979377
979378
979379
979382
979384
979422
979423
979438
979460
979470
979485
979498
979500
979525
979530
979534
979536
979582
979587
979593
979593
979596
979616
979624
979626
979646
979654
979654
979660
979669
979669
979676
979680
979682
979687
979691
979715
979720
979743
979753
979763
979763
979795
979810
979810
979813
979825
979849
979856
979864
979865
979889
979892
979893
979896
979906
979919
979924
979926
979929
979940
979943
979973
979974
979978
979991
979995
979996
980006
980009
980014
980016
980025
980044
980045
980065
980067
980071
980078
980082
980084
980105
980123
980145
980160
980170
980172
980181
980186
980192
980196
980222
980231
980234
980249
980256
980257
980258
980276
980285
980300
980314
980316
980324
980370
980378
980378
980390
980392
980413
980423
980435
980435
980435
980454
980458
980465
980467
980502
980508
980541
980546
980563
980567
980574
980589
980597
980613
980634
980639
980655
980663
980672
980679
980688
980705
980706
980712
980759
980759
980774
980797
980808
980812
980817
980822
980824
980835
980837
980839
980841
980878
980884
980888
980889
980894
980915
980918
980930
980961
980964
980995
981001
981001
981004
981022
981030
981034
981051
981053
981060
981069
981072
981087
981094
981111
981123
981128
981135
981136
981141
981175
981180
981181
981204
981208
981215
981216
981243
981244
981245
981254
981275
981287
981296
981307
981313
981318
981321
981330
981332
981351
981351
981362
981375
981386
981393
981403
981403
981408
981412
981416
981419
981426
981433
981441
981452
981516
981517
981528
981528
981534
981555
981556
981582
981588
981592
981606
981631
981639
981646
981654
981662
981663
981664
981678
981684
981691
981704
981713
981724
981758
981759
981772
981777
981779
981780
981782
981789
981799
981801
981810
981813
981815
981817
981827
981839
981858
981867
981869
981881
981888
981890
981898
981899
981900
981905
981906
981907
981922
981931
981956
981984
981984
981984
981990
982045
982049
982071
982084
982116
982146
982152
982154
982164
982168
982173
982179
982189
982195
982197
982199
982204
982206
982213
982214
982216
982223
982230
982231
982263
982274
982281
982289
982289
982292
982297
982297
982301
982315
982321
982333
982340
982345
982359
982360
982361
982367
982373
982386
982389
982396
982406
982409
982419
982438
982455
982475
982511
982513
982522
982532
982542
982552
982565
982585
982591
982593
982595
982600
982606
982646
982651
982656
982666
982671
982680
982683
982695
982701
982704
982713
982717
982734
982737
982738
982747
982747
982754
982768
982795
982796
982798
982800
982808
982822
982846
982848
982853
982861
982863
982863
982913
982930
982934
982945
982949
982956
982956
982975
982977
983023
983025
983029
983031
983035
983039
983079
983085
983095
983096
983098
983100
983101
983101
983103
983110
983110
983112
983138
983150
983160
983162
983162
983166
983170
983176
983195
983213
983214
983216
983223
983231
983260
983263
983265
983267
983268
983276
983276
983282
983298
983310
983315
983329
983330
983345
983361
983378
983380
983381
983383
983386
983404
983413
983433
983437
983443
983444
983448
983458
983462
983501
983514
983536
983538
983550
983550
983559
983582
983595
983622
983635
983638
983659
983661
983666
983674
983677
983689
983704
983724
983730
983734
983748
983750
983758
983758
983763
983771
983772
983784
983790
983809
983811
983812
983841
983852
983865
983870
983875
983895
983902
983909
983911
983911
983914
983915
983916
983920
983926
983951
983957
983958
983963
983968
983972
983974
983976
983981
983981
983985
983988
983988
983997
984000
984000
984003
984007
984016
984047
984057
984083
984092
984096
984100
984101
984108
984119
984128
984146
984153
984156
984157
984158
984173
984193
984193
984201
984228
984228
984243
984248
984254
984254
984258
984261
984266
984284
984288
984318
984321
984325
984342
984347
984348
984350
984370
984382
984397
984404
984408
984413
984416
984436
984451
984467
984487
984496
984501
984515
984516
984517
984518
984520
984522
984541
984544
984549
984562
984611
984634
984635
984652
984670
984670
984670
984680
984706
984718
984737
984738
984739
984779
984783
984799
984799
984808
984851
984865
984869
984885
984891
984906
984919
984919
984933
984933
984934
984958
984964
984979
984981
984992
985005
985006
985024
985025
985039
985051
985058
985069
985077
985080
985086
985103
985111
985117
985136
985140
985141
985149
985163
985175
985175
985180
985192
985198
985202
985208
985224
985238
985245
985246
985271
985277
985280
985286
985307
985311
985325
985345
985364
985375
985383
985388
985391
985408
985416
985423
985426
985431
985446
985457
985459
985467
985468
985478
985481
985482
985484
985490
985502
985511
985562
985616
985617
985622
985630
985635
985645
985655
985667
985681
985691
985692
985696
985699
985712
985716
985747
985750
985759
985768
985772
985781
985782
985805
985825
985839
985850
985856
985866
985935
985961
985963
985972
985989
985994
985996
985997
986018
986023
986027
986037
986037
986049
986062
986063
986109
986126
986140
986156
986163
986168
986179
986188
986191
986226
986274
986282
986297
986302
986314
986331
986335
986339
986344
986350
986357
986365
986373
986379
986386
986395
986397
986412
986424
986433
986441
986449
986450
986460
986471
986512
986519
986521
986530
986535
986539
986546
986564
986572
986579
986581
986624
986632
986639
986640
986651
986651
986654
986671
986683
986686
986688
986700
986704
986708
986713
986714
986715
986718
986735
986758
986759
986761
986762
986762
986797
986798
986799
986816
986834
986842
986846
986846
986868
986875
986887
986887
986901
986902
986961
986981
987000
987016
987046
987060
987065
987081
987082
987086
987089
987091
987134
987138
987146
987147
987149
987164
987171
987180
987201
987207
987209
987218
987230
987247
987260
987266
987272
987277
987279
987296
987314
987325
987332
987340
987349
987368
987372
987376
987377
987416
987417
987422
987425
987428
987439
987444
987450
987475
987520
987532
987535
987547
987556
987587
987604
987620
987620
987652
987654
987660
987660
987665
987668
987710
987725
987733
987735
987736
987737
987743
987760
987763
987769
987778
987787
987790
987792
987798
987811
987819
987865
987872
987873
987896
987897
987899
987916
987918
987937
987938
987953
987958
987961
987962
987971
987991
987999
988009
988023
988028
988032
988036
988043
988045
988066
988077
988095
988107
988109
988113
988127
988127
988131
988132
988137
988144
988159
988165
988167
988191
988191
988192
988194
988200
988212
988222
988229
988240
988242
988249
988260
988281
988288
988289
988305
988312
988343
988350
988353
988356
988364
988377
988381
988383
988384
988387
988429
988436
988436
988437
988443
988446
988447
988456
988457
988463
988476
988493
988495
988503
988517
988522
988546
988546
988551
988552
988564
988569
988584
988584
988595
988617
988621
988635
988656
988670
988679
988683
988684
988743
988752
988756
988770
988791
988802
988804
988808
988817
988820
988833
988848
988867
988875
988887
988911
988914
988927
988935
988952
988955
988960
988962
988970
988978
988990
988993
988993
989014
989017
989029
989035
989038
989044
989047
989050
989085
989101
989112
989132
989140
989142
989151
989153
989163
989167
989183
989189
989189
989196
989212
989235
989236
989273
989283
989285
989287
989312
989315
989327
989340
989345
989355
989356
989365
989366
989404
989405
989405
989422
989422
989425
989446
989449
989459
989463
989473
989480
989491
989507
989509
989513
989516
989516
989519
989525
989534
989535
989536
989540
989558
989563
989564
989594
989600
989603
989615
989617
989632
989652
989652
989653
989655
989656
989658
989672
989673
989677
989700
989716
989733
989747
989747
989758
989764
989789
989795
989799
989826
989836
989838
989845
989857
989862
989867
989876
989887
989910
989915
989921
989923
989928
989944
989950
989972
989972
989976
989978
989981
989996
989997
990001
990006
990019
990027
990030
990086
990101
990104
990139
990150
990154
990162
990179
990179
990200
990205
990208
990209
990225
990227
990239
990247
990255
990260
990267
990293
990300
990315
990327
990339
990340
990342
990347
990359
990365
990369
990386
990386
990392
990393
990396
990400
990416
990418
990444
990451
990454
990456
990459
990501
990505
990528
990544
990549
990562
990572
990575
990577
990594
990596
990610
990611
990623
990627
990630
990631
990635
990649
990655
990665
990678
990680
990681
990683
990693
990713
990717
990719
990757
990778
990780
990804
990806
990809
990812
990831
990852
990876
990876
990881
990899
990902
990903
990930
990952
990953
990954
990961
990963
990966
990967
990980
990998
991016
991017
991039
991063
991066
991066
991068
991081
991081
991084
991088
991136
991140
991164
991170
991176
991183
991189
991226
991230
991235
991245
991251
991254
991256
991259
991281
991290
991300
991301
991309
991312
991313
991316
991317
991318
991318
991320
991352
991355
991365
991371
991394
991397
991408
991414
991415
991446
991470
991477
991477
991498
991513
991527
991550
991551
991565
991571
991584
991601
991615
991630
991643
991648
991651
991653
991656
991664
991666
991666
991671
991676
991680
991722
991727
991739
991748
991752
991765
991767
991769
991777
991784
991792
991805
991809
991812
991822
991829
991844
991862
991863
991869
991870
991875
991898
991914
991918
991924
991928
991934
991935
991954
991964
991968
991988
991994
991998
992002
992014
992024
992026
992085
992096
992103
992133
992137
992138
992141
992148
992153
992154
992177
992188
992207
992208
992209
992225
992226
992233
992259
992279
992285
992301
992302
992308
992308
992328
992333
992344
992346
992368
992386
992399
992413
992423
992427
992432
992438
992445
992457
992459
992460
992465
992467
992471
992471
992474
992480
992493
992498
992499
992502
992507
992515
992527
992529
992532
992553
992561
992563
992566
992577
992582
992591
992595
992613
992623
992678
992679
992692
992710
992716
992733
992735
992747
992754
992759
992769
992781
992782
992801
992805
992806
992831
992833
992834
992847
992857
992859
992867
992876
992877
992889
992891
992905
992916
992930
992933
992938
992952
992953
992956
992960
992967
992997
992999
993006
993021
993036
993055
993067
993069
993074
993076
993077
993079
993079
993079
993082
993087
993101
993112
993137
993139
993144
993152
993153
993162
993166
993170
993206
993206
993250
993263
993296
993324
993334
993343
993349
993368
993375
993379
993385
993390
993425
993444
993454
993458
993462
993464
993465
993470
993472
993511
993513
993515
993517
993520
993531
993551
993562
993576
993584
993609
993618
993623
993660
993666
993686
993687
993732
993750
993762
993773
993778
993783
993784
993810
993822
993839
993851
993861
993891
993892
993892
993929
993935
993948
993959
993965
993970
993973
993980
993990
994000
994014
994026
994035
994066
994066
994068
994095
994104
994108
994110
994112
994168
994210
994220
994226
994233
994242
994247
994256
994260
994269
994278
994286
994286
994301
994312
994326
994335
994345
994354
994373
994382
994434
994444
994461
994471
994481
994542
994545
994547
994555
994563
994571
994599
994608
994611
994623
994645
994661
994666
994668
994683
994693
994696
994744
994746
994751
994768
994795
994820
994835
994841
994866
994876
994877
994914
994922
994922
994935
994937
994942
994946
995006
995030
995051
995059
995062
995082
995111
995121
995130
995187
995197
995205
995205
995227
995229
995245
995252
995265
995269
995285
995292
995303
995321
995322
995340
995348
995371
995431
995468
995473
995478
995480
995495
995510
995542
995556
995557
995579
995592
995592
995596
995622
995631
995651
995651
995657
995657
995666
995673
995679
995686
995687
995688
995701
995705
995708
995716
995718
995731
995738
995741
995746
995753
995755
995758
995761
995763
995767
995771
995791
995798
995799
995806
995817
995827
995871
995872
995877
995883
995900
995913
995917
995922
995927
995929
995941
995941
995963
995976
996005
996007
996010
996020
996022
996038
996053
996079
996102
996106
996114
996118
996126
996137
996138
996143
996150
996164
996179
996186
996196
996213
996218
996237
996266
996291
996314
996332
996332
996342
996349
996353
996353
996354
996369
996399
996404
996421
996422
996431
996465
996466
996479
996479
996486
996492
996494
996511
996515
996516
996519
996525
996526
996529
996532
996534
996539
996558
996563
996564
996572
996574
996617
996623
996628
996657
996674
996693
996694
996701
996707
996710
996723
996729
996747
996753
996755
996756
996758
996789
996798
996807
996814
996835
996846
996854
996857
996859
996890
996893
996902
996915
996925
996928
996944
996944
996944
996950
996965
996973
996975
996979
996992
997010
997051
997051
997058
997063
997065
997070
997077
997088
997098
997105
997106
997108
997121
997128
997147
997176
997192
997192
997225
997234
997271
997275
997296
997329
997329
997352
997354
997361
997377
997379
997387
997389
997389
997389
997395
997396
997422
997427
997437
997453
997456
997464
997490
997495
997527
997534
997538
997550
997558
997602
997621
997628
997631
997650
997653
997654
997680
997702
997712
997744
997747
997761
997766
997768
997770
997774
997787
997802
997806
997816
997831
997841
997845
997856
997870
997873
997883
997889
997903
997918
997928
997939
997943
997956
997970
997973
997974
997975
998011
998012
998013
998045
998069
998090
998093
998114
998122
998133
998157
998170
998172
998176
998190
998192
998198
998198
998199
998200
998205
998211
998213
998255
998270
998276
998283
998284
998306
998348
998380
998381
998388
998394
998396
998402
998410
998418
998421
998440
998453
998463
998463
998478
998486
998490
998510
998536
998553
998556
998572
998574
998576
998583
998583
998595
998596
998597
998600
998644
998656
998697
998701
998706
998707
998717
998726
998743
998749
998757
998793
998805
998824
998843
998871
998876
998885
998898
998899
998912
998933
998937
998956
998979
998984
999028
999041
999052
999058
999063
999071
999084
999084
999093
999107
999132
999157
999158
999167
999168
999206
999209
999218
999220
999223
999226
999234
999241
999259
999268
999280
999288
999294
999296
999305
999308
999320
999320
999328
999340
999357
999381
999389
999398
999399
999402
999447
999460
999462
999469
999470
999476
999480
999489
999497
999504
999510
999518
999546
999547
999557
999564
999567
999576
999579
999579
999605
999620
999632
999642
999657
999666
999698
999707
999720
999724
999738
999744
999749
999766
999775
999779
999810
999827
999829
999843
999848
999850
999857
999870
999874
999882
999910
999924
999930
999954
999957
999959
999971
999988
999989
999994
