100000
125046
60569
391112
226398
256321
806055
335514
765937
497977
542313
951436
398973
758866
184615
401736
45086
985539
143972
418858
100101
893435
568463
377439
425085
632177
380985
559938
260628
800681
375747
430172
925728
952668
337636
668478
208990
660043
3992
974927
158020
546305
926363
73345
821523
627330
991433
866609
612870
135405
285467
712971
545192
370283
606762
486629
518812
987747
46568
779440
788429
938667
725964
230509
407688
579952
898987
616678
239995
419331
591605
914367
965636
34320
504065
303512
178002
495498
686473
790872
147256
971941
20196
208800
858576
626958
695430
377388
131058
258350
673181
919487
713369
399145
666348
121057
495450
81687
737735
251797
501018
845692
682517
983006
396364
186582
286518
574367
198432
972992
881591
345688
461285
901787
554489
319861
528746
766271
213601
659804
24621
886782
95643
737990
802280
761991
375400
297730
843678
113135
65879
861048
475180
748396
844054
387896
934978
130573
962263
133411
619917
843855
995451
81202
745642
549940
917415
790740
832563
131016
966896
857184
17799
62539
111527
336431
340882
486927
634161
700912
116414
216392
561960
107946
964789
406015
495843
416119
52940
974458
549530
672857
334665
61334
754059
596660
127626
671474
387400
960190
318842
354297
333726
336641
933188
445253
673072
274071
448532
823585
491335
81299
39978
53296
189245
521119
975663
685088
937238
544955
175899
3121
217812
510564
64455
488223
107224
192081
676049
494625
152271
994891
365274
485998
847885
298462
447603
37309
88885
896136
377247
580221
977435
417225
149869
683032
454696
641884
368121
391934
186839
544020
395055
404651
570936
459510
409226
678161
167944
85275
689138
320215
596518
570764
322565
444403
869226
770169
481713
474464
182657
858960
571037
676444
792537
720906
359476
763585
879142
243949
155519
65981
304321
66927
986984
875258
526437
396210
553419
210733
997837
758909
530949
594355
329673
369866
555111
715251
656387
553176
189715
839044
928488
277104
515488
237377
514362
391317
962
393504
635266
156481
459485
939588
223408
962821
814846
266198
359031
884617
476931
873220
643526
524232
983928
973199
894099
539039
688450
66838
608567
394518
905883
537055
671622
937723
774432
185985
329040
775394
579489
964307
448227
555327
903895
187988
518148
235093
970538
393532
119710
447469
266752
763236
488054
767032
252787
898505
822423
941237
965343
430990
335755
871226
968045
7378
325302
258829
709715
654342
550575
289204
135001
515155
360883
555248
703143
879032
790341
673681
272564
426403
637502
55668
705991
125556
822701
958778
540413
645124
416368
505757
76115
752123
893335
560512
275853
734989
335694
985568
389332
886269
791125
40685
917776
152008
595934
620919
547392
902627
810952
819956
329031
964807
391977
35022
606715
214678
510153
147129
376154
926521
169238
968621
678644
62573
45486
470850
797563
381180
972770
703247
783801
280247
743932
701578
432256
856218
838849
979648
275198
166154
315957
604229
130961
707934
155603
737676
438964
665756
884805
815118
108629
54043
300092
303626
632969
345578
774476
430532
243110
263598
650131
26911
543846
910415
244841
492454
282986
600043
988454
558184
766197
304411
678765
897158
528697
834368
634834
484013
16477
519640
815484
641458
90035
115576
945084
723004
461154
235912
669888
704264
499511
836371
247527
559709
746787
8721
52163
29773
608764
40617
104309
374961
861381
783074
272119
906430
617442
906953
906796
150271
942945
722280
791730
549333
837856
253166
272337
815362
489079
458578
35978
504942
294949
799857
64651
558088
808578
116814
104213
417342
673783
208522
792303
51516
991596
580774
474299
125391
487728
381095
792014
947025
103375
100096
12710
457583
353263
285048
789297
358694
259978
341627
863636
71279
141484
928287
629368
950063
561453
733581
883757
751588
458456
676061
319457
450052
256835
793756
575443
260915
174851
883810
724293
794578
983906
737003
252161
337169
538403
557810
695863
314733
899437
559499
386013
40921
4138
531733
507336
81943
781666
391094
833532
240122
583507
152989
206527
356694
946745
298322
133962
637948
182132
858255
432526
166039
111610
201039
503208
166366
275201
715424
481099
174638
274923
383464
731911
795414
915197
239248
877357
213216
146694
227241
453338
730201
380230
659865
86895
843327
958188
220857
997627
140320
595464
946505
822711
223427
663896
325920
389793
939097
41344
870892
630087
832619
770709
361999
144385
685906
117599
21743
899122
264293
248984
868813
994494
145567
45030
597741
505246
519570
334951
502874
176243
446767
449379
998954
670194
113276
324874
576339
52373
882570
963584
682461
231542
734293
560812
375927
420199
678411
914022
835674
942704
679359
220839
453550
341278
265869
567643
846524
785440
902594
349398
961683
865714
798778
960637
535908
428406
801864
112248
997131
200786
592184
195944
432328
326477
756756
324608
263028
435167
754982
98702
894223
434341
319541
864125
775619
101763
431769
622144
887203
850715
487894
365238
716429
803024
325875
252338
231430
644091
880938
744914
844878
989474
940858
277206
315951
697615
118166
578979
649134
873149
194034
59710
307490
29927
923835
599462
131690
355604
737958
535245
722672
225852
900483
439101
28877
742711
207791
776659
903154
605081
521573
748032
594555
978784
541591
910506
676399
659757
5838
841885
532906
716224
901595
356749
746151
341783
472563
394194
213739
210521
929439
936411
952725
346275
375513
497954
605338
99656
274614
508492
704738
312539
256525
299293
291323
314468
726152
484074
974225
248342
842312
23484
964566
260259
896585
710717
602042
369148
621263
332134
96021
67055
268545
48746
413330
160410
546701
535020
260067
337667
43512
481157
166558
816389
780450
457882
130857
22954
458308
621435
271296
300620
161271
235862
560880
57856
462932
679274
943356
84195
11408
39377
667602
796306
604475
80932
956716
151176
615952
733135
5195
175817
214292
171754
992206
511095
145988
639416
534049
120648
260851
321698
937621
422122
557560
498501
996330
536844
694127
939686
137392
705536
495415
804994
18194
99890
402279
491262
767419
534583
224398
772614
710400
955042
460720
218959
466137
123060
858375
516539
243709
635578
838237
181330
57700
912149
196183
54030
448994
890310
510068
102738
112198
5483
907732
130392
105373
826363
621655
389144
360947
362405
161759
587699
317447
138831
806658
299937
261892
181385
816476
21953
816963
171065
719635
391015
83214
915818
445045
48560
322480
471465
667650
951031
476948
575383
597775
98674
918098
219430
487818
279045
98187
165929
383097
931987
821113
706107
231924
599357
887493
564752
621310
704456
735817
340945
95472
335383
773115
56869
900296
611947
528335
567946
562978
521635
659681
160754
136661
577780
896536
140832
373177
994724
823113
756274
443063
644226
462382
674987
243583
866227
756091
381245
570683
8260
238542
182507
343643
528009
239377
760291
139957
284064
328238
702935
322051
987919
380041
458713
82051
276578
599545
455229
787654
422658
727855
230717
583237
706589
422056
826820
572816
178147
724418
659852
186407
962960
842359
46402
490970
598088
806694
630927
398504
134932
850214
720556
639203
230256
179269
721255
23186
295166
692836
810840
717824
937043
41557
301061
643633
463613
644234
732801
641760
885004
392653
344519
847964
751365
390921
855286
865805
197615
2565
264310
848899
369132
501218
488103
599388
196839
725710
622574
492005
934898
949766
726181
871941
991323
543595
31926
971288
704181
281080
129400
589185
673733
473919
953501
941450
381192
325140
807256
578808
327705
587918
944059
696837
605488
948514
812577
802327
674224
951503
810684
125474
901269
536865
997416
408944
596812
545694
896584
300993
826774
25984
406530
16860
16255
360032
958310
913800
685172
281918
8960
529229
386188
953019
742419
991676
901534
71348
794003
92110
22852
604687
217585
440473
657905
731353
849418
254717
277047
262354
72063
620174
804691
478593
637034
337298
354977
111696
251098
40149
393615
260058
85731
779803
729430
344502
771480
630964
415850
81835
239426
955054
686523
457011
395528
860780
704716
761298
115497
981764
23652
187560
601938
828343
182506
755324
165642
537483
867020
933092
93985
260635
709503
179716
556791
438933
524218
844623
586249
456420
926458
825675
411475
129333
799039
807003
990113
503755
568301
621963
1871
108305
325875
603809
453001
508381
875485
618643
45865
742506
68087
139850
519493
777590
835918
592636
216523
876488
437259
802772
332908
880070
144800
260735
525755
943839
67738
32221
963946
152391
654184
965818
777049
980059
569627
230050
4793
961465
365045
50658
703971
433132
706860
739816
210723
59130
332453
943598
935618
769712
262723
784878
166134
407523
45614
691890
867714
629704
724111
831660
298448
894647
797478
75497
874706
883458
305547
879499
844923
186944
446509
65246
620076
669721
805062
347151
728851
137515
807102
664469
423580
69825
965700
589714
993700
11314
797956
377766
157370
38419
209426
455818
933066
523257
47667
324125
923067
353214
719976
284342
56510
166486
349588
676587
836207
671002
540090
565059
324870
347192
745880
264802
933369
227932
370868
927069
239246
168825
304835
912969
207244
30614
368787
656663
70223
416455
980788
993290
286021
700764
793984
342532
383602
659924
535471
219810
847278
591913
301221
172148
939106
563453
436950
388827
791386
324171
315897
546984
492996
137084
976305
216592
684050
345093
873255
270625
277900
854043
780267
80273
71160
574251
939157
454762
234175
990980
190924
81454
582894
8497
769954
38352
88303
723257
427179
879689
47428
259428
943025
56776
912865
919331
273368
113267
780776
662976
383893
575028
517019
164160
655301
104531
738412
110811
559294
488939
101791
266570
86745
684685
275068
373052
723037
363371
96309
150217
759412
143737
925997
702437
200513
838862
138120
990233
952130
918896
653209
336023
493924
686581
16535
665578
791112
271299
776389
866758
276591
878180
133329
363336
79218
924749
736388
802255
804472
832697
468824
563884
492786
394822
782673
209651
750036
437146
716237
702166
356042
369446
554541
366319
572379
571077
548249
879844
358728
840990
746602
635319
235522
396283
998656
314740
837384
251396
633348
641856
600446
102172
722092
93232
13346
21118
819236
279735
458264
535473
498253
330658
421271
569147
213329
993651
140224
761578
873495
15304
118920
136449
650624
354443
49085
649280
669183
886469
417028
302531
44678
17474
921056
766770
627059
450754
304240
446295
246841
762504
498120
745095
609515
919391
314242
822844
429394
970818
100775
302889
986122
219695
955691
636746
90490
4776
802378
759674
407597
219407
578557
452275
753233
15965
735398
380292
466720
555990
342939
713561
318495
357411
975008
444362
276803
289250
783558
222549
260068
400685
525439
762543
136733
997482
399289
227223
518610
718020
503249
926207
937427
81807
894835
207012
97772
630233
587305
80844
186223
446596
794406
21070
804008
285766
981784
597163
575017
765343
819712
351437
166028
861503
113980
302761
858985
513270
46337
377595
747642
549586
820155
685069
631393
714990
892081
245518
861575
995738
326362
47798
958687
637120
585221
762695
922887
567005
876210
497904
848700
695922
365693
14729
73778
479674
833842
932763
509296
396531
826711
256938
946118
646866
458359
93863
878208
866792
339381
739783
862531
182096
303933
337570
819216
889154
616617
742103
972512
492827
756359
821212
705101
638405
352293
778879
118079
702488
227995
143727
99019
571058
400665
45137
734276
859024
655353
612484
725816
994734
352267
104699
176830
656200
958621
512399
61707
575238
770854
34219
68065
527214
371783
289519
681971
724077
68398
800050
942917
812745
943777
558288
383803
860794
603426
118079
719818
775131
246915
961986
769865
599182
583038
463048
771735
541659
975447
833442
633250
746301
867661
701315
789867
755796
507186
471838
996225
575585
788240
939142
904682
732017
497431
804838
109163
617209
922917
828981
392340
686185
307320
678557
285367
406710
141605
573454
464721
633404
406896
97971
379706
790909
315639
169573
546706
822825
157764
59283
914762
946004
998426
819445
678022
12209
624283
787185
145770
63552
132519
54462
266089
956191
733019
551457
879253
390977
641263
343974
24381
48160
958298
920439
355421
790289
90013
902127
613114
247777
961411
44229
193781
476189
380026
388155
4750
4309
691693
150520
584213
340564
204982
850303
813107
454353
918112
692360
361682
559375
552686
902416
123887
27336
822855
479309
817625
429220
897788
947092
193349
375551
991321
903483
368092
371347
291638
372842
892008
499683
39714
992573
356599
761048
359228
169706
731754
277340
378418
93436
353068
931105
995852
993307
474793
335060
988968
292419
764280
403109
239511
957630
778660
230832
861113
663105
118531
669103
552299
10539
685139
592014
519464
41738
353062
878693
727797
84816
672385
106215
694605
541805
553672
206809
51465
28466
541869
40433
320885
306150
443542
76748
780132
738555
307580
641245
401660
942463
826700
953959
469354
511839
62325
988818
69930
415388
383863
797727
16556
56249
420294
227513
114406
490319
434323
165871
518785
976192
206305
356022
798694
166199
432770
578826
904754
256702
736423
822766
199165
563124
293078
184871
591315
355403
173689
177597
287143
73905
491676
303700
130154
911971
531213
760912
402290
481888
926784
437427
458081
649441
309801
773127
815640
742571
351954
236747
515625
604729
59513
231142
684205
352591
416013
791873
707995
106054
969470
995138
179959
461147
815190
826465
889470
862756
587378
808112
860996
30514
761891
835429
679955
71692
608557
495595
330615
476863
248694
846240
81592
308208
593734
765798
177151
9747
557671
401498
632153
43493
912989
812113
504640
244531
154930
910462
623639
742308
718574
484636
289174
480465
320065
969129
552157
928622
981077
882772
405485
229771
245364
3430
54331
839098
769228
747835
848845
843251
149333
997351
886744
578674
809464
907737
823206
480746
818199
446845
739407
536774
931481
28581
533591
767899
997711
85749
696521
978788
484873
618359
724911
730238
621789
779243
569336
907369
43430
934534
266972
192763
448237
153716
771438
257701
61453
110996
254799
879653
557841
994206
932779
5675
22788
466370
773574
20499
68471
986447
515639
553345
121158
756902
799935
742947
52497
885623
166668
95927
336509
433640
288691
784746
103709
576481
558799
165162
687477
813599
561167
761670
807805
10298
283697
830593
476669
573623
367444
545140
76423
883083
614837
197581
156338
931124
456881
208835
816748
623549
304763
153257
573542
109806
454356
677251
686287
13155
358765
890116
826754
919933
168138
150912
930231
451836
497857
923252
541811
865302
984745
618234
264737
599582
815816
421075
530707
789049
629911
863807
412598
934674
533416
502492
44480
987772
179743
247119
928
538509
653587
344034
974794
821725
494946
421377
789913
509156
344630
331725
374458
329375
466311
639195
445309
798479
576623
492368
587528
206534
356175
516479
657560
889592
18971
218392
877364
715067
981863
394644
769928
635450
255031
744722
457175
266329
682451
763441
775485
27081
611518
149943
872808
594181
305491
318118
392661
882114
326838
496541
605000
683014
13020
778912
88958
548344
513656
482674
263411
11871
393671
549691
647321
648702
294413
620848
431383
493216
384289
206869
520298
512159
873164
909458
106341
178655
227576
15354
577121
70767
511895
698473
270133
524916
993737
359091
589612
23745
358117
369375
35616
751788
919066
682937
916842
729831
820138
348226
223047
720779
555095
259697
232939
944611
169156
855632
123267
913084
870986
216740
983851
382881
431566
253984
424149
941655
129427
13761
965401
3897
383136
1017
755685
818554
200307
188880
548385
536797
53458
287785
257576
124905
547482
6867
69516
716638
862499
709135
629723
249837
925876
129926
632719
873794
383911
573220
815449
29690
586982
780850
33587
486470
298220
305625
305025
14879
494505
369762
551676
547963
657547
325604
189220
721382
332472
258736
438020
711323
967872
584095
961161
410100
714022
110232
283894
614285
683452
99343
160327
786786
396546
193915
273257
211118
15892
94634
225997
510397
980748
294025
574712
154648
619629
763932
876030
468453
539020
830402
696129
506892
414498
173642
916992
644872
283874
200886
259157
483678
816582
419484
270465
729480
129751
60074
940598
145643
671060
682947
172392
651808
976972
263456
806456
112953
543740
198838
97759
82761
29241
793888
589653
443739
483882
22998
88611
284108
740236
864120
767786
556818
799956
554603
802650
446060
131029
743248
591703
802089
426195
280448
970250
919519
543904
293058
548825
87645
491897
646584
686758
521138
956824
792763
481229
440706
815761
86192
724814
555998
950312
8952
629168
266620
563556
431819
712680
210937
175067
820736
13027
117615
617536
983277
553486
161440
276335
102311
765437
284584
748895
968547
805722
222071
761311
803303
662777
577072
889495
903943
649422
356159
429248
278591
139132
992804
226762
368164
720093
401829
188900
733120
35796
322788
232749
589283
581
25437
207946
282370
310021
473194
250918
632096
695265
12229
435399
874395
105653
324895
778338
271428
197406
207586
550019
336538
716742
776781
704703
953188
694962
409955
686308
247111
732744
435410
352746
733325
460847
560692
15695
770868
550238
266613
919316
245504
795194
354716
636251
417200
195963
930941
688628
393369
654880
754999
729908
887974
531780
434611
841162
743094
844566
527471
506557
577310
962881
859303
310635
940080
936348
842683
710948
486586
625648
630265
248442
937195
501333
884693
354395
697296
815635
43023
90665
470515
314374
336925
358489
846154
771536
199652
105600
132455
243475
612158
709765
206356
987813
536753
146436
924161
895788
373736
410748
521436
520353
659190
458631
21686
543884
813026
235334
875871
372401
326000
346386
686775
662925
704875
49281
950814
904527
671234
83269
148002
799744
309386
870710
787557
846139
533498
711719
741927
423587
638819
779716
943940
298009
238347
481979
358245
567726
717313
234116
456479
559665
96854
659607
738943
801730
708888
206109
222609
896474
289378
886964
696218
598764
274026
483776
961256
323877
195495
219535
747464
350666
999251
207756
648675
753951
206087
523273
321677
439753
273741
294508
999418
886948
954115
254713
688678
179356
460822
427639
75830
266552
830955
772049
381669
104982
772177
342925
428859
967672
562460
692675
318338
78064
900431
483365
832015
106519
522990
670044
62624
313084
964552
578394
200032
918668
833108
405062
98024
810282
832701
690206
76835
663657
462255
458504
284991
234432
317781
230202
718456
396593
922877
553146
474657
339660
552864
823024
962531
592206
9420
25155
905290
973973
603550
105322
408993
953010
26736
23369
763292
859438
713575
356479
39447
692183
331335
840790
926615
649116
70992
161424
45710
510221
714570
36719
849881
783786
376096
812413
375993
385516
837568
281283
875841
957470
902958
284834
910480
929694
824555
190125
305484
538131
546604
861283
230314
877940
702073
673281
527056
289417
834705
89118
799638
65628
642190
649520
365766
18286
978285
741759
403802
332205
539395
795996
289676
442353
80830
716508
888399
421738
906633
710236
959869
453238
571519
706535
847530
789945
896168
890938
79362
247226
980057
879001
312854
622247
44873
194972
156885
539510
936732
560687
388067
476127
356683
677743
434832
953866
910604
839583
891956
817237
549819
851825
786827
121339
74712
150709
911284
970880
41648
506998
218106
538057
902351
47312
676656
947224
758637
833541
3086
695369
910580
391154
687848
783616
585249
639032
253834
495853
478615
145790
829443
28435
513967
132622
666126
588679
283332
93762
75911
841332
600760
810370
895741
503112
374034
572397
966688
132671
922290
969775
344392
349222
360929
548592
132838
462530
187624
386672
958384
666240
48814
304179
211027
562781
953153
877153
667812
752837
487267
260076
594169
88027
586798
489910
591139
960832
578659
557828
609856
17301
43955
470600
366524
921236
19193
499362
383766
206817
402387
858502
389409
967553
679033
116788
530335
632187
510293
714499
385024
997560
974575
495546
85588
561373
501808
193079
38558
80468
750907
164766
97769
311214
635366
980645
232450
170911
996360
616217
894081
398747
991071
283490
882652
670105
916631
412987
302292
426924
643839
687316
424485
134766
699214
26425
212492
201023
219504
251050
281491
486764
932168
895612
797978
83886
876258
30429
254798
872618
162998
148879
787717
154069
948721
670369
824174
865352
599709
126466
292277
243548
330135
233114
378314
29349
259539
590806
230372
995395
358208
28215
482159
806728
440180
280138
890615
832790
826919
661765
705408
989917
326996
9477
660338
275717
196198
484513
657422
795907
127331
466051
555807
973818
699165
450474
519520
475056
557632
749892
470451
432193
294460
952611
238921
734640
749101
645888
83782
576020
824005
305542
82289
151001
315019
258979
943071
27569
259844
600493
823477
387176
66544
895636
877346
282061
862462
396866
757117
420095
146759
227568
852288
957571
180179
607561
208563
445632
769802
292345
538004
593807
597887
620293
744809
429258
395625
687880
456827
655469
804725
796656
42645
871269
208645
919992
153330
71107
833210
426799
491202
496321
654367
859842
453892
350899
467404
178807
796531
237206
471152
334536
347365
585391
471181
92174
14649
866806
296406
987829
522276
101131
784485
81273
488752
993130
517617
158434
64238
350828
585233
71792
847149
755953
931635
817394
106852
915391
996201
419735
668949
983706
270623
16314
569097
741805
624841
100099
124963
437599
87928
163591
55083
388765
761217
60187
898248
795186
218622
478838
662366
320207
550630
25868
76160
998617
843262
699364
430360
355815
119100
615661
339521
389723
148328
424971
647880
773169
525070
289196
727120
612998
452787
782203
1763
214004
358743
416363
525543
577365
895201
187909
413924
445832
213777
6437
960801
573391
222153
391162
929207
857605
6823
785080
247329
155151
210051
411561
444672
735121
700757
171793
864471
669897
470348
382587
400253
829091
798950
925796
922808
694152
113706
853085
139984
843835
859522
617137
417227
598027
8299
862786
455633
531475
647866
219314
686626
374270
630875
647651
109391
331633
335796
490215
517882
322496
872802
918135
667940
671752
843932
590748
882256
473990
960185
538592
317825
336059
155730
251404
934087
164029
114190
389720
211856
278409
609034
414835
169031
756261
62486
278422
604246
914634
284989
122128
237130
157791
40264
905070
345896
884196
12171
228152
358186
972356
766745
192363
824768
922475
443768
758855
602856
74310
664927
814713
869071
273961
229548
38102
30222
808386
832877
150821
723020
117866
272949
960150
792010
313213
381573
137906
197409
393744
366058
71947
882452
649155
264311
707220
87982
224431
982427
690839
815093
647354
21904
684165
437667
767804
238619
984242
576190
71496
135063
815562
705715
408012
292064
497725
721226
673637
151983
434987
583733
34393
23287
982538
683549
803950
206110
771531
28381
188538
978722
359826
835892
516978
43991
789912
284782
282611
774154
377324
870459
909217
709238
576174
317229
1303
590251
554807
191292
742234
506147
291378
776628
529434
273916
976529
849736
480026
264412
394469
184916
759487
754295
20809
276465
798287
810721
77600
597250
101227
971276
467709
10444
680515
560236
844025
198170
666839
398833
389462
925426
421332
680840
218406
467118
471108
194935
316854
951135
975699
711323
136051
735186
465618
673212
528004
780257
285
605604
377507
101512
93232
361569
111956
773747
438157
472334
971917
621348
871167
877732
546774
808851
558572
765180
275969
29681
476467
592823
497168
452167
304146
149571
703705
286116
822784
231709
66374
339421
353665
960233
440934
446898
838154
69242
736997
792663
541576
225267
414012
929095
102999
960786
737946
177923
725967
13915
723956
202434
123090
737476
170953
943588
887048
874659
229705
709832
622720
812431
565605
976386
289016
6539
939636
127171
592134
192985
919834
133710
934604
333846
579158
37603
294633
317104
731879
536952
847372
972187
255738
970462
709664
943044
914051
596712
817703
660108
822896
956775
472539
388501
449513
761555
911393
389149
405078
503527
98487
324913
637237
33091
175111
216395
587047
986096
49852
318926
523048
897224
807465
295139
384038
517129
238183
814441
113841
572238
474549
453089
529013
463440
841591
978527
741348
269336
884028
146426
772863
982515
471339
410100
531959
162803
142848
119006
148899
709052
954284
188300
122628
761749
483439
506666
278879
237974
837460
909072
326564
312009
878514
855577
775450
720105
350456
516798
505793
750837
179576
278656
249704
167268
205108
781663
330071
347956
417021
995322
573360
371305
183622
695988
649407
183413
202655
928286
937739
40115
353710
264303
868476
232224
119881
160278
468681
986689
193428
974474
737526
373005
253130
503583
540273
458239
285246
386696
322547
218620
382018
895908
589925
565641
591896
239332
265406
310903
683970
203146
867370
37681
467449
252199
786257
103682
412477
254939
90372
122258
745765
344250
495263
998896
364185
551888
973487
649432
938584
812386
384404
836954
224646
974329
918947
816543
730014
184354
643798
930336
387500
27521
484369
371301
279720
270627
474984
208549
41918
81708
330807
787683
942310
826070
302931
306496
894310
792770
472280
349246
605157
856684
186201
346155
347365
105148
679050
77379
289502
322849
7716
193354
866722
8437
564656
146442
279064
555992
354991
320982
154052
685799
625018
96362
28221
444301
402858
922532
237072
391490
788130
358581
248174
974331
704736
111892
79480
900139
705623
885334
222988
713339
78689
606062
721777
159697
752504
517193
232041
623847
354528
386093
309646
495898
482455
854220
940199
401666
293104
693623
793156
81234
568556
557683
55566
273293
669575
651398
689784
375198
536732
429124
604890
615421
35186
843019
291470
787690
876564
523511
411537
231092
909604
237536
243342
908412
91756
183542
826430
384860
877165
135938
982446
445722
209973
38012
235367
395900
689410
925151
287451
226143
354275
892341
357916
389461
251712
165739
693503
644628
205602
621392
392073
115207
858928
635415
539971
467036
818957
366401
368248
212475
18691
350695
174549
228665
905059
926268
624565
594470
851419
912016
336965
722046
320709
211233
627859
88773
376972
837714
733402
582575
459106
125475
214134
834387
277242
270457
301423
96200
153210
669672
825027
171901
536719
999576
400566
441778
925844
25132
36248
293615
453500
889565
532013
774210
617151
159872
862983
510475
513938
596385
609402
973044
238212
339888
807431
515455
610345
108855
128007
763555
294879
469386
451809
831598
468962
368727
273376
911158
393859
825977
721125
363712
231894
253138
137922
849045
929362
905
359521
443300
113643
968923
932696
351855
825164
740128
383662
435509
365335
511669
715417
176566
981055
683578
524516
966369
52305
797892
393879
962517
140221
115004
326229
888468
884494
464151
737513
813856
465056
613386
773508
95051
98662
222557
963259
923826
962685
346921
875687
844372
374943
107456
537290
872350
791034
61806
838720
843340
376050
748951
805857
516272
863956
132086
921092
264802
596237
658605
595011
577645
788344
368519
672697
403358
591076
635956
843536
70113
499229
719223
430837
874172
826680
968127
262875
617714
29933
101595
977406
405984
366898
783263
438608
747206
915349
359700
12009
27938
534657
607020
605584
839353
491891
794633
242711
599320
946941
602599
185785
962522
838175
616623
836695
664855
101102
99570
798921
647388
717517
776328
569724
600767
75943
8332
347974
991293
884384
876335
19231
419041
483355
141167
258395
491598
452152
17458
607270
915445
620058
793056
877968
458233
926031
231015
639440
27133
846937
954713
190873
80806
247393
760597
681573
839689
768929
29547
830982
653313
422234
366565
588707
905589
24085
363454
913540
992589
380912
520810
908035
517322
830218
786003
491907
756249
533370
647699
299735
380307
118765
490608
461113
366158
767558
659038
205847
536487
204938
553181
706153
627172
436099
294860
49114
976536
658314
962654
969125
555578
999816
877160
589253
830035
179515
81160
586284
229237
728860
402371
609544
847625
892980
587009
730135
660538
762400
452335
713377
967338
521868
935882
594510
957967
747094
159976
450855
921760
122630
419981
477339
122447
813493
66592
952482
509361
664104
55118
738598
392964
457490
864495
756941
866822
451504
3429
43712
213904
972116
273441
697594
10336
209324
808457
484656
956418
968433
935511
394531
91064
355492
871870
729863
168986
454814
198697
678347
118918
770167
416945
28235
227657
281440
301528
610831
249297
821309
170895
979553
309777
444337
193500
320114
170013
1957
804770
126431
970390
740281
37314
577806
95774
909184
824021
781112
880350
539070
975811
515621
309238
909108
60208
53247
190549
878088
664079
956198
699398
834974
452103
525527
795663
645603
845641
965676
647560
650411
608460
134303
390693
645774
228461
2819
71311
52483
783931
468013
591553
759742
983634
417143
668850
560194
470391
375751
438283
650822
848301
654033
2148
300405
179560
797812
462360
541554
763488
626273
191965
888300
760576
582658
534075
505389
585477
121738
74224
885760
589751
182130
645502
89738
599273
830705
649932
69664
722808
604567
720486
571110
774952
722635
387867
470865
36799
850227
12419
316639
992852
720736
204940
269780
303395
255367
775170
405224
377105
849394
290985
483208
31524
452839
572946
630798
799896
739231
216814
522705
860150
937301
610167
151455
176288
998034
138672
213087
364613
667443
529726
357466
388179
251018
627246
207926
506385
918768
613151
883490
768163
420488
883051
316039
389679
455997
463189
705928
711580
680004
744985
88083
133657
355152
239538
309945
869538
378210
39384
750503
45653
85462
624321
433832
336481
251568
158111
842866
686688
771262
242709
454851
708102
125760
287243
614133
98109
750432
320061
809690
946788
65046
897773
80445
420198
137311
906742
806088
31873
946126
556592
593878
31589
180913
544062
368070
948833
702173
727288
635522
473435
969997
606725
697889
95757
410320
312023
710219
160753
148436
519909
107541
213483
934034
704339
150033
587697
611081
956122
619570
73560
29066
213448
105149
726331
273862
989571
675165
976036
233211
827039
965823
203209
950116
663713
815318
360437
492088
525537
37542
640524
561798
661435
854007
495832
365774
520393
83529
976856
476515
219451
50416
21933
949251
671917
748264
223114
177840
939781
199150
411051
766820
164973
130612
233289
345038
945931
110078
353478
987820
147620
994003
549619
809055
364362
561803
691182
884755
645333
184390
877622
864784
751158
899555
814036
939427
647820
553502
117267
587601
752652
44670
870774
433977
175283
104063
295368
121214
214141
648846
625386
878113
159201
175005
203520
39916
253161
894702
441023
898494
595444
834998
279630
346602
734553
93666
802381
898725
647168
919648
2679
916172
964319
389805
866502
139602
10220
161870
777168
224361
327068
918906
618826
2622
610264
822346
42538
863425
233401
999913
761919
345197
834911
41549
208152
85817
651568
10533
500894
815088
446534
503573
247613
410853
409730
114115
66807
419950
275985
360327
160663
119405
279233
779489
122027
889497
118188
680917
752922
867941
680831
31193
213138
32094
72743
421290
117911
240663
948176
135158
572103
394710
155083
819716
321915
564814
933831
388722
984764
726168
265401
145428
845574
544634
924917
967601
950484
559457
648519
219758
427398
845702
250952
156889
877796
840047
94531
995708
80710
42707
130866
169165
437417
285949
988882
759332
367115
922713
664406
351880
648882
929807
497308
10808
990794
938577
978409
941278
498035
143280
161036
925433
988982
928340
82322
866779
768387
693206
378839
365449
735913
26057
534615
689683
312006
523497
965367
679122
962562
629774
547354
127796
75933
44662
138604
583079
983239
117014
524357
997626
776646
201746
923060
765629
646438
521734
632408
414826
731292
11247
296627
467206
37304
831242
156889
865662
871091
638608
61136
833654
268382
608490
961450
860668
169504
616407
443747
669096
733421
484457
666722
26419
202555
106134
792048
848993
144221
940808
780171
875513
952055
76799
342719
505711
908041
15960
887726
295485
654569
465214
129139
439303
590057
606941
816323
759561
223348
260071
428657
473121
260880
611732
499541
463435
717866
291589
828780
862087
232398
608952
737601
700805
202103
596672
722869
110144
612633
126947
921981
783554
592161
51120
739209
182218
174414
555533
458132
397762
331956
403141
870884
592836
14873
886777
572623
732740
178366
917755
594827
927116
526707
848780
144274
245162
445453
383495
871659
574438
26794
793640
874344
618955
844761
613553
317526
19175
685438
775658
933289
17394
178799
320525
126582
193673
207302
215557
442765
902021
133313
37592
345489
176372
402725
6115
421535
848178
389610
293194
938968
416404
86834
813312
551712
447947
943217
385590
983474
628656
161248
916764
162402
856399
237289
288985
566424
444592
504542
9189
862965
154207
563134
208454
330580
482211
214570
752115
330389
120532
45309
269357
53289
648495
599021
605001
96443
542238
506943
79917
170894
668191
996681
333297
40942
750323
138634
123719
194915
159528
649260
574232
313736
728746
782686
644316
210957
513608
912783
57698
634141
958092
327055
687430
606587
442428
808783
703030
984667
315726
299300
671913
500269
295981
521562
57563
46304
176548
697634
757571
336077
346895
331803
649813
75641
630842
294129
286599
144450
206912
344297
778591
681356
187705
982373
804295
146485
307508
23678
131152
139586
322978
319418
156207
135311
357332
213771
181616
533881
911405
455539
869958
774652
303695
519771
850294
934537
330252
653245
595339
53516
513894
890283
251224
701599
872656
55519
364437
696517
595549
495589
836103
918527
331359
992311
570191
688692
722434
268159
222573
633839
723698
608883
408492
543745
128654
775138
478282
975258
428383
73622
545126
942277
963905
796350
160229
352913
368221
524666
49430
480123
536607
401886
915002
384319
394197
485193
73011
632983
753352
811936
266822
993403
420819
191666
537148
65825
483156
531783
41083
911539
121757
102561
370169
602014
415263
46750
954927
299836
87768
520710
779959
624375
438948
694962
525046
349497
180155
598057
982480
449860
926345
249302
443263
347164
957321
496763
929341
440477
28546
486776
868369
150303
589337
238538
752317
4600
801640
223597
304437
889408
260659
600748
30135
699607
295710
555182
49104
992218
669591
31584
442078
112289
797238
401693
975805
270911
898456
905147
711389
443355
391923
96110
593658
497613
851000
862328
502213
652640
602277
323002
58400
862936
923751
88535
78895
735813
160069
644351
728031
829661
192287
686461
941950
505877
604506
434107
776789
19315
339254
4530
462670
247530
100640
56328
745143
951640
435008
763708
604280
37285
86711
179032
416573
526814
267567
11820
262627
427637
656171
507011
773650
364810
709824
231952
870688
314331
666059
647477
333646
521666
652007
796316
769196
752647
368996
514339
220639
804005
278047
341271
357642
881110
520303
290568
924276
787870
302388
703256
731859
474912
210267
21861
839722
920091
770165
710410
234422
952577
874239
84420
474243
526246
880736
759791
795245
766085
790482
15884
570090
68529
357155
444084
465992
393810
251004
906620
698033
69745
609876
946244
544657
336495
968106
900731
256587
254623
127494
7361
723552
1733
91782
714147
44332
488870
473938
839577
254955
264420
371814
341397
849302
245321
301834
831646
639132
552838
738266
853517
622583
348143
799761
683592
684638
284219
100676
457577
538843
228170
981291
262395
746255
589425
492895
790587
78295
966833
146517
849603
747606
34683
191000
596908
280004
492834
428554
435488
562025
683172
289005
184608
547667
88767
384553
748658
372986
485229
206235
428181
713399
703878
206929
459654
293303
699824
766594
887951
183009
913111
737554
930615
947794
928554
527523
744150
937741
472429
695991
499766
671954
984996
200726
219621
590115
585279
968279
479454
70508
690867
907635
300259
394745
630916
276266
204401
330740
42860
92352
30102
472323
829906
960717
936469
758460
4593
196971
696201
993374
892962
712319
665328
394311
913046
884950
500778
498325
369581
980232
85186
60448
404220
385445
971546
551488
178063
175947
398581
220923
784651
428683
209598
614557
905752
146067
373017
910345
859391
585571
903720
752353
297890
85400
663016
727288
486702
680147
225614
856284
660379
310800
433084
580951
212597
920982
648792
390661
613281
47373
127936
397932
476056
337535
12489
381808
999954
901859
808506
859345
3782
228578
128051
818024
313978
307419
545313
317033
987566
287279
689669
164298
114431
122753
261601
327028
560088
910393
717689
173369
957766
361978
87654
950174
699513
100143
331983
215819
518354
656841
591517
522136
885419
235920
856513
715749
543339
401826
32782
47258
205457
722451
211556
319888
361557
473157
646916
921645
899903
880958
611366
857669
242936
699020
807844
458801
315516
656179
190972
350222
313020
782489
872359
714791
18409
245224
430540
78101
163402
979675
125359
368859
702126
853267
688747
580035
842776
852015
18032
742679
732973
629399
116701
492261
844771
924545
951062
676639
97076
142035
26862
926448
440876
415573
641239
975638
660797
71779
53739
824199
51454
695450
709410
269933
65069
398157
849968
907845
766524
384353
166877
499498
13752
283578
508111
374875
724475
975526
51515
337903
633913
78377
264351
74789
10302
905590
50427
671099
493721
620518
11650
545176
832320
721060
331461
897389
635569
697781
321587
402093
82134
488464
417943
612238
288394
926055
987114
529221
901581
554981
867124
51846
149710
131475
126635
160012
553417
693415
347463
47138
313933
359113
108666
146254
596525
440127
559995
748446
654261
881582
666891
736395
886398
84835
348634
691144
527242
335748
736717
945175
407081
603841
997021
556791
251668
123656
233155
321437
333423
580618
368576
163709
456083
993594
826315
52608
950074
386310
317406
604335
784245
984297
340730
670643
585484
689364
878140
112726
541464
614857
57901
948545
735051
571274
21688
503071
211283
254843
824509
544706
351813
709437
708415
807896
703031
534730
376856
653105
437393
694262
257440
221638
194912
598171
408633
780396
803887
286773
893123
345352
417983
467376
810249
153034
38651
348290
656105
766286
603133
480614
310992
471299
706403
535760
279195
409435
586842
172404
62540
24235
866666
836333
245873
577930
950856
170859
358327
271095
457632
767802
616447
391967
751530
943049
545001
790181
291339
717459
72819
410824
714425
383812
882123
420829
435924
677671
830264
22766
850075
409156
47002
233093
761841
809227
811024
712697
980086
685703
983793
954071
453505
116592
346038
205035
575993
407392
511569
383684
641203
584388
310861
355628
484552
709336
292809
920476
387007
123073
943243
753434
48582
506597
502880
810423
832176
830256
39473
812263
515959
539618
282686
485816
172562
145076
207203
748556
68820
718772
648592
710023
819513
959453
582004
820417
668790
874813
740894
572149
514239
200489
325584
562821
223438
344816
889596
55614
175072
445421
384229
207383
985039
183267
693199
157602
328344
900402
422510
913516
135527
71102
623540
471392
546908
721896
291809
215698
596709
32703
787847
110948
749544
629783
190121
972982
974599
79718
544949
149671
41491
445530
357054
542883
628798
566605
216837
473494
983360
639347
387010
118887
226801
526902
590279
773709
248798
882088
505759
361860
431144
293607
472808
697040
439742
662930
186375
414342
259000
731324
80365
816843
693206
953772
359726
322004
520377
576563
795498
20089
732262
698861
138976
959064
742115
245607
249125
507266
644048
754885
869126
75192
48492
858286
288584
4586
37568
474959
418928
812920
722635
499294
629764
415842
969418
989490
737846
6147
566054
49697
26237
298316
264910
165213
773732
523377
927173
22858
30643
571221
777743
416121
162765
342587
274408
451349
347173
311976
442661
282454
124897
165296
781748
754661
97490
267518
260503
351689
273665
342909
917738
299902
641226
182648
981468
414958
706025
424993
954168
253021
996214
731911
669142
675331
590850
459902
643032
454376
771879
85693
736830
413128
767342
34930
684141
864832
302448
460996
732873
576113
803906
650611
392368
445132
349611
890188
376442
55637
315181
846963
825010
311395
95226
10504
503078
686077
470407
146110
140453
758638
748156
877283
171766
31850
428565
372259
896682
731013
833255
145908
823478
637161
796519
215846
598645
146131
106034
491440
718120
937567
338403
543130
765314
433629
553634
268392
636058
540393
930855
292863
299031
679011
686498
987149
710861
115063
875760
123895
846076
709016
269803
669555
862529
582675
401753
977527
728806
24140
985319
963278
961707
323722
22760
243374
273703
92746
511766
426114
633140
442621
718977
932171
637984
405476
435673
348845
520539
311433
989093
882968
536801
775248
552523
915683
357923
470628
893210
603081
11120
878529
566359
972828
718603
589119
216202
508658
681866
244320
934772
831358
203294
653750
279881
841278
575578
715554
706476
96117
26988
695569
979085
80141
470817
47960
995824
345093
34941
405386
948174
46061
283915
514534
535241
518870
620005
267795
27529
301871
512116
962301
133229
715410
132403
413111
73040
707981
645017
779516
320451
188357
991437
815888
268499
978607
863849
264323
323700
898790
669710
271874
944851
469977
302760
996445
988848
922766
264240
532729
224637
776356
11382
874219
8118
143786
803682
597511
368119
448699
377027
688570
637057
884817
504459
421908
863424
884660
686231
703476
299802
872293
975350
761005
858623
278111
757450
363823
200877
21691
896552
941866
314399
424286
332437
838870
84424
136119
436381
452544
101171
329760
657466
738228
730929
678277
160136
594353
79289
362719
814181
379091
751365
789532
656449
609988
583995
413899
973811
301224
951942
386715
243090
782694
811001
575528
621564
895426
227999
574297
864322
329170
904057
521788
583750
151339
716418
743886
262044
795707
622958
76226
691151
374323
865758
347600
500663
966105
761499
990826
267329
229794
377541
510419
12488
704894
602299
150404
116672
830299
724701
980994
159469
145110
19135
259572
296449
735553
3458
558494
47612
142768
634720
738763
33443
16830
602715
50458
982935
880567
41284
250264
110361
418825
277035
122849
640072
879335
273253
756744
225986
514306
737739
385455
659416
756874
645027
955866
8779
164838
30712
572743
823958
665432
827859
373754
682262
430574
424212
181549
311141
465497
431813
937854
400674
708848
60703
40746
104535
850308
313843
330521
880966
51582
232329
540383
324808
393708
12601
849939
74898
43313
422682
415209
225097
250541
788963
423711
197468
213175
605260
508609
195024
553425
446464
595699
778625
23519
152797
399513
390180
466640
730034
271146
34574
478715
327881
359382
872424
856834
725673
463674
900147
148356
878883
641596
915249
184198
65307
112717
397374
186919
621327
108750
256696
584143
704449
35322
607662
373599
434835
514194
840239
681221
301693
874814
159937
629574
750548
548713
486409
476222
528739
902908
140930
407623
544505
56179
591821
126164
168897
505547
829436
306576
614298
86132
407071
835099
637806
531085
725050
588993
45280
81642
786567
346973
956456
462856
492899
223356
11569
979308
215930
540308
398569
356860
464283
459426
929392
572457
585590
614641
594356
931378
437569
725006
533863
844640
76458
688021
375725
801508
793367
937357
883150
579934
800682
355958
42790
293582
95667
570711
789242
311597
627371
187811
184810
91655
647237
630554
180464
749180
245195
291172
680558
682764
16179
730773
43756
608989
418795
935833
926849
212162
873191
810000
308448
673873
682310
351238
483807
777977
921949
273050
605927
549320
460861
307089
157327
624451
937643
854143
373631
699190
145316
570541
898306
677847
301315
942062
803188
236462
877895
730037
964976
267438
56389
273424
457664
738700
624662
941471
33029
62963
214521
155308
128635
191735
462397
802315
816186
916392
656458
189817
615582
318126
276710
513888
512325
94377
972302
315513
330839
366550
45551
812167
150340
101940
85591
608004
356992
226605
549476
390022
289568
280349
61682
934556
472084
524080
736871
288270
956824
909681
994439
572407
227808
271150
602647
740133
881879
574950
571999
729071
457852
133902
541238
608192
235842
143182
216197
109187
369787
282025
15561
175708
562374
77243
110264
550811
117675
363487
839081
74500
273168
349873
646907
500976
137375
765906
757462
19254
857208
845813
748325
315060
979715
805916
923253
731909
949098
655802
841096
318885
937827
856657
10945
16553
933901
637561
567364
51576
1048
922798
642428
274217
789023
289335
291545
926398
571594
565359
462004
428802
411172
210330
743863
907239
532598
183468
639149
481696
355622
996597
316933
293449
853255
327879
826354
303508
965440
910071
871436
966489
349221
513865
757058
138244
319552
564955
64642
891146
130315
42998
319949
57839
253328
580164
965079
785926
279984
120580
783974
635606
117177
100908
445407
486784
428787
271761
790292
910579
698184
178081
877068
47405
691946
150478
185649
11498
715434
766643
418997
362101
809642
255298
419940
579322
351814
901371
881601
631798
21951
665575
267404
655481
766483
229163
142265
711622
17276
448910
622202
715461
626991
15622
762866
318937
166101
464868
846787
397887
747863
265784
759988
557505
37434
696280
653180
389248
597652
534781
537398
135955
716708
321154
307788
483192
550317
450054
711166
567594
898964
333368
283055
525955
348991
562273
361244
31444
543493
208031
429331
291357
990168
189319
365214
27602
885599
18394
933203
999603
553175
986953
651911
786236
308108
959699
269428
858425
409753
496946
942371
825069
830315
225426
351024
695658
304052
712268
727102
847545
436652
672785
138902
426820
862104
504117
970774
264055
38863
420329
263659
108391
407283
915570
894627
715391
875269
164055
90168
801375
177353
32540
626444
7668
774318
493821
219678
594722
206089
463132
442268
159093
135917
97522
102265
998021
117991
589392
778429
156855
9721
558440
265246
933356
990362
676225
165099
865631
840280
255268
183358
533985
804160
326155
541654
94830
819976
277684
689553
542417
740817
648173
701511
876734
262047
803776
391108
896391
393168
169537
569598
919242
727977
834844
852598
718339
511069
17698
100322
867701
789318
800033
918038
593478
126188
976044
204660
946164
253729
894213
488581
994546
58738
190092
871280
320786
510221
262388
217177
419741
948277
786775
338983
192606
137971
707934
910945
165392
725632
527620
549445
31302
327653
467483
624780
453841
443528
345792
400005
697257
240006
404938
208155
298744
111383
79435
135882
621604
858176
353059
557697
322805
656186
896681
515412
794157
604615
942709
475901
846599
470329
25346
877901
314334
9182
19033
284527
452710
364825
684532
666319
121183
605823
874474
936280
717206
470261
72162
855162
844789
425222
412859
167595
597760
825892
199359
391918
430507
658420
867819
793458
645102
409518
187711
959436
418700
206744
243964
871410
87922
444848
54081
209105
50671
928555
145385
284229
915168
733900
139391
276310
675474
68603
443905
273234
894495
159616
665152
841355
818036
49324
634813
463138
458842
822525
938927
877542
545621
699243
265304
149895
660443
835737
875353
227467
280644
20738
511696
195812
270990
167440
472122
946464
236043
432379
219699
130538
108347
401203
488245
442736
450527
639411
422226
425721
978288
361153
819615
523909
576748
601271
673805
237192
437008
549158
464659
717652
86248
976355
429817
873591
143795
418291
820055
896190
850671
39754
543081
475370
440958
31326
918106
407837
670737
340333
833559
649025
217838
169526
689287
794587
770798
879444
31779
207806
428602
12790
441811
31202
989145
387980
904793
649293
806271
241201
545483
173294
280955
88564
648665
238265
636243
83123
162455
306980
423456
996014
956006
157647
165540
645293
468586
452690
524737
16717
176849
469691
29507
618660
17245
535004
6640
438391
184297
329263
679592
246133
502558
476899
851049
151223
231517
487292
750698
393972
310625
690507
906338
266631
848154
588230
428276
316740
40921
469365
849809
217770
939056
879316
352782
472653
414320
875774
427396
114970
205037
106988
361103
707595
100240
728504
375170
848109
732149
125869
242081
42774
816376
664771
825757
180882
253001
254033
13974
810274
723398
863783
544396
178806
743099
897178
167811
673771
289304
595208
788741
494342
218548
666196
718289
835140
394701
93460
683249
126850
735681
925330
169624
68409
106453
995381
249291
359455
765766
263265
686081
5516
643400
230478
700674
902851
644008
868485
576622
933313
980045
365364
944007
198594
31560
662296
33734
426261
755756
233336
69463
7789
675018
755439
76198
781472
750820
325489
657279
32938
105106
343360
38454
264858
90190
255480
167709
734199
123966
744332
183864
620363
109696
127871
818957
657608
306519
369044
600222
578628
118732
669685
586417
793750
425125
662616
575222
692297
504457
232501
241588
609564
575862
796394
874422
666052
51875
558484
916603
175841
302816
616819
312556
928864
261042
647866
102824
567562
16910
703046
146190
651994
889084
248959
445744
830561
427927
20967
39210
932385
769820
280798
58301
862034
77193
449075
44439
129068
7559
961042
821261
826727
577862
133817
755591
355256
781683
374768
922818
314945
77814
585360
966939
483250
350672
929036
313811
778599
466355
353022
710984
236175
633820
769285
98210
227365
734713
142649
872785
742272
620043
694046
569000
714257
344216
840943
69514
642251
215711
508684
473549
809878
610397
956840
293128
961069
885876
606940
256020
352231
476314
967005
104759
110134
252642
719321
853852
987355
378322
726637
245980
998365
420684
814980
228975
281252
172275
814841
923503
904339
839877
397052
714217
450274
353893
7345
927695
756121
130637
183716
108353
606951
667073
729464
233438
919715
448785
87290
423423
827107
813927
669403
341824
750963
735
570799
548567
173010
901992
472071
77349
741870
385475
307918
192144
255720
831616
636192
11842
478605
819908
636547
85557
3333
882363
835347
923048
331148
438989
862823
158255
769268
532226
16431
520232
532961
587231
585151
222324
489223
573574
299673
747445
959050
123944
939590
731122
955560
92134
259316
434165
428394
412215
36074
431727
294578
871421
871127
625726
310410
733951
300333
79679
266177
833117
116263
799139
936700
701414
537815
942275
274989
353840
689721
750391
477784
145663
997865
949696
237797
257182
383862
666191
669397
936288
97918
480328
807710
485397
622406
634472
219348
922740
230503
485526
272209
863118
801017
208909
80885
338832
151184
872226
692672
840905
138969
686809
986568
136834
636505
740717
910368
20367
406908
579766
956656
21178
576446
280718
506576
198852
431542
725924
121592
662046
727802
910153
41516
528819
119062
122401
384003
270247
510979
593028
111152
649948
279837
614073
786783
916342
354790
697151
453062
761699
793269
926070
299229
369715
206788
322157
568568
154682
564434
206512
333080
292236
116666
374597
337408
235728
13350
721411
22327
524330
314439
133480
690630
110628
747553
477413
26971
102343
690917
996385
380394
538
922455
195976
886606
645595
518133
455174
800277
82567
178038
133358
891156
811056
24307
228564
563137
37657
949975
585464
78339
780767
718944
768970
891395
982849
762735
434718
601545
453652
431103
981939
970543
353558
694267
857149
515505
212401
828675
315783
811320
6713
965493
702476
334122
989800
447392
897259
543809
397368
482723
622149
694487
718020
391119
585882
700869
153854
536953
302414
123859
968056
800706
94402
837967
494973
951551
353472
223726
296578
185607
551399
303291
151100
770227
637413
140900
217620
51024
684710
131340
533748
823211
825827
251768
214330
928061
952637
884536
465014
771404
8395
949423
88462
619149
787390
99787
87052
140862
839866
383630
842822
391265
203274
993922
161492
357039
651175
895464
408064
852237
26804
941812
675448
852631
193580
406130
297045
662569
290666
762059
950325
815414
711482
38787
950915
15224
138575
37968
672439
978441
937950
515261
886058
141224
509183
563902
14616
160358
459367
422680
12595
486171
880844
204395
855155
590776
610525
152200
769697
901192
430611
720023
232958
142094
758810
183873
673670
413737
738193
346109
392178
676144
861370
278236
333720
370554
842139
348336
47264
817858
287368
576212
820381
684564
780607
675536
275340
391133
344088
561390
808677
774700
281413
557987
433146
556575
741860
106816
970313
480054
452926
878843
672550
830648
673432
6270
717554
31923
870959
764819
849781
674679
857383
670162
359244
637990
862051
150936
545475
206139
712326
870504
497191
510091
428491
930337
66667
170352
553506
553332
166758
522784
432175
839308
353432
105607
361930
70987
137530
749241
835806
503663
423921
209541
173826
299517
847531
552229
450453
909359
758368
679132
296215
771912
705575
724707
218601
772242
411411
772107
841926
578169
294891
274102
933829
648324
896061
812111
719311
33592
561353
71469
537255
985274
281010
227433
801143
644893
779662
767948
70604
54383
447080
366820
342647
669008
91527
561248
441250
502938
333356
799529
597459
144599
73631
47640
309275
969692
859751
544938
519636
421104
616407
56892
922730
413769
800677
723873
58663
96692
491822
129267
151075
455254
496087
493722
124262
103966
571322
81865
123256
421030
881394
720715
565630
955025
284707
391257
441069
144459
936196
960706
81915
68955
533950
4646
482725
334627
728519
57740
431319
736693
187007
98746
191948
199447
108820
832562
819765
680143
914427
943022
101173
312173
180089
183155
783550
464797
574413
224620
125608
510609
701678
207523
579564
235628
212169
578641
86607
457041
636381
34279
193734
339741
133025
902034
55540
758198
734597
875305
438341
165376
334679
55866
477550
31121
239022
261100
12270
813435
2072
137878
840396
703750
345401
936312
455730
73923
514954
542338
47316
151335
576617
757402
7428
225994
659437
62968
984192
910386
938274
938885
592114
789305
994752
586016
820426
233774
363469
832696
563561
365541
970574
920309
585644
832328
372973
41374
422603
404279
583712
469919
555615
676681
743673
563043
902676
403110
142364
403220
829848
80638
342106
938315
386295
336858
524331
206722
86984
887800
39418
166897
769694
526345
603558
355338
875025
976531
396712
813980
380811
980425
283899
452778
657106
543924
532173
76134
463387
674537
479355
293235
271527
337813
747902
657823
191023
272234
864545
278007
160034
420315
961256
929728
463012
564814
801418
338037
57697
198131
152017
954860
178556
952268
407638
352014
496193
456164
944501
959580
130701
940208
769167
918581
278021
517070
92756
469044
305656
473653
263403
982042
893968
224659
428123
356981
305825
229541
211370
363522
427672
363388
318383
122580
832008
242373
990947
844553
698537
935448
320485
345591
875656
89653
264172
670029
123075
356928
139073
945083
830581
402476
927125
240901
143487
355248
114234
449312
584790
325605
329186
528814
205345
163921
651395
37353
406295
158694
398259
621184
94142
718744
966775
486150
808397
747299
156179
447824
104227
811604
392907
451160
214080
836385
208414
873919
191633
322648
323231
292775
648253
168769
821590
369950
332691
989337
923656
738986
148031
321915
360170
758525
40659
843298
761027
365409
590597
917206
329585
211177
245162
722493
178689
459242
75230
387103
849513
266863
226104
172744
75991
390709
341513
413933
760660
190556
919622
684316
445894
67653
6231
322417
342530
563242
165715
103557
928651
756312
537115
258237
483841
782277
497082
662531
757871
572312
565986
607384
355527
792090
296480
431518
182800
154345
845451
943460
344902
765073
144128
790796
349078
150359
113213
207960
229953
795280
311517
158605
551593
848632
933194
551786
630909
430276
214317
905132
2588
780304
512516
874467
572394
808996
305986
271546
963342
667789
215006
824596
949215
359134
615392
814645
25845
244958
22606
255799
40238
334123
930756
108183
699108
863950
659970
846369
294226
390639
751502
813166
687295
264018
687633
776042
589367
509971
47588
552709
694113
262595
377305
159680
138081
509049
974325
680279
754007
996931
936078
794246
847407
383186
418781
546515
247136
78751
909236
57714
985743
660738
387232
673038
924757
591217
449080
514124
101189
496669
583185
311654
275616
476842
471334
930049
985891
445659
610328
256251
958943
62758
566849
806350
445944
985630
869217
209432
580734
778453
267146
566477
439192
654378
239515
880301
245596
204948
910777
863137
217969
493962
174791
493585
487156
646125
423634
473047
608136
550315
245650
567079
613073
812499
889781
575370
314482
758998
784802
895216
53804
568301
978045
9348
739031
733912
889649
500979
938860
316778
364116
156829
327092
55259
650414
814248
217736
590401
803647
825873
657068
49298
392952
786493
378149
282734
361863
692631
558084
663018
104199
611888
231319
82244
137588
486702
816157
27237
987682
755017
860367
351798
428199
187459
923410
594965
1707
141146
701718
805355
967019
358786
854653
876324
145280
749154
675410
23495
441786
233494
686513
62337
361735
434184
144582
499323
920887
477091
42913
908569
748460
903280
776719
176659
90740
700129
771625
608799
357628
473343
414154
840999
832130
785159
717323
493762
534314
909085
517257
492452
142580
203771
554789
20667
637955
215723
36342
558842
692814
595607
983763
441275
15240
760483
617934
622332
976964
905911
231131
334592
895607
161638
175592
244089
946797
409267
737851
997463
318353
255108
489915
977285
975231
561057
997952
613187
776780
550646
688381
469595
146254
672145
427222
161494
948980
561508
783826
925944
467420
531309
260537
879379
692947
436129
123468
156097
361748
861319
153560
680101
116427
159828
173738
608011
720885
171690
737550
14017
238689
425931
483612
384943
614428
427186
62789
563408
988695
362967
489353
972467
894276
266242
851846
587224
218723
975314
743321
580471
836633
413233
776925
469412
573061
950663
77423
810298
638706
331325
824316
877395
757257
824280
262338
888037
251467
841479
967798
240162
204446
457151
728981
98722
723393
580827
685946
458468
556141
945619
38939
909126
358853
815864
894890
448266
766528
972314
258565
405234
303639
82881
282629
577248
907161
61319
981638
674980
419150
949436
915142
623596
922939
644123
722318
162684
741302
924617
621152
297443
386588
660091
722921
261793
992308
617812
710060
275188
106478
968625
680422
926469
567858
479403
20070
991371
57074
1708
666352
476224
951144
97846
99820
874083
258322
338490
553119
999624
779459
174271
813420
166048
350714
536341
427841
343022
154153
654253
618210
776983
622878
814984
703453
707088
810739
723523
698460
867813
725231
364812
860389
192727
979010
476561
583162
237332
815052
136281
236957
110863
826904
566729
276911
177618
103070
221105
36993
773576
875358
171555
550559
14589
986540
770364
721677
313631
493887
420137
181445
735470
301301
558186
444549
280312
34748
27711
33996
849800
680344
787305
477015
23600
354034
753927
201219
973457
491384
754564
747033
883094
926119
813944
897683
912659
100661
135713
226291
110900
555850
924088
846371
373504
482274
807272
170168
33374
351336
204164
399526
548032
507822
876542
571633
861856
146821
772852
835313
638205
527416
98698
37651
453535
428995
935335
882547
529656
71048
625190
640556
143250
65630
3279
33106
64256
810552
203274
97631
678240
923791
497157
226272
431613
890051
797905
293469
36872
87109
645135
191429
614525
260185
229081
584413
689180
164416
983312
218836
751816
124854
375745
895066
706836
379024
928173
771092
705928
647799
385075
384168
571590
398585
610441
519555
288636
924698
329377
325509
11808
974512
33290
626333
234697
262371
727098
440230
426787
226762
175418
694955
351616
551163
590022
58452
446540
34547
345897
668820
682346
730972
569341
770289
645909
179782
289844
934546
620832
619221
776407
632640
110085
809697
775326
861135
72069
502424
301365
15208
729187
993135
710164
597155
60651
816538
655608
507191
367437
517857
692363
566135
248829
261704
336424
411091
957838
142621
345637
578671
278194
638396
211311
904632
964445
986637
765767
552866
5414
583484
84427
250953
576619
310943
848108
637270
127481
20068
660813
494918
537925
353177
577405
303107
131233
430182
714198
89072
572803
576187
667743
367349
730935
395406
271981
695380
898396
37748
764599
903810
137584
849026
154763
714204
159969
519223
867826
803802
539292
44992
815072
593569
914521
392477
896676
45754
822659
127226
651178
911814
703413
835273
279164
950700
230680
551145
162433
129076
105246
927032
549238
242830
292410
220353
473386
968731
739576
857565
772533
795220
418909
587605
905142
333430
496434
318170
895536
319094
445397
546715
230908
665162
381988
26424
615863
129020
93922
294648
774448
199168
221680
323686
958350
30442
60391
948089
999173
799968
805654
288058
111540
224563
392015
16682
74345
888449
851205
969881
723895
296602
32948
471156
478116
414937
497580
610331
60309
591502
904979
834758
307022
643011
674796
265373
673453
735188
213462
188978
51508
535468
477036
163048
276383
869051
696083
350728
273853
547288
836961
997748
360242
869910
468904
354710
801199
966485
965042
861508
74339
386373
212618
381362
545737
887415
163087
735542
622603
892901
924521
190463
428369
917909
353511
704752
303313
565946
571832
577166
629586
408793
574914
989828
278703
43819
344539
596254
526656
825933
974115
117347
728658
186733
15061
274395
590500
178148
9938
213103
71049
450811
403566
15770
368720
273430
720522
188385
355728
292354
765551
985315
701148
340466
975143
496203
900637
836034
92458
943645
178319
66573
577344
906978
769658
592406
181373
360159
770554
707663
89614
357956
674826
9533
373726
559899
282963
610601
748284
155043
902955
513836
140358
120455
370654
115502
616659
787643
467888
225469
247640
646208
808394
824984
69538
578052
417390
767263
938211
704297
474927
544178
62253
666105
553711
952331
226004
353026
562932
974289
508069
982240
488125
648428
102695
375131
280282
235706
162774
748170
977527
410414
910730
785921
235398
980268
880326
652789
747532
334889
873438
738811
879067
452043
404916
432778
404374
630921
785804
483659
121562
293874
465899
609687
458654
84946
984818
738936
320653
663944
3458
298180
74358
430541
600454
309756
927161
480780
478897
191045
815669
868687
446208
694737
320730
851125
127515
241457
998398
429672
725116
119960
239898
191015
245999
214904
792313
747169
953840
112966
411113
473650
927499
485471
420543
527953
311579
347705
8733
306829
538750
340754
175516
984959
35491
12599
352436
679359
254056
867186
625383
979172
503498
865281
686539
749497
596537
995204
13018
550377
108171
424131
540379
552022
425954
960923
79975
253885
824980
605060
77066
880082
945814
768935
381393
497658
781534
733829
693369
551942
117367
318752
47466
620865
700385
250357
370362
296922
245561
899732
363651
353732
323863
420382
905754
266169
897657
502081
36407
722637
107141
113473
602720
569308
882408
984113
66966
180294
234295
760335
732236
351662
595439
779702
972528
295824
30059
859242
109098
275621
758975
472749
145705
599190
409483
567812
381712
307141
586245
418119
29778
209739
531592
148850
779047
930353
649316
362365
110647
883611
639052
359236
751625
750843
655290
240505
563019
685350
99748
672117
477323
375075
661218
139380
490617
70701
223544
872329
377842
809790
290448
923973
19529
338393
72823
314928
268746
238491
193645
895745
638454
349049
254981
390080
99892
910272
630585
662911
111974
246685
335028
105649
138112
996246
245029
628730
583299
984926
501059
961142
794716
307860
885115
330597
646253
474290
161877
914999
712782
355522
810744
867588
220923
582078
257668
320815
8702
404606
983726
120676
651291
835106
226325
789404
347704
987706
934486
931003
972632
435545
892145
283700
743405
293612
130649
906010
284255
292526
821009
513389
164400
148106
380977
385323
246536
154998
706138
255238
559604
206216
375914
727247
41322
118591
33003
389026
106297
967489
320030
78930
403035
728527
878982
662792
538492
9632
568803
822747
302158
906164
336136
982911
54270
233465
368234
817158
388463
590725
72396
948067
796941
964662
191667
354616
83253
224670
743642
705903
192160
580024
784833
595195
308552
180167
774339
847044
189799
343142
186143
8310
249307
38631
991221
819929
272096
875807
153440
176912
982884
225836
124979
296178
190499
316646
650794
790104
57669
910788
496007
249829
490813
797192
845024
315717
977360
135715
679113
683511
478858
865256
691821
244517
420239
683042
580798
692335
75202
734238
385599
58086
960075
510579
354264
666926
343577
521410
973382
401246
432199
985742
167427
439364
782934
12451
755081
276646
148167
434194
960158
143377
815802
651979
387894
236041
851374
485044
444728
442928
219283
830328
17366
695710
857259
887983
878988
717188
409393
852370
634787
357944
838112
802214
797308
137399
331018
552389
414045
995537
502935
890555
138914
835089
58887
43160
587482
426613
528204
32211
869541
747487
378891
886907
959549
752502
774890
838537
469690
700636
690908
104477
58580
45372
423044
855889
182771
754062
924630
113169
265951
943918
520076
404865
779007
578963
964377
366490
521928
8933
915053
907821
272773
293944
311081
232322
46446
602323
70860
32488
302959
278120
653318
361540
323492
76362
733781
22616
346776
174763
652137
612727
118681
172213
533944
414041
267529
14673
296883
789457
23606
211936
213631
296379
22232
524712
528702
585030
127035
599562
617518
429995
394034
270836
307887
717526
863550
558020
256494
726678
732783
908631
855757
367817
597197
389701
781858
864726
920726
595093
170535
944333
807029
384166
240712
345613
908878
285766
930643
35914
401680
548161
982261
795714
335350
290148
29593
715252
364520
286087
958283
97303
194719
814040
981472
791916
720094
279682
172994
640820
874775
343529
585153
681804
244048
342218
543769
152926
627984
474412
705192
29665
538926
203805
825379
390628
10305
854972
622232
374825
657412
580515
472129
852131
394556
453601
160399
631002
733284
849745
271822
124411
193274
856976
806216
437322
715546
866337
106601
343530
340750
328145
373195
396028
531951
714927
786656
542256
86251
408888
917082
743663
989404
905563
112146
900312
875516
788897
531314
125152
638642
803136
249564
348269
176464
572132
301943
408362
438469
408544
751893
779219
253042
641440
175247
301345
872719
478255
359953
958971
887144
793387
218986
392900
698950
331133
809564
90819
636382
340878
215971
275025
660366
465535
623294
353183
37667
925237
761545
992489
850134
29790
288060
619528
671231
463308
920873
543950
457915
280826
19273
861411
74214
238260
770663
289516
85745
580227
380335
722127
437457
596307
513504
97824
578194
136798
967359
132214
578388
245256
124703
944874
275047
412763
564402
462630
392423
1627
6580
850339
282453
542206
228102
873019
780466
998766
678888
382563
578993
59223
104690
16451
171882
618195
630627
266429
271345
114338
398643
366085
359594
39698
310959
150993
452461
391713
613623
361237
393340
620204
727928
192146
678762
956030
581517
459228
954796
260405
358143
50142
835981
979185
66593
7863
113732
213572
790644
385078
327910
189287
267515
203856
745337
578475
354850
714151
970188
968473
75388
879881
105029
803316
72027
783791
275698
653544
759371
230495
913950
117514
280637
749931
96700
863582
274146
210432
77154
64791
111862
921416
770430
379378
641624
515768
474205
996474
229919
960745
964948
821659
840626
586329
141327
429005
370121
417025
82550
645844
163872
512852
279711
444509
779135
892763
824443
53281
619547
417949
634424
731410
855717
921207
627140
497342
953327
617697
493816
699598
578442
975116
521257
935421
561446
662584
364426
447919
595961
446976
610115
759834
476180
889826
720695
255315
782589
545139
824949
918489
963088
975725
649899
818806
896932
793391
316148
366611
411088
326316
66209
505882
817785
587466
441303
379231
766402
322082
343502
362364
285410
469969
638550
761591
359796
359245
533258
658737
904384
358207
93578
383825
850285
259829
202631
263569
53220
35131
630181
980660
877799
696390
2895
695584
800209
444198
591167
566611
766280
451021
445327
568043
920991
83877
329634
797139
443123
862892
972228
863859
737452
65807
247684
587737
325636
966667
851306
378857
518150
481487
875869
395950
694230
878764
607886
494439
839315
199054
577402
121947
650075
22730
689990
571066
622959
19624
368205
582434
398869
856786
446294
136321
922593
210330
240410
248229
693350
91716
143438
727852
89556
19308
123802
783786
414424
248041
794577
253739
447095
371979
892039
97170
394709
98381
184589
534021
634358
69146
116455
33227
925932
79101
685900
848525
805784
926310
96755
499134
534378
756545
743338
140286
292205
383493
440424
706630
631534
235001
476721
78629
123333
368760
692151
518042
467142
876740
568415
617852
945887
684871
651079
871819
280324
336979
236697
86108
779641
333452
101594
830371
606349
844933
970658
898555
228426
927434
605185
859960
678788
598258
938589
802121
483371
147092
836515
466865
23833
404931
84717
486072
606154
735796
357891
886478
589127
110940
972587
885120
960744
590533
715491
567094
435466
202501
465649
663892
129936
70834
40204
325076
185444
495145
127197
668815
642238
963712
135680
182423
884995
220397
668495
491149
472545
542738
377628
61672
653679
866567
946792
614423
457100
178636
181517
892567
381137
647166
72811
27425
234352
629368
868853
419797
124513
996050
604964
766751
476115
740645
949174
361110
961042
134021
852260
949940
676760
746240
11612
330439
612807
474757
461214
586259
653393
642732
995178
550882
806250
584342
94660
556955
213710
479865
493104
338223
475916
98068
621327
468383
355065
86853
829493
832460
220875
198105
782400
897635
944345
794012
744426
73504
785121
205640
176116
954866
364724
171294
22101
687327
755636
633113
244282
969346
112978
253738
823922
105246
351806
445249
573629
223224
48454
403123
55684
269329
117580
838084
683316
578278
148448
944094
168134
449922
149735
344250
404788
30811
31897
426889
718138
787533
576354
478772
273232
689333
732510
613506
794579
600669
58755
884561
823893
623561
804036
879577
892891
921616
234013
92559
16246
382461
36654
184381
348735
702741
528631
753524
733552
560528
696765
968043
864414
273120
963167
653998
478805
695678
267504
789736
812699
842611
674297
636592
466172
478333
32521
875415
916302
782886
967975
932548
681699
4629
116929
30435
707370
161913
783959
957274
238793
997076
441669
103207
786548
404837
757205
265353
616867
24709
55090
429566
383672
245739
582510
849845
724073
131383
725260
156727
914269
693235
89275
595968
214216
206205
142755
921586
884470
443066
395213
123263
440143
836882
742823
226691
241719
500028
8397
858586
41090
579839
804504
424762
825578
387014
790959
66003
518397
516220
222730
949018
725807
312006
61339
940024
34563
204094
377962
919033
647161
773175
42296
87304
126410
785119
830347
884481
801500
838744
259420
358942
418583
63924
300056
244162
967291
91016
826517
2040
123588
49248
951059
849395
361254
528750
789419
912169
732844
683734
831202
896357
973261
389850
983661
99671
174970
330361
500505
492822
169105
759925
851764
104041
340201
151820
864555
823844
242836
691072
825885
366424
740320
293296
732172
617926
822046
37943
530095
71242
721677
877649
967600
694939
267500
467613
310962
442470
797974
811467
451644
967080
87744
303408
587473
944298
971580
452028
768142
730769
143100
594027
613545
399773
403675
345717
17699
742073
383661
64147
813316
621690
941796
780916
316629
725648
248529
143944
684470
562856
471763
136114
46288
75860
439522
633761
20158
927455
85789
788300
658224
745241
898680
271769
145014
302355
617487
679066
560781
517500
259565
374097
139190
717713
671365
972172
443362
436246
632468
127832
999102
104231
263947
45390
180091
219821
679151
200249
147276
281292
504902
805500
26534
919934
593622
687900
222289
727461
883318
783070
244961
142883
673519
900503
860597
344884
389027
820311
781131
21495
948143
780233
125727
728442
341976
822170
948264
21127
22420
611892
818772
43674
933745
845306
963608
527367
49558
702249
254828
932877
1672
16141
75760
675191
432996
452709
536428
822024
273020
833911
843519
221164
614144
485598
465958
956120
307769
414222
493600
846541
542467
312372
890215
476212
674030
370175
519931
723588
72424
774759
656465
590448
307252
732226
265640
740248
701287
318420
562272
974308
152331
922144
195472
282827
407742
177782
755300
715511
592005
765252
78404
650824
77624
968619
127036
268006
855146
646967
991594
927571
938078
164412
518019
761682
412990
300011
501930
114277
134783
580555
88585
287114
19051
800409
86294
426793
978192
841594
658657
86549
606846
737061
737373
200822
222033
380761
985180
77179
544080
976774
521102
998510
657538
555474
760192
70528
371837
778474
184806
506621
359029
789743
310087
894432
590153
396381
321226
84697
754327
496235
171246
877525
749648
424971
594699
488033
805732
579879
565213
349812
73006
602667
348322
730544
158141
624866
801073
529979
403340
502231
552952
278722
291974
863039
173154
398479
775773
10732
483176
46452
23319
170774
923978
772968
595745
518677
261001
917829
98557
342566
783993
171563
461586
648667
902107
619727
273533
219532
666058
193226
238115
735362
471948
46442
114754
161454
444921
890527
172187
444450
453331
195506
131576
377309
484826
243674
895987
262180
161503
510896
121098
945497
198811
582684
594164
617270
202412
384050
836803
384822
577276
591270
120185
565576
637712
751291
727030
82634
158170
899217
43436
611501
611076
175012
988811
612254
935038
401150
874434
96542
428398
511885
558391
627209
94569
668907
244479
296981
569309
597634
198156
146585
188905
834693
712161
826617
585984
439192
425603
744154
854761
469039
355655
982189
160404
860818
110796
95442
261968
501582
708336
690366
13467
783079
833927
108037
451987
78407
921370
21296
676041
119526
684234
381298
470571
396395
207916
572907
351939
633519
317061
723053
618911
189069
705242
295667
49887
332390
907461
828208
833973
132150
34926
847440
915229
868854
955477
883568
463613
876848
904865
656006
512726
105451
37305
499650
501846
761573
72557
370138
395092
905971
93191
530355
611392
314785
342374
177631
647176
249836
5839
481149
381986
557118
844941
813567
942324
800419
697136
405937
193619
602001
61943
222697
223804
615600
722347
725650
377173
311257
612140
288618
217228
221683
818973
828620
536469
677700
522603
699997
927536
44795
181146
825874
601913
542439
639441
544237
342858
336577
466526
52829
454930
528469
275527
678734
144070
514226
920737
521243
825483
532877
326213
559063
270913
145187
904035
807382
339239
426639
507379
266775
471434
204877
92649
589699
747316
248442
650288
606527
585020
116814
175708
556302
645283
967587
235037
305705
481814
155774
343301
823649
205003
669514
899065
475916
331053
319452
799650
670292
262443
823381
453419
250229
544610
62420
839928
808279
310863
490216
414806
412235
607030
106866
968537
768666
74454
719926
590723
72620
875700
934024
412621
597056
119891
311686
589324
967296
147491
388975
153941
409934
728708
607360
660164
273319
669781
16444
81598
496996
23013
12756
425583
146395
119622
394120
915061
194076
114047
22137
783048
506099
472513
195670
619507
592404
23708
208832
76053
171199
114159
229994
97486
359219
837354
274002
632538
23487
290446
230488
36835
313459
243244
462418
976207
879219
856539
407620
589647
486938
429757
372696
509389
902271
568366
128897
11027
108426
854081
87080
279626
484592
833426
893464
843811
187133
167466
992702
210620
457912
223190
763808
287724
982787
226226
263931
862006
599117
671551
968005
602407
617661
340701
111797
519932
425419
240694
530959
50198
611127
134392
329824
95719
967818
223288
455882
154951
907106
448584
881924
365018
188127
645732
169094
170914
388310
949377
549272
503780
620929
33629
106187
238590
374331
217984
274874
316102
975030
322185
366300
586157
456577
212476
198228
940748
952116
170463
612051
859222
619047
493975
740593
323526
656059
909687
494440
560722
859065
560064
64502
996346
593694
170689
751288
484377
388674
542514
316831
880056
864699
199484
982566
837629
411960
697146
778377
880429
867609
390428
739651
486657
400756
996596
326535
573167
422636
820976
133889
798053
897392
198391
794399
7438
369081
62039
8167
274107
604553
324999
670515
469252
524483
653081
823233
452795
350228
601610
333224
217837
508391
589228
220846
909147
585824
547382
482314
8460
884710
132556
806513
298454
330947
117264
305893
216380
179303
314060
490487
300208
155411
677355
285813
196246
330436
109046
649042
197016
227009
982266
414854
735400
571494
152052
160899
673671
215786
159565
682131
616848
292121
4997
431655
139421
122261
737548
355801
817917
567960
362641
118125
239724
39996
920290
435970
370432
545689
85012
567449
772698
583631
498655
508098
671477
167059
185349
345148
899198
344914
27280
516046
637036
32277
947701
776457
670890
201601
648610
488807
285914
11251
123285
41990
567599
43575
477960
938032
105616
79325
21833
878314
662956
36840
902764
334433
720251
88113
679582
135801
433028
223214
651848
586416
771843
115901
879225
442733
833855
44187
447893
636121
55439
571178
678111
623038
131105
156071
77422
236722
751748
615607
631388
414704
168799
534153
749138
405403
622266
945072
541204
571646
684638
709404
674414
456481
341658
69991
415566
691865
114179
863459
327986
685970
950989
522449
825360
82095
194872
419135
835169
946621
34742
466557
361325
719894
710
626815
641649
139329
88239
182853
227327
772877
892258
901742
745710
750268
971733
161277
442133
85912
541088
770119
771882
492078
292568
113595
90525
487440
532730
442046
434061
83824
908603
311739
803718
425666
454906
445367
81347
543146
144573
308674
832375
553183
210416
578086
303451
182150
255715
745584
784414
313155
515703
72649
321585
324623
186244
412110
328415
718974
370508
278829
319150
279112
106920
122869
221130
561826
84588
302477
104972
745513
611151
937348
298696
337920
31786
602147
36422
287501
347731
820836
600656
379786
409837
922242
704409
112433
850704
549177
347759
221213
344358
666910
16677
451278
306131
754159
13104
390719
56636
634429
652585
184139
571777
951281
522059
119915
553429
558481
407416
901160
895670
524424
280947
305507
963018
501708
934293
330075
567237
282052
67640
911595
948962
600669
362873
255093
354828
375978
162165
927816
10407
814750
111955
98536
766031
150367
218451
835812
708848
142219
736973
120870
182995
534272
426378
662366
552332
360671
992441
119570
159075
576433
547517
108038
177102
910391
879483
48282
802721
558000
492450
329480
889102
120757
944368
171486
271124
162819
7298
496325
821390
260623
617195
4385
311247
559925
183103
863580
436948
691896
499502
596024
268329
47019
220414
961783
473762
99897
526417
276483
174250
18867
605963
63352
139625
550331
751190
927101
229502
758489
423426
567244
535464
40622
87982
846712
116899
271085
710292
553848
962982
726146
149872
747663
773165
370286
709447
246928
986535
752216
39763
677137
771084
645727
256842
427061
712410
8032
354162
458265
282873
293941
25509
818338
850915
113491
665050
967814
384577
891694
521662
863911
134192
187886
611574
423709
558172
321021
670637
61060
73238
226753
738197
360674
388832
995039
304087
101242
3072
658249
75859
285945
468542
101369
620635
319457
214860
802037
803624
115789
210083
325286
979700
344275
513173
591275
767985
587697
428648
954974
648757
18238
181727
903307
895264
570559
898346
199351
188154
417770
373953
264013
220068
842495
365382
840703
678305
96595
642741
481929
212384
852824
323567
708437
713452
836740
299712
481437
940790
244712
436411
105899
262951
134491
9206
674567
705050
907553
873919
409556
325323
247872
673570
61743
90367
555304
902447
285024
168251
61540
766953
380636
430716
90521
605425
144168
443613
905137
141957
900755
666201
94721
6655
445504
229212
15861
120072
450614
923414
993991
376523
765090
758215
566445
826833
364934
121749
245632
649959
290001
823524
933264
186989
770593
23785
308766
914761
983751
730255
573071
884506
396456
667792
407513
841961
413356
423375
478385
863970
863141
472376
240493
628231
230591
806938
971417
111877
445040
733401
761836
251393
556926
695101
954734
327519
235238
263500
758632
735341
993755
848055
136200
390211
515847
543713
748524
929203
967088
226909
309526
346582
215637
66371
974813
962580
389662
462582
74458
834702
712336
352646
602447
269262
47747
557181
113133
799338
337033
388117
534679
330788
236173
187231
237351
268372
730945
502228
713928
214385
729137
23454
560967
461127
606177
52133
940059
995839
31067
14517
346893
743403
367164
949340
529017
931263
22873
158502
730601
359906
546620
781633
207046
299145
968864
444398
567517
216161
946626
797797
430547
192115
337603
507866
169594
943781
559999
109654
455972
591067
124171
802866
850822
7687
268558
379840
455303
291432
538342
185904
167690
601314
483889
374737
900459
452754
819135
984329
185267
282113
298478
615814
990580
636082
640033
160175
96215
200032
269829
552187
307451
910352
355053
158274
918040
139964
54466
373343
431396
592808
75599
599086
710475
75841
490175
127286
44947
309310
627967
230214
107775
926446
362381
98356
562528
2414
258531
658743
202446
44712
210930
26250
955064
82336
184524
389456
738652
755342
279151
686400
864502
871103
801838
574977
946944
292014
702264
991891
117676
330231
222105
225452
773029
584486
323808
335557
586900
98691
510652
305699
659755
237935
331949
614819
320271
32825
520628
575275
788167
799779
261675
652669
187234
63513
743999
134178
355527
962615
126069
473204
292846
864527
698656
65876
449013
538816
917785
552266
153859
428438
857965
813614
666373
706266
944785
502996
739091
465413
78271
43610
781545
339946
212631
968779
403459
956630
102958
275339
919245
745379
748543
728444
609906
963551
310672
575272
502367
228457
127538
172578
173247
985503
502544
839620
208121
447329
858968
947212
429095
937239
507174
210640
793537
719805
695771
713349
192788
315081
988688
112033
60461
253583
356829
670367
217134
667501
245639
235853
412311
889529
408431
101910
391384
910975
457883
599505
874656
316851
63069
303751
770443
570243
30743
80332
806401
726515
793681
999189
41596
298721
627574
102057
552304
500756
288777
769438
168257
50768
521643
96920
940298
446426
198831
848034
873753
656714
447540
748410
489917
510609
52161
260360
80853
599257
857045
403606
325772
650726
402795
367368
949448
546721
985778
18104
47477
790907
303895
732087
358027
825538
345359
814677
271965
60542
662712
145718
233608
110252
894128
723526
137213
462642
500238
734418
61899
357283
138024
387671
524362
57171
271391
990162
603893
773521
8266
651370
80780
312161
899809
438808
137700
245169
769837
926017
305711
432549
71735
539320
59153
482216
262846
196367
944858
279436
930785
523109
153072
68810
427132
677434
642333
214875
667596
246226
988397
192214
413949
585529
504376
313758
24337
158428
75279
794175
84445
380991
743076
156180
436663
802230
154748
215861
998597
99606
495297
445734
139067
648369
30896
566199
842155
673230
781075
509751
435808
285824
701966
849757
871353
722694
679868
412043
881122
755147
722570
481919
652490
465646
154451
89153
267876
309200
305014
782825
925158
316664
744912
64226
965033
775808
146777
807189
965390
927852
833292
401199
213676
51610
767308
601382
774304
963528
13425
171778
718676
735995
170049
887518
201641
324501
976672
985870
150053
798038
285047
75211
114702
546311
655789
79736
838472
802567
403277
803862
246771
752921
721413
460448
804532
488722
578182
95188
452250
591607
266967
687278
327602
953368
574797
45595
277869
67821
547817
944274
865859
349217
535838
980562
895528
191627
576650
734000
510546
496279
54215
757318
249200
775628
217766
53732
264350
312300
148921
232953
903907
932240
920231
747861
885608
11380
309808
679830
79201
857626
624104
945061
723195
159942
441975
618723
867922
18625
869076
378468
514904
923291
135786
280456
698919
869904
334189
479622
182204
999462
712575
86111
931702
149158
350324
333662
160539
660133
13492
239740
34111
153949
701153
757306
830243
659480
376029
698165
678105
761457
592986
709361
684748
728772
989818
900020
115029
840359
379642
297233
839821
608569
899697
771523
757727
250021
621537
434618
426506
635030
190711
460617
305331
408216
217923
135574
67697
110305
350092
262154
871762
459430
971516
556511
704554
477686
456531
819583
834397
352525
633169
674218
477446
532866
962093
235173
299239
583630
186144
725746
735012
376855
186363
556695
785071
920639
208622
852768
30944
75066
114923
902706
534496
602791
975569
239050
596829
948452
574986
431226
300977
208155
621796
778423
257373
100241
529949
556612
200223
716093
798710
935236
609300
501426
491931
394371
422065
700553
763492
453009
775619
878415
872067
826467
997558
847637
65518
110739
312441
640504
541965
129771
365011
680113
908194
622384
780354
954495
695348
980577
186940
494059
432165
796240
995485
440449
706964
933902
141002
470456
903263
432974
865223
775330
259441
379133
139319
841311
489872
451761
998167
31837
581532
363178
228302
6078
985562
525008
476926
680911
505585
663866
691322
454103
976459
203159
894552
199775
137061
551906
670231
556676
984880
51806
332006
760674
430939
987678
601985
920811
439439
600153
469000
537323
479683
213654
543401
465246
738662
536679
662509
760599
200546
870183
214702
693357
589694
109254
893132
726755
661161
79715
799783
162393
131521
648141
923067
78812
635819
525053
515975
591610
641558
984975
128933
121241
198629
188687
102839
937291
241718
281700
697890
958616
151883
428945
651973
741577
538199
61457
984684
715712
141172
300819
878106
789045
948961
317525
384209
584780
842578
900184
692743
488
401511
338028
121730
600140
43067
740921
53783
284786
22622
268026
243402
690857
213323
411728
948787
751522
473185
449823
983587
130710
750643
378045
919755
699604
695570
820317
800736
54501
720501
9831
54989
122013
347860
693071
238505
390927
433993
808641
192065
972967
593019
435468
180176
806342
363548
645315
74216
836733
95139
57803
967443
362134
952200
403551
578090
647771
223868
895178
702272
460721
905010
757261
582734
769222
966685
337592
676501
917030
662585
868567
889997
255604
820387
586525
61946
183935
231841
652514
20668
843332
226670
504464
721818
178870
424367
816260
826641
648235
711438
528913
108956
132800
802527
208043
902022
285564
61987
578524
202594
724572
963443
608943
980176
783830
195468
558474
967765
943661
210988
504785
303345
954010
525601
25163
132881
949968
841423
475874
114555
69214
521140
739864
202014
840019
947907
104037
125583
526246
198913
328177
250818
162356
937120
230994
462538
648940
305820
430303
108954
33160
451440
412299
987171
493394
953815
636404
443362
795238
112278
74270
380804
633418
814134
582819
473437
278393
203208
115372
804639
918473
443549
55457
80829
897021
802803
543367
545962
624975
490022
654916
658135
457814
583567
161658
951208
537382
798062
910923
848973
426693
985193
229777
60111
315679
328948
49901
594072
532156
165273
398711
966981
125175
970520
47810
22196
289675
107529
84510
914650
597551
255778
89137
571718
839346
250796
522926
893080
565210
950201
742053
991903
451746
488183
568367
767425
817131
134620
361497
865640
816245
276560
832621
941420
763432
396784
479969
53107
504313
564479
484109
618217
820258
89599
189935
175956
340395
229213
69036
421957
179415
811090
413861
631161
815625
498580
398587
632756
633200
276436
14748
449445
69349
363722
907218
832781
760506
387187
402241
781171
468018
402702
399388
288276
492301
105675
464232
349048
334889
533269
771006
514304
860711
701219
661817
676336
199799
576756
825444
349351
853193
356545
315148
438894
720267
738718
271675
480773
125905
190268
778296
593924
592971
177685
398552
85272
283360
379137
950673
134601
428758
721679
648905
289469
939250
827075
482157
655401
403831
823953
4752
773376
180498
836252
212270
900765
574971
298
897890
217228
190566
676187
811152
299889
370224
726057
901514
169936
105194
852187
304538
533952
573866
469795
339773
29468
296870
338282
684869
217054
162235
205973
990430
342734
42225
719053
759851
617196
719351
174094
834425
426269
850281
161929
726159
736857
887986
627673
906793
509532
479860
727683
43484
570078
197479
899609
599546
494349
237891
800767
711403
400127
6740
218186
259213
48965
937239
535416
182514
656590
709510
533291
82859
76143
211572
325370
813000
615911
953043
236146
125443
432903
963829
685280
519333
161308
584889
635231
172010
822781
435998
399765
739260
442738
134303
514825
8056
71542
50241
190570
244484
759752
240213
843696
835895
451785
169066
165248
584048
122110
401394
709492
71365
881575
394772
107051
559236
979661
742282
247598
318794
178281
647363
58054
137371
298019
572879
145427
369561
623121
852349
130398
899225
608914
974094
735120
577052
659512
900368
161100
297974
818114
870592
885692
699690
781716
992743
258926
277730
251377
506524
596524
946010
670239
170931
83382
968258
743810
745161
337820
883283
113863
984570
782508
722777
475016
33981
299829
134528
450701
460930
432503
268816
847874
318195
968506
145943
827290
743784
423673
78667
250308
20197
24678
920547
707480
624412
405158
967643
369573
259330
850926
483436
243900
149787
206214
718916
700120
22395
853444
150821
999677
802299
935989
363904
636846
904495
509847
464136
648279
933520
542804
414939
470069
567482
851839
177550
191894
256997
661545
77819
516327
512471
561256
276579
178610
283822
995495
395082
306217
365291
62256
822247
167591
998245
186151
804437
902741
695998
268574
67372
145870
327730
998664
132291
411564
850503
826193
119810
623852
487738
197629
140179
516562
275237
933110
211524
559059
928605
606607
381629
293896
668863
203876
977839
667108
906379
298629
86201
602377
83555
669926
264599
411285
668590
396890
339201
35445
739436
459011
659297
227174
172992
315828
743736
448230
248938
955261
523641
177543
78220
421622
987791
747083
141850
481983
930543
48229
780612
16745
166958
380519
686671
431557
791804
355261
344800
647357
907058
84236
106368
566355
311410
795712
882183
571499
760294
647473
526760
283936
825016
604980
221910
329159
868415
363761
327494
798958
928342
108106
815703
95301
488625
18726
526858
796781
890339
871658
444138
797397
955894
66858
363752
783657
862571
762287
355156
622865
409760
881916
423153
751128
3248
645064
80288
871663
525177
407782
186973
453519
32241
2677
548820
37218
21403
592031
834000
911743
463689
794490
709140
935936
377701
589245
719593
240272
351532
74749
379489
761293
473017
318995
512421
992617
964059
109061
380632
5588
33196
567605
975459
65437
86634
524280
619007
108038
632663
969359
536133
612704
763850
761625
548640
657903
350870
784585
898175
218755
375686
794016
496400
848703
113011
8821
357672
593422
634235
738304
599010
667431
305910
574470
249220
908896
615102
384579
16934
764117
353939
69419
376821
634141
347397
925462
292044
214619
710047
706571
433374
602086
500587
929774
450789
613599
454948
324814
207021
89183
63118
322384
272966
885380
413206
38538
794277
544660
423117
327563
308777
293408
913335
685598
927549
260732
127412
219593
475351
353812
926164
425078
955898
943104
354852
923039
73055
326152
247853
280076
931687
827324
118812
204653
712704
532018
759543
23333
593030
699013
867249
901807
992421
780584
103758
919971
41316
231170
655916
33019
584982
98433
458097
540880
41537
329302
463920
630944
655454
228125
911020
587142
55449
546185
308147
768154
594555
584043
307839
187586
283056
175088
605745
275477
955672
709503
711800
513340
940674
367717
62712
42008
982502
37161
99241
540391
366463
563161
171335
538270
307638
598707
641764
363088
144892
466263
647594
255800
50306
955433
443386
333362
130522
565483
125192
602546
274987
836992
632239
732013
721061
694951
774021
703563
732112
873262
760306
614928
952775
931641
153198
260414
46701
311314
139854
191593
293929
787448
963745
344236
742881
407131
193950
389755
972615
319142
508654
763954
156135
140893
495967
393548
835844
786340
97112
567956
175955
373770
699236
645082
305412
368786
421848
868465
680100
561702
576410
974030
349150
540156
834618
608384
947287
28568
998139
436254
864063
506793
716560
20198
647686
728879
930098
999882
31572
27210
84191
207527
917333
783427
368961
739097
152214
790810
607562
832314
868864
183972
322696
218015
724128
673666
826399
187768
702235
340890
140374
566298
847684
856935
102848
11722
585814
32946
11605
133738
576509
95796
341265
493842
879223
226579
232939
547789
533741
356853
380104
402605
540825
219152
620620
264954
892819
963371
452722
111406
304262
593096
194056
151946
966383
813256
680020
68550
846202
691625
202288
939063
303773
59906
949257
699349
286485
698548
247138
820226
55401
143594
222831
596227
879099
359804
377533
771918
323175
346607
399676
627437
939703
593732
295735
422439
406988
975756
490989
769542
183733
693277
224958
487507
753183
174215
703208
556020
389116
466698
892598
444517
610293
115430
557096
489392
475234
450981
777662
314761
797588
177338
942199
253644
287422
237934
676083
694410
213690
683424
463952
913776
376701
688910
917635
646237
379478
620843
718609
768594
87541
611208
729463
214186
726638
802912
219930
718224
253893
997592
32985
51482
691282
491536
305126
978704
729471
497561
189466
459513
180985
169771
373289
74038
375033
807276
236627
754511
428119
955237
39457
32013
566445
285273
246199
809435
88185
466130
44011
858430
980074
593348
909912
671357
84885
731390
166413
330708
228951
355880
790221
926288
525651
679863
327
417036
487139
236954
687900
431611
192191
727357
463624
274988
528982
709823
84423
617167
692305
644786
475598
672380
238135
901862
860089
323020
149605
26502
653728
894908
898734
960301
821197
940737
640164
337876
357774
643656
574830
45674
75267
283374
289383
538891
74714
818366
765066
675490
951885
973724
320276
427483
646104
558411
845698
506193
881431
995303
49047
51511
890211
947782
11813
227760
404871
168329
565636
762645
811985
656819
324671
403604
456545
614055
458847
531259
432421
223914
206749
384306
197638
43378
328142
360094
601789
173840
382639
999573
685495
948038
51084
92058
412172
579249
319819
817044
747579
885455
96041
75916
58626
420713
479521
515171
34768
938368
46431
467189
678634
769532
367847
876272
812910
695989
752718
931052
386181
651709
930625
71676
599748
498061
680087
11920
77311
999906
345316
341242
401713
441358
417158
460340
862071
896679
975511
896839
351400
538294
880380
30034
824179
248227
422659
153441
460569
175377
84493
846750
827087
531470
434779
943187
545884
114866
955107
139547
631124
300424
480789
32837
258134
414299
9529
120205
310979
985041
17044
662379
39687
897424
692413
863866
662003
631424
17308
122572
806802
618153
485675
150241
149624
436806
93428
695508
68024
564887
351407
215500
381663
832196
248337
639797
246495
257867
760002
73826
759260
293398
252557
315299
707174
461323
179166
885530
92747
712826
8102
415901
330979
10129
566142
996955
963287
175922
208815
547663
740810
560222
763163
638825
908770
527853
794975
155266
302072
554977
745444
61332
364728
998002
376631
71902
459325
72149
957432
68424
784975
481887
484326
632307
8368
50468
629262
488008
742743
354430
35671
999905
914652
798835
638730
823423
326688
433705
495041
628760
505035
240485
206444
869763
754839
99427
458017
730516
171577
931802
798941
472904
930041
283267
105211
454761
850087
250826
942769
109182
605256
978441
109087
519908
777276
747818
859683
620316
697875
354724
249076
202910
111562
971872
589025
866401
71299
47043
596918
242876
495197
395859
715781
425238
195478
337344
396351
561917
588170
339121
671100
193426
317562
780187
229687
611190
44357
89370
231506
742233
960447
996934
945143
72009
968806
50521
454762
556457
613916
51680
799334
109113
963891
31467
50703
675721
368811
447054
237639
956982
786175
425091
666760
620089
721630
896447
747631
765988
502170
979137
508221
462617
492423
969716
50978
977581
536589
505740
534039
150505
73773
333373
259618
37664
881192
826673
713386
250003
790080
467377
723337
576255
892468
390098
712697
130450
802897
460328
896438
305067
955818
921011
284036
448241
890728
851366
942175
427317
873459
476214
94175
947232
325939
353793
984896
723483
696819
214634
973486
486899
198363
696824
579506
607183
603274
292203
737634
406171
268884
634072
227591
224702
555084
27979
189295
962164
879346
131470
905833
752805
124036
8
700037
966327
870154
201285
689810
566973
415920
179649
570224
130635
876473
149730
737819
996099
958286
475453
402270
227170
109525
146213
968224
180961
174193
157519
659477
53539
805342
565311
806344
445730
81671
22733
928410
468177
224018
618220
551502
156290
797869
121726
286926
190694
787809
24745
186793
746095
16550
105416
489617
126075
251629
457841
823389
425822
131712
482866
479361
453406
564529
802057
899137
162553
341142
343899
630730
565161
962119
182233
237803
276341
820311
41081
467035
608120
65826
170181
870567
598728
791949
360184
724804
43578
334377
64545
985753
466090
63763
465114
919496
144645
783524
334985
307198
124666
678884
454280
206179
157356
152865
960335
433697
973177
1416
417084
97649
583595
103617
968217
182323
895566
328401
423479
939145
179131
4376
924898
645221
68140
906364
81069
212785
206240
932407
36335
847259
611291
490615
569790
284999
643481
530125
235048
133010
47894
652133
230659
147841
755750
715228
330164
651317
559982
269996
106814
739113
274372
548064
384334
858864
454428
981755
71649
177021
914162
624336
24280
41806
114952
110422
326805
274785
640548
561854
924147
204794
730339
154806
352635
486089
386387
199151
653758
946369
469147
276924
685482
259872
824988
586168
118736
795769
567923
706738
972790
482086
331074
513422
523892
962378
623844
850697
753515
780744
928903
677662
985538
659242
348821
854525
661684
735208
53677
831794
681577
39176
625071
883411
299048
450059
469579
417785
762180
37502
124523
251322
519588
455597
281096
559832
934328
904941
926882
687843
202037
855785
365506
703928
31380
230679
558453
209416
965887
128482
41210
163816
167659
666281
47227
466707
632693
516806
884492
911225
554308
525367
162548
590249
497317
443644
666433
431645
864937
593315
635840
583327
965453
517698
287255
996833
748377
362060
206249
714264
490543
763811
878080
658202
946445
925307
124909
579138
958465
525754
490363
29126
51121
169263
135727
548438
612908
802160
980083
994197
395476
132276
577524
360929
649974
381131
874114
398352
743192
596715
112616
233735
360526
507049
891937
306971
948708
533198
402461
907174
58952
892825
452652
110074
578440
588379
658512
707700
390539
154948
701898
302367
287224
795774
179648
453550
176906
570114
851902
920098
166829
480871
670185
527356
987920
562122
350679
452980
95320
753141
360154
154273
162318
812806
780699
740758
917537
439211
448459
308077
110511
666709
126796
914087
978835
306445
367638
155741
876559
735892
592191
43389
216763
262376
87097
204683
824498
437776
174016
436171
707269
534170
106796
869587
863329
887495
126698
780866
843058
91509
605295
953570
274570
732092
384009
253405
554889
267999
925499
947800
3892
517690
991189
220655
780067
594638
941691
120917
548767
115707
73440
256036
166229
180236
641976
545910
67731
285026
843129
910790
892887
448424
380712
167457
696868
281073
937214
251757
65425
862713
199558
69317
380404
707099
806324
676823
301738
264367
314092
366857
896426
903885
139245
579008
84121
781221
124918
668205
582599
484399
95347
475486
932824
992411
159295
629692
273484
96510
397802
855261
959223
597360
924578
855979
820811
247255
49154
122549
27974
879599
5758
924401
783484
145004
19761
867605
442577
661031
52162
541529
145431
147509
17015
78255
139920
692663
224299
929757
789173
622101
785018
264748
735813
225949
637080
556625
473204
202586
195526
17530
82185
201285
458283
382021
862641
478044
765979
305218
139076
818141
363099
284507
965651
380115
879114
621923
72778
619765
551680
378303
758219
853051
159403
494032
79000
312835
567009
68556
515422
278888
86086
113959
996525
544370
495981
859166
538766
261960
680736
677842
596453
43836
478701
562104
940303
874167
700380
529433
10285
768412
424088
768504
621463
583491
778888
216815
896327
345898
801723
928101
624786
404162
42060
621311
464884
54393
996829
3650
316353
193917
197845
912807
237753
192898
991263
694408
67066
207995
223841
77351
976408
647929
362207
114223
747773
141095
847391
160452
3345
649114
88553
628131
53276
646965
765794
518160
701359
278975
521811
534064
472893
236008
963223
226998
428906
954487
921407
12324
162482
661600
606027
655242
309530
968234
769466
573655
109330
133209
734107
112675
782323
339012
257159
351952
502329
539305
870112
720040
818281
908275
254105
807526
660635
217328
34524
89542
688167
955931
618218
367002
617532
224246
22244
443414
192480
308062
533421
818162
957623
267528
447190
739947
122892
220701
91899
141573
760006
478363
861614
94639
902991
115719
902165
563626
849399
453042
169520
53919
925325
787739
420921
59209
11985
959517
502623
720817
783932
36044
55332
741555
819924
502522
997854
459168
239575
606105
600742
999581
600821
978708
610573
503812
610779
29090
67438
460178
482132
236959
30449
407458
541050
967722
466667
553035
927240
485643
790204
227524
38039
845536
485431
374316
864410
999638
833484
103985
605743
950578
619919
206564
929286
230492
710376
540065
775934
294167
516596
258067
47478
547045
181877
104880
31120
164896
657915
474712
650539
964471
702236
204931
810008
704019
579247
190770
703657
929083
811108
825753
879662
431027
32317
325300
177871
259046
381718
953805
69565
414666
211872
633395
478063
393749
738275
509183
558646
912542
983895
725537
877013
202483
930468
203373
906503
26067
910496
126512
955151
721604
952265
351165
152631
500935
192817
330502
276333
574535
284307
345898
989201
12532
495645
983617
922633
233920
492800
997631
146462
476696
239521
539827
195531
169989
743201
102034
196057
653697
744899
667560
891653
697164
18725
44284
198099
727894
891138
990784
302430
691797
336682
807983
704329
832327
791600
143315
582599
800753
140946
245413
277449
896819
785241
989332
66809
44794
91367
779218
214843
836266
963130
106496
49782
498207
150780
764234
226101
558270
755018
528531
250067
608053
852867
470749
956732
160819
614064
539332
961572
271362
784745
755373
168182
569986
744706
751343
131132
836073
530561
345975
188691
10043
452471
754825
508250
119603
519059
734351
677873
790430
779235
444293
914835
632102
915042
871567
792921
529106
410899
270846
800468
711997
26219
485002
798335
770925
236345
929468
606998
283258
791795
312041
293301
760619
583219
801551
396574
102278
52255
74448
409060
831490
35093
323895
979944
950135
195463
289217
479241
122714
560063
796061
351063
102635
281064
149399
873560
33761
595219
996911
317020
387014
308952
610321
147633
892171
928225
544208
510802
980480
135008
436214
328322
686453
760110
824618
636588
471925
630187
632181
110991
706603
428242
462055
809238
225658
611454
199150
259420
723025
196061
576440
110039
505014
703113
774025
913537
631338
834585
940691
128170
485945
376906
972844
172398
653368
313814
325338
125293
460354
957519
236284
683309
902113
698339
8899
127772
826145
208049
903544
549170
404111
996336
175562
425477
699449
465939
855366
847140
816876
796058
491662
302821
689316
980859
991571
342684
811025
316909
467977
787731
274428
220613
471040
176541
435305
479939
820665
261450
204341
724209
326973
608452
236897
18887
550281
936347
484826
405647
299839
301702
718057
307853
120875
407373
288712
112446
750057
616090
945707
734386
403821
220135
471352
874862
913028
906657
871153
250046
684459
75494
490607
527784
200298
727505
546671
266931
180204
31497
672579
996395
849551
390636
304248
970426
314362
109313
599224
64419
725403
544931
315158
129224
281418
786510
520438
194447
209519
391592
960845
893978
983438
451452
421763
700089
178957
968434
967020
875513
516284
155951
871908
882187
62940
176157
852614
377302
285470
968190
958073
527225
513122
273231
656449
794540
576093
693240
505339
785612
84832
466184
679591
584622
917637
617706
801063
612946
102492
284436
4812
618776
440387
876720
17316
503327
569229
869930
880629
854699
838120
355055
381924
867594
144638
554726
662135
720732
247966
683826
506344
849150
150011
702287
950124
584000
319993
751188
713298
422486
35624
718110
557614
992363
594831
574930
495691
164060
961212
892672
535112
315685
247727
433388
183279
908718
504466
361766
629450
752432
45593
135794
117934
711956
354434
68059
295956
674427
335599
9254
613265
887575
727365
170880
879938
322196
262162
891981
2608
223375
784654
54072
539060
548733
487461
238691
457451
991927
600458
603253
260712
162403
255400
378646
874359
609834
963057
170315
800613
298656
695921
413879
186231
423286
101111
582522
261834
363273
474503
780795
103000
775509
834867
158412
840595
322328
397104
814398
830608
513914
417652
91320
192669
673052
469966
67028
799238
949376
753695
599851
248032
449616
13730
950616
389255
631193
533138
651089
994467
523993
431884
613819
815855
266752
772232
656450
105432
685688
470848
936040
715954
404852
543712
908623
594256
530031
492003
393494
479407
245698
509698
727439
695314
39780
194407
84569
670974
243897
252011
181793
767891
683895
795612
583746
466999
84196
756548
88784
769884
743748
24824
2190
664953
568537
910813
259209
98568
402816
169056
94327
164866
678754
821766
860181
718534
532526
461102
389508
776423
229465
87653
544314
429713
883266
644412
413064
483814
917312
501848
253699
661061
43025
255889
326014
611562
683055
101575
226482
602223
270631
837161
767090
949385
658927
627271
184272
191453
604725
573780
967877
350543
661434
28543
780256
61052
189308
193320
544866
622972
695169
314917
284033
738194
87159
126399
866108
286566
744327
608942
888789
14958
446103
655879
480696
621382
799502
664968
329188
920580
755100
813417
271123
932886
358312
51379
510290
63972
761051
571509
686945
972572
402778
487330
710766
489937
130082
93226
776503
874409
218520
181645
405719
180975
837524
886415
802358
637027
67735
131546
557607
339188
461315
345082
788426
819627
396461
298717
883600
673864
386578
570545
646437
789356
57875
873555
279294
187957
966782
572149
578718
185302
270146
984438
366278
107671
870853
684988
261050
454941
332886
818657
794129
794201
680091
98907
613828
76552
397624
497428
266768
784202
584325
913205
573559
158553
786761
369205
862862
753543
457706
441581
455197
727853
426019
337827
351876
813224
539167
612926
784517
872053
947935
94998
666254
628026
193906
796435
220930
107882
810215
487698
408437
394541
400904
498348
69446
704017
867553
932308
973912
841611
890241
429109
85816
316260
283289
437692
645837
822456
50618
430354
694510
998553
525353
877116
142931
719259
673551
363861
343493
483767
851560
751930
394660
768816
250278
464106
472833
634183
912766
446745
475795
803008
392206
561611
635620
675495
515656
281457
14304
566274
711812
708814
81180
753517
102282
224111
989128
775834
587973
332621
775953
955885
84552
170613
241053
334830
151071
713886
969014
63837
676983
961161
866845
585541
39124
502466
261037
554780
300275
791693
637407
528439
500507
718587
281956
119141
459050
271084
894975
563375
120058
670928
35612
204610
357893
276665
55792
508964
506903
541158
89154
183886
18671
472351
769428
57796
974817
546817
128928
791445
338510
766335
319884
355369
1274
601841
990862
460325
389277
885838
23700
509335
73118
59313
230297
947364
852330
286090
972680
359234
343600
61834
59472
362272
534186
345252
420068
25355
408421
548996
816800
263283
831684
136685
135004
832958
738526
125867
293283
644155
528057
833336
669843
117527
409001
900140
64891
777683
702582
37572
136917
46183
99406
712742
924807
149944
574346
861227
175300
982768
926575
992100
762403
758259
645137
897408
107570
900015
539627
917205
544171
67684
750541
214014
185211
675894
630506
250103
453578
333089
804027
106847
895624
419785
335941
820431
569730
910288
198010
745030
409408
124585
253482
171811
399197
414972
585571
506767
314987
125198
423972
859158
192882
690866
589524
894446
883112
220031
144549
853042
69472
948576
959890
965096
884713
812183
301879
454443
238823
499889
715825
648231
140826
485660
336395
540023
900632
921966
46790
215619
563517
987115
591130
272751
677981
180654
167197
561093
400685
828098
414136
470157
293026
890378
951605
177740
702561
253484
632183
941385
269725
864361
105968
410552
350021
442363
466927
250653
880682
30070
466272
960551
17185
57402
233302
695166
754409
916852
772611
155094
744950
186747
141604
37977
593477
93209
215717
812391
863046
364252
753776
649123
228613
376096
576027
94986
334812
42955
345639
215494
73025
328264
176045
606562
385666
925699
818080
140075
842551
590691
811522
587502
293791
469478
141831
887268
79039
873900
699659
942085
754504
969787
107561
499470
345884
683588
594456
680696
242895
940096
412542
832272
268360
104939
438834
170378
30638
256914
826806
389542
363958
154680
493396
657749
624158
635227
545017
703197
25479
761029
161635
779983
247168
269196
279453
593052
469136
873910
790100
712032
814006
202642
60656
598718
823933
499491
285448
370924
272757
112254
760466
636715
266934
253862
294464
407444
405441
355834
110642
430920
633215
272277
210903
880383
57825
490357
989788
526961
880619
779888
238993
210977
498883
816002
809695
322816
315493
611495
693740
104602
723750
970558
257670
507036
224420
552134
430833
629861
424320
541475
577133
573887
330104
788037
454271
904281
794746
444059
431242
191717
740299
186588
402694
239182
2590
728741
561999
834435
340236
772091
939037
580338
742650
196707
603727
483422
265194
34560
629636
205866
92387
206769
779754
422491
511158
750377
843124
822256
194436
274366
13973
934735
460954
416667
690270
979896
661760
768621
814331
1997
540712
269721
98687
799714
982780
702414
283137
764326
736974
429125
970193
829361
635894
266299
768204
147053
16676
611328
969309
727464
402047
499635
178551
379353
916302
868821
359250
578063
637442
689933
96412
694507
476006
195099
10573
458787
897514
810062
223113
150840
239187
709658
496554
875082
975957
781110
538487
992633
908791
24148
236449
310838
523783
415001
206543
956438
800174
82145
50853
437617
772079
147265
648476
764437
858716
175401
223224
272582
985464
962690
939775
224651
672348
436329
616085
648306
733791
670924
157291
642582
695073
393741
469772
735208
808742
676316
691646
608916
758461
742499
562885
46892
406116
727713
811330
264833
903115
550906
53767
404931
513596
993542
145934
185945
429871
762020
350603
163663
432944
507894
322597
644369
417987
792370
379578
743081
985038
587576
868350
259851
330076
947587
823096
252544
191653
150778
33729
94768
701684
87497
16051
731633
81039
161985
433930
510911
440357
784533
190926
389654
808779
513523
34023
743119
822245
929953
486200
323635
517530
870902
583487
363958
818490
406583
132854
10143
557361
166584
621263
775397
254081
637314
507030
335120
799299
457312
846031
756009
241845
553309
145663
566977
583185
179686
826448
921782
625992
312648
245418
659874
183551
345257
540184
518393
268192
673038
528536
341905
839622
149799
117302
93703
303465
140685
428824
619116
597997
791207
375125
356195
860869
520788
439524
444054
216827
265972
365836
842819
94972
127606
19045
278523
472863
559229
313268
741055
232267
841804
82960
588242
507955
716615
681945
811420
373652
627121
430537
488001
418329
805662
844196
795550
842803
800072
239604
59630
582396
121792
418801
677369
765751
954198
472244
754966
513427
785513
496022
262046
627317
95334
850288
651625
328301
48586
463045
701953
675707
409934
189955
610388
731949
550503
405938
574752
866928
161894
150734
449324
800039
85887
126693
565790
40085
598938
320756
69864
384451
333130
848262
528120
944817
214903
179745
273118
263489
159143
491424
455548
569077
197731
65937
817378
748234
988227
392130
131514
150122
59216
580839
466513
145103
707532
32303
701540
822822
869411
287756
723625
202542
136019
251746
147359
867274
947843
936829
130763
623338
944605
102663
708768
142336
684952
526146
406923
673180
434629
538437
339654
493845
119276
806167
155301
343161
354822
373193
165983
224233
660950
889609
943127
313321
657707
90486
180595
121902
543668
827710
745241
488273
446725
454009
630610
131678
496507
37533
321210
931136
92322
660864
424982
727951
983383
96635
71112
854557
469828
237095
78790
647130
643056
21918
476803
817115
628756
657398
939018
172424
1460
200611
177050
448186
170972
807660
96216
667479
361545
417426
598616
970219
594642
539950
698170
578025
636585
769282
432582
106413
522730
27724
269896
165786
565994
746699
982902
194751
920450
438272
883527
921910
638883
60577
886448
809855
384589
982664
477334
262486
400090
75950
749058
994732
615900
447228
89109
768837
216511
38043
391603
255593
582120
661499
937731
148114
408198
920633
859217
328648
875257
259097
766911
514140
836026
653359
840347
736968
152376
317682
999454
552466
909984
748512
63551
42237
712093
669012
811074
444956
707056
202677
700549
289176
864176
638280
953642
788727
75266
812860
633727
950523
588309
400638
981016
424335
570350
821363
161303
722726
655397
677110
275192
565382
941974
855095
123971
654067
524108
935045
99023
747516
654075
315924
553044
34603
954205
506686
823330
545823
835898
457058
12698
424207
374048
510066
848543
944398
331430
526198
667124
503179
203308
458669
584913
145283
313764
708884
799350
354224
643930
414726
101740
814357
730650
654784
848960
201207
161471
672291
263382
513721
645701
792433
937929
19749
302499
302824
480500
150281
345374
147624
653461
548683
122645
238374
210318
436410
947259
526020
306986
107541
940746
408727
921898
187749
63511
287210
905308
741334
475853
685043
771408
121554
477476
225689
657656
779975
528513
138156
930257
390239
802132
100070
938922
924778
338444
665592
877540
802055
191613
184526
425948
648711
109605
864198
352812
173117
151409
258121
430803
627262
943164
202211
265169
420640
427900
439177
716967
472765
93685
163576
863005
895817
263646
318279
336947
118443
983872
730839
436850
691837
915366
862799
340548
24971
726997
693361
714440
878406
467834
661596
505669
927350
380159
287190
347990
808060
726367
581309
797177
820052
744886
176534
715869
524884
11166
569169
643327
511390
300008
80178
203227
215374
459329
60127
756698
186326
269840
987490
64733
737674
165438
86754
665024
545598
373944
529366
870010
100311
110676
667187
920363
371914
360074
152584
896798
371240
721753
540126
882630
21762
136656
85857
753488
595985
662336
26538
782311
932177
530381
363396
669851
212171
966502
851228
757769
340446
896946
627779
957109
7622
811319
393824
379536
687745
546409
792687
58985
784514
849165
941615
322628
985821
543824
592469
98158
206160
135359
396821
654689
665740
276570
840893
394264
243072
692121
152033
99871
589067
296165
56980
113042
623836
967157
8930
311581
29918
801617
370566
814432
650782
828533
653413
152955
372357
245882
251113
94869
381241
647935
749559
563334
440857
590452
957598
683929
798925
625983
783800
387992
922148
357133
17386
62336
324290
26317
373917
354208
827934
260835
684992
995069
89368
338405
148024
978077
100639
399138
589299
481881
563425
338858
561567
4282
445662
35517
204563
244587
661500
504716
148931
100001
861849
166318
678689
702491
192635
52607
56699
536921
829794
258043
531990
435515
596449
680015
413592
697088
595505
2891
695321
675282
858101
773240
195916
303763
808757
400479
548350
986610
905195
213634
602963
767044
379952
281652
985887
88939
850611
42586
142212
680406
816982
190555
632273
413431
870570
562217
626871
982427
565109
322193
657709
939562
95433
853625
759678
420543
770456
824380
407153
675652
38014
10116
959048
417966
808120
944936
23257
658732
503874
165470
855490
320856
872377
487763
250639
259299
49980
877511
241726
131441
199704
415787
587356
811489
785764
347034
232032
556220
171414
155537
748224
209429
165653
223625
143747
490126
684913
683357
665210
188787
365179
520700
25996
237556
524815
792987
496855
91147
670498
738581
738941
386554
670720
326297
714396
456484
673331
946428
529056
361097
101966
793633
570526
783971
17258
230626
790449
702171
913983
455659
407310
279162
976359
433306
516718
17526
742646
13573
108674
413144
268506
363967
316051
455578
690264
30447
912062
879947
493227
957470
241044
595193
751103
327923
895517
768361
558549
685966
470532
988884
141626
877843
268046
634337
827501
301116
168216
570147
314689
276890
499644
99547
157209
815695
555125
363825
362494
983539
243772
855721
941009
1168
967267
208465
845443
379136
976826
403992
581454
963711
392876
723080
357906
177274
873770
701759
478390
41986
788259
309431
835228
287903
408978
992437
619950
480455
356262
498796
463994
116386
354517
921356
633906
838136
129821
479350
217272
622999
399694
798727
586710
308923
38159
460968
486197
428281
162728
480940
470267
950987
790371
821847
755242
715702
330636
891544
196157
203250
390340
176504
319636
261209
614212
953543
615698
260385
949245
832970
883384
348939
148049
986447
174214
702561
447415
660412
130842
610143
657704
117462
77482
448075
939309
349076
163777
269946
240620
876287
473196
147312
569143
309185
924874
183355
779080
540572
443740
728325
889894
843476
593616
37944
829923
767831
740505
277339
944595
387699
403834
602299
505161
997669
566726
960823
346745
246856
747121
103718
639495
736669
767382
208638
45854
692256
908345
341286
232828
868437
585963
122723
711913
179580
677019
541837
463763
933876
335528
924710
321575
739362
43361
343089
737031
126439
820264
600129
373295
567385
703847
12790
820406
471229
737780
866261
163486
646125
723899
912666
514562
309863
551741
742828
5795
228760
284665
985910
162636
620193
910620
564
875907
470333
860005
129291
596772
680269
729420
970068
764006
949619
499210
584412
420848
236991
967025
100686
399468
690925
529705
430383
788
81446
173211
522935
310207
457876
508845
989195
594421
935817
989759
470328
406150
849764
599619
2922
530033
845391
972990
294039
795010
988553
394804
732211
225544
361829
832897
141364
52754
878954
571747
569894
960401
744958
92829
270608
719186
118026
259803
313607
53843
765915
300288
459993
132031
416259
462916
662065
261651
952258
472456
573013
940811
867260
305224
682707
229090
654474
824072
798196
533428
395819
368091
493829
657130
977272
280789
376316
611651
56945
689924
665494
339212
990212
125488
471243
922823
104756
649660
700826
573366
122117
273840
514178
505729
579064
713237
251171
749890
53661
565720
283319
449481
450163
293500
622963
427435
90642
999279
555438
147587
689203
220933
486799
195767
862773
474394
634943
967529
124055
335769
540895
246172
609609
571425
268253
705026
801015
35777
454916
854676
601497
254587
820509
51660
64440
443472
995447
671434
442752
550886
335373
648307
288171
338524
360427
150944
812918
995370
634825
936973
331139
692072
699497
457101
779850
967751
162127
580865
519880
133395
951893
121377
904335
772403
689389
485127
215875
201188
156561
174979
268426
491934
823287
556597
830458
700066
223893
643376
695436
858718
580350
26575
67143
279847
483676
846993
763950
162155
944210
283830
295551
896103
921559
716238
668506
610948
201365
400734
328489
357926
92065
596915
849860
431704
153513
680318
131770
893758
323694
827206
268829
420396
853782
335972
700244
853810
699317
464194
532318
643527
748025
344221
539630
185936
60459
724489
796885
261824
125223
125374
136102
217288
238641
985962
648993
908506
182632
780763
802265
22678
124322
71094
443075
494456
923418
143319
348266
622735
123865
880584
266262
388242
224805
805892
574179
801616
530381
887416
63440
171956
529142
199542
905597
767783
701856
554590
676290
884488
851705
994907
907167
976027
66001
866594
470483
989419
9913
335102
128506
650130
732038
394768
38373
473196
717012
128904
274812
247394
16320
854605
935702
61814
570499
841299
829597
272356
912241
22239
673196
763947
17146
96715
256326
599499
963309
726810
105270
489574
578264
233776
139705
310302
144896
694430
299850
861909
823334
574663
625655
356006
429268
561357
934172
516119
402657
763769
788475
314898
302361
978024
595197
835859
74739
851524
435359
38049
94686
56981
527623
189302
807110
667328
499604
952006
878110
799455
813915
217796
890470
439570
90154
836090
517280
24326
352209
919937
304448
657037
751187
606809
635061
862737
442668
709800
230613
394379
264201
841651
451361
791825
30953
258471
975505
46909
210477
853616
362716
540745
587764
769538
980315
677919
605628
497595
702245
474190
933884
523045
131227
201424
129854
282640
580513
572523
508792
811126
483254
772994
652777
934615
81171
200082
193086
56676
763343
919916
426644
126060
460661
530761
895598
957328
208680
17579
971276
427277
491769
421512
950323
139348
622936
596529
938340
203449
685404
447132
530927
168659
736478
700056
103274
817649
900138
812713
390678
663482
248981
333674
305894
709642
864435
717844
183322
589467
735423
154598
16745
743544
576111
483420
399244
715399
79949
337584
918849
281706
301069
966128
450365
553899
666185
69991
371549
566323
882704
278579
746157
648037
612253
52051
357679
476689
286248
541002
66156
21671
211952
599253
281568
788063
599025
680812
503463
195327
534749
938664
477033
352170
904792
927398
906069
570977
513741
793970
653653
912798
72549
399810
560835
684803
968214
918515
677844
254462
975869
260352
792485
704173
859606
74053
8589
974983
271218
512052
170310
322319
967068
647343
674489
388212
91093
580558
959190
604835
374529
129195
517633
963430
45357
78468
648233
13571
513335
842429
784385
5556
102782
576871
226082
478740
167276
234671
453723
954846
263075
624034
277165
230143
787729
468006
618355
395175
564917
93897
10
455798
223092
33995
419228
268450
628815
583814
798373
658503
426243
582759
180411
529025
675982
406493
524117
359610
641164
977841
314457
904239
118227
591622
650734
422308
59629
269090
817483
140898
362987
333845
596696
102432
884192
15924
370882
513008
599738
685607
171511
25982
268366
351922
71359
460700
274768
595477
820311
915932
89670
134768
336524
724249
242742
987258
146557
818723
256348
480393
959621
135688
814238
556317
754472
214783
572242
641706
727791
688332
327313
415654
230666
112032
283928
302026
572732
558696
413855
393043
990981
19877
44163
327505
744126
286906
314763
407035
105629
87464
887428
581603
223152
218019
137920
977624
432802
226514
619330
676945
431199
462995
608951
661865
575027
892879
480243
147760
967928
894098
540803
958909
430327
101319
802766
174453
388225
117529
97841
10206
204993
985269
591809
944497
719640
246082
438473
668794
472596
574155
345739
903795
37151
471042
82013
612178
363922
562256
276290
848202
972707
333446
323463
403034
434765
126229
93840
822990
243758
191681
833196
965104
693302
941358
425953
412943
187440
380779
598089
660036
954934
460181
80184
508437
931223
162197
120616
295145
240805
913258
659699
213512
246704
983162
616547
681469
109391
710387
20811
869502
902068
854008
350958
111722
795366
776911
524665
982806
157690
122755
159194
628977
582936
755730
137414
514159
434279
774382
325657
675085
687641
985356
404949
450697
484871
21496
132167
594262
248235
152978
463764
666655
523338
331074
778378
835056
107986
819395
334214
782028
458502
9761
411005
557790
765491
64772
588302
716123
355506
913959
391208
559499
415667
796157
10197
416890
334006
142364
11153
98593
811694
991269
281601
851385
322344
59979
686441
946682
395726
20656
245062
854229
30417
172420
928371
795908
237192
516673
28383
592698
946984
419591
668550
362652
732101
678747
295894
582459
337463
307047
197404
665509
814669
479005
516894
137013
55336
203336
600047
451063
223992
845109
821644
770761
17529
750015
83021
254721
266689
111405
363772
213673
530996
548674
92677
779449
227421
388572
878260
81236
211971
75665
746745
26640
554670
263640
680005
610007
466976
280052
577422
207320
641514
399066
978081
659043
665433
61102
430117
932122
172507
310241
662148
219856
858915
271177
999305
602688
176101
877566
683924
388073
469583
430669
931065
24253
694309
611071
150612
161285
407475
728034
368605
48989
643452
346686
708033
308886
407789
654502
757360
580296
964743
935860
316504
340010
207038
315810
942698
899491
709728
626622
287564
695663
57291
218630
719916
751601
346053
386881
429238
753528
114915
797844
318870
274720
660882
543255
99958
585023
197757
373670
681672
678852
309531
998176
18862
32921
830338
961560
932412
56418
104534
736329
752081
161825
471311
471998
429778
817364
375231
859017
87244
490146
173213
406114
281218
350447
465721
381176
935471
663478
754847
133495
858682
580730
131671
877544
613651
478362
355456
62415
534780
976342
798744
286862
138168
270055
275212
84298
87419
650443
459667
691016
656941
632880
97130
938160
499680
79204
835688
951503
742682
590535
84998
117717
687617
733021
511613
301268
211383
383422
363684
746164
359764
678780
33026
14284
948836
824590
98583
552607
475033
558250
243623
131974
707483
857106
70134
723515
936310
422175
675018
195344
529062
276368
313061
216680
9389
341027
517948
737125
724449
397984
483289
84213
76765
32667
98498
541953
857257
713433
94560
848642
788035
338184
980616
495518
711642
567103
219033
647952
989278
410403
359648
518340
686771
189062
251372
212513
530089
285673
949638
254538
200009
949279
338751
793126
981946
953601
335079
355555
667034
945992
720549
455070
800528
701165
466940
512170
784620
202326
676474
290250
612729
36122
324943
815853
225184
576315
28366
755273
861988
978004
9811
578350
927283
864915
371476
425581
818516
706556
297488
1903
652548
18037
456973
453076
235554
440265
965246
20175
642591
158072
826777
255321
194194
151720
587526
935731
244388
615892
691004
622728
593896
217168
201078
37531
598435
572555
463112
933303
795463
276952
935206
448011
294989
908531
417439
530543
348797
899037
67070
991388
57109
410200
763061
251303
78272
350587
703386
322660
482831
394391
461741
76727
127911
662819
630610
726346
751726
610074
659649
547189
887026
111208
511552
182015
19739
928991
228911
884888
344380
812333
876277
401489
222533
155690
169145
300806
22630
872531
139818
505461
783274
117911
98541
911185
297083
729151
153883
48809
339226
329885
112351
226252
957445
623903
924620
977184
69247
153531
862073
413627
482216
254702
815117
704750
926744
500614
521908
949374
373145
178078
971188
156420
295990
69729
583957
593073
315232
254193
641882
654458
584078
270585
397063
541523
410841
321683
35059
480088
991566
413484
410067
473782
184538
741536
694884
111283
242150
216792
60657
131648
911223
31845
288068
207213
617926
388377
800286
933159
642570
958520
587617
743000
229106
501032
800875
639947
822715
352287
636387
330633
282123
46454
804416
466662
304343
15652
577945
546493
748797
154954
678141
660020
703152
482561
867233
321078
387291
183871
254237
546213
142391
358207
289214
887849
375591
606441
44148
714659
475080
196887
45292
757204
759694
366060
223866
64037
381713
318163
126882
130510
473117
805024
306882
176269
803937
174115
13700
191228
357986
784289
737442
16729
658848
543008
420931
34440
665801
465079
749099
140882
178319
310743
414438
938013
676804
154656
2050
574869
472819
128932
221731
945936
450308
528613
638558
254246
702728
652258
961826
577066
952899
699268
110147
611748
758628
531078
646188
424430
512510
911639
81664
690829
222382
12454
145194
899186
167110
147244
990407
639929
792528
212138
102217
242837
740751
740775
13435
959831
909385
975261
536897
862285
190882
163397
990385
465862
210827
152925
406644
239689
64564
4660
930518
286946
17114
75712
702485
184224
739308
692892
340505
531837
905031
442723
291026
162134
699850
820813
121966
125588
796074
175215
504225
503308
338612
494610
969171
65792
647535
375815
305481
228451
380476
752352
31749
913942
344416
734234
614519
83725
943479
955024
131914
364862
914099
939292
526996
613950
760105
648962
255890
72531
824178
760115
575840
679142
254725
61363
744934
418612
953530
50416
647063
850358
802768
678812
764301
147184
929399
895172
747261
872878
850196
395527
754092
280648
334819
281088
894598
94924
446403
666840
683808
786933
426955
776000
466075
198032
837363
727362
616644
307245
294130
780059
673956
613250
458871
954609
276786
904622
849781
24048
777500
699977
935927
531592
496977
270747
329033
391575
882023
775436
574767
565831
562369
1722
341831
544796
199754
695546
272158
332750
519144
82640
112809
193100
695890
88033
147709
972677
992655
997490
513077
286508
213819
449004
334452
710797
236103
663485
618724
118127
955273
193492
200310
517642
711566
58494
578791
427673
754040
367301
760423
273184
449942
389585
982636
145832
477618
130345
634861
986625
644187
664290
273133
374359
629647
123938
85156
865750
787423
220232
500229
259049
930076
700540
776691
641643
275386
871834
69316
545778
239136
346091
818963
689078
735676
317951
351262
729646
448297
502476
232624
608836
166766
22109
983195
796413
146047
584703
178516
449823
804936
195097
708872
251364
895637
1915
893007
687375
873750
478675
233154
112886
341119
568469
318316
76795
886420
669578
322794
851069
172054
555418
459906
855173
93879
959453
167938
239927
544157
346454
206102
865445
57904
914974
116809
469893
433241
526169
157269
306991
4844
390423
936229
345963
958892
254545
939111
845312
440476
778257
212734
128882
850027
188992
984055
943906
148445
151994
183833
692602
14800
389935
74399
72704
821261
191209
542598
770855
717378
216219
77846
238574
606642
530428
584538
565534
301325
40001
927198
258153
818258
656284
387036
668285
845276
371091
612191
993722
39437
312377
202676
570590
218664
277076
159646
556278
984637
218596
327133
702015
434815
921331
940589
557809
968111
41479
639695
269437
81480
83246
527590
416090
739530
914626
600727
584807
802070
212919
94881
357859
41648
297557
444801
776664
90985
604448
332942
75622
339396
176427
293989
774212
97759
750931
848373
65870
792410
488069
851659
390243
571315
379250
322685
310845
810228
923413
412004
128650
652684
506885
486510
694332
320795
931311
987348
928132
52111
320291
520107
391508
496718
814096
682072
110829
81379
530445
176700
390142
18514
544711
780385
106181
923961
619422
933379
250542
542835
345383
379192
195519
368621
865702
406203
205768
797014
393552
133900
365477
230195
654007
756985
243265
984456
439057
870447
65835
485855
47147
972329
20721
591858
269066
126903
32172
888489
60282
282714
431324
922017
661906
143196
290638
43961
549399
496406
357327
459303
146659
722804
689498
800666
479790
449116
301474
435199
319563
883662
921054
883062
855991
458128
991272
125058
585031
539796
13547
161665
822510
961223
600034
769
104419
890673
44730
170171
903431
918409
629474
50090
641213
835325
367109
637355
284441
184935
72555
604004
68597
509961
3418
440941
968089
994690
82351
69472
534487
612250
747489
873349
573473
347524
874118
194245
238197
435200
364416
657980
869961
993890
708071
511175
829215
591532
148530
113656
776467
737437
234012
361417
247399
237430
802358
731840
748473
401061
801313
799312
13311
65154
672661
103136
412678
63132
297381
167227
14684
661797
825208
884646
172040
49631
395821
1255
641163
60703
631264
417630
798141
381628
295399
561892
135411
614109
293732
883884
15170
611397
683196
28481
676552
872209
647970
89230
935341
945351
256458
950026
123501
598018
351024
295541
647649
263197
813148
805164
323900
444412
739146
638393
342393
34546
200285
477804
648655
494018
361688
180178
105415
561236
725011
781967
433445
372981
387550
885139
834685
160360
351517
958186
758378
702541
770079
922379
965738
583227
243895
805990
543992
983041
444384
886385
533939
644669
364189
698947
138687
242229
879125
760455
803465
604136
542422
753262
977118
929972
638401
811803
90332
989918
286341
365062
692459
56420
803793
174549
155999
47688
980540
699991
547082
424924
102728
81021
69593
466917
296320
724633
225498
175445
485088
28963
779582
543862
298578
273052
473835
936979
601207
80519
926898
887548
961934
135709
460320
765727
310259
132671
329768
290799
349015
876850
232075
451743
474223
818020
435013
770544
542653
660511
462341
27741
205827
758275
571604
504405
31327
561791
441384
632534
158662
884634
36434
120596
20344
13106
402676
846955
145778
248796
654106
494793
125646
886181
462888
116221
220553
897901
403117
763207
558413
865459
307300
280592
623734
395256
784997
171414
957047
226381
320300
632062
627368
873087
269010
164064
886193
671686
11019
548323
920482
181477
559468
562480
584010
22357
195054
804563
436610
598171
567770
511375
979982
391423
791967
120069
786679
576964
291483
260079
319698
611783
892141
947066
484870
161151
627482
887416
349190
638501
435739
786024
336330
511560
864857
920340
50269
576263
241255
486879
174434
809026
998255
670769
716801
790222
790838
503480
883539
82321
763559
203237
210456
172052
666655
211679
333204
294137
99095
198746
448990
51186
501122
785320
562746
882331
222012
613015
458594
463267
616247
149381
788645
614502
820150
505446
921076
610988
525279
320967
209661
288838
40556
420117
460891
707211
631796
310447
517700
247243
25545
483042
298430
43019
268362
377528
925351
6726
990544
383945
986346
606791
533326
291343
737645
869828
313142
175073
480816
838421
496041
690477
127259
536597
626947
104502
760161
775095
414949
794213
22339
956846
277256
320769
999866
61970
214649
925217
68697
721545
825514
571395
328336
875193
862738
582333
745021
175880
757407
742190
14301
769800
432667
657913
822749
575966
762415
582910
351062
693717
377124
373401
650563
654380
210522
650429
232702
425171
91998
301399
146717
917513
389146
991405
792706
251885
90091
54079
944117
363850
796269
474771
133650
745289
132684
956399
321255
411451
55662
672317
621520
949138
45718
272084
119870
772592
438865
352572
197764
530864
170324
344481
964729
559470
852238
273787
811355
942329
327866
755473
306179
124136
230244
956181
385777
879280
428933
707032
290731
484595
379350
912252
950085
941420
700688
69955
714013
139553
422527
428129
186769
109203
288962
151498
668674
141200
425285
996381
599882
269504
268206
906061
909992
498450
378595
295769
894082
807528
2801
701166
292123
898503
129770
242208
356276
830458
828515
586641
486363
767394
14770
189485
876598
303732
857335
545272
961284
798973
58005
77518
68477
326212
983580
978469
824662
362175
790590
235097
169703
793391
936263
978178
208247
66033
736738
80875
412843
565253
667516
415558
848999
682286
605043
725597
502370
462379
787221
980006
261352
845227
57525
846181
171439
557457
341002
512453
435984
131592
263902
122039
441335
200165
100217
649582
782550
353307
730457
195393
434912
914325
127304
283911
596611
732347
9509
615333
711078
313082
111692
488782
674661
169217
334963
362452
726674
675965
874906
679010
807557
138808
801049
248893
855326
901266
414827
637876
770925
661637
349622
205837
575962
476926
489748
688926
725625
15609
304259
436704
328692
415951
925486
519705
101520
260450
882158
344546
452767
273416
23556
260325
928576
824605
25570
783902
242223
440397
938131
13148
102034
804105
218985
194349
797383
708734
883275
523008
240695
703886
959712
85739
636190
401551
605445
737710
178353
3955
598609
631120
277371
622165
891445
722299
963123
433367
22554
205346
873765
960685
734847
492151
281142
470184
202852
78525
695270
86127
601533
935966
790014
77598
21705
942556
479149
143502
196618
657502
147457
795227
804974
941180
933745
212772
663480
896868
646139
686034
618566
36256
163071
869765
44760
960565
339950
247612
39090
35220
333740
640623
487538
640106
234573
509244
582662
230074
169098
779280
887576
832908
574508
208903
774088
508253
421675
953920
921473
67814
156306
540039
104071
835729
409805
148831
796294
266107
396443
835384
301327
246535
992360
788866
402993
226933
814462
985655
973360
499912
281288
377288
332820
372148
586191
623261
396753
7866
93533
318226
75681
249840
374617
696104
601921
300774
361287
398216
566881
274082
749952
384561
36970
742312
173427
439963
485598
504241
425619
458958
520505
223259
836246
369678
595407
938790
992939
992160
946656
86472
310386
538689
852664
201355
751145
454586
502130
112432
852802
69011
902867
602754
453572
939837
861419
143351
379800
863369
163944
321771
322327
684450
545030
674925
54128
656789
613715
563419
648949
76724
166243
475687
615413
18908
677043
366559
989846
179173
995343
359000
764536
414562
478106
218109
354399
339525
877812
250552
202894
41757
88675
41573
242559
150058
232851
813039
806847
362918
892810
455797
439642
59053
931484
55056
594313
124879
937967
584159
304052
449662
943159
68589
864225
937618
803050
734976
277143
680862
501880
996390
238971
590556
554315
997882
740614
787166
327273
547461
150085
736435
519610
589727
795489
967447
161135
906154
92326
615454
6666
912731
581469
949825
981320
445694
887443
300722
697022
680939
497936
198903
193681
253260
305811
747996
767494
46425
535163
94768
110238
201600
831203
146201
307679
143044
113648
985167
49199
205974
116973
55865
118705
698442
522042
616377
660488
925838
917099
357511
123129
931388
556414
316810
184648
862225
581158
952142
425002
116321
563262
51592
834273
910818
197793
658305
570214
311441
643472
135765
33768
760445
707982
668825
458888
746377
285203
119376
188567
718654
993239
311696
166394
66005
144858
351042
444582
726016
819537
869584
358690
899151
921177
192963
326321
635322
367620
896536
946764
11092
548653
496884
287890
256636
165709
263130
3013
967264
898858
707932
685919
892098
19628
852313
474455
164486
719708
919038
406854
55597
788622
765544
954748
226151
474860
797422
861474
842480
693958
324590
369925
758963
821474
174167
15599
987183
953649
534964
954448
852507
242896
156719
260957
778876
525384
251765
459714
245092
170803
866569
817041
959425
148465
288142
701929
623325
85564
563403
982158
295874
404345
868435
54837
225819
558954
586789
729354
512603
121753
683802
881462
881002
356873
658772
659878
882258
910537
119593
643702
81340
986162
460744
557117
650979
748886
775398
274305
350802
855153
772815
646676
259498
641250
701513
485317
716556
288302
214672
229159
926408
414826
110621
807410
771700
285745
983640
170310
196282
103233
814012
793974
605747
274756
867444
256727
539994
642842
47384
890796
497996
820199
537472
273846
977801
755338
759164
694357
559992
490188
439868
486400
421366
66841
810162
709418
352587
793803
879728
65221
413388
693741
375548
19136
968497
242992
792215
24844
402186
839599
915640
416534
176150
453113
690381
153951
724803
965897
364660
284795
972437
804528
287548
393803
387721
614062
103222
740308
407865
499302
321882
337606
193043
697430
873094
677893
456774
665309
702737
375312
504908
618377
308199
681058
587842
998580
351361
312645
480829
232373
597441
453266
553253
401341
363421
940974
15403
982995
681283
939621
482298
519517
277227
191693
733299
150321
869586
190073
815630
572323
81737
836890
707053
389936
34300
294895
904868
902013
123893
385697
134386
237686
355315
687639
639027
718737
628613
654430
218084
826248
594051
216734
345765
387630
408428
79064
537951
278014
785489
869933
366690
383579
706823
590095
773515
257475
401342
194736
159488
525235
580433
293874
762921
452101
497865
918300
687190
642831
572731
905274
469079
683134
122009
331197
70765
46789
926613
125068
324803
228455
995002
207845
612034
218177
797940
901901
475653
715635
96637
151493
240870
193423
961720
520144
645524
459585
438444
849066
102416
527527
754340
87848
210662
392701
419045
797779
439490
345658
922847
280646
574113
434201
488491
702499
652379
802784
604401
644384
518419
217390
795877
275641
410813
757597
312137
572689
733535
266934
421755
352303
794461
692448
440151
521475
85149
375548
835606
40992
237559
274806
321638
328024
709007
326481
30524
877738
645617
151277
522122
680388
368667
834352
472382
779481
108301
784519
868522
358188
567805
290278
710492
878619
982726
666995
400094
584227
42544
752053
625219
280103
26859
463209
124479
735866
789691
155003
613605
951660
306280
652079
632049
191300
486431
104431
970781
111085
405302
839303
469273
973108
645933
179765
851727
145011
846761
768173
729239
405657
520226
870810
202112
547085
334020
326591
799304
640063
997947
929261
591723
820579
581340
740124
11879
584124
360907
499012
695209
766210
854668
164482
255670
500601
860600
107397
645613
223713
391922
891204
629370
428501
762014
347834
491938
612386
190777
291242
768801
188724
220503
876877
525656
318196
617001
537535
902320
977909
552900
597529
260471
407568
278363
516141
424521
138963
139890
586486
362676
531812
477690
508398
960313
756057
856232
452252
368443
47010
259846
653597
752086
996702
530474
277742
314898
147475
331630
217218
641736
884530
331099
902207
292098
125814
418348
232971
781130
558238
819458
660158
606403
813500
168557
83068
569557
541141
535320
454353
104503
311519
107950
856590
308221
638424
650684
623119
302251
982314
356689
943988
866844
204140
846195
675294
329954
780896
908266
111084
339134
244076
771243
461889
57576
456152
544958
143486
997293
596630
114191
101797
908149
222141
474739
216370
376917
125423
839489
679168
624090
712530
139508
7286
916670
985704
682581
246625
766600
107199
874061
622086
867627
645304
600328
441555
101456
145286
585041
615102
741916
699232
233251
650066
437725
707990
866436
330994
349765
222278
10163
490207
934808
666023
497494
367831
651727
696427
614456
934679
319978
4869
73118
187605
650174
673446
145512
267982
818732
730554
399436
77000
946138
632687
727066
900216
857029
109855
231210
723147
848485
757725
213354
299645
423749
227200
667476
591828
439979
798284
42860
759957
803154
115978
463914
969680
305776
125779
754014
640860
856333
153451
717860
318823
302490
961279
219039
159520
587486
966602
399019
952323
724327
128725
251968
664428
355926
435797
256257
795905
750433
815469
72215
69939
931447
52481
555971
753575
178260
309986
394435
550945
979789
628647
386121
282279
106278
605160
958151
210116
88114
357170
162439
328794
485896
930760
993222
358174
882909
765831
670431
633342
581300
258998
219634
29099
311480
775605
782674
6092
601943
693461
73390
581732
838461
459511
380364
944739
581023
338515
154856
669138
212038
833647
997932
214286
280759
991154
572460
163668
756986
242891
313363
854638
18242
532997
883738
329722
824954
666412
852166
426898
359874
925556
524982
198335
385067
905346
659426
966091
760214
330634
151581
972252
680634
149513
186538
961393
657019
275350
641414
930357
34593
954777
784996
52835
4126
668734
898909
345432
851498
751076
772330
727724
192984
813665
442411
94404
719011
101838
576847
479225
948824
728428
967829
629458
394293
670719
107204
51312
946069
748618
981670
980663
219747
283018
33498
740225
951752
932408
85657
803250
199836
374340
47327
909172
188005
489738
3576
423368
591576
580423
418946
56753
825203
386775
202563
219496
57495
309767
270809
519916
58385
768831
500579
794484
51849
50430
534709
519953
499190
136719
839555
699026
27411
886882
124550
215416
376621
128127
155136
484549
224902
574082
57654
50106
477210
260218
269602
51057
569985
56763
570973
144723
825594
587905
939207
393795
638335
990269
913748
137525
643340
269656
352903
670751
156538
477453
402519
49511
121932
557655
534061
346835
648090
591715
396941
125300
851933
666543
176357
938271
239659
747330
82994
65253
851587
538553
459049
489922
45174
889149
143799
688514
158805
13054
875617
831696
6860
794488
881207
128792
352144
931620
475627
234
39688
388920
641886
407973
571816
818243
346244
811475
81925
945590
393080
933513
484144
852129
939787
45670
257631
599939
250537
932788
612993
126154
764484
136205
920643
645692
264998
789139
577312
256977
305725
617000
645898
947611
24974
734066
282206
887570
545541
364131
833161
938621
813996
833657
307103
270136
879327
81086
870075
129864
13874
999420
772371
778359
135626
209366
424051
400624
998505
517715
173953
820582
134716
336203
284545
676042
70269
566751
563612
132162
447234
913125
587136
261231
746782
894239
47719
626110
491677
917794
272326
505551
917214
561049
283910
52840
770415
224313
969816
285272
742029
143770
105854
393097
996325
390399
585491
66595
473502
665455
715109
920737
578581
302245
698320
325363
712836
746039
467825
204513
180185
740152
710065
613751
301201
510327
666592
587969
250993
152760
873241
509374
812882
495448
418823
809208
402199
4314
392155
875702
669769
107264
796439
764702
409510
11111
90066
122346
757150
74243
843212
937335
330747
69629
551086
148301
579956
734030
736270
347301
403143
125863
856675
732377
621311
791850
541585
23511
796164
450092
899213
982286
73709
212004
746988
999571
223115
353406
638269
496617
427650
481481
950304
274749
551110
17742
423050
647419
268125
159320
994720
671268
285184
367748
403645
422847
159598
461583
446358
472115
911675
861923
454401
501736
590279
717741
501307
329746
587500
139577
826363
531502
621058
293019
806251
172169
310762
229302
819588
578887
904974
330660
766507
706510
698408
170152
129358
858007
148087
92068
846474
576115
470344
300875
77851
60623
534968
579159
906722
638820
718736
249437
170322
856146
542457
976574
28315
853219
722228
364255
432106
627202
694916
714965
333713
909676
401469
979423
284035
549557
71491
130509
125672
541835
947736
719875
118811
482705
299034
25533
637877
534122
274970
808200
390269
817427
301126
934936
186998
23354
815544
135456
166908
26812
850421
16973
936488
251891
996396
220524
801448
67888
867385
443472
609723
815122
679699
244886
814179
978734
786771
452056
29208
61742
776608
935829
395521
77734
870766
98872
617440
686310
234328
784349
713122
84750
801322
165962
852993
797719
902838
170793
865607
770224
130617
991682
101698
810316
752921
432229
305402
539692
400637
334611
117786
177246
270440
29660
254980
657558
128532
872421
860220
879212
173122
573342
480314
974444
255657
333307
288515
158495
504100
670474
445071
634717
178509
546769
961386
931430
495350
266788
987474
895988
601399
621613
73234
388192
651273
844566
45750
296157
716987
905971
175369
406461
995665
655684
380906
251322
988991
185773
926170
9444
856248
371241
160513
551109
434363
121899
482539
929713
388688
986365
825701
506439
607978
898935
894631
259251
743502
456734
71760
976841
362705
247130
899655
874722
902814
796913
126045
408157
982686
52215
933953
355286
939808
610819
906395
374171
249070
905286
820237
154110
891652
645938
660550
499630
61226
71533
275234
321080
528267
863346
814273
407324
110476
713928
282047
529642
510841
408092
454152
493528
976659
904457
848814
916467
515276
755210
806991
764347
176848
627228
918457
68500
273166
95359
84483
850744
166893
876069
171824
211512
739415
986098
618837
366244
700026
900884
895886
210868
825328
866390
220748
801987
770848
69562
234806
286124
341124
558149
566823
517973
185377
485281
102825
974896
580640
187308
825640
263885
579729
513817
475398
319145
16267
94235
201741
716293
511471
97627
443513
336799
480370
180613
655138
251218
766528
889944
537342
107652
964446
104166
141977
149823
105799
761155
641071
202791
948463
466712
466677
44545
496881
458427
880042
513148
552662
81783
745793
64133
695762
189307
400932
176132
369920
572422
427350
136448
462366
481045
760453
426812
101563
418782
92988
207362
179937
734059
926505
644753
717123
393182
689298
214004
851609
569340
243504
920623
167475
989298
501108
863237
694957
902040
39370
64877
474462
466720
717678
453181
464117
994483
396345
565680
929617
5685
289394
109555
739745
215900
270660
973220
125434
476310
187225
493396
562002
947081
930371
729477
936379
431480
592714
631336
849872
632084
212566
324335
615157
446596
293868
79274
441079
206565
161307
370696
212251
450701
996603
468348
182953
267263
441568
308388
743573
145145
318136
821927
92227
248507
551404
544958
679987
144119
176295
529860
292555
388861
370547
424064
351809
180767
503339
792888
387332
180998
679936
115935
631699
676540
100635
814653
460155
542204
639393
720081
203701
957529
542008
812280
206036
93413
873591
886024
753884
49886
415884
562791
955099
786431
986856
306908
967198
6547
616148
870882
187545
296084
503170
819244
488976
603805
150249
465484
662361
789642
185565
382415
263523
727573
194695
469560
337338
68286
871936
607574
634524
287820
170366
105975
590603
157222
412883
74153
680121
545383
461387
867666
841468
964557
203262
846796
568363
353512
312280
747076
659506
497845
129491
923030
741771
840539
392590
595461
425177
780878
203036
59702
68698
889754
682029
175653
46976
94913
766158
243449
156648
743897
111115
514468
708455
314377
361265
793170
184241
189897
540246
843748
204095
186090
283130
945866
26629
192072
57679
451806
972950
777067
511508
558000
666821
709890
733653
230149
804803
16163
473598
477803
276412
584713
992272
984867
415443
869889
294389
599684
59786
350988
443432
263881
537078
242914
726099
563707
434986
783779
531865
407936
77198
559726
965936
744020
269616
215941
974169
590771
748456
447768
68574
24869
548833
60846
526088
964276
447087
820478
563961
506874
687818
523745
287107
741248
766660
13207
821307
717998
313338
353172
125935
390536
912898
91871
650908
182514
824165
625078
289637
572621
589198
358212
597490
138031
935410
123579
618660
382498
460409
698973
405724
148227
739070
692831
405827
505730
222390
227134
223729
52080
580306
866016
958969
9557
957887
609877
708423
298404
751307
998061
871026
856857
872625
468516
511241
808035
108447
129901
706885
568856
345226
112609
233435
84296
321793
639262
590027
60535
382748
330108
112616
963055
712476
587937
488964
186715
714166
713739
485120
465474
711800
356146
838683
100777
341014
349924
908813
449462
996177
132050
18318
341403
761012
768106
425700
599157
407368
532079
659692
790117
378539
288660
269524
91015
876597
274840
277730
590764
988579
762850
572590
216732
635348
411273
317509
976363
277550
742674
425825
790079
391077
960495
131483
152089
728601
73535
751246
652322
121966
410938
958791
500505
215951
744667
107872
92548
535859
901954
199664
524438
664805
288606
257522
816505
216232
91384
792868
493782
834058
735045
283861
225135
695541
931696
893576
940494
5231
644822
109168
127197
572113
584311
144054
304416
328978
251926
396964
381189
153881
112981
905628
335038
401587
679502
667895
617819
770886
460764
627953
604945
712161
428167
346432
407702
359863
240009
864549
881447
401183
973717
524996
489648
558029
669051
794064
403359
437329
707381
784549
107562
820362
206529
958952
738301
402383
626848
356121
173270
603964
984074
294567
316125
928593
157351
240180
288457
397360
621081
686256
314896
594798
211252
320896
669179
396655
631313
588891
350337
338694
889792
974251
675408
612673
933204
413709
15056
76404
286182
704678
196720
786609
999245
512845
715202
156597
269377
520011
70309
890458
206267
901557
1609
933872
222454
187140
330527
853767
292383
197216
708813
182175
171468
900573
311200
621024
830634
326257
697428
116817
30935
894148
903426
546533
923345
134980
703130
709075
654992
289791
115885
861259
191349
117494
311483
413803
820987
642011
783922
113370
839227
9087
811898
527047
909660
123098
148071
740294
965707
361851
373463
512995
772351
793241
59528
212049
928222
279010
921124
99566
568801
37009
477177
760150
670856
788661
690305
8195
947024
990579
121565
302603
999666
933463
829651
425678
572914
977722
682325
54973
855926
572140
567968
628277
365382
143848
840326
809956
422858
277802
909522
508012
314812
903051
784514
502020
691712
474820
510215
638736
465399
148132
941340
981418
597948
287343
923448
170862
781417
122125
742187
637343
694266
310156
265621
59648
970356
622299
869604
909567
900102
295478
417579
731266
198529
202093
233286
890242
193265
259853
45330
175017
407985
503022
672787
522285
790365
596235
209499
88135
718361
951687
725478
412627
778195
507451
988627
748551
129751
374583
658118
546205
670061
592049
277471
384942
794143
27109
791536
503760
286962
836867
678777
211299
856241
351564
249937
162959
464152
459436
251094
698865
411123
492924
627844
189318
376
616471
454222
646479
507406
112340
192684
693819
704390
470155
78761
14885
13616
870298
518645
816930
223517
713775
544581
79758
581691
794518
242717
45843
253955
10163
261060
181430
503088
888904
887101
503464
21727
341323
666295
529133
970015
375331
222952
674405
845486
301714
205642
375454
688364
240640
192384
428233
954415
736965
507991
536106
531484
267061
98302
301791
793576
359362
999573
296664
764619
886674
316480
786346
227997
982775
831832
198013
358106
54784
388770
719944
872850
594413
611750
77566
835053
804134
505799
305820
57452
530143
358278
588936
313556
972932
407079
107132
848647
406652
920149
613266
293327
236629
915964
37676
735757
747796
752041
610215
802581
140812
846512
191783
251577
458262
269350
602982
778749
291501
908802
836201
821644
783432
941489
135200
756365
348568
758685
605012
271572
678834
218278
564899
431815
134242
118928
167572
398391
870969
777788
717324
11781
140652
909107
779710
115266
694809
382692
894015
986311
291494
730216
324307
591279
671705
975860
347644
536625
734545
952656
808198
929731
687286
889449
361546
337880
8377
529119
252623
395699
823259
969947
923832
480263
395407
703543
595529
90216
86235
489545
592879
894082
736113
433539
485361
407819
409399
349357
460796
660296
818365
268994
590027
22003
674796
951573
359883
683173
997044
612507
595224
336655
98806
519057
816918
494213
738952
928800
100782
825187
418345
693661
235621
154458
127200
237334
78629
52951
586691
539426
713247
405056
324772
819626
427059
999568
287552
303295
199094
284596
432154
794318
137604
530960
829727
470874
25174
568679
399674
125956
393867
334371
335969
629488
488830
463170
866823
83811
32473
969866
139589
745721
374923
464362
565347
318334
463930
852899
621629
663024
653848
53783
973695
307804
584744
803422
778678
126270
372102
178353
252226
282321
512724
588195
428161
517906
567717
811336
601718
600191
781203
741307
862264
672478
205669
943963
990812
185952
313215
128794
848976
967063
182577
822671
274867
283673
142446
569897
409943
514548
748250
178521
796869
777327
283069
225030
295233
850786
36367
413303
967329
817570
154611
829593
490048
876632
773557
997212
578936
86772
126006
944265
570187
308584
766936
361406
108609
909382
931303
34905
940282
195906
213426
737151
973233
496495
962182
784818
863634
514901
198122
830963
332471
869085
660557
338871
745717
950466
336083
841006
553590
462090
785271
640129
287026
68559
1535
911987
494294
449190
946892
434576
161448
676671
688080
651033
173166
650262
435852
36800
681515
633974
384116
530338
503059
561025
869209
765128
511491
721644
606134
65081
700086
391405
705210
987112
459965
223097
415452
954259
188639
362344
905187
866440
39015
593267
517473
728534
759881
953325
281686
441396
587299
665802
971734
90358
226827
357295
371839
254670
78940
977973
319751
295378
885731
541313
798843
345696
280762
214295
816307
985754
576639
237846
368546
132007
831114
886019
860541
590995
839345
658579
548744
942996
324382
520478
549707
67561
394126
921546
322232
989418
415871
158335
284796
301602
216001
83639
163650
13115
297934
979957
515221
390926
734156
883767
522933
565270
769787
899826
672617
125484
558405
221361
68480
399139
258192
618187
466701
652318
56085
305285
641736
471957
979972
926532
773559
195973
10172
937210
725441
824458
433519
240662
215384
167675
124430
738317
249297
410569
154495
921915
536053
712901
659628
120885
628392
917820
255425
611445
86490
311510
916730
728226
783467
413055
171111
73379
125380
697635
526941
850821
522093
476812
91484
737478
160840
732266
992147
410137
659187
146643
848404
195240
375896
508033
832477
4288
942205
87902
132086
28696
399413
565168
273274
699232
978223
960737
288963
103604
658372
815904
954425
696818
292717
562261
950648
969909
810879
942795
380046
470066
605790
744803
181658
498038
252836
14136
18679
711393
102038
150765
740089
501451
715933
529716
717036
210509
490453
5999
314113
148826
821904
268538
361996
630973
347152
312644
600882
158031
771791
497280
144450
893934
242083
326108
391972
11271
340244
927003
722665
442283
77768
979106
460086
310054
508822
693474
520563
999276
699474
351028
664454
37730
619566
26450
185055
483070
855446
785937
157454
627237
799569
301904
521171
558005
628012
429496
569276
484609
872851
808293
443244
950620
303752
419682
777026
328926
113157
813941
328202
328983
164969
509008
883065
300887
51810
68120
783958
907256
370409
457764
50846
169978
759668
88369
727983
904032
517865
813612
904993
390717
138257
348237
857689
442009
284272
151067
770936
913781
965008
615490
242764
646329
640851
125829
947216
692661
710301
247526
116270
80710
705290
167116
250688
981310
255485
495024
885343
289703
308636
790336
196772
446893
654926
570813
405255
455550
238232
176191
369331
203240
308033
128447
365921
948884
770628
313137
157898
480929
560664
274168
561639
782306
957636
328679
763617
729473
823703
648960
19176
132339
955648
732300
95585
126926
819465
500840
98828
57697
193383
468159
777289
17768
112958
143210
483005
883586
972700
640903
880867
49716
431423
442506
832022
905411
287538
595639
634884
111241
760951
170413
759933
232952
902713
855518
876230
238531
872710
975059
296228
66093
443218
73518
83861
72529
733080
83218
956115
705780
724121
836983
755496
671896
795841
587519
577307
83379
699510
728544
710973
460462
898957
470906
693414
318022
326424
569644
556553
199134
544703
852782
781579
504274
442652
381792
576803
175732
465011
49270
397865
705484
402605
153361
893733
714799
257232
471040
798178
956743
199584
25503
417205
614893
496409
626971
932916
339185
196615
489469
54671
257671
858603
836250
278297
301255
734395
371452
993340
199406
420722
391205
421242
339680
544566
314975
54479
801799
302368
369009
274894
18304
394513
692099
633198
890922
319070
566114
746460
32037
571935
801131
806060
430539
153734
600709
731794
404481
972161
241486
120239
909236
632691
541481
248916
693610
372809
303395
495409
675177
672404
770303
693481
583269
978754
326679
990544
814176
409145
737004
362565
981081
54487
684978
411620
208221
285687
659766
129054
257849
901253
249293
683437
50296
790775
932353
743906
163584
752100
755667
355113
424504
42322
48594
524126
21076
891626
514670
351604
300771
251674
714170
281852
822513
915500
209824
547087
201187
385943
676141
975388
803548
925435
658825
853844
232562
591178
597751
912498
343278
869770
267611
284135
912093
316205
324613
449521
207831
839283
801126
24955
607309
31648
306807
429822
463500
32984
976909
664687
418927
653051
156428
222475
94838
815253
592671
327400
922784
706774
239898
782414
576545
507509
582901
488638
340066
907514
454511
64250
263149
771989
89205
870458
319989
912364
300281
783489
945348
793542
448177
880627
446593
604605
619454
57783
936210
212126
385183
858994
918900
625081
157761
495445
648942
740662
500435
989009
164529
954947
53259
427678
243288
658816
298137
563278
571180
114770
346767
516529
908312
311296
913508
871258
432253
532963
929041
368464
261441
314225
743810
696693
455658
901571
708491
104601
158586
725278
609962
323115
680225
179573
750793
923514
838389
565282
3144
409569
680052
349911
442450
104717
661208
355959
975975
609813
405274
421368
978277
183067
251945
238440
879760
707604
656363
588251
328557
814949
313530
454871
654416
510107
634444
921562
949973
472833
486844
953117
398754
166897
819381
357557
271614
996941
713516
763941
606754
635142
185309
101384
334561
437255
339824
214321
661211
512539
318925
989768
843841
148807
960991
498257
175266
595435
936171
641592
584620
423016
111061
499726
106265
930442
857283
894231
927383
87151
658172
534138
722293
359833
151874
56854
797088
491698
787528
974651
520589
622805
480771
364430
771612
441762
379040
463230
553549
315211
104822
138169
254579
215884
154248
360844
146326
11531
255075
590062
98683
429599
640552
337328
789433
792426
910535
102873
800476
214415
77525
321065
837220
558296
201848
125184
516411
580888
588414
69960
412451
693237
724482
667031
425473
878730
544227
88151
890261
799303
678213
505296
745254
835117
358977
534687
627543
269512
153913
944371
483927
231438
265437
837499
306086
983637
962683
822497
80877
551097
408810
493328
760686
133292
676711
186159
528374
220939
790663
934987
536594
985228
956636
281848
820346
315613
332888
964241
585125
486801
908613
585404
234591
690402
422903
540677
674039
901938
879527
754916
453035
288337
248244
213722
937981
441308
916233
982707
662247
706896
917694
715193
692125
874330
997041
28823
189943
846281
993064
291420
333082
901677
393176
567673
592079
332431
624703
266118
234369
504230
537386
687405
308919
301983
417479
246900
743291
850064
229607
405538
73313
663653
637083
281790
537984
634124
310613
244279
996758
820029
535700
329840
721707
445228
897514
830138
777660
522217
612609
12029
542799
149995
215786
851718
451978
149617
614970
711621
516034
360929
633511
589347
24582
270594
387489
78918
421071
698102
323198
417829
34483
375250
747669
756190
336830
161535
102681
114490
200104
715290
642872
259255
381637
375010
110973
349968
40980
242295
61589
557014
603224
695101
662713
144159
965695
50202
739429
386766
264656
62627
320947
299139
954229
68617
571682
291060
746504
674363
921902
462961
906005
564774
722216
287642
456137
833190
637610
497117
591837
215552
54131
195062
910653
716844
855573
392700
283398
595002
779467
548054
173982
100414
847193
128211
685383
935227
935623
948240
609590
857526
411201
31947
938652
133417
319590
394789
482959
473552
891906
74797
205456
462389
786211
116109
695585
641784
508810
978983
753138
804629
527037
927120
421395
890583
571684
623131
825810
507307
571371
951753
881185
498924
983700
336190
632341
819642
730979
631653
809547
139238
706450
15003
117979
9013
131113
813565
167149
156275
792548
920287
477256
319586
363760
898651
726521
935444
38134
552331
959103
609505
504084
356641
108429
4137
692831
257123
823779
940162
888776
633326
79400
111578
648330
197380
120591
295795
527297
287740
452070
319845
724379
929326
155783
88139
344329
882304
539935
382464
434636
499039
508321
455072
855680
616751
459209
64863
390226
799341
5025
279002
432667
600778
390580
597349
798158
27523
893144
325455
315263
861566
161652
555994
307244
317436
644134
651574
716092
184069
550390
667080
199460
58711
122153
571492
191814
97714
636355
582040
897055
641381
377394
329723
242159
284326
927072
556669
311849
336569
398476
143464
198135
560128
699459
505380
393916
343593
673306
110009
44014
223696
777089
243475
282407
415594
814967
474222
513309
967675
56262
926716
125408
950009
772791
367567
234335
216216
440588
546185
552785
839064
206001
750920
915544
905460
772652
825813
765405
445958
935822
325772
669654
229263
569247
952062
644858
900566
942636
674519
384593
515250
601235
510001
465259
374027
877568
699595
590243
834508
762132
143028
673572
968133
410300
105469
389946
699305
931282
671703
145263
383456
997475
331270
612719
83074
799684
773929
499993
258672
448448
884586
773922
49684
394588
755534
940063
788508
971481
530306
623017
733613
189686
812941
218098
116338
918410
124396
331995
366044
796100
993611
265852
793575
324881
878572
393002
640917
168853
892995
899589
617302
777581
673511
183338
688521
429045
123401
477030
400526
170059
616399
650491
876097
429340
868590
508787
864103
992986
840783
746499
305438
834394
12352
99014
159275
407276
8368
800192
576129
901363
216133
193431
195296
889644
893121
400170
835042
16522
393552
751920
702933
9951
402412
579030
955643
787354
87818
336098
296692
444953
82598
602131
279347
611302
217497
954974
18578
225865
271518
594707
643580
487651
304491
838876
893647
197612
239046
728689
730487
632598
480610
949772
158901
399374
528803
114545
186728
132973
450643
483420
577926
49593
85551
373625
660895
303048
328599
195825
528913
116469
306885
172493
604120
611376
527722
497767
325340
283120
742809
572179
432071
223419
521952
590972
622793
567107
221869
325873
216432
188865
809293
310710
238458
894845
684335
415706
714245
529286
611531
243159
645755
918416
932004
766227
46144
976078
263994
887837
259199
523155
976368
691270
262926
14672
798594
402071
98131
536816
727944
314563
725681
537238
141625
480491
948435
825960
412549
662680
871598
24081
422191
517353
458849
870548
283580
21346
846626
63927
425535
622177
587082
918255
313447
366361
932928
628394
768432
547411
165210
496377
378327
407243
33615
519952
404086
498402
862265
816636
161082
733863
357069
99626
251217
332270
970174
51149
869968
333152
631428
295503
955330
218511
730111
785129
101224
179391
929875
869656
726802
611437
366033
105129
18680
916000
625082
939119
414402
487347
755755
91837
737562
112824
707815
988779
445094
194341
39929
315063
527493
671357
126918
999175
406220
857029
784305
23796
552772
230532
893453
279575
841970
259486
901056
377002
691839
42490
316121
622593
46189
71876
714430
783752
701052
938597
772531
662499
132938
328812
493914
176784
516522
620832
692311
439094
994214
992968
462891
63338
223501
872696
342913
65471
132182
243970
442473
340373
802812
758595
962967
849002
346823
193749
632754
47876
132347
921637
710375
781637
766802
204289
958421
799676
341473
167085
238770
852039
160053
218013
915378
383554
90709
774643
449025
739244
534965
407851
595969
337778
166446
558936
186780
29621
752686
335886
77497
401385
773875
304224
183022
540677
24865
657796
340353
882691
824881
95476
251082
984934
829841
682812
368489
436903
457456
333866
692499
508773
741717
288468
846551
424515
847405
549683
454137
116443
401921
47986
517828
175797
352211
217202
716474
893428
874998
573180
776119
699879
668656
543554
201166
14849
226366
86007
451752
683822
419873
144251
708948
677943
432720
555499
102458
796477
621535
72947
429272
23456
637286
463452
199253
505849
680654
432080
399277
555653
5260
691749
771884
190268
235303
489402
205117
978021
575409
656870
178196
995283
317473
887144
189578
266545
442643
808388
579374
580530
881336
8646
120339
518622
472098
835944
540823
669105
268024
940100
224758
789636
148201
512994
979904
383504
2397
701374
361526
577806
874596
539722
89441
192069
943218
279019
974967
902213
87408
554341
482744
485096
79340
603083
520070
67790
439027
60893
736895
223404
517345
478005
529392
665547
991000
25649
565403
509749
727023
443281
603907
601619
499355
693349
310040
442573
488720
801359
344787
92480
872053
827531
577576
951393
946966
613998
535535
902345
191243
272431
125749
708589
750436
171494
890488
257788
197143
455891
283889
924166
899173
887797
42137
914880
581146
868529
357454
69866
669889
218593
678699
541942
562476
772627
9687
509442
386626
545222
928139
94221
334005
570241
802810
600794
741735
209650
858582
938878
665542
142472
379396
81067
546621
421533
995947
127767
806414
869753
713985
992655
88346
392684
50949
167174
681664
60636
192968
68290
122211
121108
678863
456216
691349
481674
57010
433084
691324
431945
888314
873218
90769
267710
470637
637390
205595
982937
765157
12009
852690
995494
4665
457389
904531
55614
624563
586195
632603
333884
170837
754814
454992
849700
211030
662693
847726
268041
95777
55403
216338
500443
444973
307107
768153
915611
944497
973748
898548
226006
985757
267590
221500
506774
724979
642383
562389
865895
744930
194992
199779
915767
466158
171123
281820
677188
833816
129546
461581
445945
701301
677919
946388
146275
501378
230893
61886
445875
204641
960434
188233
706750
228024
409734
213525
469356
568469
292266
851603
313400
3610
567734
229167
469768
738857
27339
663308
572673
156886
124890
18618
858187
319161
481358
520814
820540
712251
582700
782767
916892
59486
971001
139994
803863
897087
869871
273219
465556
678489
641174
295308
682099
208908
40828
668219
947765
68167
331528
36790
741405
972770
571760
115945
291931
53118
636759
628823
765369
219460
927943
198613
278946
898944
854959
82809
312383
724831
872380
294291
403320
513554
589600
601772
238814
630428
269991
702931
214947
601519
256073
956353
90641
827833
72298
898925
397303
709057
527748
679024
444869
972043
877637
240168
387339
248949
839329
699722
490132
228062
994014
409804
257968
99966
11576
496783
246746
797920
716066
461693
915791
972140
934398
6433
799973
523048
905358
197277
748458
949458
392653
193327
921502
786643
949847
308841
35592
789177
524916
525724
533591
518930
935528
791559
135248
463457
804694
381994
261377
520761
360039
693520
492901
294438
699953
809226
817486
121663
522855
565944
71122
915509
275624
508976
702152
225471
334169
737744
531000
859085
779820
580943
894367
231700
372503
29615
695157
177197
927961
472886
214310
288001
166407
707211
582439
382712
32790
916277
504376
555645
998574
91850
471154
790550
600826
689658
532373
451347
943754
63374
310433
723574
160669
721152
955275
533172
267120
166784
226722
195081
156023
957384
483082
838782
664596
581873
221494
697386
14503
242222
769383
13077
850424
240538
803627
967602
930196
336000
418950
873951
915726
245735
113877
592748
966887
585504
642272
234007
268641
868994
945441
424664
826379
428523
779798
7327
526749
1292
221065
541252
759867
990448
70681
610291
747338
390660
577894
193887
243012
996844
584190
675091
758931
698067
267839
725818
799924
910111
476178
68565
295458
421619
9581
638189
366494
789379
161868
409595
790671
382933
467199
66890
889733
537880
677182
153424
444892
771428
347311
204257
284624
931501
879348
43555
145920
147187
285725
945844
573650
278255
14409
869108
699874
23990
507297
582721
329721
669165
992316
636745
568450
459516
703635
974536
513748
897169
127960
474993
184949
475271
679250
469573
923124
558598
29480
69044
222137
831558
14889
795787
109813
545650
181248
326040
85993
688545
908761
415714
874063
417429
52459
958865
876945
272447
933401
907046
169616
61361
382039
870918
52984
577641
340491
976108
136239
886324
561505
874728
717882
92746
186867
827695
638396
368115
153735
240741
573013
578848
172808
447076
996278
741619
922293
389575
14066
372047
812973
700035
949760
711364
570953
2745
289005
427796
495205
941596
314120
56710
816324
548354
149456
3192
376050
304205
371307
46137
61298
460672
141338
234106
907748
653968
492078
346394
559895
22496
718441
372869
722531
668201
600585
809836
187298
889591
753985
682504
347539
584457
739214
163864
132812
405023
683408
25214
225580
571067
587703
286878
31740
729041
37337
455840
383009
529415
802234
459257
551911
37027
348478
790795
705229
949063
116983
892527
355006
387320
91383
702546
971778
346950
382762
620942
751973
582522
646156
493905
153589
233859
780783
701681
479253
818120
673874
378614
863887
992460
837871
415799
29488
186349
722946
251069
651765
839929
143596
6771
743602
234980
709317
715380
98282
608431
336322
850255
190953
498830
344160
860895
249041
641295
78928
728294
975768
752802
623261
839655
745263
461132
771806
774751
163834
11104
25820
815599
851034
685768
338722
594636
437100
564392
826368
535382
172823
679042
901989
880129
694224
762501
741024
943265
403797
819952
187912
895917
89107
811173
251924
834370
788657
23731
125473
952491
34835
151293
284442
402221
353413
623165
513209
306866
187557
855929
842248
360380
51323
260590
756861
745547
23091
497885
688813
943240
834190
393077
839157
923297
204250
91082
274019
509259
631165
399492
461751
182352
67137
262545
100926
420550
885710
130487
727416
73267
986417
86017
950000
37740
346607
706861
783288
886050
721099
988453
829291
71641
381530
184800
511290
102132
275882
785309
611391
423399
701153
589494
122104
768290
852040
223030
705192
254102
353517
432609
327370
339934
34978
793722
894027
381585
500583
193667
267635
738034
698472
613278
809675
596354
798079
320965
698486
590313
622626
826229
13713
323779
932076
652169
92069
300468
875199
797262
554570
228716
746223
398292
85003
781201
192014
495382
679138
692598
689049
946773
430632
387521
76404
756660
500227
874483
77625
715065
464796
700252
541294
994861
24031
989722
647030
632453
290190
38581
429715
361113
783650
175938
759405
868653
473491
951420
880387
152629
160370
569436
615754
107354
473309
692158
864014
973536
566641
941640
688601
547790
158244
746247
59003
698627
252322
222386
331080
58864
260967
277147
419977
44617
453085
179383
429622
926576
647155
310009
595557
807525
395797
211312
914879
385458
903470
778894
875346
986464
236886
80299
534254
911482
342899
109609
610109
595221
848347
457542
170437
625667
734689
590415
670284
704127
286150
616259
147055
933305
442620
742613
740830
354770
953925
655709
740228
857395
950955
131927
843859
187841
212226
894465
615675
71477
520427
225785
666698
368774
683327
353488
994441
934368
943903
181078
638495
230053
797337
785551
163358
756309
528164
420540
111079
482089
592601
367660
855836
543557
499587
699696
247750
228165
110513
863426
299643
630940
605563
482693
999715
805242
836181
510508
739610
296436
691586
378106
42841
5275
163657
206199
761585
208173
143091
389016
690262
735693
756676
62450
279250
772615
278498
43352
517133
389012
423130
816776
19952
28693
815821
536019
833935
168355
46528
573546
464791
738114
468004
507633
259742
148013
230184
537679
356186
373276
926695
562800
625321
199724
625250
420923
488691
903749
464275
5824
809113
887406
338952
829065
916099
671126
881437
266387
839481
444317
356285
820624
182431
340641
844609
958525
488654
74794
496204
844840
964422
422900
923992
106095
138976
65594
527018
627667
969343
991293
633492
778456
395051
488796
123874
827503
159922
521663
93890
515755
965980
966527
336380
664763
307168
180989
623289
795822
772135
119493
157014
252909
58745
597358
359004
197721
662952
886022
341741
148648
393668
491585
927104
788719
980381
567330
132574
656656
605345
742816
172411
571325
709343
508791
236089
16511
206133
375730
328685
494620
11575
2051
747530
70321
599409
622886
784394
262362
25261
126135
411010
418929
617720
854466
724000
114454
938149
856575
771110
543494
599391
943521
114820
825087
968665
867261
357950
174798
242991
202988
185770
254566
205039
933300
841239
320801
72539
625634
583163
97800
268121
510525
33081
885842
881343
757081
296
335844
130008
771406
879339
245752
231279
510511
70839
199944
894124
945141
891094
653467
148129
76865
424385
353169
526517
265625
673970
599056
407611
773485
213208
675732
800362
246289
77926
198057
519723
594574
533902
166083
882332
929593
411835
113612
956456
999026
829908
850580
944168
237355
20399
92297
314220
444784
961818
357089
226761
635788
472498
150724
925625
202058
826457
725987
448348
420735
924045
484423
15310
974299
650506
897642
903892
62342
527606
860348
577720
357515
227280
38240
594870
764031
130538
425442
208815
608708
298883
951929
244497
287733
102653
686474
489792
445462
928814
454492
866198
369211
938915
881508
343510
589421
295502
763754
168115
823109
140454
262188
696976
367734
300428
808198
131765
430966
749992
856932
39675
565227
808861
800524
852961
427867
3350
342753
873329
932164
313597
739527
301375
252512
137387
161237
841933
949242
924991
526401
288703
581797
788589
985679
949531
89017
310229
597648
36336
60221
970933
592363
625448
296146
909239
994761
724013
912589
853866
113695
844754
167463
369574
662481
419975
23314
340071
778261
972556
265062
821014
261259
363212
609603
763290
312743
214972
73519
426744
251308
650092
914029
360023
791892
210175
269262
303006
450541
181852
156872
80588
542958
324336
450162
721791
260663
989828
61862
555276
962384
843277
376290
739995
206489
502245
19637
35584
717218
609508
978680
484878
259600
892709
844902
567845
619237
114164
870851
586130
812368
544075
183070
355326
384763
149584
593470
645427
139413
655332
200703
618149
498609
93346
874497
221450
595591
894134
257035
312809
503643
235715
314040
279595
644777
158942
363792
780366
789458
750995
366496
601827
295071
549566
473505
679834
699150
66975
841613
354915
238660
42317
973065
737269
135663
847562
475072
247606
258048
732107
560416
761691
484174
874456
557639
645303
549750
921431
425669
339208
672427
308517
457387
967498
374435
930893
163684
589938
514220
5298
944853
752880
563967
434270
6502
215982
281832
481574
463588
539881
730033
540356
817924
730559
931164
375563
375863
480914
813347
317884
820123
485774
626402
793862
969624
837
724755
133308
590775
755328
138606
51981
508208
218925
486251
514710
434907
284436
512636
414848
340669
242669
955204
158593
973229
886369
50509
865444
367283
863856
183328
703758
349630
809730
497621
319254
326920
738728
452562
434047
494056
107521
486028
518617
326446
488632
33327
277706
773068
545964
692554
113737
304985
647758
272330
794566
50479
839191
660010
417763
703047
843339
637873
569029
169421
651846
888283
12693
390575
857198
446741
400983
481071
449121
919600
323869
937753
469280
601575
710821
531596
810481
340910
836581
974592
129593
147500
25071
968784
807510
959186
671832
650849
597060
240861
336623
765258
645497
349316
155833
502695
796057
73169
500118
761531
992769
823987
699284
978401
941915
926458
26349
268748
267368
379283
243340
396961
526783
784764
882098
334293
743950
553930
501495
857362
311143
838118
138973
956640
187434
294806
975687
499844
884327
992157
261375
393449
816145
477011
371850
274412
919821
398200
59512
703542
777483
302853
616855
820618
603969
498953
154911
864271
569235
656406
237986
880379
10876
376959
837019
198311
671765
329059
214507
72445
321216
992234
465894
653713
985597
837744
444477
905419
752296
503990
125313
46131
323195
742168
866749
927164
757474
538013
791435
326709
194419
29421
207088
205296
406380
560460
919959
594498
405871
134466
183295
727087
643052
649189
897153
628649
3285
341630
50420
755582
361972
175733
318065
685167
434254
701167
612331
191728
239180
920119
518437
949951
465892
241878
155247
388625
318690
591558
499475
724561
242376
682770
968000
885428
331959
381505
30430
335244
723136
80850
607178
85108
256584
441596
286628
207190
142763
415311
398918
898295
851782
433707
848246
317675
675585
519846
222652
510627
627756
722127
235188
870133
921249
719541
755561
253208
101046
785991
104804
340534
383194
228335
941995
639778
186283
228623
846968
845398
643934
762238
743693
495717
195945
108291
329744
387883
628137
552396
898510
255894
790875
650051
642379
712124
885944
914292
481684
986990
216636
102840
843877
599830
847527
785872
755960
33810
530847
119280
879208
174781
881518
139253
186850
593815
247545
32946
981698
392034
101694
396561
164280
892569
46612
806659
121045
448908
720952
119081
435898
937588
221922
279775
53770
69449
581999
809730
619612
112846
929010
15172
803980
326880
154426
507182
920695
401971
540129
418746
794005
641823
815307
958286
50745
378271
281297
171790
827179
2249
290872
779429
456189
29146
575557
509959
614947
157556
836041
234559
270403
765051
249732
590735
608283
404158
97917
45331
322481
638046
464077
632838
796222
795736
107476
846967
690359
388774
535109
33890
907375
342333
329671
879917
371479
905228
389876
986427
579137
225918
737338
365892
507321
987070
956627
115605
907580
54544
160936
230061
692591
141365
862900
488813
453453
486728
852132
143812
875502
387241
694054
782878
729575
23725
662795
101054
445306
569023
603833
24443
311293
341172
390335
334967
844594
346962
450572
752175
401506
127860
498588
610449
785577
361488
615614
239030
848217
467746
899194
240071
371340
593248
539301
100915
616973
718448
718321
62279
803824
838507
603074
115117
179679
993409
450084
24273
856723
417008
776448
774582
61220
275037
385031
846797
152877
646
602179
517446
984744
501373
273870
356084
94621
813171
973351
227947
47972
208025
290226
851796
46532
409653
966913
226211
403062
933350
766836
259786
350358
59637
34368
927931
851026
935751
774728
520255
452749
376908
37702
953846
394633
827924
309930
489255
157447
799634
717202
205419
7659
523780
57215
54191
933433
540481
796754
852848
473831
563590
628986
340541
623227
663354
268472
474253
115457
559553
994509
568207
936461
548563
522053
331094
892839
348335
336701
50286
664321
570255
255706
671980
610388
829273
242523
60173
369754
39277
913021
359937
119220
542007
700479
742447
721713
485303
733053
353523
44856
243914
921730
497669
792477
960135
345116
685316
824822
198169
251954
489144
768425
507660
677476
378813
853286
436352
438986
739392
991981
868360
99330
111201
926719
316161
370001
648433
317816
619406
518308
362673
863320
956390
376694
172149
916525
721810
373817
257699
436332
625771
263195
204757
649784
457024
99922
503070
893376
55260
758814
885357
923620
858144
512911
366692
690657
882912
531477
8474
502318
49785
887499
881990
6175
264193
54139
439052
502356
944308
696751
938688
570079
476299
659797
736215
933323
759719
755637
826699
814979
514452
228408
254952
372596
741319
621644
579606
624231
153121
588080
642901
719258
475579
524891
725433
739772
95382
164485
758480
556042
377588
697168
126122
853887
356965
378689
787210
633036
134327
130261
964368
648779
358670
219320
537727
99989
357316
117333
240573
26789
221765
399826
746047
213696
441070
987832
469821
52804
152317
228301
608847
46257
925470
251321
900145
798787
630010
203707
431824
764337
850321
396192
929468
208991
131864
983548
825332
5532
617233
582257
548673
838999
498436
811072
52695
939506
798904
38868
992310
467573
267170
601157
30182
708992
852478
930327
507779
998841
650387
455955
763178
500708
368499
208999
226051
16715
192547
567735
22247
809780
149993
87272
165131
164781
898344
734179
104287
213600
773047
612949
681173
556569
214107
711356
265561
582937
158035
289693
98130
324774
262000
861309
825482
630500
586660
567885
647215
295559
135621
185815
621691
801966
273087
786823
966747
687784
37354
587386
901384
810401
200335
98910
883323
930794
810266
148884
30084
484653
438577
128214
809428
700578
505875
151262
847430
92535
235500
10997
904446
371121
713164
526138
689439
986252
312961
172538
674036
866667
759924
91772
193420
476611
190682
76743
407406
948
225628
953842
1954
180557
82056
327734
397487
104284
478996
244917
713171
714496
772267
617618
601969
485431
143756
807760
988035
456717
496650
178423
839736
256574
270196
33156
249538
460878
109900
173296
978179
335528
127138
980133
32437
725546
824219
429925
829830
819567
191194
543002
50416
963461
160620
652385
965245
304376
976498
953280
277445
473148
131704
117181
246075
401900
666689
495613
862778
776589
185261
357309
628469
312399
337442
660907
554297
678013
607184
384128
497581
798378
443482
547997
278192
120454
200382
243437
941182
693232
196717
734979
166381
844773
368512
928808
246673
35201
940773
625804
811791
126034
983113
956612
954785
836908
617519
509082
514921
224703
409562
12502
539434
369396
560499
817626
489850
277234
577415
431032
486818
774132
166011
169551
135258
534523
98359
381931
86077
39132
524087
414220
165166
23553
370832
119951
860461
504704
145386
891734
245759
554948
420589
785193
924345
497440
602819
930547
774674
696586
877932
777845
470719
43943
947396
605977
94819
45756
504260
697248
84888
544700
111468
766407
568253
482300
402710
428714
987004
64448
836800
232764
135749
257389
534309
576446
754830
653481
506993
45856
350067
384925
823701
337138
945221
771098
459467
556392
333206
963728
253640
934446
508428
365108
217205
593033
363760
619916
21747
867117
684364
374899
616233
336465
632289
150542
912911
903471
804023
419905
949327
670443
804830
289381
7581
266403
576831
467049
822795
910037
947129
76435
360835
971909
957895
578041
564942
321656
714309
103041
705125
915025
477940
321358
251491
626581
471900
164402
530052
792276
584307
995732
462719
905490
801465
986652
171893
378296
453701
994689
804685
400830
587476
165520
372739
545372
743561
454033
383380
974222
557074
88505
889248
35015
926215
140739
661596
914467
305141
708001
706743
405801
220085
685814
311291
21550
672467
999536
399846
642520
510577
204531
559703
614406
886403
448794
676130
146317
902828
59510
120539
459902
664367
9787
11269
590582
666878
189218
21401
972020
897219
244497
377821
117304
930311
205464
138854
119130
721352
55052
278003
231930
775935
837706
846336
662338
802852
522466
325007
705680
98328
961899
681935
762695
971686
693204
869629
154917
882422
407382
126937
295993
651879
21110
413297
98543
742926
68503
217673
464278
123555
12028
696208
415842
366086
58896
594533
168939
581362
919540
390971
679690
881439
72906
958737
369478
282463
344718
524395
164885
752101
167684
977231
403980
705146
390528
502523
448072
975384
236549
428702
615291
248577
641263
31134
131016
700159
625667
299955
797874
61559
690926
477564
942999
280185
952654
828829
562648
813724
869576
243885
565825
37260
221116
486158
258758
127997
988681
706830
619733
741582
651884
235024
506512
293147
782510
637528
993307
924529
453835
791181
986089
661113
785097
445440
941298
254103
790621
20298
67828
660197
780536
633653
697457
1652
636163
956215
646001
141197
179397
265734
882779
347633
17111
389291
640781
799621
543171
150440
724151
997006
457973
226592
658120
243070
672032
115770
13526
979005
136069
81354
639202
916605
231359
853011
434609
867523
325578
80611
8720
504975
862697
891499
852608
879808
797143
9741
195782
340314
160181
436285
853673
618154
179229
511793
377577
367613
627563
391103
346618
279984
472457
985820
196589
220168
838831
147551
87691
164409
744514
612763
185736
607211
20615
554696
3372
817758
564438
715506
674424
240971
151791
528097
375478
331020
556242
753055
698633
183806
660510
45251
463790
132967
547423
176732
869487
386254
840635
957179
67015
585149
86294
769103
708712
106909
323799
712084
441019
404589
427590
115444
161913
95733
159893
537391
943105
716136
290446
158090
899942
950956
719693
880084
600275
267116
573168
986114
169722
930155
943293
236737
515304
545940
5840
224017
652849
845992
452453
93869
250581
396396
725665
928846
8481
885558
466237
467939
118046
273035
626029
534340
740343
345723
414425
340618
129191
503945
326733
815266
950453
786378
52003
982109
848670
574196
722478
501520
936540
174932
111741
703473
87680
837406
632320
96161
239316
98557
564100
357363
371593
706482
891703
111936
568557
822480
968907
214100
842778
811992
29366
793231
114722
597722
775340
963393
171918
497819
981265
624810
189103
93006
328283
793135
446764
960603
405648
202432
575513
486101
559795
947106
192583
967851
575394
277492
790331
60653
491592
149461
872645
520959
459044
503720
118681
750737
467113
806951
248556
964730
431761
954011
57736
760044
747146
20852
237000
152794
223284
812513
638895
299432
275971
347830
267283
367717
625322
573966
428371
116915
723428
817368
637874
698824
321088
272907
449561
304553
79858
214469
269283
511619
168480
843371
788015
431978
864223
541367
101125
603860
870232
256372
903292
662555
604203
170575
546625
229525
744541
974996
862792
984321
308716
500666
683146
146157
773573
649059
967062
369783
863529
236346
397754
32009
596069
185770
980340
460293
243489
81465
64153
113722
337837
483797
292629
458392
654372
839254
687918
915265
330602
550710
415939
155671
567729
615437
301828
857654
264496
268890
227438
128025
21588
625192
676387
617658
327314
173079
594303
570804
254544
174808
200878
108733
658605
9859
567126
829329
849114
771396
260946
696068
838458
676885
851739
406187
808674
669919
263842
73171
938810
7632
717548
960398
149176
910287
94408
476491
83366
688711
563647
854262
863519
280877
962996
38476
290736
46474
867805
656202
817870
645104
352271
656328
321989
720362
62516
647016
390282
842710
236539
329092
366694
954087
805842
515870
380727
900251
992361
464093
105314
72360
318356
485186
353237
281352
523662
643974
327826
907820
300176
662048
552924
168799
318376
391265
889162
897244
554633
279444
256306
791172
608536
623000
261612
930730
138871
642339
347333
647584
106432
452648
719945
424788
937834
73182
222492
977848
233508
66670
402020
533685
245070
954944
702484
563447
862562
107998
977043
417195
387442
233350
208368
512330
856350
986332
443061
511573
628671
790394
675510
735103
243042
395455
676244
697228
984989
415088
191429
218498
998111
593449
268535
243181
64746
971019
806628
927308
595370
783672
860855
982812
533374
585575
495143
389724
571907
938204
417650
200578
244950
93160
452034
4345
4967
128278
701573
989956
543366
409354
208454
541477
2804
476989
784659
67550
964361
107639
511210
559731
407663
888417
58895
941037
473993
554038
847114
562252
8594
781116
279183
253545
874276
731217
774242
879243
375847
992167
385551
919213
401522
594006
977043
404326
587347
278054
988228
68060
902045
499438
144143
309709
387855
203039
767098
378200
273429
614212
456805
282024
395328
735988
51921
785956
467205
826163
181551
843052
818330
567103
278617
219852
677461
772012
140530
781160
50066
128758
849221
952112
144548
509716
778173
48756
712755
545271
426956
986185
675836
883761
784561
587516
136101
836482
373473
603306
178997
555024
962710
513679
638479
241328
249884
315940
13340
390414
613453
579759
35525
462674
48223
180073
972390
826396
228829
201498
888019
172138
704035
563855
572251
488596
667724
708353
841430
41197
828011
536779
112573
790722
566810
267405
548402
816694
583345
78094
723461
713150
657853
758986
175824
706076
455411
664567
48824
200593
382417
453196
372731
86452
533403
944982
91400
201127
169687
932830
758676
997699
985961
871250
788421
552771
655007
336823
369466
238352
414917
609279
951503
589123
884617
643679
811551
340028
824598
376728
56973
723367
829924
429704
809819
363327
891039
901219
80807
60726
350401
839483
574777
852714
227085
363198
405486
882092
216373
291304
636797
147643
900583
104652
253118
301552
264683
64669
157932
605634
441397
214906
329001
787673
644610
138821
151001
52001
556392
748160
629080
423146
103995
203857
792212
331081
83408
197698
729525
816133
5354
882674
963776
422289
987326
216894
723841
768362
797916
881774
373996
239313
96680
702997
26987
257642
358170
694340
825996
430915
958852
455076
370413
62847
175285
162625
910280
258693
876676
639806
74827
882030
38832
554955
304320
26159
771850
544513
310873
86118
426287
201221
325431
39319
420570
868770
813314
778741
79462
639310
726008
38314
610738
612773
101162
786023
291750
11442
44717
168426
167600
635896
50457
206433
190851
871129
748944
479053
415642
576169
565171
358282
777390
406955
397601
197960
275725
727267
493053
871540
366577
735413
909854
493667
348186
527368
279691
639937
55163
840760
808363
739115
476656
375172
461900
183859
762653
727196
179265
694648
303365
744436
52930
80755
667743
966883
795068
459821
694151
288121
331361
577080
23535
757567
70748
888073
284936
350439
528010
856451
707551
852726
595566
700559
744250
573819
884418
506904
301015
63683
201552
604381
324472
770834
201488
508567
737717
996556
968388
948220
284678
816101
525301
824565
573669
596049
712638
374957
462840
757001
747760
170391
609727
859678
387302
870329
433497
271720
377233
734513
851756
95137
338894
692580
382323
540382
201147
120041
53291
685888
584613
337969
18341
109914
678886
108362
222315
391524
999671
201507
148525
747431
888250
274604
607110
275552
144934
556959
547273
38519
291472
915381
650009
146718
124313
32332
203453
841812
668725
256744
527700
253339
594713
62394
879605
789951
170756
618273
181475
170428
819780
846353
434211
708031
637309
557673
499935
298595
114633
47208
337115
922457
478941
503476
69176
603254
52160
272629
445067
720886
529373
489119
490577
640438
67865
886534
430389
238622
504807
128216
925402
840940
490921
875965
548971
644583
433639
48906
943178
64624
612467
280293
987081
607760
300121
572609
727367
352282
845238
688786
589520
890963
694257
80097
47753
762123
482983
478142
517097
987791
122711
442499
345083
129984
834816
894054
774567
268455
459312
717746
849431
588131
514391
836513
712244
814513
409122
439611
683147
770713
128397
272667
178028
339006
869116
225782
101129
352099
220276
618226
856242
342987
577077
201325
989324
411894
611731
763891
196701
587396
997989
46133
691879
512381
398998
404123
843246
324472
360086
526393
95185
4835
315412
273214
343842
184528
498996
444971
536627
719272
579550
909222
578612
672979
110547
84288
601225
238631
848179
797927
826027
846169
360412
517906
874902
759410
438382
234500
83882
798468
277245
695420
803304
592657
484986
147146
777185
500334
108469
830164
735958
204371
739386
314570
877351
849934
398858
478576
604917
763390
792855
430944
125911
669619
465202
517165
429029
903584
751665
29264
702053
28910
724684
505357
621567
726022
168855
915104
226356
277324
745268
962314
481696
484655
793237
875399
850941
192095
870327
455858
471837
179535
886802
597748
849154
352004
631265
794536
255589
382930
823800
473994
411840
64836
495703
549759
790858
664558
464863
533566
941882
210132
495880
939930
211139
289117
331681
62080
997565
202009
34290
469402
897896
437444
583503
747050
789448
214768
541586
561389
597699
881738
551735
525891
462926
47438
592003
770136
711996
573218
303702
170231
783350
799583
626513
510841
605052
958195
572921
602617
676556
123563
588372
574452
561007
171875
837854
350456
902995
895793
428197
17046
293883
496285
59290
756810
543723
651293
526946
255720
224511
347001
942303
524214
662936
568816
551407
267988
43363
640681
870606
236271
764244
458978
327075
325252
147205
164930
192060
50200
577075
136609
67247
870958
632894
642889
627768
176618
294182
671067
948690
35045
534420
407345
75611
197356
976161
627019
465344
535877
267700
852302
772148
31944
827632
615576
357196
491189
296858
65608
541390
873933
202218
124989
744891
835112
284230
889012
11730
578412
76431
476772
129809
610851
884117
721773
808207
376631
865144
789903
912508
132844
642206
201008
681140
986190
332936
554689
477380
629794
620297
535122
503727
822515
176463
764971
173980
460693
170335
185710
555457
246766
178835
685266
373969
62952
923391
182176
955935
788535
488431
868443
921379
646989
585804
118872
633180
435092
673561
626912
64887
810210
162034
84966
149078
338497
849937
323058
799190
536624
25120
870999
299742
203955
556265
673711
783260
479657
372239
739195
268192
860671
123991
705924
507660
226147
341148
657192
661239
14709
284104
726126
341271
446138
811093
490349
300987
177382
329759
616529
230359
354880
487528
530101
75187
560146
203813
858447
556155
576052
597643
340699
953075
237986
562975
977088
464133
904123
634280
125372
435184
434737
367851
776456
880875
695296
783157
698215
389030
112917
314744
619389
467797
318625
149491
542984
395123
353304
917784
951278
445708
31779
291977
398784
269765
854953
375872
250250
759076
526504
891974
194261
961241
259825
487069
358469
955121
270226
56684
344152
383143
887780
479893
367292
722757
629384
426629
117880
982688
344413
585510
428397
892544
877488
343533
162309
248793
235757
928911
524221
762261
820885
234834
723503
80711
721903
598324
552184
508482
655008
412688
407977
59140
892582
291622
298250
521966
718251
416130
21007
579016
1641
965756
471560
395481
825641
150221
160626
61398
79132
684847
823659
416369
436034
63514
13432
674289
661838
565617
699123
833198
494657
107101
408691
903591
398723
706941
941910
633326
639423
962917
728694
641064
445025
716606
552897
270666
383179
713523
332064
978663
914723
672075
395032
350757
251942
408465
25046
430132
490434
240522
779683
501443
347623
188374
405035
262698
411667
863297
412376
51090
826214
657422
208507
787591
374028
761404
58257
273559
474928
906673
252222
389651
578748
163606
256760
830690
88423
798158
777175
95209
38680
556858
596653
902655
745232
518040
165353
156899
381337
94081
724341
723903
751503
932848
511494
641883
694253
86103
915442
685533
509128
684016
75184
87876
847623
848296
434919
936046
646454
212094
31256
201487
285304
144261
104142
30536
662301
269496
703787
559990
879929
428128
800245
631433
877329
828091
273316
571582
914194
705111
773467
423322
389127
365003
27550
753102
213299
978821
689149
376105
707267
236757
577592
992571
897370
681735
539459
76023
467583
243246
636013
347512
187727
436258
978945
65056
264349
768614
152990
694895
473725
926457
634569
379204
291460
662119
132307
21111
157293
337808
397216
864560
90917
974809
857132
988287
172896
396591
64310
640479
156190
216675
987991
860269
169285
483289
441677
949986
251903
594667
644881
241980
37476
795802
621184
845288
974273
753491
866399
131566
607651
263615
512479
698568
754776
369611
686855
927672
282554
267517
568151
955096
484192
72495
815365
169829
555784
257042
119815
324039
368061
281048
566019
921889
76850
703555
767177
51124
457047
633576
699042
581050
413544
211521
279619
684672
97484
482826
128697
896391
750344
213200
851487
750888
285695
183205
920718
841479
956599
556885
681870
324661
837934
247889
246550
431136
951445
530080
998612
924844
680008
697655
505894
609904
909176
301865
294577
523013
784692
423274
419404
535036
152826
787243
802276
438522
970448
239346
796353
443400
796232
478224
284413
150518
726113
530963
98006
193910
577395
96619
118754
257404
310626
141001
867308
219802
442866
678237
742815
227558
617863
678571
278946
770690
465815
597575
209212
436263
836921
521917
396015
149505
141
680428
816375
242607
211392
914382
436517
305139
527353
71624
562543
837979
728977
946204
57781
171843
624441
316949
915754
758657
995520
711052
529347
977687
308627
254911
930303
661901
776828
326318
811406
776970
6747
144134
19577
734491
58516
972446
39630
585869
560422
118526
423848
289399
64730
997981
977595
205523
831282
893349
964180
343155
120753
493527
320842
429381
748438
251145
607634
525267
577464
935392
818589
584211
79526
354518
318702
654394
326964
874684
240263
403739
993210
180463
693138
574292
694797
670733
779816
526079
80434
260348
869234
201188
753876
190077
630569
18666
957574
238203
60285
51390
173595
878874
635601
769474
749744
470655
423868
593061
861692
180484
996800
854902
360947
689938
945547
55744
877024
725363
581824
957458
985711
967410
158646
255939
673839
305567
790958
631414
60122
851243
682804
750070
246470
834758
519544
996214
821765
943412
105627
683457
123896
102427
54712
1196
792366
259
56940
669390
241974
155116
143200
744037
638879
301847
516329
312718
607414
307287
460484
667537
674882
143289
417607
437704
494399
937151
950271
316164
396915
55898
515974
520812
158326
87038
38360
467044
87297
95300
652786
845623
766769
795986
106012
405648
97833
622341
718366
705248
445980
178851
889137
637215
838492
306744
74919
332891
760247
25190
165407
157162
81089
197733
194326
239415
284771
232686
222811
888420
844339
875597
734043
611108
671583
840056
533108
769417
978749
251474
991017
941082
946677
396506
578297
301521
703250
653216
150764
979849
678407
832524
653363
275848
30257
364042
31615
315029
596728
254426
203449
957419
130023
453845
84879
317958
810253
617987
603727
789002
385814
111096
730084
848843
507602
824733
150365
210852
477950
817481
707053
672709
650005
360417
464909
680263
724459
496524
995292
837539
267302
715093
794959
397325
168938
396190
231635
979191
14178
835363
284546
399992
946459
530982
765187
454062
355716
915552
181266
350018
733034
888320
22727
899391
765089
487636
579654
5900
500512
91298
843439
767814
806392
154750
681491
491682
550941
913126
987226
81471
748489
271772
997815
211301
802754
763002
665363
158470
194907
846629
508488
927941
251301
47567
343684
532742
51555
923339
538642
68419
14637
382082
836233
337381
53184
34076
345416
120477
947203
332642
201948
212044
604414
199763
423345
923520
962766
605060
598343
157673
968042
623183
601966
219343
187103
945650
268438
238658
385341
807080
823430
916331
705514
659663
770064
758699
210092
115480
879176
157295
964474
597477
885691
85240
797240
825389
8761
276358
430449
123456
434031
398491
746639
552349
134187
933742
14352
402625
688753
399693
726057
512183
316024
431572
688198
602441
706623
898290
717921
585799
571937
682396
699628
973981
767636
496869
799370
292749
773227
746171
416205
723611
144663
679197
275960
795202
612939
806664
197827
818044
206358
440236
846579
38734
871808
534778
641175
578431
949420
875449
680583
37710
557845
380211
11691
841833
877080
327413
134583
166660
73584
67140
890271
734599
746337
682583
529801
875629
489248
243980
210025
211958
684217
56605
250692
556025
107735
408220
650809
573507
283669
331392
611217
357866
227955
139260
199699
621388
466673
850634
788048
56610
434127
194671
791209
696816
877254
321011
572445
882854
81343
298823
94812
765560
355428
861857
837938
979515
270077
488747
553022
553746
336491
680592
911612
80798
819852
627663
702186
802878
994650
6586
859488
428777
717609
650697
125593
594864
488060
214391
994070
569404
513214
88883
851316
384994
950740
689254
364509
737169
694353
433883
290915
547196
630827
718879
627995
450680
346542
330181
769910
341192
853120
145750
769969
570729
796447
411915
681945
800860
626306
676016
886616
655872
281251
737932
40866
748343
427187
921727
485512
637892
871962
292779
185089
502790
11658
813084
469822
874552
659617
239732
215745
512737
385482
502066
83467
698281
430333
281764
15493
56639
957780
902109
712511
755383
640042
269729
503726
583581
191456
989238
221473
63419
798369
922914
566209
810027
735998
552383
684580
395616
792115
416677
424705
693949
435095
24524
908582
865429
306289
924076
438420
264069
342537
667284
19453
982579
937013
39531
82512
644822
545122
820338
224593
343491
743252
790802
153519
995603
859537
354451
907571
651652
287480
332276
861953
238927
356801
286887
620708
179442
210963
59129
443511
69853
242765
979316
568784
696130
535200
651297
340952
80322
987987
81897
423813
247591
389051
577332
243194
248588
448135
667117
416592
251967
999394
278545
490895
872547
565433
111603
568341
292748
687084
11852
878953
929849
507521
447738
142332
42721
99035
999636
123043
603374
81534
63208
850965
470585
156893
610512
719174
605028
277629
135766
856996
793375
930664
347891
182274
12449
975846
750615
821549
662931
278820
700503
592780
302693
148241
251464
861766
763628
251101
984809
367002
332635
564369
734319
803220
721262
861183
38746
326291
138813
690865
699639
448540
621529
563882
630815
150330
539728
897782
971879
202659
692954
188734
311792
995647
336975
563256
857413
616955
814357
358574
500309
663344
922944
234629
982917
644206
95812
21663
486849
750977
228880
186488
199518
850409
266722
346685
517091
806451
760819
488971
525462
453774
194057
837254
449421
531033
400511
306835
664340
731220
181761
164650
910917
104705
399279
893834
265264
11443
431849
752113
762421
660730
454954
478291
27491
721676
824976
544583
44479
585795
549906
569942
555921
743963
407196
5343
791348
324059
828530
455689
571632
10291
620339
482549
631349
535970
376383
896613
547413
324584
165078
826186
985314
620032
304477
12806
858061
129453
73741
902540
231601
139999
472482
787522
883962
879679
309217
191663
203738
654099
647352
775370
664391
784043
774271
812092
320013
150654
708705
383778
475239
390135
209965
976905
10168
514442
506063
868229
160248
579804
770769
908201
719803
243252
212075
120118
639283
521293
311781
359373
691744
475485
651096
356135
259528
425367
684579
95893
92374
393284
996023
83965
783420
205988
60870
309940
720431
566934
694521
397031
663090
981642
305232
382894
741246
33659
19364
380529
71304
331145
256255
763049
322982
907351
635536
582510
849070
320116
194755
941444
713400
190778
25409
13172
396767
602632
839464
633550
169566
533985
546933
832656
515628
368517
731902
256874
402176
751266
153756
473481
598763
410011
236530
921745
833714
872066
20607
682784
192182
215362
140581
421935
922493
682342
951459
835612
284974
307276
985514
454540
357613
532447
803549
873241
900964
535451
646468
819492
803070
316576
292973
401833
242939
45855
839931
76653
434274
860538
275789
142808
592253
416370
564743
514746
98713
32555
350358
383687
339831
335872
354580
697444
384671
158129
87038
285635
209932
249858
105127
529354
566434
914453
447540
325725
960308
287471
402378
910934
664361
678167
53743
256614
610890
134838
771360
709603
167393
638070
609642
23576
973942
964222
237373
874965
638703
840763
160600
364988
90621
782080
894342
173407
212885
858234
499132
689545
662057
417862
600480
326419
96029
654223
583033
706919
789061
870746
932874
472807
508816
542517
496383
999111
23091
250108
874076
661795
90871
551029
543135
697844
849461
437477
871251
62346
812064
886735
751891
474121
304597
868723
800540
916979
522946
383574
140250
828360
254320
589477
301167
279488
131994
313902
278599
671437
564011
152676
333232
171234
703705
876367
869079
553166
830197
256682
131864
158613
143418
883755
632734
964367
268831
433275
397698
308129
333201
54301
136489
103873
643778
954008
383361
292124
784263
661961
963561
864626
330989
813146
35860
34694
205865
421291
104212
36062
677974
236076
194675
821392
636183
343762
302111
421366
293389
699810
729496
626590
754111
382337
246815
914241
336346
630176
206365
636961
808489
169926
17939
139478
983072
53799
690524
188938
991443
794736
741352
669417
547164
452380
7161
699700
796142
309272
121066
89531
525434
850562
232473
795897
232900
479288
710138
85598
625816
432855
238911
434306
602782
256850
573784
102206
827001
780661
807496
818444
91749
548849
487861
638914
517581
495022
854966
830075
320647
976032
919606
362433
342947
668431
158331
92199
147719
384821
694149
773535
817677
933060
724193
936811
189910
814330
39017
16911
594991
362866
351708
686740
428067
839569
842006
945648
850944
696972
775723
687943
189357
211681
50376
48656
880112
725059
140855
544183
626233
835004
317718
443910
284416
558264
897073
474326
372594
452442
7589
967585
815308
359297
170677
243375
715219
12684
189023
82515
226008
481098
286810
931717
692779
337186
980373
89243
578598
637580
633426
204831
988936
467497
165093
273352
25761
62166
264030
398355
30960
787972
882292
846269
663621
52969
605996
895192
582005
311372
977707
808014
792470
264517
256083
1602
118056
236457
90845
213006
390389
240624
417837
895678
224473
99282
685382
250234
677800
949413
164941
708760
253737
563585
555029
917358
616554
161026
812551
714912
472398
306610
39278
781220
87480
295361
782822
205536
48170
390020
934894
438560
146996
869083
850590
371469
968365
535972
621703
646165
485385
302996
871277
255474
866581
942659
172833
999487
103685
501736
714399
92435
808346
753677
390007
412178
565391
689182
134066
613561
79202
68960
568473
226198
938043
419063
597667
422760
955036
735722
585277
956773
555070
456555
212248
938003
399214
901433
937490
19251
403169
168242
628038
727867
438271
18045
656398
3662
707227
790464
617224
302781
859425
185697
528979
313820
121113
642998
736581
76149
895072
321858
549274
966494
778413
761522
904497
693979
179307
841988
713230
582476
10230
341268
826696
448501
875666
483094
968516
582893
273558
585740
885675
649335
287789
931006
963156
408902
90357
216089
1403
501781
537947
550678
468276
832713
828552
372773
43044
7860
731113
756275
106688
257695
613895
933384
222549
5913
932830
191065
105159
206389
776805
990834
372076
580946
438192
851584
506201
44901
67673
507604
63035
121973
574634
531311
471038
403187
420436
514082
927399
151550
786709
34087
409245
916957
483824
148146
922870
416654
339211
28029
139395
632368
535215
511472
213315
489760
879408
719516
534661
947082
743472
114048
585407
318107
645359
56445
237646
582148
86879
165045
733698
873589
715484
659295
306898
199308
807442
229768
615963
663005
257798
755358
295374
309365
783182
25041
799125
662591
260909
850139
126025
520733
964187
711432
838840
125899
284229
592838
708047
371108
274235
958097
761049
989720
133744
67947
189028
457538
814068
321343
120544
588218
593054
932270
897583
376236
473663
213061
38827
734572
63200
164852
255305
543739
392636
610498
185990
676865
719688
894037
564326
993924
368486
325375
983644
502231
909675
689024
476121
723743
526720
113017
311961
119774
45287
725896
496010
35302
938957
51190
769874
2157
216042
541532
62249
125031
668382
248239
801896
388070
658629
366222
381994
27115
207950
881990
45698
117625
87367
521820
357720
614087
151189
669681
733861
196477
395577
746223
231779
334535
797413
518006
853044
529808
575890
431645
654839
244272
679885
456735
148694
854866
339310
47041
881981
547260
445383
444032
181237
532750
482204
538957
663189
633393
724990
913402
346222
120567
659626
94354
971454
973391
612360
340851
503199
704602
772496
158038
948874
968733
131126
613920
823599
986788
660961
221933
50400
106345
665965
231637
639095
664521
286946
818637
297914
11936
732039
644137
132503
908017
738491
620310
881409
867203
961161
900960
88157
250009
575351
553383
218743
222829
167303
42342
209617
828265
780627
776369
934610
962944
8006
90057
627465
294952
425046
925380
823240
673438
85869
955743
581455
340712
92405
979216
724267
53566
396529
812424
819928
488232
365807
38671
711061
49462
597365
437030
877727
377993
213399
328689
340937
737757
935099
484755
549061
360145
410135
372301
33583
12356
844396
131391
869420
936802
626959
593687
506720
23488
922463
326648
511720
288270
365319
739133
337732
479037
176163
731812
373382
389562
60501
230671
127319
511952
715426
676380
872098
641913
565033
422033
654269
409430
553424
523689
346232
180384
633728
369304
720224
556191
695953
748297
360813
577624
3782
214898
56661
179946
463062
430043
85860
39915
660715
729532
551868
376141
922264
423966
534407
487298
845999
188676
896728
915776
228718
759312
96160
378798
128616
332736
451342
340921
597385
812155
918546
601168
543405
975207
297466
6467
921603
899678
46383
98670
629210
598251
991163
67827
22217
525570
71477
384568
230599
484557
300344
975669
243869
912856
354467
888837
761945
805809
229759
359330
134317
664657
476850
677722
156216
290668
684190
77819
190347
246925
692841
335909
845176
684005
403736
383745
209575
991565
768313
956526
476122
68658
932195
236343
497866
803015
125181
259811
125176
871292
135494
259493
535949
612344
937216
692165
419365
137758
286337
609712
384683
979178
461973
229859
663183
382062
129956
389111
373627
898269
861989
849750
483279
794185
86093
981146
113552
727626
240957
238728
598918
376451
498222
651219
505148
951790
343385
924513
89548
146074
50577
990583
125252
512550
736794
304788
894612
866750
210251
784592
765019
72240
634342
764651
382777
236787
745797
496329
964414
503106
251410
563332
879558
749632
730904
901058
217774
74289
341923
823674
220363
392500
814257
861967
421402
551051
166755
832367
934153
893358
616959
215524
481951
767653
980175
864728
4440
725972
877410
968854
229079
128820
48539
624989
394804
779443
526047
128930
370084
384322
952604
106799
293174
766861
968766
714576
834264
651874
63295
768417
61584
196606
500293
543535
480611
480469
924616
1404
206441
318378
970258
951872
963550
535149
93213
358354
830944
619260
487284
717380
519934
439888
340531
813108
723101
309298
44037
73717
477524
623684
358486
55460
820291
858779
598996
817254
339248
39964
818658
62042
358342
305269
13914
321892
356770
107128
680246
704067
242740
683882
421447
279027
640122
761979
92135
879575
587629
136172
953292
581505
759857
828130
636965
96500
686909
752313
430106
542510
792277
248765
604552
150619
554034
134818
472511
427156
758298
669109
131223
517391
869343
552671
796418
25817
831002
888553
905392
934983
541078
375036
516488
817287
203166
669805
430139
406428
422119
860245
948938
730748
109010
553490
881368
179396
688308
870231
606553
962959
539341
737776
480350
925036
806799
276768
950854
154153
681673
856246
89136
222751
747635
605624
556390
950801
275430
986529
357229
213901
846775
306167
944649
472137
376009
342369
167886
580670
212601
290791
543629
268294
544919
23979
193330
868071
300747
144184
22224
498772
516783
111361
721524
264418
716985
277914
731571
508767
780796
88801
239020
143923
911320
183670
132412
287330
42391
300298
384352
254992
107441
927981
523286
652361
951960
232969
520432
769059
893505
59008
267831
410288
170369
505707
674706
403707
299974
406278
912474
80770
11431
667847
224693
439103
851517
357105
242785
410260
173756
627137
665253
797549
555118
704891
449910
23430
454212
486694
792489
347718
545703
60321
758006
232424
566028
949065
636131
866002
871695
64958
463124
399478
732805
204169
838581
100674
77627
597719
510934
767735
224856
692539
565284
296327
397431
15195
319757
851643
18241
112247
715713
80296
688920
473720
312721
254948
939137
948852
637303
810832
530162
616779
210310
262967
820949
565243
363641
898576
162962
390928
666311
904171
83467
747947
200498
997250
279494
520255
848894
297736
632502
80959
894384
837774
554679
207105
609075
10168
672310
246378
821000
202472
379509
547662
981792
200458
629258
861785
615386
308572
252713
798049
212743
336181
545997
413241
333431
825491
449849
698677
639579
598703
779637
533964
436478
850668
257421
45553
860837
446083
808283
198189
648556
187792
262204
146700
904603
407814
8485
36341
716386
261199
834391
929130
113732
896740
858723
447163
238583
308572
662193
394515
423628
441830
444831
860106
808850
702252
905659
186039
148336
713942
384229
313244
418086
162785
459944
322689
570599
468429
359031
803337
245980
709774
248819
359712
122866
107543
323228
877801
932467
985421
788668
356095
943603
233499
732553
752453
452104
638212
938493
116792
868506
839074
430036
286593
518211
406332
125634
88810
391113
1017
892147
637094
710791
140967
513158
350009
764862
836386
227811
213681
338159
16479
86129
281762
766331
818682
550568
218435
973247
489061
335227
841753
844487
281615
644698
362698
687947
770333
967860
595412
771350
376359
748858
998494
33678
262017
348503
798540
614755
92666
528574
952915
625498
614703
234677
391829
433385
785245
610264
406632
790658
461843
764738
151497
743458
409436
514195
947757
696121
998407
543169
983824
374767
292028
982318
408445
70397
847173
723338
685152
939840
251912
154419
565338
866615
905449
957167
816352
690694
83783
739337
997705
545626
20427
149202
805436
946215
179750
753193
642337
694509
812714
626161
69276
104742
124831
477722
691491
972004
717412
892996
911844
969324
47415
993534
352291
952864
467053
684995
159911
550836
424332
157616
612814
961111
823170
418250
907327
519272
687795
549664
213782
500510
692177
799410
121604
817008
793484
813096
305364
510896
706092
733561
480220
753507
727095
348863
706372
194149
33859
866283
261337
974543
540251
874152
935655
879773
808754
842982
915398
12902
908998
129180
513412
117527
444942
635016
934535
238427
448112
756251
749323
670556
489812
745896
424064
216908
94759
646788
927409
644970
29423
188746
619514
569674
579250
71521
965799
904357
914503
881197
917259
339853
526729
430671
457380
971672
582039
908267
210099
546504
664518
959422
217060
154331
221670
641124
887591
832782
804264
331352
477752
833687
520098
97266
919713
615701
685139
401865
520058
115994
283062
953669
455847
809792
900692
913227
781464
482731
337846
991563
29235
2365
467337
246296
673048
205360
403772
76991
38142
724389
408343
515894
558076
444793
129513
994142
60494
814652
396007
96904
930647
679069
50573
902846
5213
951265
816074
786677
433997
153920
294592
979584
672637
278282
742232
862037
483642
146005
939028
38136
386746
863723
554030
944822
308517
199895
455316
885363
14548
851323
982268
461547
46745
549193
364393
568310
500459
696819
871340
450808
367092
682284
430392
556081
960566
688977
418119
960560
834982
873499
998696
221728
253575
69079
682902
562092
268974
654571
447455
799874
22246
946075
777773
585343
495269
142167
153654
512080
355338
24994
962888
722430
707278
909632
278512
184197
598609
212983
661109
949943
86482
176158
688023
340057
245237
887278
418501
30563
541849
382309
830438
564095
844736
124563
149439
340005
266730
303093
852085
622069
844439
331325
860851
551717
240958
655715
252266
355919
868698
913376
305863
471533
89534
993886
327942
851123
881164
746444
881686
939365
645105
228476
19813
489841
353040
169252
346199
619770
988697
198284
758191
349488
529610
135395
417557
286920
791110
669824
642839
659809
99552
465054
131342
189086
458941
459284
40209
856457
722080
438247
312175
883537
666724
331988
373379
19764
17592
719578
155886
6289
434214
430430
872129
480176
565825
289686
767096
356935
959510
926288
533096
59062
391342
664438
764500
366635
640075
321061
739445
878507
759309
51620
762045
426033
383608
651776
445797
401200
371354
118035
923841
321920
548465
795970
802097
630642
602008
85545
987578
561519
11833
520674
136933
403176
701465
417786
769811
857892
738847
509256
252751
498156
77228
14796
440541
977188
666572
402690
378388
554278
520726
818581
392551
585543
130903
194648
216186
732912
280193
720116
810783
292027
757142
464068
211555
458607
881854
497718
832851
137054
523327
85603
151562
600555
616751
108456
94096
799676
511146
988836
353954
548224
807418
746505
133768
454673
457505
866306
187585
737699
586422
514720
546078
343564
978789
273985
318524
376995
288055
667727
30401
811382
753330
181964
928290
370082
290420
22386
169758
317918
11222
40064
866143
334992
302922
516263
789666
760427
382569
493603
14478
485343
8324
76908
345259
503465
350893
663783
880460
638949
331511
427214
966683
601193
609178
411325
971275
415950
950063
657385
250220
961286
697450
116363
812630
516724
148978
602296
277151
47899
612252
807982
533242
620576
884890
878502
640393
752136
58637
37205
907437
390148
464419
874120
991342
589949
801798
478969
5899
751861
136355
772472
229499
350157
888835
42130
866881
554166
160778
660384
602065
773030
468366
651660
909958
869609
46514
550351
621745
105151
587557
529182
11652
51976
919654
519346
641926
237804
514667
164177
989666
167374
936649
219165
33883
341837
261295
900764
412355
938426
77501
14420
711456
62219
182432
621415
931828
228946
171766
553573
850450
275675
599107
378454
327652
518762
414152
485930
756566
928819
650107
262584
96194
103109
481750
130077
961298
259397
547194
373653
714175
624695
904425
425632
686914
86858
47047
135095
832156
735165
688668
198958
10841
287776
93764
854845
322890
507916
340775
595808
436736
507234
374745
532930
126695
372847
179359
87993
148596
242905
461646
862772
867600
882424
288404
70867
485634
851803
205962
834142
586968
410982
33101
114161
215110
643217
969006
54352
151134
826133
166513
587870
333368
541258
637152
976415
914105
332863
64409
62701
575769
42407
925473
959721
924831
730229
30588
410465
582032
752902
760960
685353
680237
794061
315866
895347
437278
284873
466052
104764
627358
632565
692634
477078
173823
329786
453494
604280
662650
34255
666981
754771
76662
108807
714492
517846
839036
261433
928311
937421
14335
689271
622774
210924
999684
938640
622624
953315
739865
88676
58079
883576
721241
267066
360654
411416
113204
814148
15696
292206
364755
199029
46977
441418
307836
761470
959264
663225
22903
403927
600646
553590
609551
739772
280867
125587
678412
903491
78902
934630
992167
653334
818206
229760
436752
695212
157528
549956
25713
689576
358515
390468
888605
405492
831886
712794
683314
307502
376019
706217
711430
493017
776160
837333
232789
57027
962920
427553
960518
558175
878535
469037
727861
213093
215149
164613
908306
372677
714569
450371
62253
73084
840839
467210
994929
189078
180004
678243
496580
72375
900813
724362
565392
676973
561695
314533
250352
524616
258439
210870
599143
136974
196259
327004
866420
411408
491617
774726
300437
722538
741449
362690
311975
582288
829900
306904
287718
526257
501499
300651
598632
402312
25013
680377
79285
103061
511262
329637
144029
769701
56859
743172
423028
253118
70176
289448
180878
78145
580526
481315
800683
321975
360357
112658
420615
190258
935914
708334
716515
437414
525337
831499
839726
66702
511876
435364
169763
23139
281353
830144
309192
854565
89668
732220
624035
676196
538020
804914
754341
118546
802581
71377
956873
162939
184035
893841
869549
636302
118527
586064
73716
643864
933915
429794
710566
445792
381510
396682
985283
662864
226826
810827
33781
832847
543048
657816
509043
597420
979082
263385
232319
781664
334762
189192
460955
35149
83033
330504
671451
201560
432920
261519
361776
366835
207666
72343
812627
589176
985377
314262
768392
212203
125090
802173
45050
184490
976342
70446
781910
955424
333831
530581
253440
184945
719774
714395
736446
319159
44899
924250
37072
477819
185769
915200
844655
393435
987543
173634
982612
972920
4249
267356
701476
645691
69530
262878
830181
45872
333324
128443
517648
183507
659025
287441
884804
895151
1836
621251
730662
563088
545501
284086
40907
247622
199287
401914
641058
703182
91901
140022
676103
96150
407378
893931
741841
993260
673161
88374
555484
522838
733169
589485
222697
908546
876926
107502
803697
878762
245105
50712
958202
790606
334798
999110
38228
50437
917376
195638
753620
9277
852012
946075
621779
775743
840006
879972
769003
29519
484698
840840
552357
217868
430325
775055
126414
823603
882557
446464
702365
127662
13528
660568
434620
864678
176030
989200
915116
609758
184839
668736
135388
36851
614811
273519
812594
971169
153492
97950
688
638190
455142
553046
372410
885467
328101
498825
709070
727010
461641
927787
371024
475169
104707
805644
339847
797089
794844
254963
406848
496035
440051
58588
49239
54862
332107
861833
542383
485599
476135
543072
640142
931277
612470
12552
333096
456923
27729
558518
183933
489370
486306
71309
480891
107365
876953
820739
904455
188149
592054
827655
200537
548458
886243
249776
603320
218350
627961
662056
220302
104097
205128
860444
551726
333950
389348
884823
790873
417078
443341
491158
906448
445999
562467
387340
553365
955772
724431
974172
660273
832837
318179
860810
381295
204422
110586
500968
939124
738548
163024
675778
358997
884504
536222
910723
218454
925571
311898
9327
342649
271592
500485
765449
717591
579304
152789
787308
535076
393572
277832
195349
226410
596011
572512
607705
800433
683098
108673
255910
937998
271697
931688
813347
156201
984263
724071
374655
426186
552321
900334
285187
823913
400819
50636
57857
980123
719778
361517
31551
113350
639350
226901
856112
235361
315765
463818
552147
998863
88843
808057
453214
360541
256097
266561
33094
240360
506984
924102
666546
59306
824436
951733
399571
741608
518722
973780
238083
238500
335298
269635
868202
974648
12888
724315
210009
328653
704485
762156
327516
793328
86565
297082
670221
342663
563644
219668
583023
70628
143770
765922
646286
484558
234007
562210
226166
752729
535990
464250
507581
871288
733885
375784
845936
746773
616451
55946
591778
320936
334454
919294
630616
421020
216377
300838
280035
296373
520506
863058
883353
180628
145332
529640
665186
379340
91850
407705
648421
144192
871955
672355
15481
122192
48139
861417
385317
180942
433715
977095
18230
284522
896389
648846
705542
629118
466036
501929
441843
502894
364987
325197
199874
26672
371189
865061
922364
979391
272766
87137
123583
661073
759492
139064
783265
323983
516834
168582
504925
950549
145677
39507
235071
558418
204706
456965
703889
670742
958894
662084
689989
840234
987281
889863
383258
358470
271276
305622
337861
60394
909111
977797
721467
668604
116861
21084
992587
633695
706018
13865
100597
368047
53372
852020
926466
258078
825338
146707
445173
300584
808791
135162
140818
312425
541377
40428
187247
329006
862402
41461
389400
771514
19258
627220
440118
136119
164656
949057
286167
870675
962922
386764
238722
16295
238784
681540
274373
64122
828247
719546
364707
153391
371060
21877
465816
428790
62306
653063
757796
441060
694524
663548
212574
713782
290768
169044
366254
455425
118102
652421
842452
81024
39185
81174
613671
794321
762715
404397
374796
107314
123943
739503
260705
11356
277732
242873
440146
856390
895937
714294
297451
106813
377842
26377
336948
184963
195422
703202
156740
829876
355623
999192
910900
394808
80366
40924
705481
359433
445321
80277
466748
85616
336132
243805
96972
613865
486679
53470
986607
898968
767764
800410
5781
661959
826788
342729
846922
538562
45931
3662
368438
917906
2854
795690
829066
599572
836614
534548
475358
281935
614825
458458
883904
950958
702263
980876
564823
705294
550699
551430
604262
834815
351841
126396
496774
694981
985477
860048
233543
547761
863710
601981
465667
382916
914023
294734
982489
750638
829282
974199
548925
444107
432657
432829
395065
134920
930058
476240
840215
480757
544023
960829
831924
412216
603577
328699
623549
589055
705099
857092
136816
568810
975425
118835
951726
889448
929921
450567
156438
759203
941118
705364
719663
373775
138193
631080
508696
584603
623673
865263
65360
167696
342444
413637
96264
946022
258688
719813
51429
963787
93257
704597
532597
68682
823432
676
474482
753354
967595
630921
28909
908714
336285
748572
282489
990830
896005
307537
575434
519678
689152
157146
203726
547949
570783
816342
493971
829471
536155
545400
793259
629412
766349
842208
214446
589781
359236
688928
859487
326832
319849
888397
751898
172486
153321
550739
679669
49326
858277
771455
85356
63781
444953
289082
611730
532089
105424
622053
877912
157931
683805
671171
303695
450154
29732
518141
556288
388968
723422
415775
232152
559623
820524
984050
248462
973846
51142
928131
539524
425771
699586
141233
489552
144539
946667
617635
192980
568444
239688
70893
726375
923494
258416
546423
890000
288148
580916
446288
193469
304338
862064
425621
863962
682588
926024
628776
172786
493518
556907
228663
919289
772845
369896
925193
433736
832915
542828
626717
401359
298869
697610
644087
738715
956026
190510
628715
760527
771426
75004
953996
592117
453420
895969
972431
136008
338345
601207
825147
831863
158114
53810
267504
447311
940058
192698
881047
772973
251878
507764
690685
550747
721726
334772
289462
677753
525282
434530
954632
813060
509534
908628
921529
962954
320949
893960
615314
175647
11519
440461
7510
685985
10623
791367
133296
467033
984065
14344
756359
752295
38460
447044
303043
276539
781816
108857
470644
823450
543387
425276
152862
569273
850256
74392
48579
171205
484704
663894
863204
496224
620707
387067
182209
147683
178434
315506
131068
678851
846202
887427
431146
401014
334471
250541
193905
632639
875751
664549
972441
935490
606177
125304
504764
456433
716048
553343
143991
200752
733589
7195
213328
870649
394262
911890
18332
89048
743748
149400
767899
589950
36828
715398
507316
887651
965939
217574
520291
358042
882123
9084
293533
488301
134388
798297
461086
366788
867992
121429
83893
601582
128625
297221
472231
39239
209111
6915
128288
952859
672667
412539
59161
709495
127937
82830
113499
610229
300404
150142
968271
698879
159226
261804
703532
809967
576453
164619
176755
444446
286048
777000
46028
931025
74222
34611
486617
799685
557878
614905
268897
230545
543796
844410
456393
671734
443592
569892
798315
743996
236386
766586
959228
395612
544743
662760
721931
121196
343731
898687
565642
629780
192039
128022
77157
782613
162633
563774
582299
236863
178679
367548
467409
238828
728310
923802
910562
171903
10046
225229
432251
246432
991815
391479
158396
536558
54240
880328
657755
397971
295367
739749
544103
487406
867772
621261
270020
546757
701387
368671
783621
396419
252571
251030
635247
980881
691184
62161
669136
701230
287390
101388
464014
279205
492867
622410
332116
63459
19090
506223
977783
314457
245972
38238
318216
113744
175851
104588
660502
877239
473259
960475
273658
242182
211505
425257
223063
419041
487418
892200
636623
774808
509940
100637
570365
519159
239399
902481
582619
258490
925056
76754
89299
171029
114992
407515
284773
807196
28455
461627
684435
18066
422102
474445
260248
149959
899702
999664
569000
387120
408216
205623
678280
918156
822612
248645
437315
62012
667479
536286
836854
592535
613040
926153
763564
244385
850021
564690
51581
394828
26317
252368
412895
964772
726813
673143
114731
142867
189159
200084
529987
597375
922059
724619
31883
744672
973264
469199
323036
157095
521837
676242
749631
651230
118747
29547
895615
485120
110589
463548
879949
136907
715916
292844
618031
959081
965987
732762
101948
155147
449198
631935
268874
371258
872906
300758
632282
846170
286309
471670
519618
808146
147912
269249
459376
266659
815148
871343
751780
925738
334891
631729
578997
567159
924573
197028
526240
406912
446142
628188
78411
895341
776475
347286
782951
649381
164396
931585
11904
450705
403255
531522
775203
551167
317123
750932
334178
132271
622275
85958
574361
473519
234039
153358
40678
674964
866738
566919
598229
829233
195107
676640
724574
487935
540278
23877
137316
704674
955462
149220
155379
875069
680742
930583
426236
997865
681515
760414
646489
820142
362725
737202
293661
113116
890561
334340
788081
273651
417611
902662
102884
129070
579302
343810
617005
119581
367687
270674
824255
839501
419894
495987
714570
616989
942922
657158
131206
624437
933925
294047
444579
813002
31250
254593
926118
921811
105285
230551
711814
522896
133213
814699
168318
228868
674861
301676
864801
558901
572350
205408
398402
992244
701395
629325
125585
644317
802835
256792
785106
736760
550839
229686
549762
582089
631
992233
20252
105916
222784
732067
145164
872350
63118
313482
617570
737979
615158
482371
296880
703860
687779
211635
212457
389175
357312
338042
549844
160147
594834
334951
896908
662026
80989
963022
760467
81620
955255
780720
703888
694392
29139
849052
83094
608609
678886
700664
862940
810397
183035
159821
514257
870814
887808
726714
776341
245120
581109
842538
405267
175943
693841
302175
354321
774830
265198
114789
372802
736805
411861
76690
431197
957352
442094
514291
565961
637332
214955
428901
447729
914342
105074
478339
301509
992882
721405
77850
754354
302514
436740
159622
994810
130581
978149
349131
905411
759699
463920
794565
496505
392133
387607
444054
349485
829701
958346
915446
467034
689653
860700
431115
603996
482126
909454
905505
991361
630860
499707
745715
933374
936448
421689
928184
583381
399839
793668
5145
675890
773940
799710
172395
166074
187318
132802
515559
533371
91148
431006
516757
297153
808058
947873
901149
290184
373679
323006
281545
520891
822714
27261
970618
275514
448950
415154
375247
365141
208822
380392
41032
982763
696455
729779
148837
400125
862581
664396
933496
470081
611754
966606
767235
936164
430831
184736
226349
804510
507743
507894
325402
846809
51507
812372
638675
16810
227526
13922
381951
952701
394315
939335
935464
90770
185467
600653
490895
564400
781401
940743
34482
393156
907349
318069
329320
338180
502805
72021
659043
526900
579916
500797
373709
147775
313169
12384
164585
57047
26307
62889
9748
936974
518576
945212
27744
704043
62217
34991
784796
843619
975734
819278
236775
399436
653699
82447
253968
672856
154469
913011
199757
250737
930160
573466
914864
243329
102203
79450
816729
644862
658691
826477
581836
177267
288042
125932
397663
350259
160923
182459
193878
653009
518089
947005
568797
171788
545805
822766
844644
216626
252129
560753
983715
182290
134220
898579
941971
752775
978029
758700
397637
153072
101530
979473
846692
389572
105405
244355
739831
782680
943166
450062
435689
977607
913419
4487
665747
459224
343605
510391
675850
595734
587497
659565
294376
238069
74497
236348
990844
52526
511400
388481
721951
612930
884306
568643
518854
989711
329350
775038
288743
272516
225100
724432
250123
138519
245271
915870
114096
588876
942613
789946
184611
46462
965864
478987
284531
40361
231687
275375
609239
259440
180208
847542
872370
580866
416185
907577
86929
745535
682615
375672
534403
907715
100105
300878
562586
345376
733100
676682
450605
192066
982981
635216
238528
465197
630555
523060
21910
378595
314787
147501
638035
494996
995044
26757
75862
411229
934334
162792
673117
616949
54816
207520
41016
154921
24751
119955
16650
757851
312989
467255
949917
295970
618823
188446
277519
765730
227858
299429
144325
542645
446931
298712
553993
441975
325470
146208
369556
776156
825352
42673
909458
880168
766546
466826
551442
791297
586781
568092
549148
899771
551699
15418
712093
686874
720216
989613
452604
948074
289042
113282
7071
252325
411994
561065
210652
253816
223625
580209
29973
48977
622882
939431
445497
905780
922609
996939
697077
509391
81383
762578
409162
149434
777996
637607
836308
498212
627220
805265
962638
432615
918547
969709
684940
846893
47126
895593
100710
270751
992154
647035
836080
131388
102818
281578
37169
25427
794869
734246
534818
392605
496824
460332
542039
791172
97940
894700
289384
241512
216317
768374
674127
651216
738084
875420
498109
785210
287365
115171
572314
279519
762206
408394
410907
381376
206324
448076
406804
1194
698675
457974
393799
711851
434659
452190
503024
48951
863242
308760
290463
79559
77135
964591
730775
331571
356363
745237
116781
643728
860408
205447
439599
138967
613842
366858
36695
820166
331287
959851
337712
29962
417826
247863
258165
368837
216406
761189
417788
79648
586302
224603
159208
179789
705546
406335
511360
61909
151572
144493
221989
528333
349941
661588
667300
963783
28447
220347
300301
359734
180199
154366
906048
598025
402229
164213
483214
618635
441755
901002
698284
28057
125605
373844
207846
831152
296531
235558
409413
448104
380051
631403
492789
729992
809343
676441
210127
354142
896788
26781
230228
76987
181147
136276
675012
99728
816842
674578
718364
258597
575580
933000
803006
217538
823196
527204
565042
119727
762762
490807
84183
142813
122210
576972
389158
447906
253413
599285
802048
150202
142418
32277
227189
323565
168553
418554
423294
501747
609484
658010
276696
185065
591010
79702
918955
930558
123258
349
50285
886020
491156
650821
545186
129719
227793
934344
577625
997559
49981
379673
664113
708752
411950
891302
548669
96856
826208
971963
598603
435693
146325
391652
137110
253687
471354
572417
184245
110965
572766
750883
996985
580274
401704
58523
709993
145849
509219
803970
143408
559201
183644
807521
784305
111946
215176
332974
208802
557736
304938
323758
993429
967615
715410
646891
221303
703116
219308
921900
814081
308426
672783
327419
405053
590839
385942
631398
736689
895162
435369
396449
970715
135365
203971
755020
247311
419147
87994
972466
976883
909284
296224
486665
393252
527986
649908
130907
231102
385569
52807
561536
693995
241943
405307
615400
349134
307601
246799
85823
719115
682168
482273
689830
817533
202596
961202
581196
621743
565549
553662
114978
991185
849886
117995
384437
894224
767904
515344
125327
153473
84504
203215
363820
326447
608522
979221
191933
916123
226020
277757
635239
424540
276382
841421
758425
478978
318976
855973
617073
400877
409636
248403
392062
775874
366399
292852
670099
134303
324548
311778
287776
409052
514993
167948
251851
639867
147169
443785
72342
889541
237894
707581
830433
514276
65355
105210
509606
900683
961184
643031
301560
370820
891434
693622
663046
257833
502826
333145
908488
827375
644923
712616
236427
676268
880565
4631
316135
544086
448416
388478
433628
202662
612411
780413
716938
194118
885624
742896
94801
846808
385927
396361
733980
277361
606336
913378
51547
109162
246524
960035
936537
407799
189004
689317
600420
69569
693948
916555
130007
658716
821385
563635
861378
950149
344049
94668
144267
746025
353916
755421
109185
739843
151782
359517
533556
274470
272895
585103
383633
519419
61491
836522
443571
766847
42191
43991
836416
252491
476898
966423
911207
814636
46411
288937
764785
906812
899957
425404
652837
253873
180825
278374
510068
848960
637891
43625
123430
910786
145080
23415
946558
722923
376290
390129
489770
418481
434120
842538
670973
427370
325314
98532
242006
371725
903822
523143
794889
803779
464900
964078
574005
162077
242452
84073
11037
880343
644050
650820
791129
305483
190587
737687
28406
566877
644168
34529
501711
594640
877067
172684
22011
202381
787568
264017
90458
691390
303513
401699
11522
768413
365777
585527
930490
608229
185952
457880
4924
346355
108700
312406
651838
815639
50093
196596
898869
210614
231125
400580
805254
108193
573264
827265
826926
877184
607635
433737
568575
911148
351788
580097
195913
717566
681976
126403
842147
384280
584283
847072
730635
209335
675830
382473
541327
242275
579070
440196
452889
326547
840776
258144
951092
930392
601761
778019
807576
725748
728108
892503
153248
79896
472600
349161
313814
670928
991917
672314
55209
576200
35738
785844
301888
711568
684670
843215
953843
780092
799763
406733
106639
640539
181229
57732
570931
782990
352103
894859
25091
596563
787363
178339
676459
259963
43853
506626
447244
35770
178940
502453
128322
214678
804649
430210
442598
5671
789777
396441
785763
589540
803174
892403
746431
500755
950135
317362
800098
818590
212222
825189
415153
999585
519880
607964
775900
563733
114590
739496
599503
809882
758301
727826
540912
562951
674388
983510
84974
980518
379952
870738
570058
699478
279493
316490
200234
229628
150204
332
48218
878778
825521
979723
394715
345401
587687
686968
425487
702278
426464
24990
28512
184766
269168
569425
264069
943557
552935
865395
440427
932887
736133
10485
148718
15626
843327
348952
761606
509884
349284
326176
388662
691157
305899
299730
552910
893587
986698
978397
112217
929514
519740
140729
630632
788908
710154
411053
248817
263090
276449
689244
712329
12582
216082
861047
544561
575761
726351
822519
85645
75635
148696
990660
283144
970947
290390
836055
864534
793440
330804
493103
239306
850544
633833
869939
639453
860339
280992
888270
639781
557441
93867
868463
86376
309949
729510
147289
885710
972214
969808
487708
564201
118504
478368
847346
89452
285110
199753
470338
594902
530557
479794
834208
897454
113627
704147
536907
490318
501492
941529
130100
575285
35396
998563
178013
861697
244425
325302
263760
216639
295111
751468
780841
929967
746188
144539
535771
31298
344292
522462
142552
391201
2256
976760
288655
632235
197260
341914
122553
698752
799796
252653
790389
351544
767568
968403
213242
11994
293705
477002
744985
105168
744822
525826
35136
491010
186717
87259
522308
47361
609721
181212
438563
128329
157972
243570
760564
871584
101837
883118
570336
901633
652123
877078
769529
419692
845481
499123
431686
655538
492477
176671
760707
237299
218850
312195
728309
405567
399454
766969
452929
525528
948181
407844
653857
622506
167766
414422
494090
269603
813892
580779
687588
466015
457857
457118
885707
303338
956241
833745
958876
448719
526769
235935
202370
745619
548130
930680
667538
463937
214001
636819
989465
162183
44663
643322
784689
212430
574096
278779
998385
387988
859558
685974
854004
317415
659444
256063
137105
132037
89809
612334
580756
132930
848269
299479
394901
396400
230159
62439
860337
444160
215611
849802
122695
776626
9476
907384
505408
583573
702516
503794
487913
78426
706120
858269
912194
365564
114333
49299
497601
720494
661633
594710
853424
509903
894189
248325
422655
640700
827116
282992
601212
559079
649146
723908
335706
174974
147644
841114
274899
850160
861260
762813
928587
567380
621082
840781
449296
735415
406432
946898
972261
68066
57960
342037
94321
952149
106714
516976
109201
450183
316320
710413
9262
481818
434321
344968
656792
98318
702435
931692
948478
563695
210857
393417
647428
831939
750550
96724
83707
156983
43622
572320
741401
101582
914358
352074
570083
21072
385402
679284
471255
701722
906050
480518
699892
340371
341838
873036
438689
560625
804728
903520
124321
531937
813289
771749
363877
563840
868473
963936
237175
428448
536256
494928
46382
966966
847002
132818
988039
232404
812102
975646
450478
234504
972516
666722
574876
314355
539758
529917
874980
860839
949789
515653
392776
763079
803754
273005
843271
188580
236941
80446
617028
289550
575374
179762
256516
938728
312580
760907
687484
641035
736554
137962
875539
709070
321036
966767
539777
860794
13037
414758
721633
479178
446763
114410
242257
250518
903767
85528
439098
140709
682326
572478
946611
257700
268592
203127
196428
97525
964035
400264
254912
700589
538226
646803
926011
859262
129923
465789
236409
142960
396899
958042
622138
843662
588804
380748
610532
492572
982628
565982
149633
664955
138460
96244
439007
923405
815723
151788
20930
779758
552052
792194
996699
606631
438997
439063
982245
568920
904852
218654
228232
301751
693049
366723
661765
281853
747471
272298
290777
246451
838280
440410
911406
493093
53006
350414
932850
868730
18554
470132
164840
570606
262326
677892
177237
701323
116955
159483
270244
538159
894489
498476
356262
587538
865199
18027
385744
129022
806677
676521
375474
161310
633284
286880
170755
202642
153646
103605
587724
172200
573737
268917
742807
836063
463161
436396
53738
580116
112231
323982
634627
6721
338811
990889
594259
720362
525268
980003
849385
848298
172877
224859
9608
322513
28091
696715
525155
698090
800320
112880
870290
890409
898149
129449
242824
361310
82198
296562
457778
194429
136897
92405
201150
992060
599646
795410
712422
124914
291765
561807
973212
464642
303018
499172
787155
331110
195887
828663
545552
512559
457895
415842
919320
356044
61644
678496
717354
660194
491411
175132
854623
628308
267537
55774
136720
383535
367536
849142
508449
175653
927302
998014
640296
230320
497186
943803
77782
209426
772466
623334
238337
230361
555529
157658
586405
133525
836154
820111
793719
327565
995243
648342
472225
779132
220468
608945
162667
104356
458088
187469
280010
901742
185483
436658
132062
199021
380461
726197
924799
669280
349531
163137
415993
421412
320795
518751
554937
673301
338862
865008
867
334106
29703
473092
629590
250171
598390
308610
870880
572830
496079
150890
474572
197914
103900
122986
913287
484361
849183
838087
669993
715067
1224
85987
136479
838371
121090
207769
511672
459952
72777
512539
310410
102480
501984
940001
869004
616726
248611
739884
189556
261042
407126
180480
458956
511026
303466
372243
995387
152650
210330
181733
384069
727906
784072
520548
566277
905162
728317
77950
365114
801095
106841
675525
903575
608825
131878
772579
225551
896841
28815
931459
157883
435941
111939
616839
946967
931758
505434
942355
600760
232117
640440
984829
960023
424512
505377
526301
329674
750047
604251
694788
67494
227444
886665
971069
836270
534895
260001
578173
431736
288816
25985
105971
724758
654276
239162
188077
586034
744597
646784
186794
976714
287224
687975
936737
711736
709705
979390
41410
459752
583641
252551
527246
327438
655568
14667
163708
190464
791020
258233
138552
596189
284218
244524
320947
938495
483686
509024
40881
744635
155809
744028
721349
959385
432003
174439
671122
141708
153829
228884
117812
253823
997787
161410
581261
169708
176078
261321
876524
967098
519554
15076
563287
320125
775952
400586
774972
775991
425963
815853
520626
98124
76233
758328
573861
508237
932767
244983
166297
86596
990220
800462
340419
504359
961872
438032
674067
654302
699353
550591
621401
218908
82020
701040
55385
374324
617979
830357
150315
560294
162562
187294
174770
238796
945622
748631
263385
878389
509967
946034
481337
500187
746496
338109
520898
708369
776141
194966
879023
475495
261909
16776
210755
860281
717817
266140
234606
852148
96497
901273
928794
775411
604919
103564
14207
550541
368547
793944
945282
878514
739979
942972
895053
486475
281081
415952
711196
573574
127270
590220
49069
389179
606996
776176
765813
841165
42316
516771
209665
655165
418044
138459
430577
539316
758375
961136
89857
126923
755081
551492
5437
495060
494464
900491
497887
291897
832795
725436
865471
960065
832008
430893
865596
955356
207069
631409
312874
765738
148180
522539
420903
82577
177351
367832
621893
935726
845321
228102
62649
600402
779594
584439
611814
790410
1282
626053
82307
834077
867841
947779
794142
699849
378672
659738
171558
585741
807500
484432
867831
955680
6971
288735
554609
700674
172919
692854
636401
18240
920957
215402
134994
216903
316193
263160
523666
317475
889214
605973
151552
273407
70104
462046
973257
448776
638137
661167
550870
445637
145599
418701
917669
668922
223788
472279
369597
913060
681485
522350
931300
118794
737752
582647
852050
53946
845807
375716
887773
251373
981689
39326
524781
51794
17724
14390
16922
655861
675557
84144
101498
821156
19198
19168
6430
242986
7799
376027
156046
689284
898377
603699
324431
152482
186346
176481
722780
548505
552197
610553
799879
50238
166231
841012
102032
183956
855402
635307
356169
530959
719451
457668
868467
738649
993188
874897
497988
987
767277
170386
206623
665654
290437
531054
334488
476783
707535
57268
541641
776084
184174
341520
826323
350405
182532
444707
50713
554286
80014
406883
85245
315818
380903
470064
54467
374091
344961
68807
375078
628590
239194
98053
810597
529631
629108
145085
522767
852995
718706
64408
629080
902880
922280
455403
769637
621164
416462
336703
175450
496477
259938
777047
812295
640841
247111
383114
14932
108424
451922
906362
737015
207468
4415
547612
253451
149875
209049
292570
2871
927755
356978
148303
830635
795610
120058
116625
416774
536520
453328
592224
549349
713266
369271
361644
354107
132734
261111
885391
241159
229385
791753
494526
953205
312520
558490
206656
462396
767539
499227
981619
695295
372557
129922
42282
684520
766332
158907
101294
302852
128587
209871
852202
358205
95494
730198
228664
228229
991309
114055
985740
737046
422160
996618
690251
734681
555108
896908
197077
322647
912487
178696
17942
801396
824970
60225
485916
591302
735484
587211
894154
864072
313434
262708
222277
408928
509259
450942
153509
16920
81349
655601
753967
503510
652219
444218
238191
207327
857478
435268
529975
769965
130316
64269
571362
955286
640846
57278
546588
376331
160841
957094
756755
990627
736155
495384
399556
245414
462678
69417
262334
544028
725019
16301
47538
893590
976872
802081
617270
834350
237349
663597
120668
884017
727866
208382
839303
368713
782012
902243
261396
459206
859337
18151
449833
111844
513535
365741
357258
976214
435159
135945
520242
676530
668598
84132
570120
645470
886213
703742
996173
639914
367339
633193
523931
95206
841575
879586
980271
623587
781829
241667
599145
157518
776170
48979
269363
806057
414720
142973
782271
849879
278918
818865
42761
947517
419349
129234
109339
305562
832976
105512
461828
200316
738705
502111
811874
96632
381697
308497
236572
679878
66516
835717
837397
842686
884696
623112
165095
815769
282437
947367
182000
561356
282584
224762
25225
701934
353996
134564
523848
703324
756429
502029
419992
11486
4140
231866
108119
902190
56715
344691
582068
123231
696760
935817
482269
581457
558929
647365
397226
841367
111084
579226
919075
910020
320340
944300
128306
190688
595216
652155
894013
351645
670536
314005
879484
674676
62224
987603
576866
635291
848646
675287
758523
545406
611104
757144
643215
686386
920861
556793
527753
548297
652372
963180
458318
972712
907480
586624
163401
19048
755131
573766
887046
425667
404123
766530
616696
982699
270485
709914
617991
119131
385201
892866
180889
996306
166362
824105
199044
87224
380898
726797
635521
33270
206329
610191
522335
630161
196816
202088
649209
468299
292206
536255
410319
696329
302785
27015
679029
573270
253281
813372
208753
154835
706238
389643
667493
872600
213748
866537
959824
110998
109686
111698
660621
316015
721889
182956
946176
435057
901396
595385
419709
193602
647993
830028
889931
950778
373395
85312
40401
626676
898684
765506
297863
604922
155149
965356
993875
885249
831893
470051
996248
941579
581749
656869
257594
819991
356177
720122
771400
257573
315508
191109
451175
963501
537489
857458
430631
910884
942771
987384
53913
357807
752891
351776
962730
908040
833485
956605
309642
665378
943008
305890
123310
524758
479111
897256
861101
351640
617379
148853
125565
932887
856315
576740
412740
393804
950550
843371
821041
409673
347108
391306
767481
99999
743082
246563
524391
576567
719520
834033
758298
662528
656275
881608
703638
135386
778864
564739
487026
396243
229945
612591
845482
86260
705683
258222
996416
172586
617946
817457
582259
965054
208763
866092
65053
468198
112655
105796
561117
832175
939830
835767
494704
596105
717375
198342
247844
12592
279434
251222
925187
509379
380166
287022
111991
602201
61596
108407
774787
679542
925865
873399
160948
650980
739491
742353
119178
852147
848150
196648
200674
304332
32415
695378
900437
266143
410073
664633
795087
205859
915856
720274
715238
296022
523648
827229
898223
585245
935636
189363
781139
377853
62762
942088
28834
318605
684441
664364
170752
48943
861012
887779
353275
893428
99509
770065
675923
509582
434698
471010
715441
350554
707636
947031
162928
231285
290612
577504
332882
742601
766867
114021
120454
345981
56109
665640
664586
256903
846357
351691
822198
707369
755822
175474
117149
855331
945539
309424
881266
896589
780434
596707
763496
488071
60091
926424
235708
350703
20280
568590
609656
303499
682611
730111
649480
255073
912103
830419
28328
758460
698462
850526
982182
454284
26000
615683
309615
487891
925108
190881
900833
705542
303941
664329
709965
880384
107105
945673
231087
127386
514263
840744
430885
196875
87207
596718
968300
515662
943489
996628
274123
641951
847154
772657
612587
389507
388340
922202
393750
313448
629436
294583
535343
449729
958912
245308
330113
66018
190982
77552
709756
705245
434648
656993
418472
38207
253711
903124
553870
197200
899752
344345
355503
263259
117002
968090
652766
505342
406645
562868
335143
552433
857452
870486
2162
332716
115794
848627
915086
306776
926179
624842
528374
877180
281836
463198
915387
51899
882675
985609
765452
782427
329954
120955
562038
446956
605398
731156
468651
528395
294025
803794
80828
667829
674280
82990
545
306426
447969
431984
129555
374148
573178
174281
767680
855014
153831
199420
423266
36506
185029
188718
335286
31336
826025
897324
994644
947775
628481
463295
476170
438858
783441
556998
106687
974073
156340
623584
280500
604309
55568
926407
494810
628747
100688
262490
113
254519
461910
939731
291026
163292
644801
142664
194628
987179
39988
189272
934954
184821
168920
927477
140031
952361
484475
763070
926435
157168
386655
723287
277829
958575
649694
772639
103674
750382
551482
620140
521253
529744
559871
812279
693036
204673
954943
887664
708204
511284
593289
643158
212457
762209
570635
352489
714570
571463
115559
157357
728631
18566
396996
6460
493494
46690
295452
597168
313424
846934
217308
834678
893030
293532
163309
586067
14557
634605
990083
722761
662241
99724
365919
874698
861933
452907
743539
92856
540722
859099
766565
785705
394017
163562
792165
887511
210252
603969
484680
40029
967255
218340
874707
860286
511872
38016
962705
526429
188973
469140
249190
851214
568865
131462
725913
947150
584369
469452
40006
641443
844903
806572
427148
755273
970134
735665
642784
696738
339635
643816
736767
306890
862157
127826
683528
890381
165843
646233
416811
871168
115374
182353
722383
684239
313815
964648
631389
414536
950452
187748
55979
311708
510672
483127
66981
480806
218793
709765
693896
74780
353582
430664
381670
732091
558490
65199
622472
240685
227784
39283
111854
343158
737989
350589
543749
51804
831589
691491
982693
782041
395591
38672
93749
906263
38152
160730
387069
773297
386848
597317
848077
256782
27981
746099
988873
102824
327650
127697
859861
555435
683333
488067
414945
421322
838656
475047
473126
186597
166538
455819
968639
78481
10844
578740
984744
565348
255823
888165
338645
642671
485482
186722
415805
29816
449173
404678
132640
776824
48727
992501
332259
732060
996921
747204
153382
835577
222251
142861
538527
905141
115032
507166
983622
125876
602258
968366
207576
858081
372883
546221
17104
858366
249295
432909
888182
698469
353939
537174
475293
402667
46027
323904
134727
42948
71108
804462
394878
809712
947323
933405
714853
62355
440571
214828
704584
559181
699546
912160
417263
72430
974734
950719
930796
224029
383629
335330
438850
253920
872504
430495
172939
434883
754399
824019
477832
341860
628481
872710
151572
92156
322467
382777
154511
763038
597605
375447
838571
813504
803960
255834
885934
778694
206554
333082
519075
106535
668412
474278
876807
57268
904773
49747
8503
175525
873766
486335
517385
502247
875397
185309
110755
197864
568086
265266
477254
682044
157066
315826
495548
477378
88012
897834
772424
810918
230916
807851
433805
415680
282129
310613
989300
703255
360360
997803
878780
234126
491
912517
252725
392240
97826
363480
590105
665912
145098
583711
864308
818516
415889
876208
295894
503902
774042
68318
314820
521310
876170
264978
453342
674651
575591
958994
377906
935951
473150
773038
686429
473641
685555
455506
382233
783381
335338
972338
965646
996788
72402
829954
815305
488291
222515
111199
508545
512909
695870
339718
34220
572040
604696
3914
763043
180287
962909
140950
632590
436059
913988
319019
426052
599544
290877
808285
899277
626215
296976
864923
623003
885730
211230
954660
374021
433745
65860
882567
463006
278082
222285
497226
366474
826981
17493
129517
523620
496754
270467
156210
932813
700808
991581
875217
816704
282458
199854
715981
425025
496830
97257
48028
382560
308487
2689
272934
258584
584901
671853
721590
379335
894138
735169
745809
237471
269014
875326
277443
765768
662146
433653
698581
879306
425234
90150
696010
224044
290004
928343
649069
303187
541952
213449
202099
366791
732490
475033
625375
833743
663238
863318
213078
557376
114839
958887
311199
383853
350566
588642
149621
529064
538647
364554
408370
480233
971056
620732
704277
261060
549075
869698
80599
91028
83148
282699
974171
331990
274084
115899
165734
937323
979217
895164
11051
610408
370404
838603
994261
720970
427245
660234
250034
482245
541140
658404
962478
512196
279136
183108
773256
344563
52806
853856
951943
652306
652907
926115
984297
443343
42014
666383
380666
537583
561547
908070
147991
931951
746673
658604
169273
690270
318838
935659
172515
859978
594063
134994
372174
389551
318102
661782
250467
887260
31990
202410
539567
201249
644877
40216
644593
686891
222951
25259
740826
300850
449681
888817
232802
196354
63773
918427
886625
898963
854087
575492
758941
964502
226838
647467
870406
61292
825602
120873
948553
857592
839635
4472
58842
484513
44688
703435
687756
267639
245046
428583
568489
694728
317400
317643
407434
897526
752423
810411
796489
606510
385904
71783
87364
129094
719250
957770
190387
61204
78643
138940
918797
434631
659764
493991
919144
704452
713778
606900
488443
475176
35483
573284
686256
869236
407280
93691
766762
676055
420454
563251
798917
322710
635034
886281
451805
870637
844052
158544
931841
439047
297484
366990
873678
473600
377333
309174
694404
91111
916075
182847
566288
467910
272483
768896
337146
196115
378939
620260
872170
799394
183512
671087
122104
334898
557369
90261
721887
917773
248805
170081
873172
62641
537071
263203
536241
914405
572377
230645
521868
4804
929844
604508
472715
202328
373405
809861
914795
752344
946474
786966
68090
646338
458053
190195
497588
531774
796808
219476
449547
45614
389557
839072
108255
442980
102275
644497
873737
191004
391494
395606
195809
321339
516466
184876
40019
889871
511089
954814
158568
457563
741780
226658
103901
716186
933205
601490
247960
730014
337318
213860
291980
726875
52932
400235
686207
671559
561084
559945
378915
952579
955551
91076
273918
472017
275952
313937
878241
787042
785103
553161
760957
526884
296171
381211
243070
745729
982701
7382
475743
320019
221242
767723
563246
790526
684310
249453
462085
245395
809398
841001
197974
281301
448429
988244
269671
724382
818533
664264
27776
603636
217425
788733
646872
29948
169944
406294
775677
668997
413677
767772
505368
151271
51847
68614
941798
736158
834420
403883
981553
160170
761236
695879
957824
726018
200475
743847
450400
535360
408111
478176
655348
141888
783261
302221
171836
469558
224867
463866
138555
154896
231638
643924
306168
283486
228890
247966
19644
579662
168201
517549
256185
445790
729780
214009
171808
446607
957856
622208
981967
365967
616736
637315
24207
916349
455888
712395
385907
197108
176261
524463
352004
407900
684739
658172
207738
429981
906138
227382
9644
74340
261283
265829
36482
991063
479838
208290
437670
954046
346850
935989
836365
963586
89656
860572
879935
545545
89319
782195
742653
265581
823010
94657
189833
507749
752830
397571
937730
175320
141305
463726
766012
918940
729555
802494
910003
725745
10784
864025
679791
357634
316366
516156
837572
406022
893080
233860
951567
982400
16055
210572
764333
839065
821582
954166
863166
90764
868089
317248
266084
9394
780975
32097
928334
510530
350943
354689
752628
361728
735066
432419
235714
51432
464928
589639
973806
874360
339851
441726
373112
872258
652298
137445
227675
990232
607963
90841
80996
476052
408089
347081
485446
189064
895530
930132
215947
246473
801173
968575
124553
52591
917346
876620
620375
898626
982611
594182
289339
322462
35908
662451
194720
204558
799897
938747
194791
407860
29588
275787
400265
954029
139220
402063
143094
551102
332196
875393
313928
649721
843968
954833
702313
277666
347805
322688
176293
330416
433222
465632
169230
469130
644435
363950
190041
960684
819049
384832
884897
848637
176971
285162
802667
832544
687225
462113
383646
535773
337506
697574
185495
697826
168760
404160
491844
516565
243200
184489
846982
676423
166473
532564
145553
810909
896515
335594
771593
231916
236778
172842
80554
930102
458004
399573
762646
661582
378038
662644
197355
231896
876571
899202
929722
45331
303362
937918
561896
546563
122408
925230
222986
288881
457795
884891
99790
870662
736838
387736
102578
489968
560578
699484
420070
534935
99057
182716
196517
477095
845361
393872
708991
721932
809427
155065
283615
112789
609336
845511
175704
731744
287094
915042
20625
744889
316286
636768
131903
53124
540856
234481
59444
617786
450318
479515
152721
549375
178583
349238
542823
540296
259463
768166
262228
68890
439584
62195
698031
48920
907707
390088
780664
711153
821482
317641
972394
137768
470761
104297
707244
11617
855130
766689
629404
305448
762556
298477
371176
941139
647716
913999
997788
423531
198517
260016
8773
638101
838564
706804
687021
746271
613244
984037
973776
434727
301679
946170
88847
772440
50467
796092
300410
905597
79133
446166
727398
358041
744643
98574
815532
908711
528925
813320
332242
243794
589689
341015
398248
428253
564172
601621
174524
693768
585659
664652
128495
403690
610822
733695
692482
661289
46139
509244
83238
641624
955410
810636
999665
700054
425562
815197
608765
470839
628518
457360
230986
218207
314727
629234
646460
878899
230855
337336
89020
816514
1988
733867
736556
612810
467562
429039
790451
513701
938283
873689
155325
410046
200678
671342
110100
142592
486540
235217
129784
115058
692577
360770
849617
7305
990004
496077
402556
737211
349765
491576
70078
868105
225444
806634
480915
209358
752025
787718
723060
206661
661407
394737
616707
378437
66080
243159
37382
68972
478376
167166
184030
687306
44288
549999
694611
550644
562428
613519
287855
912193
621448
357933
780298
363244
164568
777565
572602
916593
565283
812014
639606
743042
206752
256313
637832
789184
15824
675214
858156
494201
842380
558538
181507
403020
624889
392470
953664
187317
522341
241519
615862
143789
599453
396160
507033
764021
690077
79636
196966
771712
891650
352925
31106
614754
125590
668938
920290
141415
344152
294798
151968
702884
853336
333475
105904
994577
242297
59568
181894
764638
301088
797756
908428
900541
710268
931813
180914
400345
527801
894232
688409
419452
763509
719516
550558
889100
388454
987201
30515
248959
281999
182483
951843
651688
32310
57748
646265
790959
117316
828160
555597
934756
142268
980377
351649
852537
912191
48915
769234
439992
943148
457644
375796
223009
177160
442707
112109
81966
946260
658976
330925
228259
841459
282769
396299
390121
856869
42565
181080
490537
387077
253030
425294
529345
233407
293295
381882
661950
342211
667469
618295
801711
125113
510443
24720
818625
469502
136830
900591
415762
795806
231517
160374
153618
30638
556673
543739
887507
599238
241172
894396
502667
494202
319690
548365
243961
129338
930247
422264
471549
114068
40559
273260
239181
67354
814332
57806
536857
951162
474750
468971
263321
222619
629345
933291
253257
186019
477030
657116
301609
234554
551512
804277
728756
387555
352642
972718
516893
799241
394982
504794
913310
951893
778054
668843
535599
108738
243002
588808
576253
717752
57780
839574
940371
687125
772865
709980
389496
766247
367096
691106
802
434960
11735
245910
822515
880729
218628
855760
679970
129962
360554
109632
598207
654960
294828
650159
763699
537830
238967
339952
771934
296747
695878
712305
500225
985095
938637
889721
751342
822085
97179
268496
257045
108914
514407
595913
505995
249387
968025
702318
895702
328580
811950
493909
499892
623130
144068
263591
160960
899388
119895
932894
196135
815773
161551
212712
800868
100188
618786
68563
922273
715965
337059
695671
341232
851466
291584
847227
100854
259609
549545
512908
104541
877848
6817
604434
500978
667238
384377
178291
82978
504273
627537
279113
836398
789089
8178
153619
405629
626964
738534
844255
342929
75593
539926
200513
443412
347862
47741
60618
123823
113638
573526
744717
991486
96695
349151
8817
280285
249880
187108
363263
754153
814645
158729
106904
120086
166907
776875
42068
793871
515409
886323
653152
591002
942601
370018
34414
290463
417759
611384
930638
47749
184910
675355
555588
281606
540858
564405
78243
790739
267865
441507
61244
598862
600236
168148
718949
283495
945023
761017
593718
976784
163692
763222
567787
106293
133240
118553
913108
67351
729938
843746
115101
431200
35454
670689
229158
576312
751446
307402
367051
19311
748909
944648
618173
865497
112796
853474
148992
574172
130843
259062
550956
294535
22284
635095
400828
155525
270001
313936
222876
516291
157683
337977
947491
193137
525018
176650
285801
276464
484052
169205
295775
749313
113853
430301
131162
743001
283775
280154
833525
414619
539216
900834
225506
561500
535929
626335
233377
322282
456623
456254
838573
614306
310583
786065
323795
835602
479067
125949
112066
479471
295154
924194
228784
409007
870847
359946
668360
154622
156452
501886
85593
212020
402720
311100
289872
455001
453787
523250
777284
910410
495856
132209
41069
806439
918274
881216
158393
913693
7165
786812
393164
302319
711006
138300
227678
98205
14598
896039
252827
687402
914277
854773
899422
316997
682225
705647
288350
652364
745249
65634
562774
241105
197844
603843
563896
632470
1412
722290
62516
8577
509102
455680
827249
736460
110333
571279
834665
641283
467318
603844
328686
897947
974969
744460
214944
173546
450107
503295
825910
711708
85281
388685
952813
799477
508880
33062
431948
510292
271704
494464
35222
780806
466496
862471
33618
93181
433750
384635
734465
417421
504831
63151
315368
996153
807611
46665
169699
774071
549960
995610
485779
151593
900647
954945
951071
409527
504359
383019
436172
776063
393835
471394
73221
376683
333865
623191
469865
283967
7826
204330
217740
29009
267481
49461
25162
591444
96126
711214
881867
162438
706824
883999
314031
123823
355296
265102
533350
859655
164473
485874
152070
74660
957268
225291
451344
807485
848482
437561
607805
372660
641891
825545
401669
425724
875006
943184
533520
487484
654398
415388
649922
877574
815739
480306
1397
171035
261760
51099
547042
426234
536974
699112
17246
494242
924403
984942
818080
289237
422503
425885
661897
580746
767782
579918
6470
642789
523102
56343
646625
693852
988083
296548
87778
803822
293206
89175
491209
554966
656627
554603
981200
193601
253715
514799
204195
694470
499741
22275
983707
922245
964512
161956
502991
732295
741874
25814
891436
781329
82157
538061
475181
70240
350961
562960
390414
644167
168487
397975
199134
825114
952578
696686
535067
206293
211485
255615
417115
227579
794242
400822
149824
758755
79130
169167
7402
821004
711333
898838
602333
309842
953251
593867
896434
820565
673179
286848
464732
358018
684823
180218
699485
637401
393257
234552
360046
121094
490167
293513
348673
800762
694335
14849
559517
289817
700369
566919
110822
411702
982109
229507
721545
451712
823374
617979
272277
496553
421180
253362
854572
622355
433580
70409
776109
343189
304961
136155
464284
311481
429669
812957
112243
640356
344159
188112
930174
44528
271383
557348
972582
253492
786855
694127
705204
126582
828459
493834
139487
249639
747196
510411
871994
180776
580820
648103
523966
885782
300611
988250
713615
246632
317559
342210
403340
178070
530322
849866
222598
318057
407214
195181
571549
710422
405660
793105
837004
234119
286939
976491
110
34135
486903
388457
731264
67723
552912
771582
469857
853523
276184
699824
616507
110095
42034
19848
288166
88708
386066
510764
406765
793281
222297
494666
20055
144310
804124
857059
894781
91063
349902
894892
641551
836805
799701
889167
420881
352613
660749
890738
722489
936933
590563
338996
47028
148949
875196
335194
237658
261263
362311
644423
570896
100960
655442
590951
245270
459566
964362
140052
66981
314264
551296
708532
667422
350997
597699
88303
219962
774800
979041
942451
711733
85956
797800
275114
234906
672996
126660
472564
450611
488971
633339
537859
106284
288781
645162
351554
264699
125876
7958
331681
440141
75606
556565
107563
426603
670617
712218
162918
445417
207611
105369
673503
293568
903169
948617
44826
92518
591629
517390
59481
596953
667081
113693
703237
472215
758855
571143
736914
884732
579102
584947
841225
654708
141513
465140
597664
812130
177358
760582
257547
384969
382303
931050
194889
285473
396019
239715
894343
987649
273457
470176
584602
456891
583869
804191
929106
859077
375334
182372
260161
470788
283672
101386
125497
425185
82878
239513
753667
260236
95
11214
161557
382398
458617
872799
184223
370988
112514
594918
874989
902324
581447
975943
359215
165316
780134
804673
24393
671821
503397
284554
142609
787069
902292
268106
728606
985170
507619
482273
761758
24066
9840
439668
922817
984809
312467
623392
872149
941333
218311
747139
360009
799758
723082
235576
481426
19569
40249
22172
691390
59999
823078
833999
363420
725371
618458
92027
226893
642429
90652
988652
182848
616844
944672
105665
601653
773491
729057
473803
714824
463720
737294
591186
779830
976728
826762
777609
996297
867012
799781
687687
443363
139211
38039
806783
864582
656497
415162
607828
815278
505815
596480
998126
122659
57504
620143
240665
830995
865553
230820
545819
845625
484466
653357
141808
461194
480120
919417
457492
347132
235550
661531
306847
374761
215922
113630
755696
388771
528793
363524
204050
550960
476356
718528
189971
533860
338672
430636
364855
204225
177808
427026
49850
662274
80384
191658
123469
560504
111075
97313
423988
862977
275196
730835
237739
491119
844465
993435
879890
889610
873311
600292
440570
349667
318821
146894
883527
657493
93882
248382
861718
271691
191760
427920
450317
272144
619579
90138
349000
247006
187451
772988
626336
462648
503823
864075
470119
864641
373862
350009
270603
247173
466654
227526
596840
785475
374420
996719
442968
468302
761453
821038
256345
953213
765310
706663
225358
901241
796801
90710
664600
500605
863699
290936
963253
883874
671363
433372
264867
561577
299733
535471
808750
766387
279349
921942
68214
653769
435013
511182
638423
196466
848572
894769
149679
130235
117784
891389
31476
914585
982100
696076
415190
362151
503364
894795
246025
174727
844519
510893
736304
660605
562716
61406
943344
358417
499700
11559
528538
934713
39093
166961
131179
887666
578082
797211
534253
695866
688600
565729
610452
187052
778158
541994
549203
281522
953142
795229
456250
314013
822474
708906
974618
901542
770313
917963
259959
270013
929522
788497
721079
968615
471810
852258
372633
49893
649469
906886
745759
854422
988968
872563
41474
767126
930910
590678
48648
884052
902259
21250
714417
241085
730157
689036
658979
500470
123351
918938
286835
569225
223787
7914
537840
211949
376525
426826
261842
542346
850064
7602
396768
839032
396517
954595
606158
327427
61625
171159
727831
480236
192409
442249
721321
922566
647637
380300
939388
287340
815590
226224
856565
555729
750490
910757
767678
127015
337583
29521
669362
187648
553475
582482
26680
466344
53429
149191
310124
115054
320350
37955
111642
512759
996556
349315
951678
160545
729615
891066
447885
61557
633642
820802
617286
384133
731560
901317
511148
69143
447190
696862
773143
517017
279345
316176
983361
849126
465367
293485
964181
302069
847793
592175
814828
844349
941491
282858
521247
187458
173925
485484
249016
807567
306287
382654
708052
37847
283971
219201
106990
731161
432415
396486
248178
711760
712662
747892
560887
178029
41377
41420
480098
889170
149947
811278
249872
91438
94137
771119
278897
784414
256603
527913
108333
562890
426919
816386
600737
710891
551939
224080
958404
984354
620566
722935
212467
849580
470827
289706
27609
512204
847478
24059
917727
997425
835337
167599
605216
445826
938718
884113
746592
711673
928378
854926
274564
355297
187664
391653
582540
255955
132085
57297
756661
269003
780232
969128
118583
767411
775186
146192
795967
139016
686603
713694
136442
38293
397645
258010
484119
852715
142123
230712
564389
586853
601990
355305
942150
306006
263310
41043
561961
395396
98340
834974
664399
394924
804103
299335
678687
95641
961879
474654
234658
648483
704701
887452
686776
102346
145462
687247
955062
803937
434311
35803
390790
36301
907460
849292
858659
170770
890335
936972
82518
505027
771947
263270
416303
92402
562605
94990
188043
524484
85997
422701
689319
790698
826505
376095
893044
971967
63343
364458
775904
497654
916613
683046
50308
824073
532339
425319
511196
939026
362292
593714
960406
134239
856984
376709
226641
935941
988052
931036
976778
74049
870090
666097
864747
696595
42193
274143
668563
621888
154954
960819
635894
587919
643866
202554
411993
176205
627874
923189
631583
506518
516903
591989
640757
890240
968699
383750
826181
473103
314786
802959
547152
184876
985409
928251
397824
27602
718746
66387
165842
390052
543558
318088
977972
187424
520643
389965
879981
148517
829506
511565
171387
862761
619906
812144
753001
104957
712246
95535
578060
543384
414846
641564
244613
400255
569815
642437
944209
804914
708824
110051
194966
768734
428140
689290
956159
465135
595607
352492
130004
425113
864057
301391
804227
316
113535
557228
105273
342133
169115
683334
885517
583962
324898
130130
500569
411066
772567
444779
732332
997743
71182
443650
766478
499322
132941
238989
480809
728548
591481
610813
670014
971891
912204
474241
972207
542091
547821
77480
400576
716937
760814
286094
817251
602065
932576
317820
529483
705144
278951
261815
219239
350134
705465
985717
365808
838406
224706
846618
83307
816188
973783
269673
304431
885988
260266
276638
944431
808087
870470
345008
41376
147637
631102
374979
749702
563678
209152
279185
785174
488103
57352
4414
354589
762817
506483
720398
117576
731190
83368
717235
63730
57151
986908
368161
943139
247174
161151
403923
571613
31621
748931
129342
179258
896385
504321
445312
976415
229825
240849
761590
717929
298201
282356
72518
61019
788839
309268
694947
36381
392636
412182
616463
449788
399090
500976
909279
162616
662127
313202
734229
210101
62133
379923
905711
474870
884245
351024
451286
114070
591873
729228
348351
406427
11584
937222
467446
316775
246490
162393
869509
639127
574575
485972
88915
490017
986949
998194
652633
649076
827749
903214
375529
889882
799490
281241
364753
683735
632265
332391
314157
740490
61619
178861
146917
589555
116083
130715
422682
362573
809460
292191
518052
900387
778164
123319
390404
765113
637866
559389
930541
465615
978956
306071
871849
778446
103664
752954
978533
252281
85345
809042
509123
663316
987903
656041
252871
620338
303108
675554
499264
112569
484097
17316
12956
262261
656988
403361
543726
811206
479102
474268
276821
974410
296691
665022
752856
916707
417977
247741
168988
503322
56784
678111
682991
561039
850504
935862
181378
153613
127768
680642
782534
611866
214310
795490
390479
871298
715203
934206
682504
710658
924826
475677
685068
737869
140700
437925
654576
558677
202018
339916
578351
258802
534379
261342
819842
901236
713557
1220
571201
357677
198214
353735
485895
412524
665577
876375
800175
897133
326933
999031
607791
251759
474709
292859
505980
131761
247136
676908
206790
449155
533176
785141
224309
67555
562836
560503
485143
792745
78075
56344
150422
276289
926431
636318
205166
592009
29045
5341
489142
355978
4372
613285
124089
995433
422496
630069
127194
185985
306977
333984
151492
356505
635478
375801
424060
714666
452657
909204
507411
530732
481900
174185
807022
408332
810503
12188
341
839548
533881
5835
711878
538253
135472
835967
50039
557968
466036
177233
260305
289365
27570
411797
645870
663048
303951
586283
894066
756608
11839
401477
287340
493739
92014
94362
902071
418870
622902
418764
258418
156783
940951
486649
211389
76423
322616
261428
150744
305005
438661
411049
110722
982583
822847
272945
161983
643150
375580
56049
399758
387419
973878
203450
397510
65893
814165
815934
484763
437067
234698
259533
110203
175650
746182
321592
768425
585151
583020
919169
890156
538033
330219
517230
36969
669418
790175
198952
312568
165755
255002
228678
553174
745232
432128
467037
811125
762645
282971
812240
199713
517669
71774
826268
209671
334308
147860
978097
919459
247232
897266
325967
301617
743837
843198
854938
413255
633373
53891
725823
799129
825245
470853
868655
570477
902982
852044
897955
665627
135015
710195
381692
169037
298321
724312
378708
632630
388524
873157
552089
152108
286776
394409
453726
30613
237607
825016
443869
870980
878907
686044
186461
704152
156898
571469
790982
576232
423513
688937
758211
74881
915484
139904
243918
213806
380568
622626
846436
769093
12136
914877
921201
298912
309286
891279
329525
546893
716296
289746
934226
595203
975791
637039
815708
132689
208508
123042
708921
148374
328331
983484
223255
243815
123388
467173
457621
503957
606151
820409
789402
134639
735287
710603
433551
560925
601883
279429
624171
318179
569175
558397
429734
544966
711788
761794
194007
436649
884836
419280
585023
213167
402765
324630
973335
42505
308155
430956
546462
430658
251366
852216
565298
503005
562820
515201
63930
164703
794630
204453
999234
363806
762850
428968
908772
990991
707115
102780
427640
591951
38412
12663
321471
441177
853645
294806
483683
161800
242114
546497
592458
9832
398714
674108
512837
961534
189310
93120
642589
983940
297573
641823
347746
576776
587143
772871
567767
294258
392003
995407
402562
430415
524422
240385
871593
378067
535191
355276
56219
293657
418125
648677
303490
816839
839138
816327
778373
28448
909447
420962
12388
723373
579137
876487
300149
166281
649358
384268
460539
557713
379675
379453
988128
420449
619838
376073
798516
671381
247701
371087
965039
665827
536116
268529
482666
375254
601208
777392
403702
27008
714706
932443
750381
293844
808930
566882
460125
974640
951150
437016
532353
847177
816470
36833
267626
952660
929259
582494
624042
176960
953581
589081
359139
489697
373962
841806
864952
975170
135550
785006
2178
850256
717449
268911
144100
526379
835793
120577
17371
786943
73946
549724
150472
406768
102910
418098
359428
32169
592
983470
725481
470525
88903
84621
476575
462865
442779
341527
438036
578329
126533
956566
944937
360335
225478
89038
886714
577623
725967
420438
364567
799913
486514
31391
206681
589424
449490
566110
137945
966434
65932
379779
953312
154836
980752
429887
134053
423531
771414
572089
518212
414299
45008
463149
290986
270486
68539
177701
848109
794507
114491
729028
110772
601005
760420
317454
190430
726262
399916
844727
692696
982200
224506
646008
137036
205258
592247
787442
145141
363661
359531
663353
294313
920891
642855
585299
191377
227746
279352
555839
22253
393843
801219
133026
994849
561639
966832
701631
804253
883100
62710
13302
865300
287217
659310
518689
8827
251558
306131
153969
131571
182014
333674
942236
102906
492881
43888
810635
720628
839592
882826
259233
749788
684046
908611
744637
762037
875443
962620
566291
274895
25330
579593
140196
828899
755255
175237
837727
523165
481368
508048
654737
179734
841722
113325
798992
850956
673565
609628
571584
513158
492454
830817
262946
692852
255781
523935
454890
131224
486555
21181
922472
28237
600774
579020
857137
356029
754257
211216
879195
751977
719264
50284
448063
77338
679961
247056
928294
353527
373036
499878
866685
381842
847048
129631
74695
102829
169918
529585
750405
656473
550766
672877
201062
151540
768249
58199
23921
522506
785767
903116
790835
505031
469752
238899
582370
149714
485955
510664
19593
858991
526895
886278
240833
890295
532261
315528
509476
702179
845113
259881
875004
912231
449111
76066
580123
217360
650618
604045
256219
436385
23513
47054
457769
493266
285953
40139
159332
288260
67155
178925
147251
110402
581555
904437
697
113816
219965
510173
815995
581431
286407
207351
493662
251870
283417
73786
985582
450387
194183
241801
886773
217696
805208
344542
227314
91161
901033
386646
379422
968188
81923
43025
594943
663478
947462
111992
777294
683780
622166
109641
265211
424925
316992
275225
676795
116762
865363
178729
567149
59546
936883
970274
793595
742091
314816
20909
349604
732201
407556
245378
216742
5831
288404
811685
669310
752218
923677
962956
435998
62195
72598
217561
487120
905942
9139
680267
539056
874502
858997
106206
450401
795880
76480
243996
54323
907649
264905
403927
639850
188813
649306
856592
194645
454062
668277
380307
722632
108307
343263
158631
170502
932213
892544
173975
354508
901683
854242
893564
292538
229591
999770
742939
541823
592603
503287
596146
500252
768192
516426
140102
473358
682084
513047
668003
136146
697676
564662
858778
805983
907925
533761
976486
840139
942658
150461
194647
360693
521055
604563
653231
750647
604334
912522
808822
713289
415809
404969
729893
700354
437747
869995
173712
119831
899394
358067
772329
597071
922729
147459
403054
347006
681221
379540
187145
140231
46353
898144
500924
567409
502708
154156
834408
623394
583030
643230
853035
515192
564551
582928
215546
2298
969275
905610
638481
868670
263677
410810
465741
702758
558270
385147
49764
755843
764688
753262
896074
327393
651406
396998
894802
670466
67506
729210
810212
650537
888793
663247
165729
453344
246175
897627
971995
215451
803237
610476
600473
583266
21287
66214
286024
579557
967713
335788
851752
248753
605402
747826
576147
773161
661176
987301
443627
728683
232864
770192
895572
121657
433439
577653
91353
195967
475280
63348
927770
278517
673825
528243
378135
211464
110809
664159
307373
78522
516299
159125
327276
121702
423303
903423
894863
84479
890724
854842
329514
123588
625034
225086
761597
574826
802739
852951
770793
794371
432651
698563
589240
106476
743158
967375
834292
853967
147886
141665
932489
664186
817142
776117
302240
240445
679540
713455
324925
86617
568297
654439
726557
709684
395878
488155
284510
714969
857458
571655
25693
290109
270218
614933
912938
13376
98661
747230
383695
246547
405248
316184
427085
222390
92302
729325
462836
288194
959132
304113
891163
43782
474904
617721
753466
387134
622228
554328
618456
996038
125983
644149
286147
912553
775434
715437
442281
874095
979020
825976
120643
384268
658512
64080
123010
267166
309758
102198
555361
268890
922663
962876
312672
397568
580597
582490
301054
719177
136818
919510
715215
779153
563659
517715
691706
339094
233152
650339
729541
212172
476315
366536
112792
651180
430617
235803
918346
740375
338001
990059
525617
260665
952936
354642
174585
49885
937132
475639
769063
590303
911502
630
369456
991513
518345
577515
846959
267850
227854
576501
996374
220522
943037
109167
871702
890006
861322
790048
146733
715675
296460
672351
976340
249396
26993
667277
299281
964125
659269
584696
70780
570771
101679
440237
78636
620024
534104
925596
404226
761958
502097
400601
982480
961486
26120
370534
851493
887442
676935
998226
603117
973395
186929
95810
222791
213922
279439
38424
694400
938708
139473
765180
25831
241152
721769
104468
377528
255873
30064
781755
17832
48513
698708
516664
9999
724828
403551
377844
128622
80486
892423
248091
53881
79352
343901
793024
293275
623341
831448
504027
78401
487273
269207
104233
728425
990977
208701
105954
246850
238765
404061
781034
803630
102769
814051
813629
343949
217602
707826
472571
814440
600249
720662
868321
679601
580916
661345
489228
204257
9145
993255
799010
496419
778815
903243
224844
286144
111944
847150
532994
867061
251211
830381
670691
870332
160784
673
214281
894738
708499
686852
709178
308748
923867
577499
504701
504783
755196
510282
225392
280693
19889
24402
777112
798704
927646
518309
84848
555942
881811
134195
939356
649375
480928
126399
519707
641712
127072
250341
536450
835571
453545
761980
660671
377412
855831
681725
398547
611027
192007
623939
891720
211896
164694
185185
526953
608692
703494
611801
680986
585305
262348
620342
234680
743276
746742
270740
384988
390166
521081
437790
742090
974626
199770
919113
868391
55601
600838
266938
182980
309197
407230
591053
521094
88276
776238
48047
696968
479732
176200
894306
581389
438549
514649
332422
698177
777743
603162
599518
684261
640595
37308
426351
131573
753431
345465
999964
325384
946303
783255
508365
255501
706837
99418
292947
795113
392008
857346
8433
388092
549898
419091
969481
504799
933740
301903
202977
227835
421417
802495
912097
578364
356155
854800
709938
109586
200265
226254
951323
662921
525861
976040
434774
232698
591810
244073
544163
983818
101419
68948
371910
651317
488040
857743
156117
938132
675999
875446
682320
97416
677941
110769
192133
34096
965569
902071
660035
165835
644677
127710
345108
170539
103750
779882
919589
211912
540307
980105
195730
641726
49053
83992
809395
53445
941735
481864
991578
617734
357310
190250
231503
551603
301019
423636
102052
266588
842059
762087
948775
3088
406149
810235
173627
26251
106469
609569
238163
646776
589674
433893
288502
155079
34237
614250
208525
975972
612466
716455
110059
969777
906705
857914
521380
207724
797902
623432
990664
639961
901871
939440
643049
824372
266027
333029
850623
372497
942598
88786
19273
48624
39031
824128
203703
73268
438378
412228
49241
567196
128683
675652
536973
551740
533566
574706
759464
331468
714490
750129
487781
132714
205921
647182
957086
471948
980211
807710
844445
439161
896496
380071
4137
935528
204199
207841
8796
158929
136421
574389
726125
265105
250041
779451
816845
299959
870509
92662
631427
584999
359143
119208
234065
81416
766391
191152
69716
262954
515214
430514
218468
411710
810585
222605
863590
531136
430446
388739
690065
566868
479480
932542
348325
245874
228345
681522
545833
98854
290536
693613
200206
649679
329173
434271
731095
95564
625423
800812
874871
656989
231326
609691
585052
558263
832296
448642
89399
779095
353733
295816
345963
833214
228358
210640
595440
456704
408514
141273
555558
699051
351238
755764
348730
680412
706388
596178
292328
848163
396990
683551
505153
144668
293242
90205
219283
125539
55199
308682
904634
925285
604498
766949
274851
832856
493941
870291
805912
902455
527916
877823
601506
879155
149939
950237
559567
856327
546415
368247
704491
459757
51799
725996
120777
345041
816201
340060
470580
387752
165094
891566
313037
769592
174867
587888
118800
668808
458179
924713
571264
986096
802536
689122
381603
952475
639359
457522
325155
702126
825769
29646
678235
877568
755642
315364
738962
88195
171776
725894
475947
336870
617461
788985
106462
792328
893225
225263
977489
867757
666328
65105
370205
468864
754227
751808
937691
909939
209330
262846
612065
551451
808844
806653
945372
564486
122017
684334
169033
293794
410228
644981
630664
27689
950318
253479
336370
359895
478742
830211
227652
661422
895316
597857
130286
649543
349665
584329
559482
75347
847176
687900
626799
656020
494553
88523
736859
132922
772857
905892
943068
183085
67225
90085
727127
533895
343564
579849
893791
338658
410060
121443
80
305376
719301
646718
471271
585318
231047
30754
660666
78223
235006
803817
250596
729559
892340
987455
378833
181549
409699
321902
364634
476925
411987
608113
10820
271903
704314
904611
126913
630726
542407
126993
936102
261708
290063
923726
847026
521110
470832
24044
115686
705838
344213
366282
951749
752905
870089
330582
934454
796140
168836
815441
789417
97175
423554
316590
885430
644221
221201
12343
274947
279960
655688
727402
541668
945751
651128
905047
466862
638312
445443
582548
344150
789657
465182
812251
542562
851623
659185
477017
164115
344374
808810
953533
441549
748716
270123
326980
392937
7676
855675
667885
287637
511364
395287
345657
457115
562767
767056
923977
201079
212500
22877
61581
2157
4411
873832
61071
372386
49369
54440
536502
393743
863250
490035
835293
611967
760158
678625
521256
284186
534300
189141
571823
562016
100780
433833
19132
179899
200889
459461
380978
413389
482339
958911
931898
486750
832743
509322
375489
398465
563762
911991
792208
943365
402026
143853
555332
678536
338830
76588
479074
873131
782082
567250
951499
399214
1083
970631
579114
201972
430093
960092
131714
912432
435356
63612
915534
784451
572934
291023
182916
653049
719366
975125
596414
121392
118978
668098
316280
974161
261038
795355
363644
559472
362605
315143
958687
880040
285775
537801
82012
715868
14245
730078
144652
449601
310043
576538
234053
882977
383914
416969
52378
103280
908446
165144
741025
543777
349594
573657
517938
610633
885364
881582
170105
764321
196725
645144
644361
482500
182945
242726
714720
713543
972804
859372
163144
282847
952263
397197
682177
336177
330519
250907
955809
238965
416052
213186
782742
765646
786844
817032
892631
672208
698614
62737
436530
895340
224233
597243
894192
407179
839969
608913
637074
329126
984637
800218
611973
936900
713768
810502
789429
44287
61410
261591
799604
477462
474777
98699
759460
777973
915731
652092
966534
130698
231181
919416
26038
455414
516659
436582
378945
872981
45495
16019
202107
546485
816238
814080
999737
46358
140935
305519
90645
202345
567110
406601
196159
558239
21652
955619
336213
937384
607711
302747
68082
838892
222163
610472
294307
255174
563406
189604
128155
608902
205624
330262
671739
538214
660695
671476
584572
801630
976995
191569
3975
60457
598170
200134
618697
619823
672105
954910
73559
279817
774009
657993
118709
996172
784817
929368
251346
348223
118973
895854
473477
840949
226116
145216
379163
886811
816693
963735
204793
310040
155304
208768
370498
269826
925254
989195
889649
597360
460457
963208
393529
750818
137553
512238
263342
922370
957959
31040
270594
593284
926894
744071
434233
153011
405640
813396
556174
222333
777131
760968
48725
448787
486088
419223
718613
927695
924770
608263
525055
901579
87823
434936
168749
741729
947174
432091
664099
421485
463132
451045
14769
390026
711469
449002
59389
117109
262398
615564
855794
555881
892884
904519
4668
378972
840095
723282
306667
281217
847897
348074
699149
935720
783010
867898
677449
246537
299990
857901
668022
279474
308946
199144
669500
20415
648146
245242
653876
426897
860806
509670
982778
270042
414190
987447
649014
770637
710729
955682
51854
74978
820108
267355
10698
603119
135254
204500
366008
435244
578753
34030
714718
404051
233174
900570
424467
397673
145812
594695
824570
522970
104366
807348
793012
34908
311147
958379
805545
538228
430413
373751
613206
250521
641107
140257
369992
776361
861109
736000
727957
439862
770031
959027
843913
519557
375949
784732
433582
38114
379428
258152
77436
483794
581853
386801
518702
893000
345180
840599
947581
775593
730702
560787
542466
371809
701044
912459
664522
562153
648459
908831
518367
418490
384210
362281
454400
760160
663365
887982
314626
42793
662487
392062
42939
760692
778863
77993
170044
640395
918592
117625
415988
649295
194765
958455
537456
895809
387266
718331
974315
35725
627162
9034
970568
11373
371315
424968
287885
551033
829302
118863
593826
8141
27277
636766
768833
806141
714759
455230
962888
149704
572855
895229
315351
767620
370036
852807
179782
757302
571138
670449
793027
714653
679483
763595
242378
567151
704915
46615
118184
534218
165478
228362
58711
192755
381480
343897
515248
96240
799127
478137
762296
888334
373366
77647
172307
743402
446806
352089
500704
534297
538890
293731
248950
734725
573679
7680
818228
278594
54295
452764
329164
219773
681127
387876
928880
62607
248125
960481
675199
47252
438618
437495
451938
328336
31494
624245
588090
478301
492686
605146
528950
31576
415229
777900
282654
988908
301932
100882
267503
356227
553647
596667
92352
751126
500895
21232
330085
749020
498065
521637
312624
936683
475484
764563
781371
506979
388808
369461
501632
397847
974607
30582
429423
389837
324834
712077
378745
626766
329312
162600
499345
399311
275620
591697
666789
292867
129281
996874
558240
627347
34863
870864
80382
510348
151779
861754
17327
56940
747567
35311
454787
722175
582245
400562
628364
907079
628992
523461
50197
958304
686062
549542
357615
478034
657591
540756
770901
786872
537630
329141
930571
572494
716358
10954
599194
868137
872708
616521
441429
620275
168184
896216
858802
750429
813131
3518
173860
442123
526980
740409
400427
729394
806303
274394
207428
463894
815150
494681
767118
869132
823823
697690
957978
540181
224996
557172
924670
97704
690045
882452
234331
374581
295020
609486
125010
108151
613004
298870
550274
656336
555631
467053
385730
361934
257799
109510
825828
72949
604192
109299
458434
944367
806989
932764
900
31985
6289
925570
646041
212686
808022
396724
587268
103043
522562
712278
727546
651919
527501
277821
308255
83132
261226
210338
961419
519026
319848
787247
108327
440392
896546
83113
384759
219887
15878
385659
768224
538519
827582
930617
751205
151956
327342
854825
771351
366256
83456
498898
18175
127309
293071
842783
726793
554297
53121
688212
73323
889321
991812
181651
329714
404710
264764
230825
624598
796994
616485
909174
851865
960419
839792
603071
112375
683486
974248
883727
566094
57704
382625
584270
701365
675696
943405
428159
229993
996526
116371
819669
402199
624535
517672
248265
29246
782436
479091
170196
95783
611928
79370
947648
88699
435514
67071
201074
119000
41320
84801
201447
615376
983778
785717
833094
659474
245474
261253
405820
758352
893976
741841
160551
518512
259513
408817
547758
558301
404260
717954
654084
532540
313676
118085
621239
749191
185156
338665
384543
742828
423467
585990
874557
923597
888059
707651
99424
133533
968904
505244
891885
379232
763437
52437
897744
22950
977606
961854
581251
898218
679808
751688
947110
993485
869773
84701
259028
54929
423366
643571
314110
363185
745914
188667
286783
633973
412670
386207
767507
897926
407803
175744
277158
171240
744533
691255
710542
238491
653109
291793
136709
332918
43481
600171
842755
913254
684872
618135
484536
624591
778058
314998
987776
523972
20017
274559
674298
432687
177118
441805
330613
101273
133901
124123
272513
878435
815378
983055
116926
468488
791201
769988
317758
351034
370159
676865
780641
571384
295000
265177
195975
589410
96527
183751
113383
116544
974663
787681
549231
668133
745838
396196
769407
879739
520319
41920
274526
852050
541328
391453
320538
848881
161441
154648
199915
47952
347865
980556
619336
642865
762085
815311
748627
858612
515415
862010
975156
6430
166043
40739
674563
428233
436935
443970
307973
473607
2243
582499
842009
59923
490304
678899
908804
651745
833547
108719
216050
181412
89276
835386
340629
851361
167050
89256
709974
198817
467619
201482
205247
150014
242222
396162
578248
195509
840133
886221
185468
358728
985072
27477
418651
475377
706376
327455
643474
56275
952526
859524
754039
41802
211263
94668
409516
378313
700277
635842
93482
167896
837324
298729
834262
595898
694891
412510
791408
51376
815083
493228
410104
800156
520706
345107
791885
743434
188914
951711
316062
141441
327588
70101
699595
538851
164770
625463
433516
381399
261305
526998
65647
98630
342079
899909
694528
36970
312420
2288
604699
127503
495517
531155
444011
532575
876263
752248
792361
581529
703960
108423
722970
31548
178525
938918
570399
859647
564381
520267
241046
825687
47265
306693
440669
905696
206602
651549
942666
519022
653838
63717
162878
149355
594873
606889
198282
471136
359138
990643
52665
579450
99067
291988
610998
793944
747258
697749
653591
827991
734368
894637
170030
297985
201330
610699
203681
924284
262249
662699
443307
916087
726417
122537
581794
321290
245778
296428
308778
604916
287071
877795
700718
902490
169783
311716
212786
433393
525817
866377
261385
260185
761014
431415
558170
478696
42115
278203
402981
820716
940903
362640
253155
667320
485177
351301
504962
730955
647729
813740
852224
451152
691535
69294
869995
377671
897363
82781
811064
423180
949159
72449
199718
226525
20217
274240
221574
62332
552444
624555
399400
493347
503547
652555
160667
505076
3856
665629
752383
167937
995721
120959
619089
687256
190254
489084
64927
87617
88218
392344
510797
37377
464793
226867
780254
485010
501108
1828
63694
53552
142735
463094
546899
646282
632001
223918
151358
635857
405899
420094
320146
401620
541053
939236
605228
731307
944672
186508
818924
32890
578852
846074
586619
43645
72941
366874
45008
90401
885054
625054
143953
27790
604501
207204
190424
236502
947474
858135
388712
869725
278229
708858
787697
819282
164446
392926
66942
109119
579434
402218
658361
158286
248292
244981
718283
837586
128207
279643
927987
13261
421050
588293
557403
25551
311849
264180
262053
775676
122315
167117
645401
916896
875976
433099
736178
40422
826025
319472
665893
921811
721691
324255
596449
969983
569236
831084
323921
213795
110728
768261
743408
531778
356554
300812
73681
184755
564992
335734
960431
203659
19204
605833
120555
895180
555284
373085
451954
381309
692558
634200
819472
930601
958455
415921
416936
44043
763357
740858
257838
874085
509119
1246
922215
382025
818410
995896
83132
899754
847983
43564
103413
867187
649397
740320
278719
204681
629758
247025
102342
322316
881225
438166
769269
839680
370439
186205
400075
133796
443415
657913
524234
952534
175512
446449
850911
993922
958698
934044
410029
323033
493960
513442
190220
143357
770115
985291
864390
399873
232316
483084
238541
113542
921250
7810
469574
808041
194015
869650
941837
637431
43915
466071
106317
219427
428873
473581
729702
903923
923977
139731
226956
417937
169525
417176
77646
939640
918819
458388
339513
151135
941472
578054
781029
379074
102216
250604
187115
296232
636606
645304
450015
680521
627728
72684
416301
56601
546265
662355
960524
470242
318438
187480
404531
487963
121008
482177
943956
39827
940565
283469
707314
398389
377876
488344
293815
480092
255300
997282
292676
408258
642587
742691
605131
270315
331728
21432
843268
877993
200139
803792
864588
518577
507624
269119
6541
144984
267649
950497
701163
724566
750318
408477
122956
644546
413173
416771
124639
184825
414054
933667
593083
572993
192711
714567
359660
524439
252351
202928
402432
452491
523072
783372
971068
547048
568844
493961
692032
836493
960810
393195
77411
227481
318024
200367
872027
731198
133491
513018
432375
63897
446686
541811
153242
639397
256378
512902
163836
508729
715830
82620
477572
755254
865993
448641
302302
951189
458954
994334
304034
419765
903881
381445
163598
221905
98165
35625
953103
748008
548644
901831
328257
995330
443642
481499
634727
700020
994401
314915
725101
226583
397535
202674
981837
779880
167667
800491
247421
142973
794825
551455
79090
698706
449253
242688
920611
547418
278314
390067
295426
826958
291898
140035
338640
251892
621534
489719
468264
132287
804634
193365
358870
718521
912391
857059
14754
596410
657550
262175
739384
968727
813631
818474
667433
262884
577515
104396
326654
855829
10815
138432
199139
819065
278467
537779
70957
900001
27498
539221
32288
832132
248939
907510
67005
677682
280921
81759
274093
938471
343935
529829
907198
157566
348303
90983
936802
925818
711731
263456
297999
722547
401888
497138
57964
680355
34917
128922
96708
578767
184495
645348
927251
949786
552858
994257
627469
833779
76016
417914
288602
936303
947743
712152
610221
812398
319487
547023
254569
31218
326831
552568
270117
728719
566059
328082
925426
117328
973356
538486
696096
674203
183834
623347
623990
736692
133956
767811
86823
726325
702077
891777
662628
649820
603929
272850
978570
923416
336225
233139
954635
663057
302060
741104
908128
868119
69186
833555
985447
42542
372041
197895
233098
72228
337595
857088
808920
471551
141251
412096
197876
843328
303873
376857
9500
424155
166059
988070
347571
502284
737562
818558
165341
39622
559663
73470
424093
145201
423377
925892
704096
311770
123788
937194
383998
461383
310634
709271
449286
968237
121367
163515
327917
941592
540372
337417
365747
706431
841839
229671
208715
95753
564581
890409
651727
124244
963879
75820
785798
903608
1713
489894
215378
125501
943440
115729
103236
770426
825000
552522
738663
462719
716037
66580
920663
256409
920349
286411
479192
278540
32434
204260
374294
597015
94669
26021
237612
574900
618194
23410
478508
619907
29656
210238
261760
489448
842319
364996
259874
667319
433870
998537
646390
149908
581469
567054
922669
501818
369817
918214
296710
402251
122474
671004
999266
217143
213378
236878
792043
831572
776640
786903
967831
806296
997141
229591
295744
839461
110939
71970
23132
61161
70507
185875
727421
168328
269281
166443
186498
639098
84657
483209
557701
723483
670565
73319
940626
883943
826550
249021
231867
603190
552276
199698
925839
65769
945641
737935
905230
572932
809906
444715
634094
396765
146942
877867
565094
416223
44310
267944
571673
128967
751153
129374
852450
938071
719045
309428
338366
545595
74801
570234
148786
627077
286284
590977
692847
748278
328912
114429
321210
138818
75496
471656
51936
222438
865876
617030
638661
910186
884974
726686
555506
152480
372412
407956
90551
91458
233737
428917
153405
308538
515503
818543
451968
801788
409520
144815
550066
738433
775596
387628
393603
851093
375637
445539
73531
241513
578921
228545
151699
463896
471583
223557
132728
843996
147866
223279
935454
381603
168548
88859
206493
684052
423755
658461
485840
833275
319628
552258
88060
95225
939886
481664
462670
831875
443555
536201
589740
22477
281098
257792
2725
752682
481349
135453
113030
629215
875084
564836
527170
43632
170047
733664
727684
593802
908477
729876
427078
744458
282134
515138
356035
738373
513154
818705
570248
956710
871258
159989
495539
152357
934133
498264
421391
415482
150069
50773
44698
25153
615609
571868
68785
785656
821884
312822
895811
246714
42698
322889
991172
324833
354379
347207
63206
867534
165912
149806
340596
37170
826147
836135
705879
760280
850751
643622
175763
820
694395
736813
25973
826356
825033
611110
128365
646918
923932
24176
893632
966631
347065
401156
807816
217796
748363
387374
85330
430627
537180
942278
984149
879680
778413
206381
156312
629164
850003
848427
629984
60751
585240
172309
403459
410274
783420
531824
573544
223704
556000
983528
190335
419417
384684
514503
637214
133047
901877
238896
80026
955410
181175
64175
351442
959588
270556
507754
105105
636912
356182
251441
214015
941422
423751
617474
868048
723523
149299
957944
947227
221651
941472
137563
641069
326156
168418
794635
975555
70296
33531
55581
542058
214706
636109
893500
690647
906665
401254
795752
59929
757436
47193
273944
215211
987296
407771
599611
710819
73422
557556
658047
295073
499028
311962
452494
341537
480380
247129
317092
67028
280661
889026
609086
11719
525135
18938
702366
948152
420193
14470
524434
693981
578016
798378
425544
565312
722501
25156
276132
795923
582712
934179
607349
598092
762493
59843
939629
242873
823325
773074
309902
620338
178452
435340
632057
219939
454279
850776
684443
390824
865246
208877
84805
443262
523608
26702
8575
246109
51858
284707
42033
150922
735238
649382
749014
497731
709225
204996
256956
48902
494422
83210
669240
672874
518551
301298
409165
489182
152074
93608
396358
533672
302486
481163
976935
826094
24217
501862
72203
76075
302921
114236
743349
38159
279970
492364
52242
505548
213712
309198
554450
224486
908761
223691
897360
943664
41341
306525
432846
709767
916485
829204
243439
218971
826719
736726
45065
850937
238588
633621
443364
541509
264209
186714
96020
544180
195430
664614
49728
925494
490165
120530
149980
398926
860573
563692
342590
901914
386569
291788
128033
303054
120992
371473
522026
464063
108199
83443
831352
863140
717064
274717
404649
981274
977783
17022
41806
173213
681636
607886
98707
171801
728416
248687
570727
588990
812379
429669
7256
198948
721457
135290
502002
358801
506763
540380
822865
131314
623824
654217
510806
340888
445286
431808
838514
423069
448830
880320
112634
646818
488206
211341
818620
732975
976380
905699
321965
788759
335369
845573
504059
573178
980863
522414
931980
3978
579146
754845
651645
202970
925414
162451
60211
887053
594259
415077
826474
43089
295398
939109
206260
299956
150450
541232
32931
643183
446931
871248
948294
298652
716822
452354
871831
697685
491120
320163
218016
70266
75008
869661
789589
516774
32112
366152
403827
142724
781229
230302
702165
76627
685763
908425
892936
836213
449657
925867
995748
412941
313468
944043
227945
30290
396397
616128
244327
403869
936291
978695
990487
527651
848356
780076
44426
396821
146228
964605
539545
927458
711259
241710
520437
397022
666488
413373
749588
116145
855593
745336
45438
685413
689379
273384
715703
602128
889512
476382
522349
342156
455078
512837
869807
819786
292913
430585
216607
955494
395191
272504
399304
622802
514215
919741
19825
180703
849467
285765
813200
221412
547453
858639
906825
236833
648375
138880
355313
537887
615262
877663
880043
586692
390500
266203
406479
199765
696788
623086
671611
608331
895591
70915
231134
926158
507009
767311
623213
872828
53076
952765
94240
600529
811404
517417
353714
976131
656297
709028
514019
787911
103043
910414
374604
9895
692969
297435
726012
389758
920521
397624
514441
332464
984891
745575
774974
491900
29238
398187
364728
598666
350953
458968
199196
678709
492737
69262
171193
149034
294642
685212
453298
914037
111978
344254
923932
321300
641689
649945
711058
78562
563921
225499
411027
548812
487427
186001
40713
516665
100541
921793
115332
967846
897114
830880
162907
389851
416494
334100
55238
711137
535664
508536
625174
647643
852790
65459
485295
10831
231756
196353
89393
795677
938204
500420
860841
941983
202774
901554
975001
303315
823348
90333
787513
720462
437565
950420
626665
854059
284521
681903
81548
820185
706791
223075
984180
75933
288534
469475
86764
36642
182180
176158
832319
636737
192930
209512
578720
395704
111067
553721
215371
450767
160406
2884
687581
114323
469657
830598
484735
754178
512502
566283
90715
219293
305710
74896
295227
110596
60723
381991
147238
759256
74501
495909
395993
267432
705422
491065
179488
332841
44787
911212
299960
721545
430448
503893
835869
900105
334491
320604
170635
846993
403239
261351
582639
708950
852599
394218
819546
429674
776209
483137
188930
367063
979046
584923
150847
684468
75989
846687
533661
637128
274251
833621
875025
704700
337514
227246
121157
188358
64202
808145
35351
983794
585848
134342
209096
954799
528560
28642
384473
821122
28131
573404
188185
7178
674679
339032
207998
267020
702071
258012
420500
976323
91633
811878
197375
945500
39124
318532
133858
619679
126677
685561
603473
228877
819904
812569
183676
348464
357563
568150
169586
385695
657906
874123
909225
848937
729507
633575
115958
431579
891587
52810
407902
983221
864688
605277
445073
420165
440161
578931
39844
83191
264492
159669
312068
84396
972238
12097
949213
846153
580247
635151
748200
754505
509275
657425
603442
755134
291001
235752
703065
698940
288563
627319
682161
153251
748948
643586
89768
189110
222517
129612
788653
3362
805633
617073
604110
777871
629170
553323
140377
725769
704827
888577
480274
730454
546003
83717
485588
353356
319469
188654
52296
124384
815973
250810
793988
564922
894396
883756
270384
633266
529721
59037
636628
335354
192462
240738
113226
821633
310414
769955
547402
15241
658532
27677
745695
204535
627746
747635
74243
463567
936289
642892
587952
268615
893702
381940
349889
304450
782048
620273
454068
311769
195662
90696
647124
388124
847787
276702
726109
674553
46657
273512
689794
705189
817541
951841
426077
445287
699476
16672
425206
152118
659564
529510
937085
69618
427802
286974
890421
209851
423599
344489
37972
619261
951538
685096
523737
315677
478150
249847
990230
41159
523359
680024
262701
857252
148217
205130
818891
364045
221802
244097
516163
397719
773608
453248
983689
201410
256574
874110
927613
680173
734952
965586
299434
686490
167034
339524
518519
645185
589371
508749
202696
629082
705125
465397
2686
853342
670527
821577
217387
408682
65674
249903
806401
355634
219503
790090
73397
476078
180553
517362
156251
915505
482948
972038
118347
649983
311562
636866
811520
417285
145615
14216
562719
367092
479614
565405
220434
666493
386982
954173
75175
969008
720428
397928
840995
939932
188019
430744
416010
368572
948106
88613
800429
431055
577003
918776
597390
888565
71994
408910
822202
217609
939478
901273
101053
419092
466678
321487
601938
370012
792012
677113
855373
512441
75042
212720
452373
779413
643464
384735
664337
591570
473348
464766
538977
50352
899894
136367
455269
971888
61629
793824
705849
1108
211449
806902
936552
678128
644741
538490
564492
436753
731956
936217
465546
323350
148937
917919
102763
792401
819006
767100
900324
808707
748218
439301
375411
648112
92021
347032
620000
153650
140856
325849
671110
352306
132751
607663
546786
777492
662505
627630
730597
394461
563848
196144
717811
229137
630415
336926
21539
449422
620378
921863
774481
368596
877516
149892
16708
969537
496924
153060
639540
154133
478909
310650
22791
128012
434665
85929
421856
613523
229911
152454
524336
310111
864950
242148
539249
495365
95426
560788
461139
715805
999003
751972
84401
876519
901864
617462
362409
915141
770522
1949
585626
765784
828951
124769
893796
779969
210698
832005
393492
956961
500811
917828
267073
365761
676328
806322
377478
771755
883462
354970
487560
882465
106942
88313
275336
525159
705775
154097
440300
992650
156046
542278
758434
501350
667047
168582
281319
394097
516939
674811
351058
17750
108991
134483
899863
785320
940805
277342
557075
824267
148664
560987
223084
255606
165652
14773
297117
387780
168870
253769
380430
841269
796047
655216
342619
979446
340150
140290
373543
857090
331453
240954
874840
440444
375437
774704
225764
832595
568398
299191
656862
717062
860178
396299
489020
542183
411072
302490
929963
579942
556259
310393
937563
352307
481961
280182
848105
822111
420472
221649
679201
751925
978955
554042
708722
870744
845098
934486
703339
413496
233678
876554
646910
610208
272853
652282
668743
683925
954772
598706
780219
511032
425451
717783
379691
907412
514317
227796
729524
451142
965797
408725
719419
944752
479119
428141
331849
324217
878980
35188
254065
629010
911742
417327
755570
184595
69610
424314
384872
540734
23020
681444
51766
448472
915579
947809
872236
946248
691958
601760
397390
657755
526838
633162
118860
5957
61303
450709
846527
940283
2249
616944
569293
913992
34272
324864
614939
103882
265530
999812
160968
288550
197608
212735
253374
113187
676896
125611
575787
368854
727371
973178
542962
770561
122692
178174
776519
183995
145235
139398
640631
147484
756342
726276
577828
306966
567492
192768
927200
833022
708932
88169
121573
906540
817256
374947
536079
494152
16910
111866
379359
744282
601396
438673
31195
724088
133199
324066
424436
278434
463464
65067
942270
736159
307695
520099
43125
875188
712867
970326
708210
421799
58495
346135
844691
875751
237435
380770
886255
254345
8988
781966
514979
610385
220639
546175
850825
353838
870241
275261
148624
850058
856680
90895
102569
164376
610994
145694
39564
840213
632372
264126
778364
207219
126614
623055
599322
364049
3825
485578
134746
529165
783896
166078
139550
4536
228605
990376
874726
98846
781989
23351
465256
638670
630598
567825
803046
757944
229872
358962
598157
862244
623088
376521
585816
749702
515928
185138
630103
519753
187068
764850
48918
970965
930928
704821
491853
159533
211549
366579
774731
509890
906282
756340
148560
536880
840517
951606
811176
70389
826920
925685
448986
450009
302206
34802
716063
818134
219940
346167
854239
407009
627369
419510
894326
558297
640683
386179
234182
852232
269110
525265
362122
175393
797957
27035
228625
638475
494993
39802
708864
321914
965487
674202
288275
784046
709004
4338
118532
445297
350505
489124
368658
977874
908634
262984
52523
549317
649163
803057
917901
918273
328323
796375
610018
642632
823410
838644
281107
834756
394798
506324
156670
876637
180526
444945
660683
405883
965635
295568
367532
316141
784692
736190
810367
209678
999174
379243
275347
164689
182300
709600
599314
26975
505975
209333
669608
845738
564329
467067
680494
475479
973391
353516
352116
670270
314813
529152
592505
280448
341072
960037
112941
125764
696227
439661
851794
211753
818904
127141
376442
1204
836741
492108
544532
859068
701441
730492
704806
782122
197559
901652
773953
170951
771520
126070
357573
86333
171574
950078
883134
512646
910115
512427
154762
606342
952088
6556
818095
287344
650049
710889
804901
486790
202997
349433
345858
420791
79925
567017
719265
277484
985021
493219
964787
756542
135641
322360
359227
307215
272438
242361
336213
182553
271141
7327
305247
223229
530235
639694
510574
180284
350583
315475
183426
553581
181260
529284
974372
261185
612653
209989
55021
597675
703208
19809
354217
838849
342169
229796
662416
130960
988510
998629
829865
259651
522308
135113
999232
52543
774807
26158
749179
641743
857985
932605
195324
39245
978242
686048
816782
107247
896037
871804
704922
115598
407965
575491
954447
266486
805288
616864
397446
310150
131845
743664
569801
654154
395129
85385
223049
686288
111544
972229
328031
969529
421186
39707
525127
915780
242107
341909
23028
654497
730065
244302
770095
138030
819794
724542
404517
141434
857758
318315
451584
989604
61979
537737
643758
973460
623122
383159
659749
734666
355388
987780
220548
292927
27488
745675
208707
785947
603936
748087
440444
850354
992390
210539
988384
328536
451434
909253
469970
309192
227569
437906
298796
805900
975643
458906
779361
115117
842066
439110
366136
713806
943242
586684
6733
487082
848711
731793
273030
968999
996232
713474
819353
988622
440366
324090
317158
891800
233343
303480
200992
977264
741386
499789
299517
233381
958695
595230
348499
800761
550692
230987
30920
493934
817671
554005
981017
182734
285798
770399
151733
798383
483873
487439
787005
924239
811529
620516
332391
561224
923996
533384
538489
181735
33173
838006
931468
508220
949588
796319
825334
500280
27306
856254
994214
361329
410259
491583
544063
212410
778334
212149
10793
778560
215940
314150
219151
27469
934666
551543
588693
375015
84927
643534
73102
634452
997892
520922
142672
947480
317242
968006
447760
860900
340612
958327
222230
750872
966262
282645
479634
744597
494794
6779
523157
710734
320929
258660
254555
771948
810203
359601
663315
895130
519487
252769
529582
517380
773691
672255
464860
607285
156613
428973
468186
497226
903652
690416
764450
386266
973061
760436
647215
984208
767215
170372
211294
604496
945385
982202
892796
755588
341803
556111
650719
861290
808880
696653
895022
98924
885260
876235
706209
41874
821560
174395
55452
725212
381163
336254
111478
870577
613042
758694
854785
896609
445418
582431
17457
390803
564633
910254
662744
422788
466365
313463
800431
791598
526468
211805
890522
411729
88040
113083
969955
909600
287479
541759
151164
184994
394365
262643
55571
7407
537689
426708
420368
499459
525492
437825
406615
90125
348079
69359
29266
330797
382822
346049
122395
909290
557854
529269
837371
645895
642352
807326
71847
446183
349085
223012
631178
743450
2007
203101
267209
539696
629810
687577
555507
155302
125403
962122
761779
989834
31481
307397
320631
930655
653446
959378
356298
727653
4999
193669
889900
647352
517348
961747
609887
382785
184759
757417
126236
703118
960519
909797
242814
106681
113727
314674
778335
755482
276796
56466
745316
824630
363864
582300
271637
533662
541678
627935
261315
63030
337957
151215
226734
371657
629315
836621
754442
330426
594039
397030
33545
70910
306828
792711
177591
420555
107385
472278
176037
384182
528744
437705
725164
892608
20005
996801
942623
78036
624737
720290
141066
479046
387858
367800
850703
17173
204421
605145
347599
314812
518528
381144
385722
825356
690208
79665
762263
797593
68295
454652
181775
597040
892357
423291
6000
428715
420093
948623
506751
561182
185266
647817
40228
573124
531969
407283
106649
252742
528780
454248
567555
47308
351745
469629
389016
41953
65647
667631
355898
133942
122283
537674
730982
530993
477317
253335
476060
897410
718310
982811
458592
903576
146980
498820
476700
195301
422455
583349
448043
951236
553950
15598
514896
422047
1580
903913
980352
583579
571544
336250
717521
210180
390276
964856
257525
867594
218191
733585
765004
452853
232748
223597
356430
896080
238769
349482
91381
661225
932832
539424
128813
3134
71375
643709
941533
589307
547622
921885
172886
635519
774487
406759
362051
164764
371615
619576
548710
106158
869513
313714
559012
618613
53663
431794
514693
808785
781276
122426
986362
230460
661850
115175
233594
249577
758884
175127
838884
822859
613364
528122
974730
387852
934882
336781
68968
306497
472709
617678
929008
342222
447744
4372
477187
17760
436166
991880
826545
217442
114306
812907
447903
292508
928082
197849
58438
203318
889329
413674
542529
502693
941797
517259
406897
876679
854040
992217
699528
326749
609895
144888
185323
573992
149260
662510
591752
585426
170742
418297
802869
801400
231204
767124
610261
675638
964973
668699
395308
854302
82373
937838
873348
540522
455097
280245
417201
825490
272463
633082
668591
398710
777970
853915
972702
927231
32777
564454
29009
203520
499103
348230
521272
246659
115354
131533
438649
596680
316584
833958
967334
398958
288148
840682
455832
743245
637280
389386
85087
426095
22468
753679
824805
316790
123946
313860
760373
156723
394666
789383
876595
893770
137613
397868
140429
769320
45753
95431
882352
362338
929389
849686
277648
217537
690369
733480
477134
844001
122866
78574
270096
661686
832253
611253
978477
956199
441465
738850
629274
836132
44585
22222
246254
182199
936442
903035
467871
982195
998466
350223
344533
927855
716261
138533
661744
406630
872014
655231
250631
511232
733805
37079
689271
82410
648333
667748
554961
89798
922950
184235
442282
967536
722809
688536
666087
659251
591572
650310
641447
590038
516885
502332
34246
233146
157218
212342
639777
545584
383925
406760
56816
634082
443840
262439
716492
608525
446539
271453
214675
369490
972041
656958
853378
694850
345494
35817
354102
453418
686127
511901
559809
719364
530585
110407
952510
687803
322749
108639
233387
223027
31752
806556
857109
475592
68995
573602
600469
515535
845055
815144
401377
333448
472102
771107
28299
333949
806924
898753
787367
9403
410654
347176
728767
941239
973935
681277
145395
296685
306269
378782
519712
338021
185338
893173
329965
254334
466775
930434
286221
828183
261930
687598
161631
250385
458705
189930
584334
781981
88683
888053
791384
15689
751582
520151
473281
725517
717780
618676
538554
24049
997458
574618
878422
699149
467792
208387
953483
934567
655173
756056
279102
917104
443654
440734
167489
418711
147016
268175
200692
235700
672580
992076
767741
424162
28579
241022
666032
262711
859698
204586
803113
373509
295557
681535
72658
763349
889923
542493
214268
61448
298549
493371
978552
258555
934105
662393
677266
81121
930568
394310
833173
603149
902738
117267
543663
931317
358289
209695
710380
734340
930634
513493
624201
742543
711381
696859
505892
601304
755704
236512
179104
54253
729883
157657
312808
180340
820050
506426
777814
266971
900736
127339
386472
803474
244606
446487
251143
119248
172535
961523
853588
103169
475017
994141
845712
186398
691000
867956
304054
446704
104468
483158
17309
350704
157167
846469
531044
493570
352895
308858
276893
253631
436198
663365
573457
197156
109852
824600
316404
798739
786123
686344
901908
777492
680485
263972
480242
887837
648280
300648
850893
269101
300159
868202
619805
973678
714671
667201
467248
583918
976060
260493
353901
928610
923858
927358
642118
550063
268310
958523
348802
570786
161219
767063
348278
841705
547387
344873
245894
712020
161873
96788
981121
978384
481342
600926
952063
712366
268127
935663
296284
760539
196157
650186
205501
636367
93896
363972
702782
362207
838847
567937
932993
66
851352
797623
841771
398739
658848
87666
627111
820722
700806
608232
315458
182148
725510
267521
894514
509990
719537
707151
786881
432046
873689
508735
584765
967585
872707
287548
329792
711554
371837
779137
711620
223189
576761
69744
138280
751961
673762
765392
89035
890920
889976
404494
73068
615487
188367
483935
125477
907904
191086
912358
856302
64775
937445
441068
32360
810152
244968
878505
38058
616805
173994
749679
356346
267107
335775
494626
19069
525889
776370
108104
416809
666347
28950
489877
281834
217318
490164
923663
641574
681250
352373
497877
746025
289819
455297
294738
616323
700265
689595
654382
317070
863589
920413
673416
130697
256188
684394
666118
782077
460765
774222
715238
127112
803173
721467
925298
536843
211632
848961
178417
892882
717686
192646
155260
7505
647943
966350
623829
348208
655945
278211
181630
35886
198624
855046
682935
971164
55793
349053
269593
516558
639628
984831
160022
959153
706298
85320
495996
434282
450633
190765
327165
168319
383412
998777
692177
547707
965127
316006
895916
137424
110569
77546
173310
825545
448945
372598
796709
504738
721651
66302
537648
877631
567485
697670
353136
790135
299342
365484
224418
749975
556250
67935
434646
456014
583064
126823
3721
548191
959181
415989
201967
69750
493536
891629
895295
458833
264227
692004
963571
502231
274658
17571
379862
358495
715241
249351
148631
14583
614835
889401
280910
687437
957336
715556
659803
540400
358732
663525
604943
317913
79514
806910
387664
89402
698539
799311
64587
479119
7668
544510
981350
282326
562081
877564
157174
277322
643267
305805
808257
258103
195206
605519
945540
668894
837428
605344
725646
196160
785221
330589
514073
381087
653851
418089
986842
868742
217401
51429
347861
741421
595940
845563
540099
674373
239480
697273
468048
882747
3078
276305
140850
714636
398177
602743
383530
235605
724439
109176
431765
26012
956117
462190
923451
609968
880280
910293
995063
614033
478075
342924
355454
74015
704840
895553
748388
944320
592827
732788
827067
112257
9094
484270
343246
923623
603365
726776
159228
844156
352305
590993
870168
308422
569535
793619
434743
449815
220265
429806
580200
698340
289082
452006
288707
993922
347560
553447
454594
456739
286236
798014
85348
811682
282284
428594
735305
402001
671723
894533
246157
540380
1878
116325
365154
571413
426296
799897
537581
646561
746055
117781
861253
551490
569788
149960
61764
433700
703408
516359
406791
989644
314373
8491
317678
113009
953438
52983
515010
625161
947516
277519
165541
465746
910196
47047
37159
336492
363297
91092
499406
109352
725226
360659
660842
295014
510620
722607
245066
730380
755318
168209
236376
586043
693052
554054
699052
646490
607037
730414
788003
70905
7933
469896
536651
434481
516944
90162
770973
880241
181255
786731
989593
906481
147391
166788
717847
174363
405747
479265
421095
677417
163826
657471
263460
856878
211525
478864
503369
334914
725630
291372
405819
249915
761269
458822
684396
278213
65336
455369
674806
762943
758453
180751
185776
422196
347539
903623
112911
269638
899240
534006
947055
63066
707829
726867
436297
919354
205731
939666
770620
931361
747390
692791
181276
508659
667965
382024
303224
733301
837394
978030
496245
112199
158782
682021
534395
22673
101997
647306
808664
517589
181312
755719
580656
889141
998939
16953
324847
721022
472971
611819
168736
220361
304610
866364
245373
972575
248389
548597
705876
602135
42980
718473
714334
718114
916847
248729
740787
18844
412387
65803
536433
110051
337875
633441
999192
336814
166746
840391
57836
156069
452210
226572
376431
273172
609289
621804
762099
857678
686753
984327
459813
246085
702801
690499
964199
619648
939228
221339
154844
867967
287142
207629
978018
141369
357423
493562
478183
40521
333953
52372
196591
302515
795296
89374
92039
404585
227530
854138
262263
430635
838465
238428
676721
57618
928927
157272
193618
384507
894963
864814
252474
698458
72444
230492
839827
946219
724054
318011
986740
574359
886735
699683
876874
682031
789057
485265
86617
16587
339403
348880
447223
694221
103661
640296
751839
32588
797568
945458
417096
208884
810272
669570
907342
399068
900063
747169
861639
140469
581532
848380
714829
468267
64415
108055
150299
853473
593321
236916
386412
449076
102148
349987
143297
205809
990283
411489
754750
304204
873299
171846
513088
199923
357768
936782
598992
257831
683951
976983
914653
781836
341715
629482
250103
406131
253889
916754
775956
363562
670022
162368
812639
288523
28708
472288
10684
535343
883777
765434
839547
273428
453632
868987
473352
811401
322121
588696
585584
522425
565679
500237
304261
907395
129719
70716
313526
899961
987471
89482
263523
173845
768202
76162
462368
796910
64803
473053
848606
464932
754839
204505
738361
208472
73493
211713
19873
911966
800409
605457
434391
882440
105695
738652
789835
751766
809369
619713
168079
313192
709195
431603
487037
993750
24117
465758
307012
88920
938811
155618
553853
210002
360124
292214
418474
949969
20279
954699
861935
820688
560157
296327
703128
182204
551331
9316
450322
877052
629029
618402
190244
854577
566357
193634
848327
590474
659392
155339
195747
114555
827310
749600
324557
703786
558166
259384
653755
578445
214083
515690
915485
290592
328369
134965
989148
879701
144281
955823
273105
773311
90577
463350
627888
656934
173336
992567
763760
349080
664258
959507
463635
491568
225459
304544
195354
783625
563928
365461
362070
294364
397504
277555
584956
725873
928873
90457
121926
73154
46280
911384
362817
136857
374734
990705
793791
64422
499624
73903
413502
163883
33411
393489
171803
258870
698033
883510
558848
778314
248971
920918
72678
162827
714826
173986
405053
643699
264443
43331
233205
827075
954715
596023
963932
845801
103080
274075
910223
602705
347979
840077
282940
897742
233566
454743
156612
447952
854605
715460
226266
619929
152731
815296
782756
383909
505634
704161
543960
286430
747493
777165
113505
702208
373188
77438
548010
476269
351513
974585
595326
215844
814663
878266
113586
48229
849361
270199
12533
220319
502011
238799
840248
171094
570447
139356
555003
76082
843518
98963
362512
591011
876129
476017
809571
765669
69807
357581
758290
937673
848519
353616
153517
663182
748234
267104
227763
597596
53655
240297
334267
72018
479096
174515
243113
565896
830223
798116
158330
673741
413432
520842
781104
805913
513211
107028
571582
99371
464609
329873
37044
313128
199841
190561
492662
948076
974017
720426
62024
544024
960723
396291
616043
956171
570806
859156
522067
917381
173624
680397
107475
103408
717591
888579
909321
747155
995607
480904
846526
976569
327129
399922
806049
526970
106835
298712
475046
80853
535490
537070
624877
496213
933361
757272
968736
20519
132780
7156
454253
306405
203905
561728
409813
921497
966659
835487
185004
478619
316391
547882
455188
643520
464156
777589
686842
570991
592653
161889
651844
128143
215311
793074
140708
665025
66698
109445
201896
199479
116601
656149
22236
836858
217877
948401
274707
184537
783888
459711
179508
100279
523945
634696
260151
988101
928637
946994
559093
37643
625235
727289
165786
840546
36715
822847
21923
103414
448644
223820
302893
81597
879969
841481
918455
614199
789882
193163
315088
573771
169226
494596
190402
693172
645644
450554
681273
574281
913900
756718
128276
55487
360
294063
412385
37075
633262
434309
656841
81906
658129
476086
163503
54450
317567
598310
185001
107450
791473
500089
681221
960700
994685
871623
170224
156681
838529
851497
247315
268781
124568
375591
324268
124928
186006
736654
678355
819268
170963
335197
417526
345444
327635
97381
916246
645203
695692
101248
269005
487165
601337
950226
964217
112375
338201
134441
785408
693083
502291
32723
961864
626859
408315
286133
268139
594321
22787
462846
929942
710102
798043
347468
571898
125679
444850
488144
287234
140542
589392
556239
144059
707082
22817
108277
335809
361018
759070
121217
570453
261361
153941
532318
404572
78608
334803
189063
672929
873942
651910
602871
584044
449953
466692
155942
91984
911542
160438
895570
568436
749831
451809
712495
456913
474626
337124
309074
351997
96195
430291
922450
357556
584232
971120
278481
662840
305923
467544
852122
179865
119454
971345
280261
85760
438037
952555
694096
349579
112994
589667
434367
379177
41476
146863
352442
32455
483987
661516
384452
580182
91807
823254
454091
192392
794375
248924
371584
616650
716468
740058
796516
352275
711404
593129
954387
665793
545685
164835
531725
175031
754502
966092
554208
312331
112955
906650
861138
113295
84518
761942
209829
692677
585196
663920
885069
895923
429196
773006
512574
662017
513064
825442
14292
740820
418571
485031
406614
480608
649866
454691
171991
920721
420783
242551
749404
50091
149201
610542
163386
750071
888836
373215
442749
474032
553488
327818
369956
982684
617176
398882
161053
646593
224324
175345
387413
159247
176728
310379
156208
826595
765070
328199
263668
185854
570751
529424
752297
236304
139966
915683
986376
545154
805250
429125
19186
875090
273295
905494
374127
406824
304376
535180
53417
45052
226878
440830
204300
403606
751210
360508
746553
32632
205059
10221
734838
775810
539645
487135
12115
195963
919170
514843
741117
724421
943968
276656
115863
733615
698502
489990
140439
2879
541523
193856
564283
768401
151039
284935
172007
418601
161795
434913
451233
366855
445134
186072
142665
501132
189559
671132
213447
108730
185975
954565
349503
646295
747573
465366
896263
446075
471709
553054
965306
13232
746911
529590
297985
414302
814525
986344
832903
976321
421257
800488
343176
382744
986560
2193
400228
692472
673326
613675
801202
375653
84592
667057
21949
832165
132423
434564
278241
120484
987618
243547
650068
734529
289489
948053
665183
620367
934398
498086
113040
872007
298575
972568
254751
801487
974761
654979
493959
164439
785007
811513
540093
869599
478570
78394
701765
127346
512958
496358
247830
500576
256257
897899
751458
62099
362304
416641
682466
813054
431080
795506
685062
246007
768074
456165
47494
259187
111145
57806
423627
896152
385671
480072
282103
864242
74818
983868
507940
104128
996578
755770
604704
769188
170021
872514
831287
532326
805508
513753
345380
236588
825611
546794
482595
110037
2960
46441
369224
630457
620599
309203
526609
522623
305627
325064
386865
380445
825285
894805
484573
821863
166927
605630
591051
336949
478144
422338
385627
800004
452443
247359
36592
794406
794154
35539
904443
797114
598333
790020
427571
735284
99223
470532
257907
404851
795596
161124
301648
620881
55929
302574
959097
739209
908204
550148
592510
902700
488839
494489
702705
457634
741848
255649
252041
536002
807541
672836
333116
405874
462856
277039
141158
562080
747571
399066
483283
59520
560190
301283
680401
132472
603857
639498
388033
28413
705999
980543
447466
711190
475032
150171
685176
733232
922172
453569
269235
729713
126406
118703
135587
589262
395743
793098
667694
659666
708516
150977
719186
785058
452261
915940
917530
572470
71790
821915
600884
294141
802458
48350
5331
793842
714873
206860
527075
637045
660429
312662
883111
303187
947717
535050
892450
343460
328148
560144
519479
36664
227474
238665
821723
196087
154605
255605
768557
742748
77521
885793
36889
396331
450495
558573
706526
681720
765433
749953
835118
942214
578967
718229
245402
526684
253279
137852
386497
581428
214348
905976
134444
958174
660993
472519
154261
331951
728125
439171
74699
321998
841316
111588
234681
808164
670161
941207
489884
435594
207512
325002
894161
786479
559583
139563
313164
812863
793767
699661
910643
524467
605637
561439
482642
266630
33959
153255
598581
278436
108778
189632
600434
950095
301221
835115
758259
487734
292675
764495
439681
500187
89498
333842
286667
649081
473405
599831
978296
783524
815844
888939
307991
421481
450379
790633
204463
690
460241
319397
279126
569019
25381
879560
35466
326602
231027
310077
814337
40054
74573
254018
540242
164071
587860
343261
329504
577617
943092
824153
361141
275288
713092
185484
213121
679823
492470
933936
680513
952711
253333
475991
38082
795067
871903
73549
121669
102931
383626
452358
142985
458199
222728
199579
138622
810588
542840
984479
904557
2284
808632
782050
277572
521724
483887
490693
717900
976357
940982
914765
445420
710667
390757
483502
505734
262660
557051
627404
881943
940678
596114
541281
398877
818843
740860
53852
145783
800053
38331
566693
802337
846963
348743
596262
885039
832630
603307
119291
325339
544289
34057
770759
254957
941166
254262
760691
203826
811313
904447
602122
268343
500562
143403
183573
835757
400615
237425
981540
200668
792108
548233
519358
639071
413329
115620
40462
762311
235279
159754
87651
779569
710163
858410
550878
651329
112672
311569
371507
923986
732369
973629
192329
749283
117032
375902
585040
517648
129679
82932
234668
921787
631166
754026
77210
560847
869646
117673
323158
104926
793779
410809
400847
20294
269220
951725
187975
898244
779646
559482
822230
28367
533112
530912
777650
166496
423166
879042
200496
69198
961975
951517
990985
109493
705543
68196
670340
91542
702221
509850
712820
12352
920660
113667
32646
706232
581744
220621
604476
877742
780103
943059
906110
829567
990323
683760
512416
929841
79155
229264
999039
41130
180781
990025
666975
886325
574573
853667
494219
276794
363517
207039
289146
800529
837058
838144
23113
935154
58765
627590
812896
355220
87001
719006
701140
77324
919119
729908
7165
998274
959172
6205
555756
656306
512582
739083
58983
87155
109102
553202
880301
472619
760241
685799
789501
113651
523943
812614
48805
99060
956556
861701
970632
43557
97060
671772
120881
532531
918032
644399
47157
393557
166956
119265
49863
195890
858348
108846
283045
967450
662048
679698
956421
938641
365497
262274
52292
405792
74889
101097
21204
547797
479150
991836
591355
576210
179961
228588
108741
97993
389339
155898
491550
556295
275163
57765
752185
649863
166611
551582
133665
828659
231280
90087
767300
113129
868713
335944
35273
943602
953393
56477
491400
432544
48314
599107
525106
744627
344047
150200
358972
733387
822450
366875
289682
613966
424640
558220
263829
591252
109802
397495
936263
857435
3934
219916
486916
872647
555860
522190
332602
509254
95019
340354
941798
659685
455813
983256
404312
799860
133456
279637
533247
955907
646512
339282
569873
71152
897502
350054
662404
523656
263901
115020
897443
784187
334936
384360
173187
890796
422902
505789
400050
517921
362495
858200
693959
818308
357809
614623
618168
491265
894260
667768
963524
540772
7050
49749
611925
904552
916156
790681
944560
180057
422053
842004
964245
756989
742716
137432
647786
681970
159573
564188
199891
522068
938741
410202
856728
296550
24826
474896
304167
919086
142664
784044
459859
666066
833793
588136
570618
749949
895169
515179
446359
317223
873535
926956
74212
616251
64388
238350
298221
740313
318891
14464
262381
773984
941019
635461
586886
965845
626709
891053
884931
285726
191449
861142
951792
541595
965630
522411
807896
377152
553942
254255
210727
943829
181211
801291
76432
761951
39642
891005
18616
874885
905469
797349
648869
846488
432810
235755
328685
59520
643160
729969
345246
834610
591111
297038
376205
73094
335801
700453
966598
406095
954709
177325
349924
652272
978616
942708
930576
534610
833713
949192
409495
739183
746542
58364
102023
695704
294119
947061
755224
937280
677030
100470
288242
784493
913861
664447
857587
766014
364900
824185
172110
835961
517862
38386
4586
496479
981095
451514
547441
814808
400706
956937
70343
663600
531653
688719
875657
825773
635780
630881
279405
312810
247704
567647
97303
677917
748446
471243
443931
629698
811780
616041
982012
329643
170780
986598
342474
151875
438112
889915
966683
355170
363204
553379
535123
894858
242098
410780
236983
877878
558013
516388
190688
322069
600387
804343
999986
865185
275586
443918
494883
603719
576311
476895
933362
747091
979845
792188
898966
934309
198455
382002
805832
561660
935381
857307
456518
177479
784439
693501
571709
342452
726241
762397
664522
842980
83092
664508
708165
875031
624778
203048
478750
201090
196296
412112
948181
692493
720652
847148
626803
919107
745502
948987
480767
680883
806294
453637
374714
590733
147138
946423
449537
389731
225172
114059
232711
308264
294920
940876
183295
919698
660277
662045
120788
856573
590509
68970
65418
311161
432470
692221
230269
177972
641208
227388
375207
963854
681026
749921
554587
344516
696344
520477
734248
437868
634536
966959
746132
445808
424188
445780
365507
84465
624177
2647
457390
214687
587969
522808
42200
536791
731382
788821
714763
888942
16210
606322
852797
213588
356243
923736
558104
568939
444213
292352
6807
595102
775664
752940
40910
199852
715072
922769
800669
339249
441769
774411
70288
546090
297219
628841
82882
28601
417662
313997
917544
950224
920320
286693
163812
276563
210429
721917
845503
170995
530621
852310
282449
822637
121602
839711
538841
353026
762481
339510
692276
720602
113921
278916
266692
927493
907757
349574
472446
841772
663572
906342
791996
100244
193035
472161
376807
919817
194078
738662
607164
241051
590973
889613
63689
228927
729324
602530
581954
8157
458393
790582
728759
572314
585850
511804
16159
9960
377730
488606
851732
557654
394948
643728
657898
104336
632241
34706
540505
826319
773368
147669
583723
880693
37282
647412
625973
282958
249942
724279
291116
708335
31213
536227
797002
133415
564383
329513
143375
942114
818119
995107
499768
729420
155188
157667
350108
787429
708725
890613
130101
998445
554634
713824
395491
108268
877588
537816
391226
643882
262095
198694
868570
809660
734922
181924
943075
299305
511437
602803
757771
329557
597910
257540
575329
269450
931559
925437
573232
640284
332402
703333
155081
887036
933509
550572
995304
327449
88388
386530
971331
866835
101577
839901
192847
352851
21825
135923
168508
533263
738726
926280
379172
852988
700172
470853
638791
631731
912642
212023
788367
245044
431708
943448
132080
365217
10373
643736
692666
615113
546618
180349
481949
648195
20251
674796
1046
558428
327071
169555
608043
582149
612187
503567
951490
312359
974420
590281
944090
403414
318656
248809
648458
750364
192257
296890
631933
718982
940626
324599
334096
3597
21300
332397
651792
557903
523545
169191
116332
850617
855098
240727
949118
467285
744295
416960
779644
235067
523593
240086
638482
842249
488895
803292
592613
197504
100183
224546
916487
557161
65497
766935
560758
603150
99332
728903
161053
622877
414446
277385
989846
269544
34465
455317
253181
295112
872277
32825
46531
395871
789263
201365
754472
794510
4658
347086
508366
621193
87984
941205
178354
669834
708140
255465
272984
807472
500720
434037
430350
915166
227775
936548
184710
778592
391865
437891
73704
264143
987068
120235
176366
292683
321601
930838
87193
842611
794276
111911
463804
398613
53117
158510
584799
277609
930327
857783
85082
431047
808172
31784
346213
552299
968332
47275
330891
876550
485166
920947
140693
988586
41183
317059
281269
879136
764249
884814
238099
558526
996726
218255
473491
566195
376765
58290
843804
307093
432425
445238
254492
240597
993374
600706
309249
478059
164333
640140
354609
649500
77440
11654
154438
118623
845065
952060
514111
609314
836874
752210
684192
349952
486817
157683
432499
863582
215973
792656
687027
648398
237894
457872
405348
747621
574930
714597
225680
739263
871089
96641
905115
948529
108295
59554
583504
953360
11614
613967
562674
364840
882529
763219
714793
369346
920902
663644
749281
653228
456300
952660
817978
210547
410532
739678
958168
985462
970627
700200
724726
358069
796841
629841
822950
905136
205747
406455
374848
217361
536774
937522
98554
935656
217093
329699
821354
137996
993343
570635
307576
449644
39648
641906
660191
450180
381585
134711
435643
352212
834911
676721
710281
631752
822914
49584
53240
28662
972391
428088
762375
509165
881962
860929
961173
99056
190628
782528
753404
183972
869515
577332
149968
909163
219238
810159
359344
117175
944870
311339
985740
296133
988060
212373
927885
810974
261957
497477
355988
234348
925565
118364
259866
323879
979293
221039
422935
169922
3567
176339
870246
873083
270023
20214
782246
489262
346725
657942
122789
291595
485633
108529
104080
473693
837255
31965
801020
99212
45794
157008
333561
971359
275372
109779
295238
771018
330818
234526
940940
850738
927217
811186
723821
197241
347752
22419
202855
694477
196714
325644
502424
682347
950526
606504
672393
787781
154821
989765
403345
200615
146773
253258
688326
938498
363037
499916
709516
693856
734442
166808
544594
661660
977994
784767
375253
842098
323538
578108
536575
36604
420104
38999
718952
886982
645503
391345
191115
316676
381110
594461
517291
44235
847719
205617
499085
727109
705533
208601
937317
956328
375409
481911
134340
869755
783030
509593
711853
622920
604053
764780
659525
540509
803779
894829
427492
965634
802526
618607
282310
699988
729420
315953
744223
93492
37922
243309
820601
743456
968262
757918
216136
860024
756181
350476
246131
55563
860069
474337
678483
980474
239117
854360
520983
559249
749189
464827
41235
551715
599787
839898
251703
329207
155851
512279
939051
193774
271940
759652
453582
756554
33922
669718
616578
306455
536546
379062
362018
396615
853399
556854
893441
608868
411214
414424
168117
676756
395604
725705
228471
995391
565603
996527
840950
237806
508806
296354
431580
780746
56006
401514
537300
606281
587584
670231
912736
124130
49293
791107
37097
419044
864313
930538
27912
275527
861315
196030
468635
773271
438087
697107
285014
3690
693634
125964
241496
718792
422318
189429
15890
994677
590943
69542
117310
694880
739773
546398
335362
305418
853857
372460
724462
718170
819350
752375
510050
197017
464757
978685
970288
902844
192144
771654
422886
402130
897619
664382
120922
836289
853811
653164
347318
961107
722707
980980
172339
978832
527379
507701
284251
381236
396513
525065
615759
215864
793792
125809
929233
258549
104494
415874
677745
296639
187528
100631
215121
601499
281366
336044
954141
651529
989208
817811
612636
711915
798792
301327
207100
842523
809029
491351
740111
205542
532768
355870
937758
326561
481679
383344
101462
102526
799218
779208
915517
503098
396191
130638
104598
677557
983034
575091
329087
972243
392902
458075
200510
191694
275755
923962
34217
84784
415313
774329
806678
464434
646551
744437
790995
644583
127781
892457
263461
443351
188017
178978
946449
584209
825968
567399
778118
809003
142490
623557
297598
535393
597985
14460
727087
873740
938423
277657
958524
870088
568338
765202
334522
214889
25991
125517
375824
153772
534327
639285
597123
722344
334615
59925
306553
160584
627324
601024
485939
769815
224581
299889
305208
822566
830701
548647
696306
769124
342656
171182
155565
427346
936385
6439
158588
478728
648309
534412
632501
182636
173698
745976
904980
508313
322253
727886
185249
949578
845262
671188
719393
69843
487429
540953
408762
318131
605952
105068
603607
948609
792603
759172
375955
245340
281964
534543
724068
930273
585308
872921
112909
759006
135250
534241
783671
457503
778479
968921
407081
623741
156461
642826
209937
160243
700131
618699
478374
306084
240119
598333
254693
32722
873858
147000
278062
155822
197896
2131
86095
783204
391404
199004
542210
526654
249597
842233
984158
28077
811154
907591
168170
483968
66770
378107
644211
766901
996806
638937
72985
236926
237270
844030
786000
111128
991031
64063
266950
705279
582546
353045
488483
490302
68401
547045
16957
317999
389278
517467
862428
716785
941410
30598
200753
8180
925058
361316
775082
438216
253
848067
675142
237523
692098
977495
348652
199481
41558
131954
904760
140456
485000
909595
630758
69753
456640
164067
904104
845918
681534
766532
79055
622945
313483
279808
147477
754893
641124
922559
193109
157729
286979
384604
911605
495429
362099
776609
694910
920009
908563
116022
60465
909915
25617
207575
979669
998609
371643
883773
844527
569529
166658
923583
708826
996493
719743
856304
751386
877220
295215
944495
551301
582194
329099
462906
77623
691198
239515
288885
611207
148079
921259
188024
57994
946876
911952
554015
945485
283595
954141
306365
369476
120799
746300
78303
117292
982395
450959
868678
859615
746174
329525
410917
328369
658625
390175
922344
866175
629691
211230
993735
777770
648841
181759
352116
112070
93711
422484
57555
893658
376625
880272
263135
497424
142924
857790
131068
125320
308749
516098
501287
54923
845623
428556
899644
20600
818732
821989
886776
448423
549571
880511
742545
714764
578622
611013
826834
188686
33497
400742
598696
410122
281014
378183
423898
940291
235973
554966
65611
61074
587416
83250
632350
433040
511807
531994
453640
846891
870335
856768
295314
936258
737279
554211
651023
832254
165224
994209
537292
198722
394951
135988
608844
192318
514172
549095
132609
266497
620413
714572
327572
207830
797822
959922
640870
825981
8268
610862
672872
394956
983983
484538
847566
237614
38749
14941
69868
203974
9151
607160
919048
404102
259501
44244
112772
773673
593339
245381
40170
213753
476305
884094
421583
274128
360368
578805
100109
884989
706019
289334
279945
690002
773872
643863
927617
812622
658805
513837
532948
184308
120998
451996
104762
380499
12592
217535
670524
605932
979268
227046
336037
455574
111141
757620
729702
987861
852777
346163
872850
558796
151849
152795
765151
925722
796659
692768
254696
971816
206605
303996
156124
843955
272344
260886
740806
284936
478421
411330
407220
457690
638377
743257
913264
265870
500877
159318
253731
870006
21833
126582
945155
173683
795729
710306
615757
108740
919426
386805
80556
126031
690801
236680
486339
963145
497567
227145
764433
492340
154828
171654
950030
309557
914911
379646
575427
932141
55316
345510
802147
593502
988444
747302
283537
784174
973960
899294
892914
893386
286099
973471
535770
976900
726503
22109
456397
224070
765606
220830
716411
920434
908836
182793
229991
823748
78792
321770
755889
134108
183633
74388
243962
172077
338043
527499
956251
312003
426793
849166
205390
229244
338989
741160
722496
65492
279621
178893
805915
45227
916076
38678
482014
824912
221471
228357
165012
816615
66480
437253
467076
250113
27994
711038
422190
366037
238538
378442
678040
181683
743960
399782
410928
82949
657294
133424
664793
453267
828670
470708
14847
261098
509386
496861
602362
247210
241570
767375
63825
308050
720980
47253
558163
748974
758292
980354
631363
513182
875148
825756
694865
619108
225538
622145
702057
399185
271922
883202
852452
616944
353911
867299
878042
863297
880512
480404
626859
122083
764131
207037
946485
485112
254290
504649
750438
528934
1355
381802
42116
876503
207558
253334
495611
949448
391831
714020
348633
663753
597222
717438
280697
951133
101089
158739
330783
497954
155496
957642
136389
919627
164679
82874
921091
935322
587523
187882
464256
588878
569684
506373
465381
293594
276059
477344
243042
667890
191364
108028
847996
788587
341818
645045
256072
442907
320137
586855
457213
475633
60850
593602
911612
741881
676477
349056
677203
780352
536938
141460
885583
622974
164185
867316
916568
440244
344661
675962
624486
52377
300342
472482
357316
642160
117528
613389
601420
437665
716596
58633
429650
293798
652236
341262
35680
845065
206670
712883
141769
743608
370695
27352
882934
534880
411021
315854
491476
755682
991817
115963
808059
292159
104797
165376
450672
738677
295117
52092
692694
528065
110725
122344
821864
279313
979959
857544
640730
186629
86779
782500
446590
457475
326204
845876
992355
737225
161731
184
9259
669900
116147
817319
962059
737296
499047
929083
475974
310516
981175
168668
838581
608253
807365
660445
403918
787324
34341
44649
490305
121121
343501
453247
578596
669705
299124
87303
406931
977207
87487
416190
647107
719986
749861
125518
457283
765260
54602
449609
592128
552129
618277
430710
160382
425642
607507
80653
729318
641849
125302
219624
762970
985155
672871
857918
654860
488347
945221
578143
465554
549061
510686
112661
785399
776899
238180
759034
58512
809134
208643
650640
361263
826921
597702
37998
768915
205210
118651
498234
847059
760305
234210
126381
745460
907081
984299
916672
911781
445872
11168
377335
511285
521854
6349
296685
815105
760881
55719
873617
570015
264363
40610
447630
607636
638312
485628
892903
843522
604279
391137
206933
364584
625347
333314
626396
48781
317613
543069
960562
279838
554237
854249
791123
592443
376950
604160
923900
137831
176232
313870
224198
956947
354480
671829
564583
992792
157457
457486
352667
761737
364976
559600
642673
506675
409267
269070
555456
243232
328491
32370
523070
882728
402972
830546
991523
779922
434706
431775
434106
610938
745645
658304
567885
100125
846485
648820
609270
520295
622659
961937
282032
987635
37889
441057
494310
447156
226479
566119
690389
554970
114841
729811
954050
517813
560357
945573
814088
511416
893701
248194
638706
639346
422850
206592
739472
785688
371764
865094
305983
994423
827031
104367
498410
381272
545424
992721
828429
771904
75192
35170
326874
190033
281333
797277
707847
358043
259202
38287
869459
152903
286481
508165
792250
225683
231109
48074
11371
119226
913168
833706
113649
740199
938073
612060
637823
483498
121133
982604
771754
712677
534126
614980
902710
815460
412257
126909
173503
671460
165196
559314
824363
968029
583831
616613
193713
814941
664687
721436
934167
94207
555143
564168
350758
493216
692580
988582
493066
330065
971186
781172
42742
505313
396153
461805
837125
808410
588714
10628
996222
270263
569942
820586
238292
670125
953551
948357
485066
134591
186146
935585
228798
257641
16106
579557
267209
708686
568139
760276
38752
55677
541448
597846
560990
453953
59651
398115
778716
164718
925095
774938
434981
11389
111876
189625
681515
65428
137983
682933
716371
840481
134871
945169
98122
150977
41078
365331
376015
125569
125607
931119
181247
183408
528966
258589
153713
104969
173057
932429
269687
614504
707368
221020
625894
335596
410646
823761
401024
64981
506694
117395
905462
641565
578917
3584
308894
619995
368915
684910
745565
10875
132381
443164
710635
661347
701753
864348
282669
391162
313130
68708
5667
536850
289729
631561
872446
216727
455322
273471
281708
478368
907218
187170
636286
486135
707106
461532
622483
76021
146442
368048
603248
795176
327564
313883
456523
29317
694584
255544
420480
524066
324253
426147
60916
613982
574060
933362
347061
545734
723185
628769
540454
630404
332291
176740
632891
39397
154625
255374
631770
817419
139774
751371
612595
467338
65254
69119
13008
276190
324663
949840
800256
165268
892339
861172
295602
982751
310887
642663
528485
34072
271432
585291
180828
120075
762032
330072
159472
433009
101798
307595
250428
757925
58966
863024
225263
640572
448495
754623
433115
773158
704463
233371
454779
113154
610896
750381
95905
438135
393045
140742
988559
180829
726034
169388
300905
4418
15812
976729
437427
117610
284324
687855
875535
343290
550879
617151
500215
999374
888126
933330
288885
108942
683053
743664
222096
293949
494045
318002
248436
403442
975096
236996
584272
701130
922736
401529
705548
938548
378258
142975
572510
662583
830831
964398
522225
898062
97901
22440
897437
986027
955770
702674
94969
638824
446338
317066
449125
456735
151420
697562
376530
126516
450910
477154
343999
373646
878683
49547
312194
256941
708875
401056
919524
56058
365454
958102
954120
463355
980542
367909
449383
452665
70583
60704
607841
33273
894122
573318
6361
561894
787232
382891
688411
238142
860045
548762
611788
738728
598309
440334
512021
823536
841391
947898
879594
723197
906000
350067
186553
402894
234328
152288
855559
304912
729344
979752
854537
623467
69423
860898
185361
856655
760141
390124
94798
136538
938886
222938
391618
53548
663273
903640
877084
21016
851538
756679
744213
273890
623098
447118
676784
857426
599406
48696
678690
328751
28448
533228
468570
97871
910478
653931
470879
186972
44056
82029
839862
982942
304967
231481
36490
484592
651473
429927
21960
19363
702958
766174
809605
326056
213292
486389
183482
329051
535085
378525
174154
79886
911753
642724
694109
338583
296655
164988
41907
857063
763369
881770
356358
584689
629603
909200
69281
797428
339127
91242
816791
42085
373768
626396
884493
103412
629137
584328
432463
680575
962853
122969
760461
390958
765693
970922
729541
578701
135911
771449
952116
415632
169571
308474
321
799174
217675
585955
596602
73154
193549
929745
115240
567317
72493
516085
670729
217982
100413
619545
898557
63266
742514
659018
454224
24560
629941
700118
119613
282204
987919
71729
697836
157490
380204
214510
473016
114231
800465
69618
187385
994014
515715
818977
561331
104560
335063
748412
322542
435476
884309
221100
15095
143176
880118
469319
167736
26411
169437
287349
824967
157356
359078
522804
831198
255634
737314
304214
369865
54131
890184
73603
48145
405899
892580
125828
26811
743995
390592
349354
695824
274902
570454
710919
418078
966924
180238
102166
509688
866028
389515
334655
539736
264945
857459
370935
36932
111125
675149
406797
681608
565334
996752
729753
487585
889333
371933
514397
149680
762526
863751
845504
37428
950557
556423
971858
917481
253014
74024
427169
119042
979891
761825
175130
761188
135636
546065
798120
763114
737567
721270
444722
302901
718022
690828
306838
607355
62761
821235
273388
341639
201338
118892
895419
151895
191668
867277
585729
444682
457653
529250
80076
437544
807427
255206
198733
943064
801272
996853
222530
55191
718123
183604
358092
952498
874432
664930
76205
453546
2518
349593
795185
203856
468486
206957
872104
660154
74234
457833
621188
531888
987083
701264
485784
794511
956470
684517
253927
274094
197723
476457
329285
432198
176413
203729
384696
50846
385012
460902
20744
387530
326847
332281
107738
795333
539238
979842
971839
129825
954027
593027
178065
941111
294291
663849
251974
767114
864719
22253
557560
62442
15062
886846
10992
191475
606927
912041
758673
991939
889295
779417
895821
216142
628051
3560
11476
167289
499754
983315
813466
453782
92695
991531
394893
386986
655381
163219
154100
520100
185472
711661
98894
200534
114859
109886
392009
721786
538279
150683
230078
427574
446452
125899
643717
74503
645811
171545
758145
145566
671212
571611
599348
763907
79495
510593
150894
734876
190164
821346
771328
375636
49359
870222
92522
680570
496460
484531
918709
34740
151566
148787
978666
598019
791038
622383
188874
436850
793928
463371
98768
465141
551335
698116
745400
630830
725061
896294
882058
915225
233993
653386
807213
283352
39960
899735
480275
52772
384266
398984
603864
52185
547771
582531
166556
855161
721266
355430
292011
31547
335154
907131
13040
886489
121599
758440
33671
846660
654735
915729
278237
405080
569115
85450
204784
125427
985185
685059
178199
885804
84043
782064
937989
148166
880947
104545
3328
602213
976327
295339
633760
311481
202471
646800
714322
324070
405241
747993
687083
576328
663722
965320
497760
749189
567123
702544
390968
552308
387604
569168
954464
471647
867584
892453
619814
748531
513350
623142
867096
6030
434833
500857
833863
153656
664009
64538
994079
585602
812531
197514
678282
992606
162834
176042
741795
729957
878587
132764
798618
782543
218284
753082
770542
602220
161888
390356
350751
191590
529850
734199
713972
481036
235056
547836
151044
415418
612374
145123
517372
941257
342637
195655
933863
21824
371697
192011
268133
766636
841127
583103
65531
575763
852538
836074
177983
530778
742782
45086
722368
272633
779285
952693
270021
530694
16881
421065
946112
145607
82541
463484
86864
941530
175491
537080
963354
63541
729091
747840
830177
86570
330943
412061
662333
183481
248135
840316
230611
990917
401754
952980
779902
181039
422025
566275
711733
438906
987341
174197
584513
586234
154034
187729
527764
329525
724809
7471
393066
453900
755311
739596
56822
602606
151657
719155
302440
916144
75823
533051
907061
477577
2383
203316
658617
424408
769591
886702
863314
756932
577252
964179
859518
731286
151909
387283
577163
876718
394754
486582
846971
666417
226178
903793
269023
894187
139301
571463
810331
215124
620867
233744
692702
623250
437060
867671
47659
723004
270725
427325
996288
847977
391505
855807
579263
59766
243090
672779
936484
154196
159361
299807
820613
901891
719953
89636
796078
859254
177452
122761
590730
798319
872857
799784
421569
826270
183807
985580
549274
454533
929258
61914
302510
837115
917721
398126
896881
160811
70905
349717
315007
230266
649525
651972
132157
885830
741609
444587
261436
435413
83700
852166
233732
472909
168303
171653
299179
352110
673586
364805
806643
602844
426720
625506
439959
860793
23632
336840
21605
610889
202909
852964
357507
852434
504937
6016
254616
762898
450603
516052
714663
50655
884571
948395
39916
52874
636400
339096
404984
309986
220253
727980
429182
163325
353486
869141
24119
893470
722333
562076
504359
925243
931392
861866
294029
952681
867882
548646
715579
834837
581050
430242
401844
465621
894989
441760
34847
47742
297208
439832
874080
33814
684164
303263
197139
37650
688756
737610
447472
927442
299686
951831
369037
231079
330049
663066
183760
714283
728064
415692
65472
825467
362286
467316
291088
773628
909076
325936
337722
722637
282120
211802
756451
966284
31417
953590
520286
236526
207553
967758
163968
507239
435941
533005
254670
282342
712423
954783
996625
956840
370475
578449
782307
249113
45765
589747
22741
471193
432035
876815
710182
714155
88618
466633
196791
636387
936576
717077
389265
144129
201187
69585
167720
637128
602590
422391
435822
831366
377174
948799
788206
264001
527248
86865
513114
573013
676612
52208
560559
108648
929023
270741
339155
533993
253727
52299
686733
190303
769376
75998
334432
486916
145584
502152
640396
264526
440895
76219
95892
334421
25018
400450
598422
552267
3667
627889
641632
680280
196449
718543
305280
641824
505637
644435
692170
759364
696734
378903
949667
982463
454901
800451
985731
116837
818955
626127
381364
259851
702346
993608
110624
243717
910411
225399
795984
914078
853288
953968
594358
566089
672512
415990
207913
178149
576778
416435
937513
789864
795338
403532
772327
766592
203983
758058
883429
539290
900538
781145
315493
602884
774754
426118
362953
685165
651517
675289
599243
21157
629258
709954
587246
818122
642296
311511
996271
219074
727947
450136
8939
39637
370020
297618
806229
574003
55677
206011
629645
472567
987156
945139
591803
761910
371257
954757
963427
22774
630046
79023
560283
259304
305329
147529
77426
947625
975392
590049
166700
219691
556537
175639
259329
926557
473257
581910
16912
45286
787921
646558
517853
775078
591697
109657
53340
479306
580766
16768
18432
210812
612143
578715
470117
917472
726244
63895
865097
217988
170297
548149
437680
726834
723788
697009
169744
713398
795271
186656
275036
583193
349566
309242
874623
457615
418899
927963
936921
999665
461083
955353
726829
73226
534068
713298
990698
776664
777194
372148
994653
463843
920297
948685
190677
160438
162046
876773
873836
957317
63430
665224
540510
929348
974466
415133
386964
909717
859449
840237
425734
320532
311943
152564
910111
846011
865862
417161
139028
159408
789309
650033
623251
709607
598718
330281
870045
277116
207054
260233
234433
270484
925457
774944
716185
416276
706429
103149
325993
565878
459738
751728
402763
771681
420644
829226
134045
286506
246387
273073
445915
35697
439458
69166
261656
554528
399447
648053
831644
122854
908286
66077
393338
350095
357373
625875
766371
580155
245376
608717
146033
705115
876797
65148
476796
297441
894374
610841
583947
657114
400266
546214
692811
356076
131733
954467
426956
531180
602520
258600
654034
27158
841030
563725
893605
198403
705952
176329
778558
951329
785046
440944
656444
661843
22444
649592
959284
433171
776786
59583
90285
693404
605798
299448
49481
737531
253915
476437
785063
372787
251390
955450
916297
92420
35527
809902
807175
741479
986231
102086
692808
771277
59382
865604
949472
598178
515197
908756
31349
808335
968340
637986
501739
574138
937434
67572
828021
707701
544010
613084
596840
311752
568534
513137
920524
604061
323040
244051
345541
309271
862489
554701
596901
921871
420306
546373
36402
451855
971482
584103
260190
939822
222090
761929
30312
675876
829502
858333
383578
889864
987769
980418
717968
556304
493556
638492
676717
816596
398895
538610
642219
261385
93312
239120
699608
29970
301846
736010
998177
273328
320114
774719
729502
542204
536648
759814
734432
882502
134499
118010
288718
638620
98429
523038
194924
108337
677882
387994
441285
76778
926604
83504
338163
536268
838977
37771
82590
140823
773782
80767
930503
610248
855486
660005
668804
908487
936171
403236
307341
70670
521247
112412
225642
136028
151802
936919
760717
829685
324913
202002
906463
767869
801858
244626
304138
157187
798749
903080
298010
88883
500200
744865
699131
872038
404870
367935
780525
341041
771172
604219
928063
808771
232983
153706
461151
384785
90625
221868
214470
415538
940222
637285
183407
742080
881911
3897
415620
197013
906978
713630
285896
923530
974848
985028
795568
379718
869315
92446
720760
156839
696665
648823
481962
446000
802529
943113
347137
409506
681333
77960
341396
621555
715245
41156
879988
597157
45053
295608
310522
468383
525590
596418
391913
500438
97798
187482
880157
967114
796280
117269
640305
9297
766092
122268
455297
84974
581733
802434
10832
263067
880394
352229
400974
595640
393385
797314
709149
954790
92922
19671
423174
134865
132441
331439
635303
230240
35273
31812
713706
831553
149081
354011
840850
431526
992631
812499
32852
90717
131286
43684
353784
528032
912265
271110
123672
305650
68425
349173
260441
677699
885196
199967
328916
17638
47758
480572
764230
599384
512384
477936
430937
177818
348299
788140
125696
340931
600639
674900
431648
731925
234936
301784
259958
147202
89246
899982
969204
674023
765508
745997
868075
167056
462316
196991
701046
510075
677563
465276
109459
706300
459564
56748
884118
807864
844888
526166
665147
961880
201066
613147
210157
952354
431283
986467
99556
520529
402802
585113
710905
684662
331110
578980
851718
793427
775971
552765
303502
453535
534393
929313
676187
993958
986061
560305
318174
347302
602823
499673
825534
320241
112820
35691
272595
544103
538511
888504
580984
941313
473617
291889
625975
804727
387221
994045
114506
679545
63162
418008
649432
113908
863673
325619
624218
366087
885924
942392
229741
5099
442065
55275
325340
71237
607318
597935
131692
145829
486439
229028
603494
960056
37270
745821
281136
424491
739867
395642
104036
319381
330003
753468
433289
193676
79087
57507
76115
481363
516251
305856
2814
474668
877483
328154
545905
484802
442442
193949
146983
928881
422978
266830
405290
460248
12651
686426
884739
268870
598420
505128
104604
928423
774948
537893
638452
370388
111753
714567
368103
628004
536776
370918
102673
414259
699072
164930
415413
141514
875232
78749
586748
298210
345579
992038
274810
874582
194816
675901
659805
793236
181029
764409
238012
955978
818654
876464
842718
930407
107383
210821
74764
160511
581739
693789
574771
797164
375071
506536
455030
250303
585285
41778
548513
447216
550168
823323
321799
261336
499225
497956
54573
196606
262365
808937
668936
597371
201753
511654
527779
825488
722476
118895
986000
820567
812684
77123
617731
187755
583659
72762
438059
685297
630892
502924
132513
181061
842600
970664
442397
858177
984972
13322
571135
247337
822259
240072
361061
540364
268078
888840
365853
506906
7735
351853
327474
336771
428976
461557
524526
528987
50671
478937
214284
681564
498214
863150
378977
857166
350166
337726
715343
335139
351049
802830
98828
689660
559254
459889
746377
827333
865081
112230
334239
389168
464083
178065
725939
409411
639623
766818
938398
206646
245755
669035
888210
260321
532185
783539
117487
882351
121266
349182
733842
988667
152013
832671
194679
711267
808912
941056
54952
673994
53286
389192
63162
33721
83609
789102
443132
723232
555920
381531
929879
318027
566918
334441
578349
99103
117981
695836
497806
755599
561371
748001
744266
713384
580672
455297
941003
389584
396354
995956
63578
449640
901500
643093
999714
985109
432195
442846
224694
504467
340729
670925
822494
907647
5366
400843
523102
639699
613032
20909
911650
174403
285262
172268
404139
865934
627566
861494
771870
23920
857450
351801
989912
275302
994894
505978
260412
943441
948825
485106
447908
805906
156031
270402
713554
677749
187598
753008
833801
800630
290269
261803
491385
575531
434072
411876
441465
577990
273370
729688
601910
647173
81489
108174
922475
592735
614153
182887
536176
79330
184345
984084
885236
856728
770838
115142
50830
958436
868151
400983
275418
158420
662786
283155
733952
96858
695031
691769
674848
968402
421457
793110
131927
19298
417637
54402
612033
548142
753642
148209
143824
937987
132293
29060
311068
419484
660555
361898
377920
528706
762881
169691
687126
942019
452846
937430
555230
147878
629200
746430
632632
50657
539541
764559
69956
473530
335313
681989
538024
88955
346551
681848
26943
995196
227260
854363
414680
887815
216261
792601
416521
495494
962292
620000
437513
931490
557430
992743
595720
186630
739174
228352
753640
795067
509263
339948
784949
844577
21937
322973
449884
884840
521173
993179
880037
748433
847542
294717
152601
63803
603670
85474
559297
565962
705474
513163
13805
779257
505906
609525
482239
245080
354230
235879
556499
863493
575827
341448
224422
114117
664421
674307
998957
185594
667486
878994
450380
515029
690064
602981
95184
293734
688455
170834
376049
910282
683997
389854
205891
189903
999379
688130
951336
353609
440362
507835
733455
532541
849284
474229
163010
30057
148536
678320
732004
332375
73666
698736
363756
763730
301717
458940
57465
506524
629774
433514
933158
830123
339720
139049
20027
855451
827180
487715
209061
783894
995550
458868
316435
361186
933097
479446
391244
597986
157766
639600
446713
231432
338336
326821
511515
156405
785761
568980
662929
931888
518846
112440
762011
858566
251489
298390
714017
595021
786105
439430
895267
298008
414650
211703
659194
864100
207501
566790
978438
881619
206390
425151
629403
61078
268324
140918
217483
54085
226250
396765
502325
745096
509205
780689
120014
277046
595431
350384
388420
381537
306166
283687
195897
720817
11742
371443
101269
219243
454586
79707
617214
177328
21210
246618
238407
289534
387536
455890
859971
613787
369007
362297
875235
394564
659338
995250
187963
254769
345634
576383
152658
651800
376422
864907
888969
388165
236351
990238
123760
690937
69945
740975
868265
607507
503945
623024
897041
407833
595267
273365
537972
964274
635662
413208
358839
811352
924810
546802
66121
786796
639537
735132
954948
15959
600039
843918
920476
836390
834156
44237
43679
420454
301564
428297
544313
321861
51321
441355
729694
646588
714720
784019
127215
866734
197227
2406
194438
638389
65560
260559
425185
705097
512043
380133
237408
112083
224051
157885
464825
574560
718474
24857
511366
536390
453154
55679
858251
20827
13386
104297
667416
244458
888316
794631
627544
601895
313389
821982
240284
378949
598894
181821
84046
110937
561955
321454
739372
302358
995691
720550
393270
714165
745407
420988
766907
714913
993020
141510
735740
6406
245808
919508
767217
650476
714139
394761
768724
27528
216744
525360
922829
815638
707182
6875
442927
785489
844682
182300
87847
840373
902850
997470
70891
164609
418458
837798
879522
927830
979309
131614
934237
741469
51123
217806
908297
281614
612567
193373
825495
345663
718734
748324
677653
942268
755200
120581
727757
116234
302881
331956
956607
722083
329426
27498
403044
264237
381649
798918
192067
360958
930532
642656
618779
498007
860462
527076
779622
989382
720450
605117
335045
955536
869793
12699
897804
141345
649632
625561
257579
468865
957517
730539
707300
803296
758037
110344
67533
139686
909262
775952
16996
356146
418609
635775
854154
795423
679204
150128
784805
916006
271597
636203
871542
141390
648902
769346
282736
814886
911259
56667
283751
385128
787206
991051
188424
545244
101395
772309
201282
527009
548262
734631
399507
966871
370406
770013
762294
565962
920141
63452
481968
191738
699655
869862
849481
864909
639208
132217
679795
66819
705236
963546
451948
492443
954597
156724
554039
572344
929034
755321
615705
477296
6304
15212
960519
893063
785226
722813
459025
221719
786265
457346
413458
2272
327208
262939
867181
966417
911508
546976
549588
616744
510522
517888
109187
981471
674613
663226
553815
603647
934900
169520
597295
457556
701085
557814
350619
2663
796979
809645
224382
99597
266991
637840
101869
594199
417131
969051
76968
328639
32379
142909
461736
542902
660797
87275
524373
335410
266854
594541
455409
718106
280413
52704
175662
981498
126870
526282
984161
923850
852279
208544
539799
119270
362736
641668
229821
779868
127071
823142
624859
159451
966051
602947
218705
626848
690223
259430
962259
957077
853971
417668
675183
134385
986725
367197
632235
113595
893479
616397
553797
745758
341293
93596
381380
704029
251617
611202
249
895040
434344
141461
570843
400395
744408
789548
543595
950983
48979
505854
908060
419302
439875
99595
70039
942952
983145
702275
56547
876624
835024
610345
138735
176317
220293
520115
396698
471910
131317
396948
366951
82013
54761
937794
998760
799169
243695
542356
266505
809026
564562
690917
228328
4437
306865
298368
947389
290010
516995
520289
166634
352019
646986
305369
528336
867279
341837
441386
339190
989506
838334
222493
71520
409447
676639
70280
724969
436686
128988
991474
245712
693551
682391
474041
214340
989256
288761
678082
279266
805756
198371
962253
674127
845357
783974
718815
712636
125811
160201
568178
115318
514888
307023
186838
924335
983663
773470
649304
420349
902459
640778
666062
112362
839522
656455
326702
345130
461568
4784
624397
783676
203155
103002
457803
564864
886976
692970
277501
12788
853171
845679
128106
368059
669055
831296
808747
652718
121118
458051
589419
23577
615182
771833
135939
971056
944640
978994
316186
406208
983778
456935
706236
703286
559937
164039
268150
446914
373361
545651
976054
226533
907683
104160
110944
93090
451808
919691
745808
572926
894095
851579
112856
25629
623413
248795
996685
568053
744141
829223
490614
727920
286159
196850
947558
846096
877242
215708
809362
250603
277712
785416
477136
701747
889576
104433
794837
857736
24124
56997
430663
434571
908576
543519
460200
531989
308666
973237
616395
52808
802461
107009
297080
604972
303859
244638
451068
697453
976698
776783
948057
770762
562199
941545
472509
968128
45978
783698
825864
586455
840695
256527
21026
265624
316398
997579
313965
625065
487168
930360
677873
805981
553721
491305
410953
373933
735943
378374
71386
228993
155157
535795
999756
233708
477341
988617
201836
523319
772316
27701
626126
129363
800580
163505
394987
116979
161084
708953
742044
164604
155665
936269
970586
709387
943926
897891
599672
196221
792617
671058
425214
947774
206854
424970
697835
200547
929940
899671
723866
702256
443724
866345
347971
760657
29850
742959
393988
707286
451912
652384
871890
123929
588653
358828
833316
532579
773072
949340
728800
565689
620399
670366
29816
343605
611689
727651
544152
541629
627322
784370
760237
587399
650715
108208
348056
196917
851167
742044
904203
819431
394428
776094
943361
499433
651274
293029
548364
424346
242370
793516
990036
379121
463882
19852
239078
75571
747503
299582
133552
891177
83952
893789
478576
251020
1998
342984
447937
369517
601380
352141
705301
512160
644587
648662
11593
812213
458043
76309
236560
216765
869825
742948
112238
850060
762800
867668
925631
26655
167250
575536
917832
767555
469325
912761
534927
987675
255745
982864
357193
373478
851357
62494
885638
12296
227508
413584
824510
201903
489893
577422
935021
876071
320370
563611
726131
83170
431280
168114
109825
114882
743650
544009
882437
212976
456770
417364
717003
228868
916581
590548
118698
284290
169394
4336
296587
396902
417920
637449
115158
424166
214871
566531
300237
535241
130142
26368
134763
77774
194482
760940
192657
938133
304949
75094
667461
278072
8811
900816
23292
441744
491365
141990
726034
660759
146326
22621
574014
80599
176422
689172
504765
391293
255703
805002
926534
902197
831370
577649
979972
542204
338589
688981
996689
643539
280427
664150
437963
289238
564967
461255
730982
56332
603245
973369
233443
265923
512342
807457
346522
688765
496629
367639
80058
268684
172641
522945
687234
520363
100594
183558
62568
439184
872539
59257
599075
152966
239760
37038
958557
321079
498293
205891
893763
617890
179260
127206
883813
691603
934664
746688
380368
947645
114327
976778
732682
286969
16075
419916
323684
116670
603474
902604
72206
992365
961862
187633
145331
717974
224671
103888
39053
239316
309780
449168
857206
5392
576374
257371
696995
27390
4059
593715
975036
634739
86846
224070
921708
102921
643986
761744
735943
763812
664349
808149
756177
142563
995782
417860
376889
736805
521749
415942
492473
347881
865110
349679
869625
957836
123403
82973
985227
643814
193040
476615
278553
279886
700685
716613
382808
861023
478358
118751
141187
142707
443253
413716
801622
955387
831576
178511
208545
869677
110805
701018
733910
492267
567050
603536
450103
690453
202861
951682
334267
395901
944649
612821
675788
161686
845786
574948
539061
324144
693699
680248
983203
653304
610316
784825
608692
958245
479688
817237
827922
590493
34607
78185
82760
601657
198073
49216
292110
400934
898
142730
796835
461900
271903
988975
623586
117689
563923
162648
958186
773975
359248
941389
427279
969565
242567
552323
927810
722255
885912
272084
829101
920520
866621
428213
522177
64694
477429
330640
981980
994680
989722
295168
456580
261625
800495
596518
895666
364419
759166
853852
138394
118415
311594
82025
604332
554161
150701
48494
792768
36613
836930
138221
473485
703552
566435
995663
284598
560216
842655
266579
554896
832377
78099
527828
94002
878594
124347
506020
243013
399865
359873
897759
34632
671467
496137
638964
741980
646838
203810
534748
683451
40741
672970
673289
744293
755757
668952
545243
315973
27959
811822
387222
860336
406273
915050
470690
284868
555749
976710
44233
955615
852935
941993
506599
524402
954482
661916
266382
601320
865726
317483
801123
422819
506805
474412
683464
262562
659716
228708
94887
687675
556882
482109
548011
963156
397160
535053
248024
469261
511764
808609
941228
881051
266954
447828
405454
221436
109744
188188
822756
491822
22023
140232
914642
45180
130996
598106
824094
790713
826814
918982
994740
383697
401091
59104
863205
314603
594157
111229
783865
622273
919838
725093
503325
186793
689273
425131
924581
799017
613319
263690
807192
151695
403922
721834
196875
534918
836292
20970
841983
663107
456304
836724
563156
857395
895828
426361
688351
489985
53942
988568
112259
490132
713661
131936
676925
919287
557067
117859
234656
686738
381549
41848
838433
785471
763682
551661
836741
599975
88983
678725
779434
545287
31801
342590
919034
927629
285303
607385
417614
339245
595953
46225
829377
825967
694513
22655
745254
251580
140514
979910
454671
38415
21759
293104
823886
301793
361117
176979
418120
450100
372056
713906
995387
403857
572848
430774
331486
858151
38159
265453
713748
150465
828030
59478
976432
522544
82133
238038
290476
738999
734300
745147
293766
272411
554604
117652
574205
432073
810983
508677
882174
183040
222584
393913
586897
795432
824687
434736
169936
379199
216541
883684
46016
44571
943162
22448
83467
541647
776838
890296
796998
511138
151795
90764
783550
222751
724768
874107
654825
535752
899136
53351
235144
121720
447264
338393
433505
788304
773129
603441
683855
506022
487125
729871
550594
946640
268671
150413
488287
45509
557061
801638
72999
708857
892402
856549
931608
617171
247008
102785
669275
146145
156136
904419
784217
119753
759164
217722
424409
532294
821163
108264
38316
824641
838135
105262
771281
623158
772028
775920
668667
329089
577558
741666
37946
469961
114568
485907
603484
877928
105044
272759
24073
261181
693530
324643
897286
452694
542365
321695
501340
363529
429959
56009
704522
784446
161271
475803
407604
933299
251723
592623
778741
829282
850641
816687
815595
481561
818946
419079
359490
923991
691838
899915
701524
385368
224558
115162
354414
766924
436857
855755
646805
383168
911764
351327
167614
589387
343482
91570
39039
595205
684193
817780
940839
51186
150819
756434
532748
486118
175513
408590
926461
383703
308505
627985
285423
533064
259499
639838
816340
696356
11945
979497
79524
923709
847176
763490
29448
190658
371412
584839
302215
571957
402619
243055
623143
69791
515841
672243
555909
691355
80833
998722
591410
389339
626707
876834
438755
402558
516672
771447
98914
44969
750944
694790
968678
598120
974632
514478
305130
346044
99318
607345
434353
18289
366752
573848
88080
882594
246092
160341
573949
326925
159063
165359
232616
302122
558545
671371
704680
591569
959170
319946
636538
226466
14736
121568
824586
989368
636047
646068
851764
735365
253414
286117
270006
620166
859966
358087
19112
622410
34780
593061
949335
193844
274773
181952
12318
349670
369675
716999
941240
845198
36945
577778
71664
568034
699347
412603
73754
851746
58671
925519
103463
828437
727988
373469
448604
104306
247908
467716
726716
282689
577130
192404
992885
368255
890708
5203
234277
776735
238554
175517
621933
791852
269648
693598
359886
485347
106201
433640
337093
164872
875511
956908
993310
119852
330377
958266
740510
94638
942334
467227
377327
35816
175983
886564
920423
66691
891767
154701
843426
646674
330218
465360
438526
116218
158958
314764
601565
781511
748404
455010
946383
140268
411918
456045
260120
258648
414311
516982
353286
356646
984209
246965
392462
676544
133529
312886
743235
541648
983939
103014
188322
830509
84726
626848
946728
760036
941612
548293
541547
206369
519656
487930
862989
931574
943976
639461
706574
874639
156443
59860
231285
140653
823177
140100
333549
956706
969338
76785
498355
953277
696151
203029
783786
780877
829878
246866
540913
287842
795160
82460
494211
831168
86742
873552
762742
30718
513013
985669
421710
669457
561881
652995
326462
385059
309447
660011
858117
795137
253148
872824
748414
949299
75854
48553
730176
905732
295419
787441
709926
606931
869901
720490
438099
956644
594042
717194
503714
107056
702863
925424
292865
264744
94772
619327
166155
920571
795690
24273
715709
48839
897097
980475
998138
972951
29028
244667
395035
840800
32108
104962
447731
418362
825452
402183
375006
935846
119377
395072
42902
338592
836849
335767
119688
447973
471446
285844
368544
267137
310117
84253
315976
723566
64729
830466
696518
610109
591485
607905
450909
623594
712867
898641
558308
54671
300824
933314
990518
936553
844738
549772
275145
197939
401892
394833
645912
873338
197029
14457
656827
507146
615062
489155
230713
196143
835974
443583
806253
427459
51488
773514
567405
280708
188507
125713
851731
5683
575379
358601
942236
420118
908374
733733
134409
826618
644919
780322
216308
841948
311131
873136
349095
442545
878643
96160
638689
714617
56095
961294
142077
107583
734808
709482
904643
923316
835196
756375
928999
410575
114976
387588
347045
539702
637673
481455
366320
282592
778129
582629
124541
89260
972117
989988
531805
850760
602500
686846
565378
658595
164492
223807
282530
415653
933289
187174
855321
284837
943549
300672
211765
574877
688260
75162
114580
325934
556617
480900
608526
334746
579881
249419
940358
551998
239407
988516
919111
358259
191714
841
16854
356207
224648
299385
771860
157937
486559
627181
959127
946460
927853
170892
521337
132466
246054
635917
974752
319024
633170
99630
170122
729403
349050
626833
281402
104809
131701
716865
463069
323415
717706
996275
195974
942354
295660
967834
616643
298571
111367
92122
245031
555573
779366
282721
204391
541773
918638
179143
860797
68160
795125
547271
797564
144175
174104
595318
765337
305805
312183
744758
145573
546241
741033
341547
4947
553046
825734
137942
851617
453453
230065
613001
525378
9431
895722
729769
551204
330712
425264
928353
398873
220390
991977
196437
880917
682433
308107
162606
504591
136642
907364
650164
682883
164750
508063
204182
717796
333797
342124
569413
303603
572189
182414
828981
97973
78136
75103
165529
408849
500367
610235
324074
237109
602212
36863
634379
284645
344970
796985
789236
481612
220702
955752
680847
385452
463816
885029
619600
797613
227153
189013
101216
315695
887780
446550
413668
482268
521653
95549
407469
538372
705784
731543
775482
307996
768406
926213
592642
629728
239550
898230
627692
976604
853983
308539
878408
317799
193568
498008
631764
937074
203374
732981
252769
91154
179531
182789
89774
217536
794690
497244
755908
500475
228787
47742
324823
513546
973955
917465
143274
729858
332048
287319
706462
186031
595858
584871
20182
305779
82879
651946
242853
286253
901279
11974
893759
597162
711115
983534
814698
22157
997130
570607
522632
225917
134701
847456
255815
108657
281273
915442
354867
613321
202761
61329
315704
314971
646200
335886
620750
245432
987833
379955
48037
889112
908281
941797
486275
135748
441683
817325
157906
438813
904284
196890
181082
38986
44346
953250
663995
841972
385044
18862
455293
587805
80191
287350
902776
242744
623236
39879
4528
127421
936186
52565
532886
844468
510714
535513
980216
468749
352838
654474
423914
257123
851365
604997
296109
412063
74599
960104
254035
459643
495318
225681
47448
575509
513031
466576
334605
136267
22807
339133
780041
958994
908051
312927
319814
418765
848440
300030
887515
201278
470857
311429
458401
322222
432778
270862
734285
507377
747318
988321
483372
242636
730354
47172
818146
243385
30101
669103
896004
52908
524589
676045
528254
432640
988972
848068
367757
353764
664451
255272
555043
135308
83054
529796
973882
32184
800659
708167
55914
547977
212840
539286
306966
943194
102811
641464
702931
132912
310567
598936
185820
835156
274981
714075
267796
780306
78495
151906
134070
742946
407178
689113
878254
6584
735262
852136
555121
52273
76656
127387
116602
805848
666673
423568
265395
769484
65032
968326
418748
375600
567262
604569
727108
358596
834996
511257
138902
913491
663163
272972
656438
586693
478438
51044
109630
730052
903181
664751
782325
496189
792138
898927
302037
975163
838848
567432
261000
903880
535759
196100
795832
619373
800669
39293
977969
152017
550550
116871
581861
730065
906196
754651
833110
900986
805695
942740
631038
225228
123843
413363
237769
432333
828642
539807
923849
183842
623591
701201
87723
675702
897301
399907
295076
214323
955552
789397
366340
22454
906269
464553
752519
328817
219204
585630
229803
541252
44722
860841
282832
168566
790556
520602
600899
135550
576761
41100
319393
200352
742301
923468
392407
639603
839727
203835
853926
795280
993232
736618
817734
415853
201172
570254
744670
936728
672236
490825
994332
716958
868018
277165
401876
658574
314119
519128
310477
890880
560228
629870
607584
302530
553338
516343
458485
393065
720178
312411
188345
713411
49029
522432
129264
766553
609038
390287
219634
281274
881112
213966
514584
749131
7483
916461
924057
321602
951941
234534
728834
512169
864404
336419
331051
934094
852762
789536
843512
89293
618299
548209
802704
183681
70641
448320
466586
679679
838607
686220
960953
236072
900187
991890
985203
907670
424703
425612
745625
376644
660147
474459
405165
40903
327230
252569
974998
696345
558457
818510
785638
176757
366719
588342
876790
437361
553014
343376
633392
907974
29597
594346
144046
446136
102588
645601
870158
527291
71213
615783
420287
731360
606595
825452
288616
933825
78021
263614
630170
636479
598476
932160
329588
481547
36854
206378
435260
589869
549754
68653
497843
95703
179351
641889
541839
281939
287490
928350
325582
875055
60485
745869
122768
667080
87673
411384
600906
682047
191350
747428
834878
306178
679589
164466
787725
716443
887196
739338
306312
436950
324343
320507
49006
503694
962396
107197
301985
766238
35547
143919
157646
612385
406140
280414
279465
493813
691798
396723
692212
399500
144152
527090
705678
340093
691556
9755
572888
95104
749093
879201
48407
73436
716060
97413
93482
194809
204610
911819
477399
756510
55738
635045
368895
461878
915459
164712
472044
123609
561436
164256
523109
221940
691347
228787
562033
899255
754895
134921
510712
503988
530474
559119
93777
246535
656532
703611
957696
377494
615431
435095
134004
187521
70141
19251
165752
985600
183964
637796
625562
745400
318404
148671
483692
526103
893811
45725
941711
648706
696998
452423
669046
743825
11542
279175
506712
184426
982787
464408
561920
114570
899503
212277
302091
485996
231528
984195
987949
931844
621991
613511
193596
456748
762182
677288
499203
172345
239365
440914
821051
936364
409689
490098
196541
421231
285625
703253
605657
268412
167661
683930
382982
583516
896207
201426
69513
644087
185621
57462
575932
323965
670973
285880
780713
949507
479521
279916
121853
718886
237183
459256
171602
646872
465706
368143
584456
751332
71396
706465
19744
755409
390395
919079
338926
802954
120505
924791
447042
822478
982253
539326
146443
169578
341558
443508
635437
821079
239777
273642
539966
476960
732899
227920
640184
714957
596064
740992
466289
183812
447458
2386
939222
354205
437817
794500
157160
558322
719291
120554
380800
217896
176232
43596
903826
517790
487104
539263
338870
726881
329258
395188
720193
62157
623108
360378
293466
735524
101370
759756
919337
65180
278494
374911
419386
716311
169411
92898
274633
888702
213452
171785
622950
906036
731733
526776
423826
218838
582391
279048
462071
911649
190588
182265
490158
813697
58995
783625
65573
676717
59733
984910
741898
338227
876173
677636
54538
45584
770534
845523
450638
500338
533660
73588
406374
265394
116716
830200
584
215460
625601
462655
127109
816189
161272
133620
146238
736619
917245
211812
413337
976978
196722
671587
831557
589248
349223
886095
634832
636109
731618
601823
136447
265278
191763
542821
47024
308480
889373
47608
523940
514974
26616
167401
847516
187888
301021
993754
924508
734618
205566
854197
227948
918641
525784
59505
507889
391359
945600
659073
27468
193570
260896
680267
975201
452660
223088
22225
277492
628813
69834
801432
660140
612802
485185
507656
317042
786207
501410
241550
37177
223329
612099
265126
141970
137883
324631
166211
45594
786584
825284
73062
980154
86181
753329
471707
538841
492769
493933
816333
637935
80119
134117
814427
692921
619302
322083
9963
921861
339845
767866
959039
563174
379965
740517
221496
34201
65148
387707
79795
368084
212992
669210
864591
815525
938891
336298
870718
948013
346583
203403
102300
426702
337520
916727
635975
473174
755162
162291
911388
95007
446509
386779
174534
342826
127296
912382
377027
708796
816442
973175
76881
29434
158737
457824
361311
613980
794122
232029
561993
657058
435432
180645
83760
289304
97372
236088
762478
852534
914731
190218
463894
361240
576997
638428
704066
704293
67162
597446
929442
883604
86973
6323
913038
245710
464147
790701
859690
774621
22730
938036
431679
458162
118681
31792
747466
732406
784232
26297
584940
698963
216515
48834
60203
309865
203614
280621
530510
270777
878067
459952
154381
965040
982627
583772
727102
963126
374473
103145
254100
397204
41181
202131
371718
676214
750275
635537
924972
534507
661834
509913
749822
394701
75099
810025
220918
278714
606999
751429
65843
485066
727733
220224
966459
710361
320348
693561
673487
211174
796706
927587
124730
354239
646071
496448
546806
396346
131985
471778
930854
310171
498043
680676
704873
573143
7054
925791
368209
614053
193572
434052
615471
921306
170628
581930
148019
7329
275492
821506
218503
588550
265446
859585
942790
427869
356033
489596
824215
4371
477726
755069
314542
975770
952098
535767
65265
475504
977911
433474
605909
687835
383878
737732
609141
70858
319663
757160
594539
111507
95019
329394
216409
876817
188979
159199
304686
61365
165147
645253
65736
159226
400323
896630
134996
868773
948750
716613
860629
926661
666439
466538
130848
566669
204270
256342
637527
40285
529854
748419
151792
624873
77813
368202
18042
266793
43753
839080
328158
725253
484334
393894
884479
401009
806876
535827
786134
755626
252440
646763
198639
435231
113301
329488
1900
833923
585830
155779
874209
115684
904198
542353
256910
982012
426907
791304
765157
470661
146737
93315
712266
631071
3561
596745
548432
326789
648924
334566
82416
417716
981329
797407
852947
94630
643247
371199
928553
745429
526978
319114
377466
947529
861468
634376
445893
288375
942032
211050
275388
88769
820717
987654
719840
340630
100751
268272
667419
266027
119190
266187
683743
100519
63595
53042
711501
223194
424241
156407
968624
467572
475521
346090
415101
336989
496818
377346
141717
438850
104748
933457
43972
925465
437464
280164
782447
538215
64789
449866
804243
183979
716054
4338
284499
296001
57381
996000
519195
481622
152407
4171
949194
144281
350261
880647
481270
363431
257993
139339
318634
879093
72797
362606
320910
510261
642770
103357
564828
223911
553224
885423
407891
785630
406114
208742
597983
463495
204742
633530
461469
873502
637702
410664
17783
504315
807663
15405
867747
582009
671097
702733
461102
743894
65339
782013
770507
224461
885370
851687
448373
954946
253463
372616
740576
659577
581358
854911
123072
302452
488442
584541
175954
126144
511557
710089
146811
319221
725495
14558
417582
912944
233643
878684
656838
815334
177049
943697
39796
62420
311736
4521
533718
565199
893489
790647
741128
474847
645558
864200
293651
134000
965094
469606
776496
993003
696047
923308
828576
937894
454218
246158
850838
687862
124843
24028
503196
301892
484077
59344
880664
795814
580217
414383
877365
473706
721382
618494
464905
366940
482694
758557
17293
964140
744515
793789
957144
956914
717097
785720
894809
687668
31879
745647
891882
673074
286028
395078
491318
770105
970775
888335
565919
67344
819070
443285
541051
540452
61779
522308
907392
60825
797217
924685
541318
58084
234827
498462
14999
468276
800534
909808
155944
348765
171807
47826
21839
974187
959257
29510
744293
446384
917845
826564
513728
736915
786201
571131
277367
364332
93440
701111
425158
407009
142149
482828
465094
376976
497642
996445
845252
298176
422605
517549
646942
594412
81727
185133
568600
40984
730995
829245
487368
648840
655809
1097
902107
442011
88580
695826
806343
182020
396938
747853
105382
55439
230681
86828
432415
728323
83273
794019
542852
505878
311568
706146
616642
393296
407631
701594
950632
138627
530839
954353
303819
186649
471802
722279
145012
560382
418105
467707
258755
331395
215561
364137
386834
962594
450965
819249
207270
534238
129621
266474
556468
441189
972620
173110
350837
896603
874705
817822
551582
921896
772175
855402
624897
243977
577681
769909
320711
512138
753969
579466
843534
969530
943603
746720
448476
910920
82322
655746
961510
211943
438572
517978
169484
411192
207441
520322
824148
598498
854496
375730
520394
626671
747484
661644
387000
841517
431553
224063
353656
701874
803530
713542
671404
263485
460262
636233
174406
542584
808331
135916
754527
246904
170247
924012
174448
377688
960686
998596
976186
331534
374327
12932
958205
638163
674576
861557
479681
622482
85620
833337
324356
405502
63231
512113
668988
523493
148346
843394
582430
473029
495662
853309
719933
182261
293673
894382
559949
254359
409330
52487
585893
300009
581772
60450
938173
772700
438359
417854
395182
40332
767543
235891
445834
830774
748004
114822
870619
412702
474568
453049
885731
486583
822711
605665
668844
116384
16399
745146
887096
425729
313985
989341
242091
895757
566144
180264
668458
4503
114470
579992
561187
398365
815883
7022
229139
563887
121844
616110
976589
112765
585512
378673
599348
408223
984338
268192
524607
517089
529690
928055
459170
843676
917397
701261
739433
999893
397877
924243
4396
512347
504236
565584
910712
320119
88958
656203
400359
727154
272314
893300
839919
374178
271973
439267
782401
772663
223812
823360
289752
753502
267768
748923
597178
185165
450184
852964
185058
364414
293559
705806
393113
797795
787742
303826
634267
876700
476381
550978
603855
265047
444278
960126
639225
716252
915746
937978
488915
139558
277691
295020
409412
545459
43943
6591
730624
10479
375907
432034
374893
669466
654192
768007
983614
441935
588185
134233
834987
580918
685211
955194
845966
129489
915321
1543
362093
831067
939522
367361
486977
217213
178733
896389
762672
222676
419332
9648
749507
795239
958034
640753
981058
612226
925112
964672
570513
29649
98905
921853
610567
300468
877047
972885
946309
308720
490781
308403
656139
430303
192116
143116
163868
370849
555858
442892
109877
975190
968892
859384
286782
443278
16489
267840
571856
941601
232512
658722
971250
847769
580575
98170
148237
973974
71055
94546
799047
561836
919301
455186
508491
627769
114655
188711
514970
670513
147955
141199
162055
633199
516936
448837
76477
533425
233029
648334
475027
981893
823408
962629
829662
403983
60799
494251
894309
131855
105150
693356
210043
540803
664895
234887
168573
779550
939950
199895
966415
87906
341095
644822
721105
858031
610012
313935
391456
843041
478621
382835
824935
302029
345465
170949
222364
922616
665201
116673
570823
286703
326382
780867
827506
991277
532106
512431
287179
472056
712327
769946
76314
569774
414768
313772
944157
24780
627707
851965
384174
622680
234801
209109
924709
96618
380058
663425
535586
45259
780098
106410
848314
622832
403629
675821
614109
935735
704604
417640
407791
933283
187586
458
503057
118707
314230
447214
659839
941937
815532
44013
80969
566685
253122
522030
663303
149533
185455
198889
711144
481905
821651
559459
104738
225280
751632
235199
161015
456236
652840
85159
389520
356778
85617
408929
475485
916199
372496
651677
374488
188028
212042
455457
754713
981517
977487
934368
131050
162942
649609
842194
644847
471261
918005
265937
696541
669637
501137
373909
125874
153977
459068
515394
510755
61037
924323
502593
977236
296819
154270
351724
1199
366312
323533
755912
347829
301020
690280
995231
463962
856242
837426
625161
327503
755431
891099
540396
941421
392236
914305
67295
62565
889725
99041
89672
467114
539716
592265
444350
352888
262887
312426
354087
145552
635959
626352
493381
936979
316632
4965
917293
689226
842391
58807
16729
114174
466258
557126
571947
374846
987783
639242
437411
877509
254635
527083
344623
310704
635701
305326
663592
898588
617752
534031
44140
770064
160383
53874
223395
993368
575191
657041
682594
933934
232200
699324
564460
698458
772802
136408
73304
760585
292002
27067
154446
546638
70502
15422
857342
222555
320748
37286
637496
454852
571317
197988
741268
731701
251862
964664
725069
343405
621705
407663
277339
853905
623339
841800
68715
912493
978208
658371
673079
270210
201790
343877
333200
788644
359299
706894
11200
680047
744180
648696
651252
315498
846684
392520
563551
614899
357184
804972
958304
495241
212635
235644
865498
352327
77444
450565
264820
572004
108936
454251
358566
827078
798129
691767
615723
157428
398661
626923
353828
659194
791971
5080
974692
638655
397600
54595
769906
271137
859567
728211
282730
588554
480207
664581
940881
74003
115146
722054
646007
740435
176305
4573
567513
974434
212692
183236
648215
611354
326511
2043
270548
118482
523475
761592
273490
437427
332539
43396
224916
192106
287959
507647
780660
768166
172228
237894
842169
287374
959948
4528
27809
652605
525454
111675
143392
738146
294911
791607
865852
621423
310002
136400
739905
349829
414344
13395
787256
746883
573144
12173
455341
861103
36172
236002
629270
724752
990248
987791
12126
466548
508672
556288
119153
34126
667963
262545
772272
479226
570504
638125
100649
396858
290877
356907
746687
705222
886654
50296
968457
976150
578821
423799
837254
614993
176153
982876
339745
166401
970667
868223
149301
479339
940863
784806
29817
125178
563704
802090
604405
134208
956567
221406
531067
763796
94665
794106
469018
497672
844402
953828
473822
423223
377627
311076
554568
70132
293952
894313
752885
780972
278889
902186
260311
219752
686992
806481
861283
250696
608571
982040
901257
81490
203446
948676
845286
814464
742782
830657
312136
103537
784485
785958
526760
678464
613387
81329
748596
907339
491994
501481
204663
770883
920019
981327
506988
607011
787808
368271
374060
912731
350311
791669
994221
70109
740345
839507
884573
999479
186516
713061
103016
971001
499020
629777
165817
628759
227458
430765
52450
719452
932246
257114
6688
368617
238441
513676
491981
26249
398299
866041
938980
264962
657710
449553
335071
914407
289060
735997
913886
991929
449058
16903
479282
464430
163032
645100
93189
390490
75865
145640
626294
524464
402754
632982
893081
157547
663010
385062
183796
577661
767455
639128
842623
941517
88681
694047
855924
894093
946396
769811
886022
395454
303066
365305
376237
466098
526757
985778
856588
118974
131418
999234
643438
50524
632217
52872
208071
811579
954286
908219
389241
238094
547347
748216
179611
152380
442263
551888
46474
388659
838051
448848
300466
141117
814153
193055
123567
857262
178833
980155
976237
310252
495741
619675
877128
127958
188899
85200
939538
143186
509771
845131
897632
57119
593347
77243
209499
35611
145483
772325
940622
983534
221174
757440
641003
551679
950495
764570
408942
129329
261077
385179
955933
756819
4854
833061
401129
710106
434613
857019
369644
460737
702150
267276
34208
811850
860871
760059
363813
6355
532385
304435
506241
753559
578228
147245
305238
528723
428167
230532
174404
205597
615711
646689
962416
136918
996103
879897
847024
947068
736917
216668
407805
955419
483944
442013
767269
861167
202073
131082
867522
734458
951870
890116
4369
46450
553713
825959
91525
981880
56492
265930
187477
672203
428971
666245
325473
425074
546143
172497
372143
799412
905517
779948
271183
905813
221962
38453
766981
940387
685887
150855
674845
154109
40971
195566
200559
594684
21525
808437
92917
594369
74367
796746
782925
19690
462992
108398
444765
525487
797248
816908
841251
702765
596856
112434
124931
335170
667239
891912
275557
869479
42767
466754
539940
83739
662320
740500
194775
200198
65289
287692
310919
656008
84439
93844
675698
63783
718595
120463
105622
32195
937371
463225
734960
50580
92011
859891
385750
759251
268155
177660
145082
310923
644414
685022
911014
823087
941874
622141
23285
7163
909834
850556
663171
510625
944401
338870
90760
179348
459333
712734
211543
913057
175959
462855
963637
267970
839099
865739
543573
107254
43399
688655
934529
204166
373678
361895
27253
315552
984037
566890
322716
410223
417446
502239
920848
878199
841109
527960
57547
816795
240694
269090
729852
933005
731946
209841
717327
571045
75580
260901
194651
635332
949556
129181
839498
839586
491076
383103
671491
475113
466345
994207
885336
400143
496446
322536
278343
853908
366848
335890
670703
123894
121333
400555
56899
369631
610396
290579
457028
202328
551480
651679
837660
17388
780860
193510
373327
788289
92965
44818
779754
559310
555377
665091
959454
51823
503979
237797
422083
870828
90039
92786
511074
727724
493341
84326
97355
620089
374905
554383
822418
926385
722415
176430
460125
503275
369941
833452
807916
462906
394622
587671
538569
949999
769114
498023
518175
273093
252172
940258
660273
858563
33045
171348
586288
42738
255674
199995
662828
146931
754379
1598
589668
476794
178028
49793
496421
64321
399598
304338
43580
310572
892009
582149
260572
661123
80172
778747
450568
332344
719005
627194
190907
268402
314894
293547
311141
86920
493543
490321
233851
764274
8271
823519
757420
702651
389664
253841
766973
305614
74531
810553
616187
482892
392702
876759
144015
989226
171858
110936
837922
407215
738130
28829
191970
569376
838729
503111
656296
332272
509784
890147
96546
34407
230018
370318
737058
619682
624159
504031
441649
215043
830936
57836
697935
223638
450947
358303
212864
622805
469239
50786
546372
723721
595968
738342
293097
951049
757805
949393
283321
783941
355892
896219
818348
585910
266537
555407
721944
407048
575790
163593
622091
406727
737781
836379
146717
188728
194682
359582
327885
180273
926720
874258
903994
39040
128952
713443
990089
886758
179188
789762
670699
51432
202333
5400
153694
468870
77159
391990
392271
652949
555584
530714
59676
809717
367093
722746
998446
561775
598680
842683
742048
525400
233293
162394
80793
362246
392189
587234
765356
571377
376997
952407
139161
579330
957807
292855
564553
34966
684846
956824
204268
756782
487538
780296
566499
854632
503042
81297
932759
101722
923981
191160
143475
157274
353554
224268
35872
262096
811502
801228
349825
704851
753636
488987
284182
227795
781842
365087
262762
983040
321911
467030
739822
325801
247326
822674
696785
266721
903971
629545
368443
827952
820705
511918
501579
690611
252538
537451
952707
580393
855032
302533
285244
608668
307872
85778
352815
89714
450865
615577
589107
289128
598959
328929
614930
362638
151603
311715
629359
571927
457612
514154
399879
278317
542425
417810
485281
311315
471614
437988
891708
326646
256873
693305
451666
564745
295435
804481
170812
262653
936411
759919
551781
51722
605200
683063
414360
756804
994779
560071
328731
452391
590578
244962
247061
133003
179125
732342
444318
650739
686682
852379
493737
943556
62036
945403
24653
357471
266236
195465
136476
202647
471736
688258
254370
76937
371321
185082
350093
882452
261506
195176
851196
852084
440138
98257
501439
135615
346951
462109
302706
33633
314488
796443
493541
892876
741846
518195
766700
524435
230012
903176
727082
701749
107786
981452
295038
479108
682887
645131
877912
944393
840307
245460
312829
796797
343717
814268
932413
207020
276377
235119
240654
107218
547915
250547
516446
806113
768742
283146
330548
515107
186323
57631
733208
294109
555435
28246
289569
238322
673377
683834
699067
30036
929294
11896
826833
789364
342516
275598
996384
135246
510718
753390
758816
574985
3938
275262
381098
289032
558409
711647
804139
261084
769278
537347
71545
841065
81945
877467
595740
755322
561301
811159
785358
490595
339408
128544
279959
681924
404142
792696
333522
431212
546086
92338
6197
550024
367601
387296
839057
442362
98943
159548
219798
384573
213248
807695
741990
295193
685162
854082
566868
246463
665242
868578
253411
4650
997122
49722
686574
401265
842418
536449
348829
904857
628787
355027
454881
512740
258675
810290
471454
873970
969839
207604
774895
183087
15300
516885
478280
700462
370968
45148
463278
36210
913727
716689
557212
427201
282763
760138
344818
125182
296587
693648
30039
925375
48675
1272
954467
823702
811563
425922
697672
781402
633526
472567
480841
648826
989452
475473
865641
876772
520622
328919
429334
950701
561960
986546
894254
844723
263037
239073
486257
559624
932721
32648
1351
497748
33921
955819
321450
845484
898093
19122
143238
47971
8041
140431
213150
513845
615904
78791
390618
652878
924062
336304
603579
486022
839203
14186
847097
102240
253259
333355
661864
702332
366003
179568
716432
399924
651739
554234
761760
549832
573356
421350
597803
97749
561781
810953
611594
177686
406096
518564
830564
330158
854869
950496
332532
694072
964682
179630
796312
734293
512985
974528
436625
878988
670448
669409
795265
322187
223643
73377
872019
313351
494728
986175
411100
572861
313480
22694
750547
719577
541259
97464
566087
912480
47960
898620
606552
528994
594602
919216
263287
107587
410096
216264
502927
80545
885673
814544
402732
109316
887922
791104
939019
382650
293631
350119
955511
607111
889165
222411
843040
946776
319875
925480
859256
884187
340452
982160
929533
935054
901376
192820
42641
311473
925436
61920
908370
327461
876465
827454
953129
764387
618558
892148
663389
428541
758619
135252
35653
647784
357663
395045
594561
193890
320525
453817
594429
660977
952330
523962
596031
853706
233134
155024
681531
158570
216945
106253
2383
93410
933708
955512
374149
68618
364012
553890
497160
122631
689142
49165
770416
563158
444210
881329
757048
764736
851498
867830
942065
803828
391792
538097
173887
624927
209473
855418
299849
426418
478024
302233
36180
411732
774097
926681
480350
654462
480571
493862
777093
169714
543027
63861
732872
987238
461542
6272
268326
313041
390454
210391
633221
782247
264840
807108
923526
474314
178879
739727
900732
656903
41960
453265
68635
332410
379946
65337
503224
860518
559200
280317
546584
102227
860531
795808
89465
838425
318432
874143
151466
708887
84535
784688
7486
349375
108148
931012
823689
287027
670739
240774
943930
229052
694039
528917
77814
590337
594255
581038
450855
669807
377707
513791
772034
754590
825951
377852
593016
144384
251995
744482
369623
852882
45522
377109
202258
670023
308121
25947
957050
495212
266721
417333
240616
477112
946250
318430
67450
56857
899468
34657
243016
793528
548449
15051
548118
890752
909255
141134
35136
677602
401969
404759
530485
963843
781868
732743
633866
606341
275042
107269
617906
58116
524602
858522
535228
987204
176953
119030
560414
592773
153688
803430
902653
218489
334833
450772
109241
244088
108258
660730
921691
510227
65489
968528
474071
363710
701271
624289
486403
492665
731558
104309
550781
256160
479184
602362
759717
172489
721392
320131
281614
391432
123561
184268
609921
458395
635040
235515
218835
743298
896245
656878
769878
478086
625406
760301
358148
843029
384590
844552
335695
116149
465213
402828
888661
460749
5190
648378
633238
242935
484861
914853
634367
608423
99121
244289
583170
250513
996156
802005
510163
892401
975236
796393
886839
116994
556694
244988
960024
457637
605892
812071
573786
587457
731251
978799
48207
736442
143530
197797
979377
628391
629002
130096
236814
244475
890737
336336
494988
886893
654694
521504
295646
629930
317897
182486
746924
874592
427474
223300
332229
549718
35371
422367
137175
766623
917518
701734
19417
61048
415884
515146
689440
44886
645242
442606
289362
535980
778943
300702
939225
433637
822206
234872
579919
656456
417358
326843
47400
361184
66496
895981
910902
101867
318348
564429
384842
752218
782516
920611
813267
198400
952109
19059
759638
113704
978017
565352
166036
756960
866055
105261
706949
204613
340133
803220
861069
273843
130064
424821
635027
196560
320802
545929
814779
639150
626711
715974
907721
925579
152937
720988
123979
621399
256399
399969
735103
234416
965322
901139
507729
347729
522752
731030
68694
862886
534251
446116
136729
180667
870937
288109
893579
191740
350390
224710
347242
977101
940684
254963
902680
609974
975951
543011
231373
748702
459333
482828
983119
424655
383967
7200
288736
906719
738230
357430
285957
272481
803546
939039
453148
674484
227148
863079
866224
577538
87790
213466
70992
544826
468430
973672
154800
960733
33036
902525
225788
492369
385353
208907
433376
285672
732459
722112
708744
470689
79542
994701
259523
399441
450092
229023
73925
677240
92103
456501
771131
179893
186319
842123
724719
654749
332147
395872
131835
365183
298397
357623
373904
200103
82882
807280
485775
815341
529392
194519
286030
125287
189221
61905
524728
639313
290929
115005
832906
383032
571506
604037
79277
757825
446160
320348
928927
778307
716220
60762
659843
530970
934737
33747
731073
17619
841028
216848
349312
886772
927720
151694
12059
633293
213600
53139
788958
504529
168144
621864
403913
739650
742253
999542
13828
188413
836242
942755
483073
552463
519869
659268
599785
970958
693015
847210
504929
50395
580410
854241
937168
508130
5935
465579
141423
735887
518719
930382
756768
686863
68598
160681
942866
810852
676575
956694
515617
512818
415801
998690
581633
452022
174310
697770
422980
867326
544980
444261
434073
641742
298502
371241
149873
820789
353173
807648
556677
871892
254382
313445
75107
322981
990479
17973
133833
183406
491019
165802
696224
423172
164493
794209
875194
855155
491979
814526
722481
36959
258787
156555
678702
73641
44148
344927
894431
397321
152575
451108
785565
406958
280905
860673
246291
787736
878646
896476
971143
886018
62278
667367
309190
743123
461577
184385
598279
953556
515263
837112
506868
774051
993667
701922
847692
554168
46849
258475
467841
715776
225935
253407
639086
506841
630432
885377
294577
25430
781853
265720
911448
360484
449440
220639
103607
911017
921376
701886
380925
436639
538999
404145
727042
49018
106067
91087
119538
152916
349562
103732
868693
575498
357139
24131
82339
503923
909509
893268
529353
207714
675341
440802
568198
124781
177793
188158
552150
615521
406396
449427
568512
461747
853573
295555
510766
959640
386642
146656
628909
736204
250388
13954
828054
123879
38085
426745
627802
463946
320014
157156
188013
995355
114310
272563
636488
808455
460721
704990
423976
867118
154417
992488
328865
7990
804395
355983
483983
707389
18992
112892
443594
269380
643198
788000
393260
681283
214746
537414
145230
534760
694570
849595
46467
325232
122158
199307
133687
582880
904297
74015
966350
58714
66504
295215
583057
387251
167551
67040
94641
186543
696284
538235
972275
339482
842587
365535
20765
57333
419302
682347
108445
630224
531942
671264
955457
170453
870571
89144
753333
291220
163160
719683
866287
746016
531250
449344
133267
215153
32736
227908
401696
729020
282495
890324
68502
125083
772211
605619
698768
191513
804319
807214
821738
852613
994830
777195
23066
865402
382691
292751
672974
62203
528786
539261
808219
576389
988605
457839
791542
21341
202099
709591
266713
484595
599915
335215
126030
372126
457187
341150
563640
261506
148364
901730
630471
659547
678925
653538
41301
577968
462641
714275
640172
991428
253537
964743
567817
758494
938934
875711
779836
141034
585302
562901
141981
701569
898117
784363
73696
871656
125513
153688
649514
790230
55418
279985
449777
250695
449875
491078
828663
912517
205353
985187
420297
975242
466283
988114
733737
405217
863825
29925
62603
965480
592826
204584
667049
7295
505299
257097
878951
630813
927137
528465
421043
498907
808451
387172
749602
774678
878250
94618
687195
599955
596157
107492
575198
62440
611958
825287
984010
475784
855212
46613
957616
964390
767550
624665
971686
272849
398115
366989
903662
325252
895455
841057
824160
220258
744581
90114
994936
139183
701084
198484
739139
813594
822328
830689
392386
434287
655976
376396
426423
27540
423010
384039
508282
706912
525056
996320
979761
923171
363310
399776
764776
775117
757185
588936
995375
501767
195402
506663
640950
412839
705147
896441
226433
527476
727130
618819
478115
899458
995216
904538
443350
934578
804929
951633
641490
329985
464305
137603
253157
827615
537379
17933
602732
810917
123221
114459
312684
834975
621123
469986
247814
842622
366428
990599
886450
609910
609419
880917
509369
120987
785455
469071
571917
590384
937056
729759
920370
401362
867362
689879
745329
921094
224164
348062
732011
863737
978873
561047
698712
116348
31033
462879
475323
397461
453478
361773
7372
579249
242691
33093
700236
544498
502164
788505
651235
439221
518264
571605
356935
901979
777836
102264
339425
518352
966678
71436
382089
945552
148835
80801
61900
179868
60032
53575
577330
513511
415349
101054
92760
174392
134147
309349
235242
152663
97854
886477
108236
132471
974434
465171
550802
268622
83788
890227
786974
50466
478015
169063
996018
626850
766217
574271
806718
826249
627846
900400
339760
559547
1454
948873
250291
651953
258222
485534
804617
872428
888363
912853
521251
862798
894377
72053
647772
978165
962280
434747
28631
956647
603810
541002
583497
370027
631625
906568
196277
775823
323320
52389
851723
324775
1262
102014
493080
775836
103900
814049
648265
508616
243255
169516
887766
137632
757922
535538
632149
720202
970285
177132
193202
574096
234486
776699
460475
382463
199619
173104
158287
522940
225494
10010
364067
743108
628376
857147
518945
248629
187549
683562
757245
430804
853078
645011
84788
611000
180549
233289
847555
667187
410421
40757
241283
644908
333808
218110
27371
533428
391215
702010
572720
133061
228372
936787
876169
856749
310286
395114
105378
497835
78676
378975
444991
448107
23986
529779
575459
720887
763068
423014
388074
689842
980123
145709
851102
313932
363820
878473
363712
271387
96836
936432
404448
325208
873219
796969
181957
699857
192084
803687
197693
787112
182662
642684
751571
723000
688816
327031
443888
968236
266397
348314
658078
246521
494024
509180
76805
374196
904006
956869
161935
842
893301
566383
842402
282872
363352
24360
982729
71788
344399
696774
375253
43414
339459
126824
766414
544627
970207
726654
512863
236605
74969
170942
999478
85345
196474
592635
975893
100480
549504
137828
617674
442805
220563
460077
242029
100267
789
224758
688408
861540
921533
63661
904954
777344
706837
671369
321971
193397
398023
834834
430002
989344
522128
945832
591041
718603
538467
566934
335435
87971
704762
953110
47128
441677
929539
289157
541945
930328
30267
230353
791868
951800
294014
696823
245496
517203
884544
567467
710600
798919
918654
656954
304616
440782
119138
895657
675737
657605
462592
11173
261928
683706
964283
825408
125384
410174
630917
667329
340502
661185
414034
648722
129337
224400
861897
374834
741603
746441
458653
968556
61713
377307
625510
366329
334442
744649
778338
10179
918606
757282
21352
696887
440989
501987
38647
82725
912161
669565
266406
769015
847102
680440
934090
976439
904840
795987
867625
162795
58781
842631
131351
636846
736290
273214
3175
70732
534215
297865
597264
969173
55148
134968
666060
496137
153308
221060
95214
581821
890625
877972
350837
737727
558412
801279
230518
979604
597266
614496
142399
172399
457127
790103
809245
709769
63317
328772
296854
597532
626638
894118
566705
681786
29086
749118
694275
698746
970178
305841
280568
377155
183813
147757
114882
258577
949036
861752
238181
62654
992600
896932
751406
966079
687035
77003
675849
750352
922128
972703
864236
65118
866821
947294
746904
412259
696412
957531
627358
182942
779724
907926
560097
963537
55683
191331
222114
521071
569435
460295
100077
562036
873579
851483
528115
560615
928487
720316
827319
850615
693019
207908
915733
76192
155202
178989
4804
367966
652872
632162
67260
432596
540088
627357
912485
112123
335040
134599
149546
420827
111246
249623
982863
984825
617459
27331
61792
545946
747647
889112
912913
957019
613372
344998
33211
768574
40339
38015
652892
209563
186529
720152
158511
726617
863861
70996
355092
715253
721947
504638
136080
833193
270614
635296
334370
888073
662627
396163
950371
926626
801627
379636
883645
414999
240986
433209
699925
281325
471224
869169
7240
657754
589321
165751
900723
969534
753099
772168
684787
475046
793158
820867
308239
63772
456163
158961
468197
635142
555124
418568
561769
873103
314556
961766
804454
555542
394975
20731
353219
382552
889900
360459
556658
995573
42562
973733
965107
795661
745901
166246
787059
55412
503466
611650
635536
475981
770612
103734
111124
842088
38654
189245
715192
353211
151011
35998
908753
545987
56730
261973
928539
946630
138784
1549
458556
181347
975282
423663
977008
721184
589910
764068
776596
93376
892070
412132
85709
662682
32218
196833
504771
70873
902430
736315
424084
53442
288665
332837
115781
345395
111162
560672
808378
249947
562221
266934
431294
537503
206949
924654
775039
313211
205074
67987
406587
97145
480120
8649
276179
28690
205482
780950
99563
624265
33617
523647
194059
322283
372837
309840
184030
351
386864
992408
250298
465437
775694
197944
2940
982644
638951
294332
295855
844025
362319
218795
457522
358791
227444
733702
387482
949278
31004
487045
573543
64622
527045
767602
903257
416234
593794
87287
416585
980658
596048
183236
962447
371742
381180
965388
870738
20131
776072
166594
380509
138391
901741
354383
13535
129185
604437
401017
594815
635442
404414
684711
216416
447811
452313
119673
864045
562460
723312
796983
59470
319360
980219
21918
207455
877751
503658
78193
414235
279730
244787
311096
934473
662880
665479
948008
308417
786269
865377
903233
421711
269792
104296
154479
717603
556609
790504
98001
635421
513816
894984
694892
833177
391555
716810
40632
269306
736820
635177
199893
16550
396317
27341
467375
59197
209173
415384
367615
995442
797113
787200
417153
66905
891496
87984
300861
964457
878488
398862
599879
392304
810198
811123
741833
201753
44285
298817
987411
781105
933995
703657
314007
330312
730998
781382
905861
940171
713118
789828
935613
510232
577028
869118
577137
984876
957102
394350
949334
835590
793212
65565
744247
603410
393040
486080
321515
437325
784898
308927
218430
235245
12584
48789
81909
743582
830171
987770
200106
543290
293951
135719
53522
870979
4838
147011
372208
961940
57714
321542
313883
850926
903459
58130
970689
296499
544210
292204
250176
845460
117483
468606
597057
646419
33747
678966
906354
863918
183089
106460
923560
477040
242179
493434
864371
763369
640446
236579
241662
698160
74473
555545
65438
494284
130027
552479
790783
190589
361036
40959
552402
478519
25917
149459
641291
59664
344778
547645
439935
527867
170457
363495
521259
928988
856930
901982
692358
13728
138562
450372
228240
729387
5917
293678
223672
652296
846158
530807
842885
723546
571767
395287
202065
114036
61099
359708
690053
405877
907353
129988
450096
77810
493483
971355
6799
866765
389689
215509
880493
528251
665881
108733
773991
188150
918764
997663
840446
281274
44822
199683
4820
132941
111323
206885
246978
172422
566594
453383
578299
990299
583371
28395
584462
593206
516102
107613
459972
905791
323122
856817
950395
505355
965551
724386
693505
884315
238401
50303
165589
283223
249986
686761
932517
361309
893646
179495
533731
976592
632878
628382
483244
732601
173129
584058
325807
689231
691671
302131
111375
531145
158949
61770
36500
640852
302508
246357
41519
57261
296660
723460
856836
62998
410221
789353
940660
820219
485200
990743
313164
634430
619126
312760
367031
792255
896818
209191
997839
104841
27674
109214
635986
186623
687336
188838
343827
989844
435195
385346
563457
248207
625158
420293
827557
35379
725999
768217
371951
211199
275313
201467
845630
410791
514227
729013
203046
411045
938204
717237
515886
965879
826451
668224
668854
30139
857062
529034
19983
808609
430732
583440
56816
55891
520086
884373
607622
246085
168943
495925
973636
444256
697392
819266
855047
211619
548280
574445
622664
2836
291683
654902
485067
634486
323126
153922
664626
696540
199308
200961
505149
630040
300754
78317
685931
337192
962691
809906
583277
647986
305831
73265
92242
3224
892532
463641
214843
957164
38086
353860
476352
846121
8762
961420
996960
848241
631694
177938
61133
831002
378899
566283
461042
196005
644600
663326
533197
123643
473232
632826
771629
779063
706092
380223
298639
114976
360216
513483
588492
914655
867343
64844
760776
392457
542616
274088
757050
690662
452026
334536
38016
347278
900819
15411
543283
61771
678737
592833
701767
668321
225659
989748
963736
448103
369972
262376
563079
246540
292211
667923
161195
675906
249120
921972
584715
791736
712412
341766
998751
164439
676302
36767
511717
93473
52178
571352
671596
247267
164185
373363
431940
906197
363112
395677
870652
249436
174405
950084
495976
466616
618007
657172
142522
867127
579144
727237
175216
807908
585355
173967
972347
778009
727086
416
387834
779265
571769
59431
542884
252306
432794
974825
158503
795906
370502
29156
45342
544907
979240
541319
527875
113599
714843
670397
980727
293987
913986
672295
618247
499342
362614
590595
793703
89700
591011
181538
385317
679132
240969
928202
931439
190115
419379
606294
502374
306233
151802
547716
367492
647394
605387
895367
760994
320230
82116
258073
130569
996102
930368
748817
11796
809334
855764
321852
899034
446775
503390
284352
125908
260711
728906
573699
967178
664637
179993
469552
970870
848148
17269
338362
495542
139008
233729
772888
975591
832197
30961
106160
828299
477681
371329
356448
287015
227093
678300
702402
190221
698042
503106
832481
475105
232012
406180
442283
413001
102525
911836
383871
950673
929105
722233
962568
584465
472314
735456
560056
304511
766418
182569
649162
760451
553898
521962
47467
780992
200262
749869
971213
414656
769327
320046
889761
1339
726226
332045
930692
345103
243881
314563
812129
689338
553148
774697
273803
25462
510153
350212
846325
792923
532781
11839
553375
86679
533802
117194
384023
250416
383415
871588
665073
152742
191634
554834
670433
434212
403231
601125
779316
647112
432040
591445
336450
985188
882494
126606
527002
392647
476818
889679
701923
9599
901518
771650
612630
951672
888844
513006
718441
788611
384594
899866
457705
92581
971052
644490
43145
374284
761967
822461
21396
194007
930258
874199
179195
812752
805
706197
721752
993975
112228
423675
519926
13746
195325
132556
481771
600521
645562
200212
905484
546509
616430
363189
155442
587482
524031
198587
961766
285998
537401
499515
480005
467659
373714
175552
796764
890871
398101
518516
884846
510329
942191
404772
40427
653868
53680
522198
770741
699243
238762
676225
762104
855192
555766
433898
442675
79797
632485
404441
365795
169886
420308
362152
153898
794022
537704
950662
684893
935805
985530
569739
446134
444073
490863
486561
97941
544544
525112
868682
760139
763874
61259
38595
619067
617025
472493
578094
696822
621330
498887
578969
307569
919196
941121
461467
713218
478825
928481
914464
414630
914011
555
377116
358084
491419
863677
972377
552315
388789
357411
312454
669016
418670
351049
288083
35695
823542
382529
248869
961224
881416
827838
268793
800612
768959
246612
30183
764136
175093
944647
695118
605456
461554
72234
479892
952973
452263
452269
505288
841053
809680
334094
26421
228350
685143
314504
780397
25037
213385
29266
986262
94801
373456
771407
411766
658767
18020
958301
422903
193113
419300
118021
314922
880854
706607
794814
350180
158871
247084
855468
516276
573116
705915
542697
801467
907410
373553
581864
448800
586938
127483
435062
198091
500939
722821
609857
159707
740841
568158
98962
450307
987458
216984
765229
384665
439943
76395
734845
598814
323479
106665
115090
412948
812580
657787
214415
719991
31340
312631
168791
134630
956466
120205
332722
457406
843026
458931
133465
100220
543442
232427
550527
47252
965763
832108
431917
405707
908503
166762
520873
748335
273428
635964
161283
86008
810103
892050
322351
357796
204681
491142
492426
677500
127699
341500
134906
970726
800432
784723
587298
343874
533502
137825
391126
499266
486285
339396
421325
394788
506158
942198
143123
779586
94514
304406
381947
904618
712808
220650
778766
917490
711793
787544
111342
355844
129045
762600
842922
445829
547323
430220
789703
80825
84397
697181
96443
570682
36577
517768
965471
59088
976319
624946
355026
70833
929353
253325
491803
642161
473976
786921
76003
702121
574466
703697
57965
219863
466297
900888
665692
13620
331108
971747
610798
931858
185280
707241
502540
738210
741362
468011
797298
234033
92958
668676
821218
538663
922002
829374
697176
395978
616295
289532
614451
707113
993229
672416
443328
459527
89656
109020
989499
937117
597119
600297
868975
782400
823891
371515
36962
81605
839527
350612
831990
448837
19288
653208
987500
457642
998934
201028
853620
131582
490560
468071
838695
142
656840
282024
459669
746496
907396
965520
683613
504516
82170
68940
803268
422413
440456
840230
20370
796335
190842
852360
245172
726482
21920
749024
184125
20855
950052
554097
152437
956965
538521
507484
957107
195361
789508
933128
458209
213257
415000
658175
717773
497170
727115
37393
919583
167571
393975
939953
963906
101169
308665
725430
827651
330586
474454
528128
351441
940859
82226
20230
897824
620747
527714
371283
332460
833575
820763
790669
46832
235763
965196
280957
732934
692312
318350
168869
376235
712325
108823
340142
813494
933840
581924
157497
264426
56379
685626
132219
997238
767852
152449
411414
904951
680164
299049
237411
30091
119812
544432
76923
355575
509629
357880
88509
718293
192582
257379
94528
421259
882554
951022
234753
332746
532947
908602
597173
589326
594228
729392
102916
878432
398194
30682
299735
594710
329731
53498
624801
449543
597931
701724
805118
623912
575956
409980
858557
768538
183711
953085
189797
582617
904108
940902
915363
953407
849504
28888
59085
960085
274633
678353
354869
672827
709035
654605
267537
555118
708103
892338
4661
822386
110414
326131
962650
686370
252463
821207
454908
952526
774293
161057
535143
194753
101959
966859
664512
467815
995747
723597
427900
270380
401950
299122
459559
627337
470079
727096
182455
694534
135786
703468
516921
246200
545951
479571
448922
798415
817131
903830
750941
591424
581239
802437
302529
683198
769296
967041
151014
281395
206990
95266
68128
125292
910740
527687
752629
380819
771136
451436
75354
906922
154904
108627
669475
700855
588198
118397
15622
405329
538580
766564
513105
119819
85353
331986
803018
854649
815379
470384
652396
22369
82002
720524
147661
992743
248212
416642
373562
19348
868078
448916
442622
22982
557543
112097
240190
662094
746847
255812
583775
285427
538728
613233
921598
624081
945219
240968
995082
760599
711352
647479
299320
793355
884355
446982
786098
132567
863624
676012
668267
248055
641281
627242
787389
715176
739339
27579
893622
2538
799744
477398
287965
338472
606983
209564
478906
552202
966884
473988
829153
678237
637819
128474
987944
522175
91808
290394
654742
471784
482758
839362
719839
124039
466604
507229
839216
722295
51160
732838
724834
850904
726588
529151
705729
333571
255067
184635
402126
221952
658623
231279
900189
296443
359753
404485
818618
967913
211231
989712
439698
693989
345426
159537
818029
812030
666766
173597
50678
234279
422787
775512
85183
665728
304663
790912
999299
76083
975547
917777
298035
150523
149057
714576
963318
25162
119061
298288
993076
330292
288000
949126
24281
633427
108663
358662
961809
291782
532259
528839
526061
471399
304351
127596
137127
125367
918509
652778
201450
410408
570556
15837
560931
235965
730413
524249
261127
365826
822537
770555
212470
626890
719681
753103
776669
344697
111766
254830
636479
160377
783670
678892
631776
604373
806488
285255
729740
241349
938034
447542
651758
24942
463379
729041
260907
710144
769643
38386
75970
592180
325294
288440
735422
44975
41544
28443
906024
153310
283274
58855
830039
66944
737747
978168
187669
60588
263423
433762
301937
201457
881304
953695
226399
861036
682737
3658
571180
452380
42045
647151
560912
367339
451943
812687
928666
493487
841130
834691
163149
640756
893546
993189
224052
631294
971357
411722
208234
751132
845484
510171
468942
243140
463867
211693
104176
662956
215352
191709
631688
257397
355212
192600
141088
807155
521639
69754
300643
362770
420797
463792
3526
314344
973333
227579
461990
944690
155653
670224
212175
1137
180395
681117
244277
160614
892810
864806
823570
108162
56515
971610
881911
411727
680563
22999
218882
202202
609106
519525
81324
29903
499670
601203
860599
473003
828782
322589
934046
500787
509165
146221
501924
689561
827338
746201
366527
236500
611007
706450
344663
183874
678060
742926
595601
358623
282278
814484
560826
407736
850361
642150
437639
866383
243353
298239
855739
588487
137180
789785
89274
646346
452358
107550
852259
796048
370104
218786
32548
981111
925236
893563
681338
603297
152842
276939
478272
435120
607775
39098
359208
974489
197601
796847
840872
957306
611438
212963
62146
264971
519100
667772
427669
971458
775323
279928
283858
145427
15066
316407
642890
940303
726322
324228
59952
879164
117520
54576
830636
725295
610027
189844
216136
807628
503044
573361
281286
630834
786324
343432
412157
305425
11205
839826
793235
302880
119754
77094
448307
651173
909853
607549
591476
152527
931778
167780
31692
49298
738708
378680
290945
348735
84877
507082
156363
104273
80443
954002
251459
866767
813786
663617
688544
824991
503443
481780
644223
139550
75226
92530
790723
985079
700080
898551
137606
148210
582683
685650
197508
321391
580683
4805
670127
665560
511887
342842
286185
108682
296844
537644
491802
110631
717613
180346
451974
221057
178478
96198
876959
253704
705080
667682
238783
921512
566233
892742
69722
148916
578392
783582
986659
159075
788388
656786
340987
816627
999629
143524
441662
812825
197521
933464
439808
915134
113810
408135
652543
808641
504333
529502
62345
725765
197184
301129
647278
279769
193871
233352
428685
288615
533287
931697
447691
838027
588483
305030
171006
104464
448555
612668
917290
646076
546132
873450
561210
176295
281585
213754
984936
302270
743256
47281
28036
456793
864762
191666
736562
574985
941370
681600
863601
474657
613297
827644
312684
718132
132674
483691
822597
97581
96359
256239
743657
158844
129689
821220
335139
927627
551326
320075
229897
810934
883708
257933
267727
748471
965951
520642
839808
907322
202242
703409
898331
331891
531053
211016
50023
180080
211059
388972
277661
823770
645211
537671
982614
291253
358891
834105
218880
910217
670532
965129
237503
554241
223063
21583
819064
705366
542225
658872
129040
260819
878634
27372
592710
926039
754740
159085
106119
965799
548058
900133
305921
709621
437804
804888
517226
796695
638993
252458
223264
309526
217588
977119
380119
957003
998702
715535
662369
540927
374407
791410
801746
769393
335134
910808
695433
89874
69894
317904
55673
134304
218037
877946
360277
655841
682834
877504
968888
321828
646314
192152
147706
863902
169272
527825
337257
684326
243360
999627
225254
134119
307389
27000
903513
642523
454161
598946
248749
524055
916850
304422
174711
651240
698720
534988
307081
381555
928844
275970
703383
575159
984474
367441
955413
670098
895266
292671
354425
654978
808650
579679
789097
632391
123031
208962
791266
577192
807908
40015
617599
241111
860789
308662
892351
559509
360003
715784
941064
288847
991754
160799
380358
976229
528240
852124
162679
939858
661147
517104
594836
469797
613135
900286
618540
736167
109248
409806
829711
433509
449821
963663
190972
826962
788677
599675
386471
148680
315459
843888
953880
823566
521039
334238
316147
565632
702714
478826
505490
363861
995931
616679
350010
609066
516965
484902
861585
626213
894708
207649
576074
860881
171312
767046
687843
959989
366721
590667
625022
682181
434555
578902
505747
955594
429492
338246
37578
132207
817072
543069
12420
813003
676100
878783
938422
709417
363685
316359
851982
258394
524008
428057
635627
211672
195103
839823
171662
561825
430490
796684
760358
381397
375586
782457
336991
321430
120703
890922
453637
937775
950343
982410
267131
626443
861193
721905
335860
224878
38264
187842
483272
562273
615899
635252
773945
327355
475075
461959
405532
905565
774995
165890
286962
666933
464699
140305
988364
101754
31227
958353
555881
981570
940763
339364
124365
801956
61269
460225
26835
615886
164420
26459
178159
296671
661711
468456
624026
136786
446768
29558
42351
221763
711800
845665
888697
692851
985971
393413
794605
533550
351766
350487
31473
292530
689851
155838
94486
267473
616064
121321
883359
296836
147781
577870
593507
325844
562678
733886
462631
9446
279796
21334
747562
507949
867000
152611
200800
369323
546024
511758
902873
897790
378597
934346
706672
584800
90185
801159
852273
222601
438832
251984
35789
102965
829854
145648
428810
908885
879534
891441
918331
675683
912775
665893
183632
296127
334856
384432
665450
880880
896190
84676
295023
274787
535374
1695
375940
141911
802854
228213
880864
758039
480198
916653
861004
826404
62302
289814
735289
458188
697607
169973
133871
126735
352218
833855
422862
687075
218288
604665
567955
630830
205693
379330
421970
741067
381026
797910
399331
700232
542475
280195
458271
539025
713201
319276
365430
291855
125442
617071
750043
823050
787044
400267
949785
139263
234122
888999
342690
968762
10016
426997
599593
215709
806328
537915
473129
187354
852177
872460
887586
394652
669007
862210
933678
382208
697838
815460
674063
823280
432531
940459
646330
735928
857078
112467
391543
91200
517819
734233
59963
527835
161230
175908
259897
967558
230175
249378
671264
82352
638190
558851
477004
307197
937413
927034
205758
635251
742494
396173
458531
175026
336632
621214
910954
193710
250033
302497
801263
767852
36730
861226
812040
714312
553486
588289
198223
300013
837667
869487
382365
475857
944690
375721
299406
882103
302756
505164
517354
45250
901338
492238
736628
754322
113452
647582
948033
363485
466431
749296
647690
19513
126874
976082
733826
196712
564371
448401
496725
402038
317888
395442
394247
262579
771163
693653
144682
590271
198818
178389
635522
616508
670627
888502
370830
784079
52437
835215
663916
518868
584511
827958
54734
227737
804040
304912
424449
368411
753313
437526
770449
71201
832968
681048
850132
120484
374702
994815
710755
89872
689556
862629
706380
360183
751132
593562
660614
803569
428778
840882
838789
529641
668841
893523
273731
472881
198435
214532
357645
951748
652059
644446
539302
1379
325495
389434
121863
700197
900601
832619
790069
590157
695248
12801
466692
962732
122715
127306
282653
67845
968189
121443
113839
153382
531318
387570
142615
729754
602102
500260
197854
770513
144707
253508
771893
470202
642943
893756
686751
59896
726375
993172
166406
937976
522325
633098
417060
161392
276757
699714
229238
244946
821157
343077
914680
352475
246999
57295
598581
365453
73908
312788
135967
218615
566296
907860
205169
725591
317968
891920
785488
560696
401444
951894
15024
923769
101344
432084
85161
378101
131798
830751
139399
469307
690180
54079
338135
937179
627727
936716
818985
701635
765856
954952
920250
332153
379164
641771
574096
213484
50043
875936
774180
451487
344182
789204
891608
445527
221289
493121
823628
869439
840225
479380
338747
530405
533459
676882
983937
161186
129950
802922
379173
895807
274226
815775
744312
653390
457546
318408
383226
23941
194345
157407
991780
538527
462963
883388
984054
684252
892862
324035
70044
733087
803415
408791
263492
853226
602025
763781
530765
248327
566703
909938
660486
840929
725714
404798
10671
699612
723207
393898
723554
433904
67657
715334
972431
530620
115075
472838
731225
7937
796873
801269
257376
116640
726412
37220
969866
844789
801002
500631
93116
367705
926922
753603
724987
652636
158401
252010
352248
397960
645908
592154
831864
713565
307489
320648
760538
938916
793486
491763
463205
106711
293032
720581
223351
19444
757801
709569
864233
75155
210201
473701
442861
137123
227304
684200
306111
902058
936210
174711
300018
98471
766866
648235
328388
590707
968883
88926
529623
278721
580689
992828
385432
390073
229761
125135
925869
987562
834704
306454
579070
561257
780156
538283
214732
7460
222483
520843
425870
675045
211907
242241
773516
978773
890476
618257
85832
375711
707183
131807
654432
804225
640987
556216
710650
870748
681351
636520
374662
516055
942974
953732
593665
723130
492015
808397
246943
714498
845593
672813
905896
57500
915054
679412
552625
321882
297669
154809
697593
521205
286616
352025
841782
927603
908241
552432
314703
105944
188952
689365
622000
648279
643098
732017
371409
651465
540414
134704
882316
902359
323870
788212
959859
238924
983976
28836
560807
797998
183645
774752
319203
986613
643130
160985
430568
551371
229769
745271
657316
418722
434637
795668
583353
594087
44037
471114
761904
100803
605819
644220
3163
929689
948784
479374
684965
932761
508211
762124
730759
208208
536877
566314
711174
180007
727299
141742
247730
473420
887014
421398
408494
838003
733418
991847
948442
777455
462962
710346
878259
68781
870919
397774
514822
819703
877148
716139
752464
901711
478264
999575
109920
531493
565889
337446
711500
809540
479188
475582
282961
882554
413333
691455
720557
146751
199655
185351
440559
662617
412050
835170
247750
282969
232944
278924
102672
110092
995063
371489
11804
473327
887416
638076
4820
969658
975522
232672
779198
971062
224607
578511
853617
637940
786319
90526
301043
985974
792230
741602
164943
204280
93124
412693
487249
326068
691617
106273
436161
686680
994114
964317
676360
881531
118745
197532
367541
610619
430205
146739
581681
171164
241603
951650
809104
544274
558529
626499
530248
350759
368102
695191
71391
977578
624236
558640
303647
832205
181265
256160
35237
175380
220477
711597
573263
855574
909130
940804
466193
855687
603895
564226
26851
361850
32229
352307
906124
590758
978806
952724
457869
863260
647915
529260
840839
788503
604252
660838
620708
785517
916998
655946
477249
653827
883895
566864
509401
793025
24020
491946
165064
144268
56172
708267
506118
88401
60574
928595
195511
555733
881319
653380
935345
45587
698992
776184
834090
303244
437022
971151
605114
870372
627097
598715
524199
510992
165580
549952
820370
705952
41898
501786
850220
614423
210054
872691
702824
270628
801286
414688
342713
198957
68068
278059
244544
283413
570595
594987
586657
7618
566138
708123
394342
709587
306839
918542
736931
988771
984846
73653
694723
26745
575440
544944
641168
785494
417635
860344
572474
735273
275032
915188
934230
859453
193247
695127
142866
763842
290114
245875
287812
372604
953999
682155
598543
260838
117049
335474
249609
101895
409128
460684
644992
984568
5628
286160
286414
939615
146505
858888
191240
937889
774076
641823
797342
483675
336950
940208
247518
143416
702436
51682
32372
656435
250189
630915
433625
367238
966389
199586
985486
891869
660270
630478
392789
182251
432991
679203
638218
95848
54444
829459
33737
828520
471282
831080
828548
324584
287640
76066
984352
990076
644100
16724
162863
894290
647639
112840
261528
130380
828778
763366
22250
5401
910197
931391
187652
343188
126947
825870
439036
181391
171681
472773
526263
159315
820205
354811
483899
107846
947229
468251
614274
591330
484975
293490
485620
648966
922682
263500
779347
751461
26867
317949
756862
937064
249340
944514
796604
376287
286736
235640
557678
974770
708413
83942
134085
44971
955105
617985
669169
902335
602588
799795
493665
603916
93285
495637
252882
15968
759137
548581
283781
302356
866530
40643
755772
115871
501509
552376
8510
304597
304368
82541
279367
529134
682835
413453
574105
637940
547790
243274
56627
150378
43069
550292
754294
652707
562281
523529
185027
321419
72110
468808
140127
454993
25803
412252
570864
43664
480980
95726
864613
785349
178267
143981
314483
861102
73786
888588
15395
621576
648214
72022
288306
207635
622315
558953
860342
700948
598834
561721
538719
670944
546881
678847
125937
89036
607451
213153
132700
88431
308880
997314
873780
3499
657647
704615
380954
247785
593203
396349
385713
757769
468371
674019
965405
607038
749324
342099
307987
348158
420173
846706
535455
967054
41905
661392
56091
649356
390898
705143
737788
216130
218809
127920
219629
876456
832536
600583
124241
942091
513284
509954
699861
981656
700326
181618
588694
449650
40069
896681
314161
460242
259740
849616
427297
301645
27360
999740
467354
418258
704883
205142
150740
923693
849414
886722
316501
681950
487305
440743
140394
516942
467049
356607
498598
683727
538225
87292
649730
94646
500326
963891
554889
276418
813507
498538
578063
357219
498278
561769
775478
719513
766911
926218
643206
132678
812940
959708
814628
816598
916803
471374
333540
900204
827981
348490
583932
882558
952134
750014
977205
968812
713905
48446
245230
43764
546984
339646
400983
561614
901415
692813
281127
184679
135384
440686
317357
464676
916746
648337
797626
833549
119712
131166
250105
947693
996008
350389
830252
948143
100403
807457
916955
814308
855903
162186
374424
919239
501832
291760
997205
919599
984573
794684
104278
119957
751722
421635
100986
668468
69973
898612
18369
706037
546131
268475
653730
542139
618864
483982
490282
719268
807791
923590
49928
180046
85776
940705
615637
103960
232465
612842
23559
217038
923879
644190
853348
675601
65825
954334
344070
652150
852946
362439
358187
399077
147266
528270
457569
766131
12252
947851
1751
336396
871441
568031
32794
473569
508736
648432
93881
257553
777626
117441
990944
701505
277983
844292
377107
343808
314978
237529
512311
684276
116320
386850
599706
263587
915120
57275
546070
443725
521478
64173
780121
909272
148556
812915
382841
173645
977699
476723
431198
755326
110516
422142
456831
388499
782786
350290
248659
614116
104171
760970
298393
220492
147821
898099
431
579293
955374
62853
23018
993204
127026
803139
902476
791934
132407
285318
965579
110106
278393
396778
865432
905261
335272
838616
293760
118059
188906
58771
732175
809430
336094
546920
29922
267
445019
30353
579560
916745
609558
602579
909950
736584
405718
812426
528518
54477
614096
10450
164584
408841
407228
30016
314102
258852
384984
124214
376911
90243
182986
625439
899673
35432
172359
929595
35699
133731
476300
615259
566828
85858
217838
993130
338794
139909
321909
383664
194386
936005
394114
875322
344847
317694
421691
175301
576547
806675
299516
469810
896918
998854
95249
796591
34286
783961
726186
69985
434044
718838
685244
872
321048
419435
994003
659842
75696
832264
43507
786434
768269
953973
661757
629468
271668
83448
804770
848215
890123
620638
318025
787042
619492
929627
583633
170130
229940
826172
240115
663984
61362
441711
181208
382411
377498
691563
42253
453194
523827
602112
239629
808449
72438
901386
437917
344106
984834
759039
708673
391309
896029
543050
178351
515521
472677
278337
685651
218969
620861
442118
882953
682223
883830
580514
580986
777680
272077
139592
230875
312257
741704
470504
120706
330494
888242
74975
674600
389428
834015
383273
780737
730044
442676
475441
761918
915353
270130
963921
134323
407343
922392
533628
605918
806222
630494
186905
583902
902572
326497
331129
214829
584553
317985
851887
915048
722579
926862
106000
112007
760877
5626
409097
7274
448302
400890
285544
880007
671020
765817
530682
594715
688209
64311
200633
10783
211157
387538
111038
113729
230387
442167
844910
814941
276505
696797
246341
999084
623660
352341
111092
900889
357967
520189
424515
322621
437431
226411
202629
624803
992229
733311
219518
680438
313974
420151
691222
525132
324042
802260
155213
554429
760779
124
885722
37284
213273
648415
36369
353285
517109
147461
254175
391428
184002
195042
714050
621433
421454
916679
762588
413683
649990
982106
94121
480317
918609
301695
5449
242651
620307
160662
313433
381087
677138
715507
934723
890412
363923
971092
243697
881032
634905
14224
272460
335259
725619
502862
473044
147073
419541
235632
560756
585884
217738
171229
66201
136348
989277
588002
895351
609584
748664
208784
507023
942155
440644
441747
832567
804567
929191
592616
201951
564097
123193
990763
899356
848812
493626
888753
512237
429519
124385
589345
15403
342124
276926
597956
994824
266203
185958
890175
392140
450975
615312
415515
393130
55956
857262
742049
376875
302806
851017
95178
866903
974210
602293
282611
339374
95919
171364
851611
41791
812102
957308
573546
154226
234235
171503
665402
16790
873813
555577
408930
841140
687241
824446
750622
743197
198060
492671
636424
17218
860041
731602
884121
350603
333896
683085
689978
946167
370801
57941
987958
182903
15250
77857
853481
765837
765712
518883
782627
155877
590813
707910
997018
278054
48708
747640
537604
763120
756664
174028
780339
616705
421983
180812
967308
272231
863897
173638
734750
234699
747932
239061
933954
279534
316918
787436
45371
82630
306319
827998
238507
413484
535908
751877
691539
584616
15870
745495
864089
772534
919523
644428
905591
857858
825240
389251
646441
689138
562890
381192
440189
310822
620253
890495
590356
937171
677931
152079
536153
500603
980077
291012
914087
32338
42890
121978
133306
58760
867473
997395
347646
303349
158175
769589
677559
983416
158840
324001
188906
238082
705193
629095
548904
325446
35942
655612
778969
713874
807691
315122
730829
304121
122486
161268
852811
165376
283247
502469
740488
667072
16217
604486
486773
174392
374075
164333
157808
532916
488334
346714
770998
709879
492161
836255
551677
528104
8219
330646
758330
332263
162120
5511
152736
284606
166779
5547
966335
450026
24368
706823
633451
40585
311310
120224
731330
201737
800909
405490
251005
805595
752205
538356
515474
760718
890963
67151
805174
899182
914149
79856
231445
592621
85367
384181
877228
252147
906080
359915
218525
446801
66738
851976
3738
894400
488553
735068
96138
289462
140559
863495
611410
409116
401851
126884
686186
292814
710388
491361
191997
140889
571217
939794
733511
172937
840328
127091
425084
262760
487006
159961
709561
70096
528290
713300
964497
16843
964720
576987
822657
105279
440482
950419
30747
358686
77304
716934
651500
304044
208295
359849
444933
295864
815996
694796
468801
656324
821887
410237
919084
308893
570199
144998
378990
614841
374650
859839
148036
339370
436826
970693
961002
393660
437465
991749
268698
514769
225035
920199
335165
433330
796400
780098
245547
612396
474895
230700
268720
813134
157290
704157
122028
243841
365507
17370
858682
740157
877209
6718
595879
830387
493763
556881
740399
931228
64983
9098
962349
290018
929297
297514
239701
242049
593965
485248
854446
585212
232300
123166
398346
389590
343675
520374
633431
709182
537744
8465
449339
931305
531535
45219
278044
25299
118452
18444
472879
183435
27542
435229
473454
473191
249095
713155
715240
843060
714755
569686
428272
463407
209205
826619
852998
69232
863345
2781
778415
917442
527599
744106
848747
59134
305677
643144
84433
940482
661588
73665
123917
205482
508894
113723
195025
757989
343230
426617
117402
57985
512656
62026
521393
721861
888645
890743
791093
268343
409876
85860
185785
937475
346319
550884
996610
651996
194028
597395
592478
371968
671060
232748
577450
696306
346471
772475
970648
689702
199093
604402
264039
228101
666428
301784
949962
555074
192527
257407
823417
118756
859620
525554
56231
205939
76438
569193
374287
786819
682941
483118
158787
870353
715866
252590
566660
578689
25065
53660
784743
740510
658062
48783
484963
324490
866919
434925
395916
575799
208685
735685
694555
584657
261239
267138
790596
854030
836332
164883
157201
519273
648001
315988
389626
880219
568578
472638
458909
109996
42650
243652
366858
700712
808787
851822
541555
675707
803099
937471
251506
528136
673157
946061
112793
450748
729551
419741
821130
565883
584625
978331
601508
748978
810672
507487
145550
895602
496477
604459
521950
539128
364463
405161
239840
173251
773335
297747
848958
92786
235219
616816
620923
424728
79229
250068
391828
808780
669810
729311
891016
770787
223994
492524
36117
34666
516363
181667
446621
12841
786126
484923
551969
666942
890084
308161
840193
179771
605909
205503
272558
357480
338671
409833
782208
417900
659901
690388
226680
846063
419699
634048
616850
643694
126573
652968
194712
642936
350987
641333
655777
653466
126257
724098
320408
532693
32260
160601
228817
638169
882456
501375
995649
221127
911208
294209
155379
87461
984597
898411
933525
404297
532460
66727
47991
659033
719695
242703
818321
70683
400389
990451
240501
42998
714549
560909
92043
746809
237862
320860
901330
120318
338587
413331
857797
766147
707540
13176
853609
208490
911587
303486
129139
444047
370213
693482
619432
606261
452537
437754
193296
852926
428205
433797
412276
659106
994706
504320
922268
232568
825180
823598
869238
163768
236930
727035
929915
460822
740211
299876
185664
651798
603362
314803
612198
489928
8285
231630
96189
460823
185736
805837
830101
130293
239634
242378
789400
750692
746698
711668
983260
88230
51618
852498
768350
804900
95885
214618
782075
836096
514494
967739
4246
634209
282543
132796
124137
807180
880779
736678
268003
66515
542515
98105
713161
298501
340483
18913
49193
603533
246933
548805
691763
298551
401303
460114
619804
13540
674732
401879
849636
705578
885970
370234
339787
168513
503031
980276
975694
383810
233306
760049
966677
775821
858154
679838
590674
714989
215103
639867
318522
462036
188672
10286
276940
106327
470400
413096
119867
661484
331327
485855
367062
217297
856090
223202
902163
875473
203478
394209
775635
953137
154258
742312
245310
528765
938503
835985
243754
153606
475852
562277
131995
180877
88915
925287
287204
75667
338383
923424
737151
669710
409279
620565
887007
781721
843767
789170
657194
563598
183379
432829
516735
853990
691494
762045
382755
629997
598030
626509
299955
590235
705138
948302
771112
794053
873589
574668
869720
211972
498092
606871
398034
907372
743789
801394
689093
587556
106916
862640
151154
806648
295469
184241
660638
986963
462639
43393
133312
577021
186254
433268
167256
891393
381570
454720
201798
771512
29389
71519
499836
43833
194742
897871
951205
938531
699265
156651
526088
806181
19291
193594
612829
831112
894188
789819
334428
356827
349564
467740
933848
535819
417360
617457
943564
315283
588529
145362
86795
617918
216881
102983
661752
411624
854
129309
866507
216471
802312
908947
539005
337955
102542
668186
685420
513082
458006
19848
869909
807570
3940
320109
859741
937653
453918
803305
252936
42448
948668
856083
176718
681901
475418
354822
609877
476273
484132
476385
209096
802796
385332
748101
140752
4226
932640
342524
517308
390646
362372
903569
714568
882664
740031
574310
820317
193949
377615
589605
236397
842635
962040
929468
524537
437459
284290
650766
430084
284774
127151
639180
87571
28836
903634
744675
33062
836274
87199
66723
743272
449571
486644
974192
848587
226675
548502
668905
420625
442470
258510
173374
801457
220551
102842
842346
174362
387133
493113
604446
188259
620264
243626
275830
649100
663612
20505
198515
499886
624056
781590
759510
589979
268234
733703
438567
494910
798557
107472
431887
757379
882334
121613
558837
619237
740808
917535
793599
644293
410648
398045
832552
30913
158024
108383
196365
821636
645240
911232
837875
269297
692822
113737
859276
477409
363792
814195
488671
162350
921667
920558
436081
320354
558523
511270
939591
299331
428806
249543
943624
839454
163940
292529
386719
321964
400912
99437
659953
562504
10669
14180
348153
219844
127917
207430
213605
491710
21625
702276
170412
459645
139186
606493
296351
697709
634116
752294
513393
62922
1837
973369
902376
682130
265898
805448
4094
183162
904885
180399
745667
431906
194579
93820
168102
838849
817602
381707
330559
355580
83983
500971
331577
223169
623816
627928
437231
257932
896574
950624
837206
898412
923993
255935
580542
706244
61383
100988
889406
966268
797740
151425
914526
992319
761598
82629
831168
95552
464336
678079
967484
64672
695402
299061
804193
835571
443341
757776
93503
339916
708400
447062
754680
148746
702997
851574
854990
764380
952562
260748
247000
266654
412174
161526
258974
173772
244155
606494
269324
224844
800926
236809
805868
496328
52222
126413
331899
11916
884190
941755
868184
108942
905169
622864
774040
608166
474438
629030
372546
943352
889779
619546
210007
818305
297424
985333
992077
57932
108179
777753
799128
909105
530914
604996
405434
99489
247761
253685
111405
131951
711792
979589
757246
616961
602453
531286
225127
593243
676669
114025
52947
82800
249923
262954
901105
63700
248287
409534
121632
872819
703639
920760
781924
234554
42108
703710
334043
289869
957396
961800
938173
185540
941389
695419
318854
60194
743057
60333
169789
419726
174359
222736
502526
940634
485691
919983
4334
250330
329517
125966
123149
549509
563078
421426
300415
605186
125136
150810
411408
598884
112610
349581
784425
570351
561352
619631
630545
820761
679964
800334
240488
370675
23070
259366
311310
25113
179350
315644
791796
25219
957963
431297
91080
521041
852723
391495
642580
977860
542305
53988
576744
171267
919921
877521
741618
997625
497152
372163
818386
693469
688849
575226
64144
228272
350945
375454
253385
46647
207451
45181
71866
165414
992831
679299
202807
845554
70794
845387
823414
129452
415727
916511
300719
335648
310384
42338
849625
323889
930853
668012
17358
619703
759590
597854
847975
110535
973309
617712
157182
697112
179246
745401
862526
172077
424700
65333
17631
11846
427073
357398
141298
842800
273909
958370
694801
100645
708
544426
940886
931561
728790
958244
67616
488381
556099
915591
115268
45760
49656
272451
742872
228902
534204
121750
400979
475256
703435
934962
487102
130508
292360
144753
973309
82621
103123
184462
699619
103831
728888
640505
551744
974031
598750
619361
462412
671201
51304
94032
233313
617312
882835
976185
846214
417039
97935
763545
408647
317722
698508
895750
448231
507220
556855
937892
106194
659978
122354
805813
280161
367594
446318
348257
341625
561420
967618
320389
748973
535275
414422
982286
152587
297257
474823
515154
230649
89110
795051
639296
406833
493559
51398
855064
517132
608253
309308
623326
784583
948014
429139
64744
315608
391809
413002
173586
953230
896972
493975
218555
948599
424749
200842
617539
722007
675665
132693
469008
281128
927744
624656
687961
937656
192407
59377
971140
800660
885037
594466
101596
833051
539957
166340
665011
448118
95694
838597
917700
509019
332573
136256
457618
757322
337098
75157
995681
529115
724202
981041
810243
168299
122050
14556
622307
314457
590285
593447
631469
475322
704265
733065
308373
244222
899406
973385
208692
511452
328334
126393
20471
660907
262649
478090
934582
116099
69599
446615
161566
310154
427657
488162
478453
549707
502718
100760
864164
93004
210559
495633
84678
914824
228699
393052
159046
644457
882789
367738
155909
727475
10483
692733
388383
273132
170823
839317
389231
756774
285932
550798
66928
229941
555312
61733
779648
58030
162493
160164
667386
373052
172150
752065
804228
917201
661469
963274
78010
60610
847365
233919
788085
374200
926652
692820
647333
613827
532137
552916
886954
334422
620066
953882
564363
175378
15616
860364
749761
694461
20528
417147
583866
709030
685564
388094
626231
863385
867721
704241
440347
231438
454513
228433
605638
897517
437605
769323
27697
486095
322240
914651
820517
458658
384885
901232
150389
400501
761596
900150
611315
298477
833649
711533
7507
35566
615979
633739
898951
52
854332
339299
231490
308845
84084
353481
722715
38041
122804
750412
524136
961396
665063
344653
936407
49948
245886
86796
966802
523834
986946
94469
822311
336947
806002
829819
372513
938333
979910
271465
938386
834242
127116
686228
659440
727552
39709
382155
765593
678866
648919
289730
156614
313982
150735
93021
880282
912973
696169
847084
436808
683115
457905
775471
20063
780259
605290
908928
718593
101552
696745
173331
452147
823861
859559
111587
67765
415621
10094
349711
610839
175365
155793
767453
489347
306528
376827
885981
735854
72996
249418
689014
272464
707323
464485
292527
487583
586128
717807
722528
687680
414553
895859
139827
754766
755418
767766
822532
171039
294212
172243
298230
469577
328036
65684
475276
150916
442511
361258
886770
31859
610676
92136
304323
834351
556622
113202
321934
142750
831010
560814
830430
245563
456673
486610
329
728444
254376
822861
415835
64941
511456
714066
534518
355844
779750
9795
506761
738613
887405
909883
770472
14433
2020
591148
848784
74994
704350
687071
217744
535360
764237
564526
780923
220911
567488
297605
949355
338217
636818
365190
403158
148275
79256
937676
20471
375358
463823
527232
113971
867580
953468
400796
398365
471840
991944
763502
546834
696294
966925
280930
748007
731162
845456
45282
952073
929297
342887
901428
267514
979706
782971
670672
644333
862227
124700
664804
237586
104876
192037
867909
488808
661857
785057
887174
133697
777001
650676
680531
989648
617601
961461
737655
348763
323269
782937
817189
252566
642177
718617
36432
621883
17940
223456
266216
880168
348157
931020
634106
969385
639409
18367
458193
301266
803425
861719
951315
96778
28747
631846
602778
646348
109659
340433
511464
949281
639723
328653
718199
281900
563622
754632
420135
581563
978088
686351
978083
842597
133723
128541
811982
289485
663260
786528
590751
466685
164599
58419
79816
193347
690265
682594
356047
316277
539380
867511
265558
695455
712516
983757
493707
276139
738389
913842
857702
232830
116545
352137
75427
766620
480678
403762
56105
143938
706642
163209
126976
871241
221628
723144
580940
428245
922090
936988
744522
461470
804499
526432
156925
517016
510190
166984
309507
764931
80826
167209
997761
713723
35698
589541
480344
32728
993303
536449
176666
216297
216010
819994
87538
437638
543138
668479
865884
465229
605467
126758
443051
926318
653191
116329
959686
679733
283313
269193
444664
880492
952754
958778
594215
988452
548319
590911
21180
57974
127361
714199
274271
859723
50545
361809
297362
110036
546640
679598
91617
668459
806356
534668
111130
975899
167349
70816
655632
450663
856362
100297
847507
809116
575427
441722
313921
123746
548986
851453
181720
676347
82004
455991
52422
132550
334152
349784
242586
397145
545734
334203
581956
352091
385223
693086
844342
552573
763903
499975
519588
136617
116624
367095
462085
692051
325169
776006
332149
874155
143812
30221
66854
225816
2564
119277
874718
853068
985413
117304
250213
531148
967859
832170
399591
353083
525256
760285
422008
805511
260260
457948
458480
893236
825043
920566
101639
666564
212924
950140
57072
356736
980361
640278
98905
982925
275907
973623
352346
261321
607280
602559
308821
575139
951081
224764
444574
992690
985049
382934
314553
761662
840882
773034
171250
182277
693600
272890
848842
906524
739382
422266
779613
719744
62544
878518
219021
854804
368493
571367
632477
975773
690279
941298
67265
641360
682414
28191
634050
667463
927478
948604
945477
768360
237990
116728
950638
931590
905970
315832
354466
645352
254450
134079
881448
833346
528949
616822
688150
897443
704541
320627
389568
394820
778277
973185
552533
460691
1377
702935
644507
928855
167891
589984
213567
405881
223064
680557
853823
129034
996389
208290
774387
250839
858721
172187
84186
387671
789009
288688
801466
493551
609316
707386
404723
903945
680572
957256
880989
198301
660192
525496
127156
344435
631832
857075
750317
854897
537633
604140
500283
534022
328782
791022
301214
187504
963210
901752
91527
268571
706792
892993
762122
316108
600379
683198
736406
797303
640454
617395
995604
816998
659243
639112
677786
291075
496188
428103
662324
33821
548595
162608
84195
877378
953630
901761
64882
916840
319865
156409
701764
26658
565754
463886
859118
682485
663436
595524
479789
820243
212919
475393
637241
388514
114506
315027
679590
127046
259482
858266
160867
808078
537226
761414
685456
490857
663176
750338
924049
983041
423099
625813
9699
988853
606052
868818
671338
269488
464342
667479
89731
193614
142873
243325
582128
773731
74704
778070
900777
334187
152689
577996
658617
689915
339410
860425
180772
2586
610763
621174
501980
550214
763339
511679
539067
369391
896849
726757
155232
361192
910589
244963
71158
53462
4640
169638
343545
79345
464061
760674
929884
616750
855022
588501
306665
194432
448926
487438
713371
576041
624964
215351
642607
388303
243382
698026
757695
140232
424783
912927
17776
851724
674242
88934
421538
678883
774924
765083
274580
238985
42109
204464
855735
897131
309317
162401
607916
274595
166191
321287
366988
791155
52990
9595
695810
296372
707621
453505
436604
648756
882784
454380
500481
73379
543314
922019
268614
318239
203455
543194
557224
761916
747658
929312
659048
573327
91713
783316
364274
257904
104603
731262
565411
157593
257209
261221
453965
481182
231079
406922
646290
630215
861302
663123
703594
920969
101495
488560
755560
304950
31754
829136
583218
295764
758448
242266
385443
850161
25582
749717
624417
646537
997331
706180
320482
254540
967402
290800
252074
714833
697722
898365
345048
559024
77840
564995
479993
179335
53555
235553
637
85310
581042
583856
897426
339490
342474
282870
706004
884409
32587
330421
530946
29919
36602
367781
800811
520356
658581
52886
235189
356303
467603
96589
431679
545443
661584
428025
241131
231492
179930
241768
833154
760972
341976
730580
100463
684451
13450
806467
568860
46038
653240
616158
592309
206194
983939
909472
726550
158872
962358
478091
515175
946313
574681
463207
8109
752617
407584
249240
984109
587514
491008
817263
864839
832985
64196
965302
33788
77646
288121
602648
640036
457713
735158
748697
663908
235450
658170
906810
394322
136880
901254
425850
83194
992287
889057
91303
744904
296641
856895
245366
400507
864255
578981
265346
697240
643177
747000
247380
237176
551473
366380
393564
9187
101539
142262
189447
336989
800432
96257
731311
937312
997511
673513
536858
989798
562570
144513
251055
375563
1408
496421
292423
865664
591754
74121
79256
751284
821122
326637
988460
888947
693017
382024
898134
794556
40638
87581
647897
841070
700191
895561
294735
697702
569074
831593
203853
647997
976107
454908
539912
977515
467681
832335
359531
59435
906457
438788
810719
243931
765425
315531
132878
458442
213908
547365
769351
254546
634946
417248
95617
851489
312809
906704
549192
398236
738297
753045
46233
714404
207953
586145
208272
191986
934833
567803
251421
357642
522943
578493
601573
288368
410376
250803
263163
624284
798168
32514
878831
949467
966114
490800
800956
795276
397504
866500
193512
652153
135897
239745
882910
860202
342242
91182
52188
277075
175337
303610
634717
698281
398455
752642
503001
808831
519798
766164
949468
317966
315030
344651
783785
797497
835451
101094
592773
749307
483946
302637
401460
619844
58734
284370
480046
400976
891904
532235
194404
583594
352197
345473
281875
267004
98116
301228
592187
617914
67393
541655
452232
898775
886306
752370
696272
238109
369816
289045
503768
853762
591682
905229
473606
650416
705951
470005
567745
114208
518592
762149
697802
387141
107622
496029
654145
722090
797257
246332
856356
381002
304340
308589
279778
190646
577311
976050
428756
947127
781448
932524
800889
889482
354105
790848
539899
576409
260853
623996
206969
779445
386145
904771
682938
10119
917152
337083
732210
230761
99767
588566
611764
404107
413507
407894
111106
990818
900296
56214
937945
681744
988738
255187
87579
859196
46035
143830
951957
823240
767826
158926
119037
670323
580049
801975
680442
497201
655410
929004
244314
755177
33923
856078
675637
963782
780324
786743
954601
680621
842957
408898
878717
348047
664085
966296
207243
226472
110126
675552
49712
394304
834478
168749
64627
414527
487076
261422
428080
142486
190426
672395
897664
740701
44825
573301
704484
341502
876396
175437
538475
719353
584335
417192
67400
248421
899841
790996
991245
526319
466548
40958
920624
817379
726059
985251
748258
213136
246673
692691
355622
953452
881438
769638
694153
442615
342939
914989
784117
735687
90426
322592
455040
674762
256137
38793
439535
155978
829789
430780
682297
812689
988090
602921
146420
714150
104525
411031
927286
867550
103722
799260
821002
985160
568899
31508
427775
428190
462849
211893
163878
553276
50837
618918
744390
306974
174063
700277
979304
520204
647409
661602
849246
635500
780875
995666
866002
885400
406697
309640
752951
26771
108900
90305
11931
677799
638165
956059
105990
101015
684304
786220
654291
735141
921490
915033
558468
95554
615310
537772
615758
262719
715726
981356
414571
496602
977023
280573
898354
900072
590213
167657
926844
699114
257963
455127
893265
412480
411186
515607
513495
95490
301827
684138
346984
223318
599171
905452
835224
730833
443224
450982
993553
158951
948691
408124
171905
925714
205050
70259
342138
795263
754269
268982
10729
528584
724110
903995
941064
651648
419602
454560
747139
721430
655050
94123
461100
770574
515927
296324
501407
959151
263658
494960
634454
212349
419437
806359
654415
624487
392971
996554
936102
147240
781888
946832
192176
22350
850827
133240
673999
270429
104152
937490
508211
275555
547965
485663
46129
63892
781987
547536
539395
561998
558849
173850
774347
978286
496561
945115
119125
405884
941669
55227
69476
239909
2059
261652
262260
369238
911245
452611
156020
15397
390101
180583
290952
938066
666247
853433
1958
964586
400970
541353
526584
959819
231555
817284
454457
244469
762399
89934
650353
220420
145161
719830
460329
663573
497834
238941
549163
409079
691552
705183
940829
598005
885767
748133
536071
552014
601567
54381
32952
2537
112087
559537
478708
859994
893173
449517
104463
171924
539451
754817
392344
200964
990999
369025
380889
488833
124319
930053
897913
332223
635236
838742
930229
37355
586875
982652
105721
188442
37034
138674
707331
665473
698211
702391
525467
591384
151908
629931
279660
691359
384748
672004
892324
892099
557381
789565
380932
198052
719618
278845
530276
354855
117587
460505
908562
220815
443157
14284
925609
996543
152958
149293
662016
851169
851684
187484
958905
3593
333767
238565
211304
234867
426921
619980
126966
500654
409546
507898
698707
129164
786744
228983
371
420683
205840
425286
157850
648997
439570
599812
161893
592528
749105
823909
960049
600789
527745
435306
120734
861512
190223
848391
96379
133496
468371
223345
634150
394269
247596
849209
39786
34340
594544
556509
971375
800384
981795
645578
965734
421365
245390
127627
13893
994495
467888
490294
111636
995634
925600
748723
373498
632175
597114
469878
765671
581837
209575
916174
976107
457171
765383
15893
7863
876280
88754
495591
193016
70550
141169
158750
491915
386559
802729
22161
897406
786970
28807
9042
782604
954408
757765
156102
102935
354879
142332
868607
453069
868260
784781
429176
325431
66516
961421
849647
942796
50175
345238
135813
120725
2759
810915
128993
389318
613645
667506
803076
916967
696313
812118
215923
167073
86236
372025
270009
441115
30710
138616
410536
898970
439749
839712
740753
506265
317485
106752
965414
367661
968342
101227
4738
971101
912142
133731
876771
42139
317589
679847
959106
13903
8318
175029
697328
94554
63407
967337
52021
610469
622305
462558
25791
578406
302270
282896
84672
136108
389649
50086
503769
874343
667665
508507
361797
579807
158591
238568
138299
476180
434768
613757
6435
443086
305139
703764
53992
884898
187453
106013
495367
326111
568571
37510
904517
387194
320406
989189
523302
226407
555627
543423
100751
223292
568282
978900
319452
726873
733820
457751
719406
168588
587860
242193
128026
892999
462309
182018
777897
649763
804384
273264
492226
372955
310774
396743
276501
147533
902285
316155
373940
457912
859578
991043
197557
427861
969943
517009
671086
703764
491112
906844
388704
78972
149038
33083
488324
127699
215101
266221
293814
19485
55838
786040
908793
882964
182784
701646
30497
85069
17802
920790
59333
877380
428185
773242
821593
398129
806603
492680
618245
297715
915876
6949
893040
64914
40032
897716
192614
771486
163937
486428
307323
736127
788821
732468
135444
971605
434115
165941
573026
451917
603083
148711
845649
31269
921954
667243
945750
728557
676275
80347
542625
592151
87296
952017
657066
643681
849733
366032
931519
530022
368812
238842
266150
157633
487663
401594
645590
921778
83887
218616
373695
203323
367328
219344
234592
805634
886587
696694
534191
562862
777041
76816
671366
380689
545185
328432
540722
394918
210816
472241
924941
95980
227436
707443
769966
715099
625389
415556
636877
709276
150525
526924
912599
34205
746268
663543
839839
149208
876589
890382
228422
653630
483551
899788
34320
28736
744572
575042
423655
471740
563636
864948
84073
791072
572391
854039
506171
714132
785947
659400
423408
936472
186324
852360
487029
448944
32255
326868
114504
908845
733603
342927
78827
217154
759067
629499
762242
19992
720894
185897
491732
284530
567197
575805
75602
655940
946196
98125
370072
732144
273877
309833
668616
460201
678545
671998
425497
710800
515218
540002
135997
248821
399281
731177
982327
158348
360676
744570
178340
81570
930467
186425
882452
14017
278582
958054
669957
224779
572531
40030
473275
846408
349863
658243
822961
28408
330241
248459
255560
845460
788461
391558
94281
187742
122735
76609
862442
999763
821179
557135
597686
267998
743560
480138
282015
538494
954545
951973
279625
527076
508355
752900
889837
858218
927496
712798
886626
257737
961257
142186
103197
266070
50096
713831
453812
689183
306792
316255
205299
644323
873390
802985
428673
133302
283123
227041
188148
237668
695366
984126
764745
203721
253378
170934
61939
180874
883732
464917
438612
361342
123455
58161
627412
173552
288344
81225
379087
595136
913832
584386
239459
303574
387371
184485
953228
670495
411526
657728
424515
106892
641854
189260
310613
895233
876546
888904
76107
760279
353821
31071
121621
477276
89233
749033
167180
377577
346610
62620
489066
776794
647006
244877
596720
34378
429362
549948
221225
840888
207677
645740
464132
365883
351353
774745
261116
227899
663649
853576
504530
533822
884647
142503
527451
490232
407889
210983
867810
754499
273603
356876
47646
920610
601753
644366
471340
547468
710667
208917
388356
434696
371009
852489
800579
238714
143586
578048
982966
323588
431624
487496
857410
832623
630000
901213
322856
37889
112197
707018
308740
385800
63894
356386
822762
181999
517105
294102
729467
227772
19371
634176
178820
390381
3017
495751
629095
662955
73799
612061
986543
21775
615910
360306
854399
245910
777871
177255
800151
890068
884273
108891
792221
464519
981630
614983
162870
15087
425438
408690
759211
444809
559218
938031
835190
562235
433782
980638
741542
23934
592699
244438
45709
208609
604744
416460
970871
382615
593715
771022
789036
994340
396266
581257
975211
894248
196240
654434
909335
138030
63124
668546
582840
138694
122929
418030
217281
556711
398668
958823
580645
507720
203261
142707
232681
324357
559167
203553
706973
669235
490927
12361
179927
403545
109970
155139
297793
822562
325925
207128
960593
905401
392026
543433
44095
514955
961463
261376
71667
876484
220199
168664
900556
423461
311371
133237
747818
386891
853142
971143
56126
344070
499856
236053
747615
609826
907544
561761
432389
233469
285241
392982
138870
677268
936415
699317
192223
414230
960693
780242
807066
180893
465259
707622
120706
292982
840860
384876
679873
694002
356020
735999
554424
855876
488405
818392
982055
395949
896505
414444
145771
181746
807426
800993
859014
260193
500311
567590
674423
977356
864184
481490
674601
845795
705464
795307
138778
62676
180184
335003
273031
52556
71003
827455
424784
75760
162199
406839
988061
58704
337635
133832
756803
145061
451178
615817
921606
467841
699759
596030
445197
563944
593872
119799
409739
815688
431458
64869
878365
611642
399873
151396
180550
987228
495203
121687
62988
657403
44878
567401
232459
382514
217586
989262
43927
668764
121432
965534
136605
821191
77916
98154
901487
671788
734305
827579
3828
165764
408800
882193
293758
808673
33589
474309
312253
528793
112348
891593
702548
157226
458995
451359
56092
676581
956974
100020
345345
78406
581906
998302
415949
659822
612808
833789
847962
347114
177720
851790
512878
586520
733984
806636
911546
283925
797297
740151
812718
909645
631745
31618
583224
90740
999330
639316
767321
956304
255688
629018
34710
837594
143672
967011
497416
756480
800800
345378
103594
494872
197169
132824
597745
931153
939461
509291
215078
253110
249442
544149
162756
397539
92119
262332
488279
91449
901648
771952
47753
157337
400970
598815
994931
60994
82179
8700
817475
399331
354078
437421
894204
67599
570246
491949
998752
26059
517592
730183
279169
283386
790684
958277
680926
399155
220609
685557
490605
122258
457510
54710
795947
374832
169878
307230
435827
252057
315930
769654
651388
186361
207075
61944
253960
293673
70245
769065
319732
104189
15600
598902
387576
806284
557179
584854
205439
777789
786763
212396
416399
760625
267107
212346
135458
953337
35928
87637
721746
868211
857291
889486
54572
580718
951431
308532
874392
538028
77597
194124
642218
93197
309378
546146
415833
382910
647352
621273
160699
434115
350021
93450
194741
133480
822148
846551
86817
858076
934188
808563
726287
307831
214402
780859
888549
165833
605744
762941
703861
199693
473418
346079
809243
782796
408577
225076
165706
55929
362701
842757
490045
712723
936207
684786
846203
274707
47689
449373
132784
981877
774288
375423
289708
988690
672635
694609
670875
278379
973903
891089
994424
447321
753520
803667
746469
162098
545096
428528
218027
907797
787637
708072
136872
240197
909210
499428
514904
956899
948801
164040
455128
239441
539464
261188
744484
728451
472150
415359
523182
446053
306448
517606
409726
576321
837626
156195
738419
382722
101075
956446
290519
888713
180871
943744
645262
606433
443172
160166
79685
908325
840559
51165
664118
896375
312354
408602
624826
784504
340314
148008
746909
163114
181966
156635
739435
19592
829182
477854
918666
930258
950653
725538
335323
647876
669282
980585
254309
628806
657103
850346
537131
497662
901512
201249
910389
213866
126204
535215
514722
466518
199575
261631
629632
381542
934618
885420
917486
763800
879626
836153
694058
830279
561691
545733
994507
747325
42670
248817
376131
699774
99163
913262
713788
517027
630863
624178
247245
273419
675745
761967
739937
875321
539950
885922
773215
474568
287694
207053
754721
167320
559558
965131
513952
637601
510865
508459
384926
553535
273628
277409
769661
889144
707023
999802
406171
337887
140332
653417
127658
816077
931736
867596
207750
988039
269870
497317
978959
557564
220723
733680
241236
780281
698812
755188
934235
209677
263648
319161
279564
53628
596571
565578
942772
819946
565380
348944
157833
222064
518713
285492
554493
450449
669440
762244
438488
455662
775913
417448
529578
996636
667480
770814
293270
366292
42355
227505
92321
306003
63018
371886
359631
175941
453816
818756
995888
535548
167700
153721
757612
686413
955565
312105
653214
141357
590701
91703
113371
882967
25503
642949
879603
692983
930116
689225
59276
972471
916730
667949
794826
979749
39835
670809
155690
10003
489565
151578
545551
173617
821652
819515
860030
293569
131621
513245
951279
238674
121300
64650
637993
146803
223952
33949
356138
154068
723174
415414
642891
639905
599716
437717
136006
155903
108526
808048
165907
114444
959627
711458
288061
297631
530974
664444
107552
178947
177689
58831
933973
815341
639834
571967
478496
380138
605916
834634
50558
845442
766401
693449
485347
366117
647518
137705
522020
756044
945754
687927
386840
421733
915738
674902
719364
963064
339346
826916
658363
33387
402100
592336
848728
558286
680655
843576
938424
802923
678210
988982
648366
960963
198783
650065
843432
846301
787771
365453
118697
249877
569732
505538
671610
1822
180440
390974
481238
519786
734242
139601
553173
652694
248290
918253
210980
445297
761829
149404
248221
956391
138386
412939
433707
853521
63004
277139
699822
367127
158944
818520
617004
245029
324058
804966
246851
20850
712292
728090
540636
446535
384043
610161
615581
632333
44766
826562
593983
322947
492318
842204
795690
147057
771495
229397
578
350851
22889
700401
717979
181833
518921
851335
943214
359331
172654
190066
380181
884946
434508
437169
847833
334903
47330
463415
483589
608448
806329
77572
931395
298647
436128
727085
445704
207623
472835
446283
558474
495724
146684
792805
193909
181957
160493
137124
541288
849499
843542
921469
734445
794402
358638
582279
645657
922320
562046
129246
530768
368375
723170
978515
667022
159298
705600
629079
883273
694787
75362
958100
706863
222046
267257
900773
920355
944102
554249
461643
793601
397791
899464
528047
708545
774454
626678
354202
696774
705076
483449
743894
73451
722971
722409
256825
882270
944361
885904
281895
639149
477618
239995
346012
216016
23605
763137
136371
967707
317386
598014
761309
231529
13830
805708
940074
788284
432386
810629
1410
137462
294078
745304
727265
17049
984065
500442
415671
928427
902699
697567
83928
896669
453914
946292
112686
477519
709430
249057
445227
543168
363424
722888
774698
377254
528596
231124
165539
960982
41753
166949
614796
852183
428606
858413
385585
412671
875207
801256
857450
294258
15175
457730
190928
985442
404023
303614
979313
629805
552671
424540
172973
916095
663780
947671
293350
192376
178796
975241
669710
220549
658542
800858
589085
603500
175623
974670
532524
50831
775926
389974
345089
307454
847705
52369
292896
768080
355983
788561
397885
425007
729454
570858
341102
393234
34882
150804
585611
213678
642397
771673
950579
300940
572532
539664
420792
264507
30686
953316
315338
806613
343291
176780
630419
707348
229149
439667
475428
101485
228228
389665
526492
957682
960523
383946
350917
995405
51103
452880
725435
693500
224553
192367
510792
313437
248383
931585
577945
279070
401253
409635
602035
260896
102767
232454
968244
848269
672121
960024
949754
416701
349689
476246
374384
826565
376544
241653
821970
427647
694533
63758
637500
435438
256125
664644
265228
20860
112581
359525
299930
513835
769160
901965
774731
388280
650771
259328
236549
839244
735704
186303
255946
601746
178901
146682
428311
555445
388335
766633
499445
82868
830391
653297
34658
602868
317941
299886
140081
430523
659411
440011
460710
944924
858329
751793
333204
509100
11121
569753
864697
263178
272408
120643
864924
451309
267325
809587
523106
655660
576220
538903
254880
922964
192200
289538
42184
510142
105777
182265
457017
281540
622277
917727
742816
996958
185872
592372
22410
196994
678477
887107
976524
950885
7750
841448
918546
791427
651035
958005
963439
743607
496908
218319
182923
689109
24210
225108
715603
646339
407373
688972
927879
546002
123051
670696
59312
308923
263068
81723
22269
941546
968830
998793
408783
492933
356593
327330
800712
523980
801687
764152
267588
298595
498823
450511
504056
39385
191971
219659
685724
599345
424983
129956
661699
548034
317004
721012
856958
96424
319087
879227
554322
804269
878021
963106
813554
750966
806788
614267
274947
608475
894771
542535
423422
393594
509398
927479
949332
701370
663490
635056
817067
88474
281364
995118
636508
598368
232482
9818
694793
551569
889046
249115
872191
283419
728573
685745
34385
535361
300012
309332
660188
194783
368219
83611
104730
877618
527442
54062
95340
707284
205470
428759
795758
486835
423877
948619
85203
172712
958437
296348
724281
363835
61816
596472
647254
790389
282218
197992
842103
98582
23676
502291
809718
391896
102254
914448
785866
146048
484862
397558
853333
690332
826317
165443
693519
766546
630414
778723
939258
588852
591423
179892
469039
653239
292716
632646
443629
91286
830638
802084
189869
370666
820727
515939
762562
922982
430387
64780
585382
431601
462338
438715
638285
288655
604159
331805
571554
234573
626880
510812
339777
218303
690704
325169
387895
983421
957815
347876
74707
304805
149960
780928
675471
970687
296867
954386
410021
243606
19166
995404
675207
481505
434119
829845
286512
554630
161650
858066
305556
788530
368879
161685
523185
575935
486854
911080
75708
961021
258956
150416
265826
408916
447696
457650
895956
744564
412036
305977
988170
431202
301381
179730
912707
251853
9575
715572
322835
687577
573638
144743
992459
458869
306429
515644
34805
309635
943077
110513
270657
718385
777281
52835
643654
224978
510485
539610
485894
922521
845587
474064
353724
663321
170146
782783
431526
696073
498355
754361
383650
588346
899105
376109
47215
721886
408106
598372
31521
351183
708886
818530
585920
2519
387718
229574
227497
898203
769184
713391
337077
131124
703808
207153
310797
390306
989936
742323
86380
4644
496684
986382
592990
912141
878844
156557
634027
286950
754930
181901
154485
980168
516783
740405
982687
420853
969980
726537
835409
255516
956280
172486
902992
176440
379639
213789
83099
885927
956112
169479
406923
969149
672213
516265
397642
551057
672823
548022
838007
944105
729923
508844
924273
763058
249250
423312
183912
735582
666201
19321
507450
138834
708159
410443
315274
604150
624232
398373
490077
96697
84204
413353
582198
272770
929618
496192
823827
118793
44214
661835
62898
774137
170679
987171
53548
936281
926836
237460
671863
593037
773133
179314
731871
481292
106109
563498
85442
246693
478223
91871
859742
78780
505224
441940
351550
951195
938133
175377
69988
498699
353564
132887
272837
40596
636410
842737
493229
79598
596549
165093
188988
369682
860759
437211
850974
483220
709
936416
729913
995285
544639
589656
74065
49864
547948
425615
517411
2433
117344
587399
501133
470909
236638
290322
27857
389401
133059
521086
468999
729608
202531
657987
99290
579642
611551
466616
62862
612260
919384
792776
607545
464023
382432
197962
30239
930380
139929
547650
932814
257274
651402
433947
244535
888040
724269
788744
793793
373680
309830
779145
103288
28714
953484
718930
608356
565035
185546
671219
693648
104930
980347
301193
568953
362779
15508
599193
809511
155437
663195
258677
929063
314597
208976
689950
718990
449597
478694
512783
823277
304877
291928
442917
333591
761765
161847
458299
326800
347393
645870
20448
452323
626217
837994
537629
988996
853502
653174
314860
525291
316369
573537
970707
630967
298866
660657
349957
748463
655704
379092
88093
476933
187373
531010
326876
949138
692858
785175
792290
40251
431046
812739
8927
57263
167085
62908
562612
536939
716082
393824
62230
32451
967361
549289
663418
782579
209947
529727
531043
382003
908820
135488
858936
612545
666498
702164
561683
359356
487339
353973
915960
434737
683064
441239
8353
850149
504147
87317
387088
220229
481141
965671
769032
964854
514960
948803
747434
241259
478530
794829
139614
903702
930317
514902
516247
596815
217066
594282
472524
220758
464608
904836
655495
147672
862427
180200
514174
882926
267517
417614
103155
748658
383285
872187
713513
414598
337342
977299
655857
815873
772128
795472
235927
702445
826726
268527
815612
43793
862809
804488
264551
843769
709324
436398
991442
88103
132951
21968
971029
400468
439582
590536
149127
822868
979076
378992
237466
316418
356291
409675
132291
644771
721499
368219
863568
548226
636746
679180
592019
15907
483669
372922
859677
709345
325672
367471
797449
458623
389439
284830
859092
345373
875367
524571
684593
854443
419915
438411
170861
292558
848087
303153
937329
85938
187724
317249
634164
340822
996429
742535
873081
996450
631809
732758
222148
957482
616581
535949
932457
522372
820779
307901
867746
696146
348824
552339
550589
768739
990751
721451
577649
355190
540956
31330
957480
728680
348579
591645
585854
861361
850532
458935
857811
482342
708046
79959
956176
840979
615908
888633
363352
953040
712887
231098
649186
61711
299789
199776
346803
806892
921227
924452
678434
462183
955783
635915
707215
820714
743912
809421
682075
594444
268356
56239
593138
492754
136198
549314
333734
268459
954300
697086
737851
667187
444536
387037
245250
260677
586813
592053
67570
24392
516506
262356
486575
988641
898271
710142
809355
642183
519563
491431
752980
304272
64022
346118
797026
716572
895433
647112
985031
366085
344198
239234
549624
305086
626272
794874
565764
213085
386928
149686
237478
903434
412042
240405
408427
826666
466900
217782
468849
502815
225565
221829
807087
289587
567948
120466
6160
979733
767578
507543
862170
628129
746778
411794
933215
373050
206668
15331
102487
593596
165017
856317
13382
577060
613075
421809
403726
596327
639592
388927
99142
381509
127109
906230
187449
211409
543048
709961
707494
310626
733856
569664
938755
480634
981458
388323
370036
188126
403654
988876
781723
568672
361545
795105
662084
490972
733267
582162
87299
889211
487441
186442
270720
614550
609024
974521
825959
152072
684482
49805
979050
418339
619469
917806
415325
600927
822481
301714
789054
226135
290590
87129
311159
168487
398586
489595
659460
131853
588109
746759
21064
75551
449553
808137
206453
58577
782658
548765
727001
983493
598570
706052
401832
218040
140210
333509
818967
962691
635223
124373
705178
442165
211502
16338
610653
126441
22285
786465
258294
610395
533224
795711
202298
499130
603848
408751
557707
902858
957516
801061
886351
556087
23465
804535
774127
163675
138045
109446
642718
289620
750172
347896
731786
478026
880586
858791
604467
902872
645256
379114
29619
694832
174825
231917
193962
778673
640668
268022
681531
114537
69083
84235
186976
92548
888770
961103
772575
26815
586901
415293
316436
337073
279541
564574
815100
160128
939717
935919
579352
101325
315033
125323
312509
489858
873592
506472
784883
514260
290846
982767
145149
876281
67002
332125
485181
472124
809580
257756
498940
396482
189401
331728
249907
468942
896302
581359
145422
352371
517279
241126
453696
348664
882801
766205
838523
756393
789029
139758
787006
79875
638877
932155
472508
222231
264281
957689
694356
590213
731797
193296
986695
921198
41376
752955
906493
454030
334314
568267
806401
367945
325746
776449
716610
724899
542654
71485
481293
848036
727595
268299
444263
366473
716806
916772
588704
497439
390813
283060
87653
122611
992708
590700
560161
34084
860007
983006
488114
710674
67626
294515
78619
909724
70964
311581
634623
129971
383066
632268
978007
110662
416919
938622
993487
133726
855394
582191
147517
246208
865252
235170
885171
374312
342223
445332
408397
202230
944691
896511
912904
12317
707379
507876
922041
778343
819457
556664
424666
718876
188933
919025
829538
122204
857648
823025
255930
229394
921568
403448
991954
303172
154970
877125
677485
497193
838810
85882
215776
783501
982393
128680
795818
689772
636556
234211
984468
972366
307227
925486
691242
12512
844512
520780
134717
702160
860157
390647
447906
781725
310447
439861
84898
981770
316986
762383
478963
155796
364617
211091
939297
347010
339772
251467
553135
492680
485678
53955
981398
309258
979441
672640
321770
340305
709772
456487
558817
86281
363487
6724
868007
190286
446585
469257
172056
279923
747992
167372
435720
112609
378463
891369
975971
234587
659189
45458
243620
661219
615765
225018
970477
111559
897659
292248
968216
123783
265087
527034
210065
628574
50110
594424
818861
496695
580033
507269
776618
328025
674641
728690
956986
53105
136412
449309
804044
795601
11120
47664
456820
143237
272683
943650
771148
686694
235898
739365
810477
17337
266399
20542
645912
316509
131318
981125
329556
711351
4746
622526
555728
679388
351217
29066
248845
3981
478376
52889
799582
5848
100554
772754
665437
889589
716404
436586
576283
468654
175951
903112
485992
442350
923655
648256
275211
571325
629381
604767
282677
634127
743645
838405
829867
611214
867472
78712
615195
862200
131602
931129
384400
748508
703884
49837
638097
936640
486423
214380
405295
662374
117492
891287
621076
557499
539543
412639
128825
685276
17406
927854
835755
277404
282611
665623
888618
150083
260687
503814
528635
908641
434943
429387
657149
138827
479225
295246
75468
482000
25978
997115
144375
659823
888402
281803
733674
944297
694443
378851
629573
228201
306705
981680
505605
589317
163655
394224
255752
424343
414390
300740
332984
849333
730127
506486
504513
209352
801732
96333
207705
344063
93448
352080
3886
498202
150235
737560
442499
361030
116412
588424
589232
939469
570104
611189
528786
733760
521765
300891
158103
936155
601631
7439
785489
331758
513925
806354
57463
832010
902687
265168
176073
996135
133600
696311
494337
800187
433871
936836
161218
66635
525260
750450
6105
611716
877991
51243
345476
399757
352134
19931
335912
953765
543723
637753
801876
574000
444107
375691
406010
346794
640859
98435
859281
290811
794746
353618
90998
744970
806806
252216
811605
848418
519018
334062
460135
397010
385306
321963
313119
737440
858247
649031
207558
401970
803137
9434
975970
763596
385125
381981
110391
542336
996768
486024
833147
791515
355995
440497
52837
679153
692714
380794
527572
211732
714857
504059
125094
100163
342374
438213
353955
200621
603597
561513
602591
923086
87299
578562
686682
988776
476895
313425
47464
990015
799450
880611
297882
155445
321109
350719
834598
530175
731514
878522
258259
446371
382581
383354
62886
241308
337919
416841
441929
457868
494707
560873
380954
582006
139435
67637
570783
132682
381062
134599
122697
180512
15211
420580
852309
852672
287651
686908
899199
19165
565430
157458
981888
464364
57164
44774
705672
911436
977968
663953
369304
472675
224826
750259
54681
880613
334248
141816
13295
715310
276416
652345
412175
807979
589277
264484
177003
876928
951392
76202
896094
33175
750012
394334
13891
323529
439109
235915
234965
417077
899868
604269
889752
641047
870880
460785
521660
205128
118954
51308
436791
395370
220005
848966
719701
809282
113450
896704
686210
581195
489258
98656
130722
755622
492991
144613
79151
448452
380528
830468
865529
796748
434738
271633
437795
821970
248770
475808
27099
367724
527116
463890
279446
747121
312856
999147
72755
942658
412203
758965
40205
417813
857622
170927
173436
866965
315540
252587
315417
212420
83056
697298
525521
34146
968931
963316
856116
734053
955476
399567
618130
482592
863457
897576
746065
692665
413076
818820
635324
825279
94138
191881
243093
468112
362809
416529
335077
194701
185468
650494
923474
784876
347792
448995
335374
833075
928663
707843
567128
884140
107410
185258
366732
970868
599187
629150
179885
12263
964322
815209
837542
58460
7091
596987
42924
886252
529868
378001
80953
715337
28495
4427
16565
892639
969774
351940
725714
898438
59783
809195
782578
683545
510805
665662
654413
109992
294812
834299
638607
775487
165860
992502
350299
689303
589489
393224
91907
119358
771225
172861
351047
316073
693640
367612
725064
663415
235904
450779
561853
812039
776326
344431
11937
803483
10093
666350
429828
821258
17001
68435
596745
699214
60937
463396
904869
166779
856620
996777
286137
144198
685990
153536
460271
379630
37500
185335
559397
273405
152466
121250
601796
445144
982033
613733
248628
508479
796436
194808
329737
329789
263243
442834
545355
840533
906230
450225
7312
279203
447002
809801
423401
649344
963337
883672
28974
837
585359
588372
790594
254178
225974
908743
699322
208008
38828
464302
716487
835264
659110
562576
681406
438706
521762
226761
279239
944344
193338
802903
223547
156692
612704
646948
806036
576041
46972
835011
93230
148684
939735
883825
402862
682061
308920
618536
890069
347748
599191
122908
699365
774653
201836
380771
213359
723598
123884
8950
667943
317223
811853
407842
473915
940909
54791
279952
33302
618115
631315
126533
766799
87402
526710
686013
769463
835630
820902
175885
699730
420093
298793
399095
194746
16982
779866
924458
740580
420103
933408
924875
737326
261614
849070
211241
202523
420213
7545
235826
38328
155212
878711
321480
242614
921773
7493
12078
273755
344747
704315
973485
764840
3108
372581
475939
536442
668799
400397
793375
605254
333805
234602
342580
111771
83672
70174
314295
503885
77719
66473
58566
232932
461536
380046
991898
383309
903891
520328
657064
248639
224643
146901
529831
744104
35834
5770
280546
220986
406167
73921
826240
256325
308524
168821
368096
392196
238995
198743
412434
833066
781568
471000
582350
243104
851046
90601
626413
271289
610929
799829
519928
835573
946731
566112
579677
982565
571882
376575
719903
494402
450497
546144
267079
275373
714965
151527
183921
470312
866623
596355
819730
648191
583707
918433
891296
434753
9034
34061
222395
619963
833891
742323
971888
296974
824787
67917
795891
396670
444493
515795
407424
894990
61939
674503
686715
293256
342382
870636
279920
209005
983344
616002
857197
567051
534435
748493
518157
59821
782554
740552
196137
132797
999227
168025
429771
824015
235943
225663
737037
196788
257810
144461
608130
319749
335316
294845
129357
677698
681833
409277
886704
665177
25279
743901
232229
76067
8746
266738
135888
307652
7290
332025
956802
6517
16403
386573
346884
768698
128588
83921
965486
386398
744734
573616
222499
80050
384813
351856
757749
66646
761133
160805
731824
302765
421058
480405
378832
946156
747143
31072
253808
754433
879450
210610
277302
895853
113536
140539
180903
242124
224460
146389
144875
485547
236357
367374
565597
621170
719231
839698
687816
996716
516855
419640
299481
937913
900045
194665
884069
163540
225738
654230
917973
105188
381192
711628
517393
494728
852167
698296
253205
592979
361037
398080
78526
597394
281806
160476
734916
1037
174
422732
997754
517030
358725
813587
971295
775122
8253
371717
938663
233991
25947
856636
855531
407139
84616
889276
418220
936783
103924
671425
529763
464961
585857
124641
578707
867663
285117
829975
385053
801644
252707
382807
835026
611432
196394
806321
902907
204647
178038
841570
954990
720337
214558
326873
127477
299175
216149
62049
235958
320073
733474
282073
301386
835683
406715
396445
703346
208184
226420
88399
9828
995480
987558
844854
123264
183953
167528
26171
904952
345566
867741
376295
582256
82300
703168
226085
897827
435670
288134
133785
755743
537960
932211
573482
373643
855278
486279
76989
63462
229052
681741
589643
224532
669299
434497
347796
369604
602025
890320
274557
463944
274413
167204
46200
356713
870372
788637
770892
306042
76771
421030
578138
614731
353241
667972
988374
724871
154251
581715
788333
383303
263456
377976
124187
932756
328826
988336
302360
447203
878656
93269
911147
669421
260473
473699
26135
130846
262336
313379
953240
855459
734409
531378
470190
604002
715702
974916
328873
869954
556632
117207
769609
336440
11535
410149
269196
856713
398485
87909
303917
793493
181178
731416
462914
958004
721468
5401
605202
983804
835133
558442
355616
569542
606173
342158
173545
321875
317075
502418
708181
390059
135977
994143
726499
663865
404292
512048
520578
319129
116309
824495
628974
813839
72264
91888
771843
793732
613642
377045
293888
448775
451840
649504
534669
58013
991663
708214
896240
825090
726985
604422
215149
862962
598565
458000
526827
2857
486400
563758
838338
602709
904605
467312
416549
976869
75552
188392
286953
689194
81790
580842
654321
533630
746698
705343
107995
254713
413557
4235
79803
140542
125009
811304
519857
723574
785657
46684
242783
272057
610442
597473
391119
31400
64785
807668
8269
140338
512412
295223
345884
594202
392417
516558
644184
139115
221901
752179
393829
635458
272767
989984
292353
397776
801289
812210
637703
586946
375246
396838
375355
985689
994312
766474
17089
59097
90494
541710
715787
602907
353285
61672
713461
745702
578230
873998
884818
316483
626177
794999
951941
415296
784983
760646
329425
102624
572856
967128
205922
948103
880318
581278
450144
874630
864104
983585
450080
954599
41647
682219
557506
394933
743891
787319
140635
838473
661317
541805
154956
803847
336804
623250
735495
638140
383896
64920
257116
473105
32048
463039
937560
428719
560669
387704
819701
424773
887641
269781
379372
929288
952001
453230
324221
212244
756902
464857
567070
934571
523014
238378
738418
859819
377980
990266
14311
278229
55186
271427
751334
603587
250818
688894
32306
811487
592950
852007
236261
480591
638141
131985
409879
106494
585216
734101
318738
858470
715310
402160
793041
238324
156891
47812
614495
534871
38078
628806
813100
93264
416586
80786
696851
667404
769680
729157
995244
878982
97517
747857
359573
735658
879842
769453
842152
981410
19906
677242
839880
735216
595755
632922
489892
752646
680734
104388
287517
718812
249546
100618
328428
666132
181404
25280
849889
467437
270789
361485
346419
884658
109342
705993
620316
989184
991798
978820
970595
528056
656063
810475
263272
251818
959749
753164
520816
156835
373904
808333
391999
623451
425303
720428
805935
123060
262060
655824
590497
49201
533661
453268
933860
643003
675613
554176
632188
667411
49349
119135
195467
705412
445962
975091
473582
405712
244608
994398
562547
618512
319083
470899
241963
744387
191327
564251
867447
969739
736427
974296
18940
270089
427564
952800
913092
103178
23329
545280
286941
72678
664415
998761
294442
626730
973852
284376
32442
734812
795126
111341
353325
114209
582240
111640
858596
289919
675891
242395
259658
412319
216691
278599
682408
644256
747751
111852
747434
287432
173485
550727
876462
354252
549488
687256
980982
523341
971632
13424
258153
766758
641118
127830
397320
739710
239471
772268
29630
431714
14664
805640
360385
231355
84239
559145
391963
348343
670998
655749
152127
844483
206477
28590
198735
755965
715846
179718
795658
203831
709494
570164
486941
866964
214346
884261
606675
453817
172882
152657
401884
187546
958297
762269
935253
558889
321415
843569
423584
508765
499318
575711
353248
222147
604301
68335
494465
836500
764405
290123
40331
990252
376639
43624
857216
590986
444238
980243
561155
617120
132900
963039
804666
607550
241661
256271
166439
79428
99840
590023
588193
115511
682086
457793
337658
802740
42480
832123
639240
806886
638599
195923
797138
531590
755899
170706
122576
200137
150950
200084
817257
800202
679475
621923
407752
921136
394547
90543
516916
494387
196918
621461
609898
395357
79254
463909
198097
638087
296032
353689
444973
450983
549612
758463
982574
305511
445521
621502
22001
112823
821586
839258
913026
501062
977534
837130
422198
372081
444026
455467
382820
157296
76928
509071
552653
156183
972980
750750
794270
785364
104439
755595
236348
170403
30410
735274
992267
475931
356776
14268
588755
178363
853526
18133
679425
347412
371615
617975
719493
815641
73442
618666
489290
150371
127737
41943
822906
617069
792694
133528
402433
413485
405475
155133
583889
435885
890407
576156
428168
247184
106776
533275
941899
476654
551408
137676
824067
439376
755651
59912
771369
345446
678578
260659
12169
322667
302603
351427
939736
611649
484955
858522
25134
406782
13655
125375
359019
420415
701531
787187
183951
324659
836815
125850
801314
904575
263526
625381
343951
535529
685293
115321
397327
880224
892332
409496
202891
194935
760923
142628
322936
762230
1150
348071
169012
531157
473446
44383
951572
691330
347923
135523
15989
184738
777725
333655
89313
557603
959036
949617
609485
160682
581290
6812
40906
473622
416309
760149
184910
177232
902777
507846
455815
420279
372269
624827
467789
845716
669211
935713
53398
17134
587589
69387
718224
365314
403043
323889
439270
878431
273506
48755
39113
371148
55567
596371
844771
471876
356521
546033
165461
775650
53879
621276
712282
426149
762455
180071
788217
948018
115784
841615
481504
703373
427354
199728
585040
346749
523618
24310
225181
313476
589417
780646
684625
644984
893370
45748
116861
249891
591781
798674
541893
162012
419950
254175
104513
698757
950598
409082
646776
582735
250697
128280
802460
194404
328009
387500
57505
367979
928162
799038
681455
517579
579685
882432
162564
989407
928180
795777
239298
36313
110803
297543
198326
47105
551719
819191
745862
502317
228274
392638
85052
995323
37271
887513
706079
365280
791365
763585
249611
235880
562623
447418
753459
658660
329851
432375
648067
774383
744504
403717
810697
855307
701261
525375
902412
252980
344566
648275
271649
89192
557265
873054
84516
594536
276919
790595
476168
584636
70532
725779
820516
633156
689550
90328
291816
19401
522703
939884
793784
783560
343601
120833
638867
561214
646208
57632
814194
990775
222259
602196
79967
779524
475250
680835
374061
268521
987783
366581
853157
58315
608713
673674
207823
298263
764002
15992
834016
803057
472228
144152
586617
332181
264986
741837
893396
911194
799469
223942
418321
21728
826138
14641
317604
817740
695476
208017
86261
199611
574599
939419
774279
699664
129445
498454
997927
409799
514446
831943
212856
986674
976095
315826
318856
757433
574015
728604
668628
889836
952546
86949
427916
778685
617942
745520
596425
829771
953538
199039
29382
44489
138458
320013
744153
784255
818468
258432
194054
849266
90375
923262
352293
582822
239088
187501
856608
329455
916105
525236
219291
868651
128537
647207
163688
746480
909080
276466
576251
862618
475505
121985
423459
130315
958351
167612
430922
293171
426044
624976
142437
32771
548238
494730
131945
303679
682231
504905
633134
114688
30141
368778
983340
675031
15985
663380
937863
925065
939846
30466
304035
931703
668803
243846
578370
627154
411458
9292
920325
353854
150620
62763
902977
698859
73845
551275
518890
272429
56180
668376
387117
602674
37154
370457
794057
569492
550190
731920
10909
6388
278738
831297
938092
947541
75143
32814
574696
2954
42107
495021
873160
192727
74136
292490
407938
664334
843765
926828
936763
416297
111557
323880
535323
665063
210690
845732
234555
760880
577652
245465
767268
856390
593114
221712
320284
668257
254527
894980
671211
296634
906353
544372
5713
496842
836862
930004
161176
196979
856832
97939
129628
484741
421819
181304
149805
632509
27036
384360
393389
121041
146177
677010
493783
739291
898722
814067
923901
153249
709047
595112
966235
131753
655836
488301
628595
492698
418305
306123
206029
791489
404062
852010
276231
342233
33314
426036
974743
60350
326748
884484
181391
989278
561494
675175
244921
976569
489242
168822
646170
714642
280287
612406
362747
936123
617059
507694
945174
35364
813817
667555
826853
217879
519565
619436
560112
552879
561824
51207
129582
404925
935692
310973
394203
13538
502500
155476
990107
991743
840651
636278
222737
120938
765036
585484
573413
382095
93178
518587
933811
906995
702495
760664
641226
222060
896453
717690
291292
458277
768898
420874
863202
220942
731847
773757
234480
234348
929234
740940
742443
286237
893570
481532
407175
174958
67016
980588
557053
676546
15528
7216
99893
718023
767880
741119
456435
180685
458809
747727
638963
744059
168601
18517
965001
416801
792275
715834
167501
237861
973126
426296
524098
866696
907828
447625
558006
491196
944565
631411
167742
476445
638627
267635
710820
922859
525106
167256
103545
500267
431335
742508
244327
116289
761025
725680
49442
69652
441514
216943
823865
930992
159591
347963
797688
67419
311940
872046
558615
256506
503457
242709
249303
142084
26696
960124
64944
551802
643732
168489
568421
75067
427349
329100
191356
188374
54781
757150
774379
12647
974093
598244
943640
650036
462560
257680
233807
774500
646079
308774
547358
149536
551483
796662
291621
94531
273138
356565
162685
916870
41406
731107
991937
468755
60207
699646
173481
631340
456796
947860
160340
947242
62457
620332
597278
525017
394364
831086
815869
40443
656212
879580
189980
207696
192594
997953
302227
465732
870870
464913
382602
912276
712372
890891
897383
288931
590537
70864
436624
563686
535077
596964
510928
597534
733648
624558
638903
128012
971996
971124
684808
628209
850704
391140
352257
43298
389093
654484
25382
776315
635749
407984
204943
348121
298876
102326
153405
405765
689542
590029
969451
224619
186993
996731
338505
436993
137642
493760
81357
625990
464885
766165
254199
831941
673657
122808
875240
579102
293645
900622
355417
929394
824959
560360
793868
640187
662686
947273
45952
352229
53654
531756
93200
756999
44839
948058
193992
698833
441818
275349
324824
906703
41515
95375
738645
231524
218184
130237
810627
511829
547211
166044
957575
372170
242757
267795
12357
421795
731420
574662
290376
785074
622770
383577
542073
667609
331635
736065
366443
773453
11415
207619
196509
569282
302994
451506
800806
521178
98095
127785
549359
645306
810182
506935
533829
52939
774730
62538
474734
506151
637200
281463
807577
776322
665040
349651
443932
513027
85716
326727
802832
613483
50698
515693
699117
353692
967199
16276
874871
581646
144061
940582
226953
954243
447517
760782
523534
222248
823320
514621
244751
976873
796084
52328
753195
977476
918331
713479
6855
4048
556558
326039
133883
607256
841733
833001
477301
325284
849277
868524
906931
509690
809106
650236
980286
256624
411018
503820
995224
750690
18441
756327
243915
330877
808655
513463
308353
726987
743294
831560
247387
816205
157600
897622
423461
999333
730623
417114
840969
96252
285638
747900
122295
94745
398136
102581
351369
325506
122753
862945
592549
657547
619272
836464
988424
944279
866279
813130
671266
609574
644690
435005
425779
802290
332628
365592
317975
579603
782707
158945
192208
68345
906845
314503
163090
821334
933436
30811
663192
56189
893756
255741
713736
513028
608558
218513
457308
474837
31643
644926
600763
676333
596284
26542
994976
928912
908487
312951
24867
691194
471896
217075
275891
895094
47930
955334
716428
981366
986145
379620
37556
396254
151714
267644
909282
760272
486157
882942
235109
517800
44221
835873
710486
640505
378767
705462
85769
803606
18413
110636
494800
6662
844064
287044
901756
891994
242378
134536
873361
744875
514156
427269
141129
182222
694913
566764
942494
697423
449706
693956
215223
493927
46181
442061
134432
941300
147523
736553
744907
682289
847190
756059
688951
691254
43103
590707
99600
801833
725243
972961
546709
755751
916582
204190
937974
611496
770954
396820
308919
737013
90776
40494
230940
136957
482556
881725
594610
146431
618278
339517
828720
981820
95576
34023
189426
138680
624730
289027
456865
866325
778340
519926
138429
694923
724117
592755
822771
495071
989575
648042
748436
596704
204888
979377
250013
203796
377454
844623
350228
512084
184140
695300
493905
279717
729324
199683
934749
870406
488710
907966
736732
783403
427893
391513
478326
152010
984268
817449
163433
490195
981843
911870
86899
186731
407599
336913
390528
785053
697888
740756
813489
882029
436056
823746
678098
681732
23430
129199
552139
512140
37165
288871
295543
465058
196736
290221
133420
697356
624022
296854
187551
605865
725076
790803
792597
132675
644068
699477
434080
341956
956585
763921
740337
908993
587668
418435
590726
611098
63986
142865
639590
101152
948088
451486
82562
144824
741707
732335
842180
882082
545541
546083
487947
270617
336886
796896
919644
980954
496373
870076
322911
452958
633997
63248
361952
221665
998036
952678
349115
62022
95543
988706
679526
43631
440192
278441
704807
698251
10776
546987
580333
556317
93070
68281
826934
946309
381529
262930
927263
877903
133006
250174
847213
767003
829775
209165
505021
827811
678195
854136
406185
290090
359194
85712
850073
799386
364153
554880
13990
891281
618219
110675
447598
227642
178956
790884
173951
76838
53814
101214
954741
703172
867741
318306
986527
697516
527472
7900
525327
722019
862037
931512
12110
737583
533576
378535
53322
414081
933416
67312
305362
67987
177987
269312
295629
873296
576548
469580
950134
146714
87147
421227
849886
954888
739533
836414
652404
783357
844314
694083
21729
222703
141947
550191
476639
191876
928726
529961
605957
378494
597273
427672
446482
291612
213336
742111
164908
789885
728044
631394
936599
815191
568973
302838
286431
308507
655604
455187
608216
16270
665622
629945
238974
807569
180136
715613
515797
625215
761926
638107
3709
359199
65779
450191
167163
795467
708655
332072
585352
953051
479818
38304
768242
48792
341142
571025
873651
996746
26212
998219
13016
691834
628165
768342
15755
324653
307
531553
466220
762233
169660
469930
637784
751791
436473
804948
547258
661480
653372
648963
614531
133190
687267
899125
698334
544761
470150
88337
541507
496362
86557
70875
188196
231074
355570
203952
555727
355877
251857
538300
634463
421517
8230
272247
689660
961055
593547
753270
622536
246919
402233
753419
896462
605852
652545
594796
150613
122695
683134
208472
619058
769691
795700
323606
517117
151270
527558
72844
23499
779415
611144
174314
717284
135726
446562
406944
613134
556461
160215
752022
803381
78800
505441
699843
684653
157986
810991
351618
280682
10477
560091
416092
296520
872143
739698
813637
23413
783609
402834
563264
79376
530330
737579
796661
666057
700493
719957
795543
256954
396524
547565
576687
475325
53006
792882
676330
210993
603874
27948
8027
614351
104391
424119
427224
976534
680169
240861
999947
463778
643695
79564
543155
174026
817143
856168
356435
33988
92477
151978
807294
489002
215895
383982
480679
268901
176864
157009
996246
297090
184957
520625
911442
289349
461096
855018
265883
141266
95879
782183
121396
739575
861747
180903
429953
195242
37071
302740
745582
129549
971070
552876
134903
186965
936858
615582
972218
630075
772591
484817
927165
957548
5442
354959
763249
466539
209977
545485
124157
305857
327668
245553
561784
705767
426457
508089
417361
979880
810829
162943
625781
781899
715819
760684
968864
169030
892618
457434
799105
665209
942251
242622
139110
947694
597582
902359
930585
807559
447844
54742
629768
291864
816647
707904
997631
243104
215993
414992
222985
26822
94287
365118
808721
810107
125803
293937
495489
18421
751372
810946
199983
209975
53568
339093
157669
651150
757804
604606
975062
722001
659348
604830
530217
475996
312735
527849
235452
45080
459193
974789
71903
69833
339908
396976
396292
982063
207266
891781
516836
474990
702727
716819
684965
756295
572264
842635
923798
846421
963593
898860
568422
622942
20042
614991
615290
849129
142840
850742
894210
118386
341884
482465
188219
681792
395793
584511
180207
603059
992644
697043
594401
695371
930215
279367
968018
502479
638354
408168
865252
601947
307028
433674
741241
843423
48666
356531
692552
707858
723626
103114
342596
65510
585579
47167
263654
981373
148030
443861
100784
140674
657256
695186
352397
587471
974553
836768
606303
129259
244936
471555
731206
68317
421582
472448
911740
986600
345331
120644
210810
68957
223759
553407
650819
809338
116926
914473
307063
264957
874686
924200
921983
48295
619386
274381
152118
110291
111149
758421
239550
872437
746329
487108
940754
167911
959556
852494
154511
821240
489491
881673
890197
713250
435080
541017
38940
68359
971842
862356
333316
362881
786556
255299
411176
922294
46032
563294
32585
673533
838068
788487
545971
584397
791947
3077
268660
751504
371924
423171
89096
861415
821196
979293
574665
772629
36662
613605
840988
524857
475961
174304
887738
778869
945955
815266
701163
508340
894912
250100
181873
249332
38587
244196
833729
346887
763626
102389
98391
135550
41912
703839
513317
863109
683132
87982
635738
236147
217939
476726
761004
210253
167382
165094
989122
629689
496712
206638
654381
907976
456738
352607
157309
11678
596803
507390
358565
876781
609780
973308
12331
168044
677147
525648
547505
876631
129982
183243
112778
864274
176321
390134
74527
860055
555228
580001
6097
568292
786639
660478
476269
759730
13085
633578
287760
126241
140968
646325
3022
267100
135985
531706
435145
813132
573706
499002
206115
703689
198598
318894
84315
374919
709028
158842
751327
780609
255195
273776
348901
558187
450606
825170
317917
463692
975100
122029
106285
116069
768354
625659
383169
904339
673717
334666
233823
247424
833669
439938
467465
32267
275184
551780
923538
500565
226974
191217
281174
998521
464993
146427
556708
915600
487950
390977
895644
463050
513006
518281
579119
797712
660292
478641
702051
334010
329659
452226
97786
679680
408517
81603
228299
683701
149735
668190
700618
893061
859407
498144
891582
840753
644572
448291
272705
132522
355620
684701
111924
868627
719334
207396
666339
379626
686037
884743
229988
532048
853321
844126
728081
261838
442081
956380
461892
591816
140922
678862
484877
330
177007
892812
357435
821579
857455
146492
470453
213075
831193
582377
81702
550527
789773
264394
446505
992162
665489
676494
40563
518810
36972
768644
297001
479054
241376
275245
70870
382299
954107
72100
898981
131114
964912
256416
469045
822367
402908
455850
35442
750453
38228
633497
817332
344353
414243
263837
336516
79732
456683
377079
114894
493656
662075
411895
972710
903451
687140
559932
285750
157600
632032
184731
805066
113296
957499
274112
452015
876759
729962
3810
143564
284542
637307
960896
628896
567902
224734
965412
647634
681417
858843
762528
691425
520918
690776
664135
424369
377916
224068
226472
51868
372452
927555
856935
485749
885055
131047
937764
278166
377361
457926
421731
661904
611585
382627
290800
179487
123713
772564
827121
321483
631407
106002
12908
152325
796778
193396
93046
691046
933816
319518
742915
306268
763426
116202
308369
648481
247249
762486
442999
140962
220412
381082
802866
831998
280062
93666
11485
403775
382582
354959
241610
13989
977313
770871
682666
290443
964267
775713
497841
898083
611583
240756
720703
375009
356958
545425
539842
120559
307911
982842
261522
44675
880276
580740
393025
160338
190759
920863
80466
573341
792174
322076
587331
769487
92947
269997
576282
573566
562062
74123
471649
173646
831232
708705
65007
704542
254130
604850
825102
78393
104044
602976
639420
984320
183716
32446
144659
890827
953309
225125
464169
745483
63553
567852
31322
156501
354201
607604
730067
432616
198079
718069
606262
29311
943126
671269
733854
713608
792471
75308
792001
896515
194636
947773
880836
378352
980219
541847
785532
449880
283324
249701
711715
346877
333905
743037
503378
688106
866993
749798
120722
65073
984219
243336
94384
927345
430958
344590
640953
223429
419898
949306
636297
614534
897079
33485
509239
393651
575332
294771
843531
858656
60824
555247
721885
911081
814636
741616
115539
197982
491414
236262
263055
991985
995950
873791
435682
943260
218382
592987
683042
154632
542293
319339
285519
955724
352824
794758
865727
444508
605881
709259
819516
183057
780858
541401
94138
595494
283017
209677
793476
290783
962291
572883
799120
474594
963027
234802
417854
181409
827789
100896
852393
370082
420235
137912
842159
289411
449022
707886
250271
54903
933497
69787
754312
714355
127541
848450
826202
926910
574480
136030
217694
536771
708914
16814
11365
671941
251617
945572
369702
595758
46468
222095
965841
983056
876360
324352
788819
325382
548590
39091
896638
482088
625230
167302
196443
752771
15753
538997
679682
106585
675028
413728
159708
900294
946894
171074
572235
714863
632998
458289
310622
679466
196736
792815
178874
73096
633519
484046
914831
182109
523137
327821
664197
664719
495123
376993
417491
27228
915990
613525
133813
107370
543605
293522
7664
490499
980948
96251
721715
613946
554540
32337
809764
751277
341504
504991
340725
975023
989037
255556
157132
28526
99729
821330
693245
594853
714675
627088
622081
147017
240613
272247
254388
784218
82121
778404
791070
63069
874656
512785
193367
429196
61474
3131
696825
402978
24474
37551
894353
529863
809459
51485
558389
909189
389167
767987
20394
103842
395075
158827
767212
152041
947426
21600
452611
29547
800004
243681
92616
191012
272818
285983
620209
334292
805467
833386
253622
829941
387289
147975
876157
713101
199461
434546
622290
104980
202533
159036
725175
113961
834215
492387
266002
781642
513987
718613
811189
830343
478647
903806
537708
751465
706141
674269
602110
27960
507655
855732
374254
894945
520060
250411
608046
235873
684957
746688
340853
403843
422076
66028
517804
256291
74767
300158
37933
105106
18771
849123
935450
497418
269281
989510
765236
975422
663779
367346
3383
171434
739430
893989
582731
259490
144400
190777
11715
829357
453817
868921
749552
875893
934949
267356
648537
526069
567514
686470
631175
102638
51945
82977
116408
837578
72487
881644
813001
736266
765342
332736
907701
504773
743077
490432
280615
887477
197562
808683
716834
167731
677604
982739
559977
128905
250095
208514
654974
333962
411336
286150
952952
979634
369127
69360
817212
441615
467357
146565
694233
232699
995653
601934
253824
738730
608719
50792
626207
322633
859475
859394
6716
53431
842133
566693
182336
608580
291559
837311
458894
219248
639813
411846
198882
8940
997559
16094
966907
981268
679012
177493
730319
674665
779427
984144
929748
904498
551288
555955
743483
927115
931701
750200
980546
773834
833245
162882
898767
124805
516545
357661
344053
156358
285860
59287
681651
283419
75381
164910
781039
270745
342403
511358
945411
638183
495502
875159
542681
563142
947466
802517
490257
879168
552717
987155
169354
385962
150038
68121
27119
182935
942135
887524
339294
227995
946811
20945
27766
538545
185855
808805
809290
528259
320163
271053
166442
332018
662564
225475
411512
610031
27992
901770
5551
97061
405277
174905
999376
555315
759379
26495
738251
701514
914020
593897
929509
377183
614842
473627
915728
317049
282432
725019
361660
118947
512424
44454
450965
174989
786282
862478
301372
330626
280600
306923
427688
685877
998180
427064
757545
757559
969911
12148
975425
400283
606045
904934
777467
737239
894913
693195
570640
177345
934566
448653
812645
446991
493107
263610
138332
795741
642440
439704
126368
439392
262979
554056
641622
777511
497472
915519
535071
983735
444019
510496
384019
566416
931783
677838
303655
826696
887385
390647
520394
821952
839300
333039
785295
848760
113001
439979
160853
271794
879683
287221
227538
659014
357629
385512
436525
855101
301031
487948
838837
745050
998445
739208
311466
446580
417046
131473
789628
304431
38473
826374
642735
877773
675765
944382
242885
788767
384361
403739
576913
780396
207312
804451
439410
564942
189964
875936
936395
7347
363884
291584
268750
878681
30792
580216
841613
964190
228042
147594
784974
266515
973968
427709
660640
649734
372092
419878
954853
272805
339969
531766
53202
547281
852569
8964
112223
558885
884900
564971
82585
765137
856555
351335
160170
403700
447903
1784
367890
675945
149378
152864
942460
639698
96926
119453
289432
985370
539331
244285
258175
879300
292403
827729
942933
144973
836694
571509
220210
721594
136480
302795
3083
993035
654130
163254
913087
102034
681390
280978
777979
830768
950194
236792
470466
47120
872597
276251
32490
411928
520536
290666
807580
329292
634747
750513
474265
471441
838374
210827
193036
974854
513623
712471
484242
167753
875725
397329
786139
557115
194659
564119
904235
144854
317263
891054
191974
189860
167305
740817
118140
204193
547835
442072
533485
182582
192585
524102
654024
547312
734930
363412
522166
248553
75883
522760
932658
951609
920090
718798
25076
631101
799269
929312
775955
116532
336718
484282
822744
504023
225099
457236
708216
772934
899308
758054
955516
608245
282156
609540
155557
17086
972952
194076
781991
565188
716836
714650
516797
636926
433448
58225
268028
749069
503889
560335
865601
840607
44617
204697
344630
269716
661933
569199
42650
77593
843605
514519
685838
125761
124059
357748
659200
613364
551824
957543
178552
268660
188545
211701
421939
138345
269926
206319
887414
290168
766654
269367
130775
327624
474064
991758
597340
652349
77309
156343
246294
920914
670862
932133
563027
794921
289881
738579
924637
358057
696123
103189
626717
884668
314890
48656
23014
101169
254975
910428
391337
537982
179796
522112
865606
170212
30222
979298
338914
107531
135641
585208
544797
806503
33693
107825
117777
839926
846404
558766
197983
542527
661956
824701
943548
976846
389709
966562
78015
161037
393342
469352
699019
89490
507817
80977
259703
538039
60275
114969
161923
195917
700177
706720
518772
733871
814545
152901
90149
177302
711668
288133
719829
889976
629186
179729
866822
18895
146291
461190
179932
55986
446894
395303
145476
471063
476280
921531
9103
536556
36500
687378
248825
736678
394098
283949
986901
724996
436851
77050
902298
664871
365183
138479
554847
510721
318209
938021
529617
980852
915563
225901
36838
362458
621205
182315
833521
613837
620198
358976
666745
656699
46354
915570
909729
956805
199520
896630
681801
152723
490032
584099
333946
371568
722578
405145
882289
40787
343166
928258
21640
258730
154160
58478
137540
291717
757145
487413
905554
377344
362742
88652
550395
925448
4222
460124
882253
720094
873106
564054
872817
363138
148153
723115
251058
870732
128260
133348
427871
471427
61606
965863
246509
732118
540694
900401
540187
297839
904166
962094
191535
266908
50746
258282
192357
54968
718406
590962
775063
591512
155017
164232
471003
819522
887348
722061
206606
15608
371761
634478
3387
433368
600341
766248
681838
141035
183001
222026
955227
87168
184120
663114
870428
234866
921397
579137
806186
639803
170100
97601
747668
325117
778186
218671
660991
181886
457084
867598
197494
828846
502076
717234
778566
618769
999834
460404
759805
182836
198782
231384
270004
899254
894498
140432
134120
815895
719570
456659
972051
406022
554260
719719
247491
848798
454742
908482
30684
428178
776080
744531
257024
794508
461765
35590
413278
461599
12347
689435
644435
211129
920819
430791
110384
815317
571224
760856
147565
807146
733867
635968
213168
804480
872039
460659
653278
326781
885493
683963
271311
661574
944846
528336
456082
406611
80278
385712
384562
608977
75147
545350
336459
995966
976141
963195
327636
63717
724051
991553
387215
974271
627521
116735
778751
499560
577394
948381
342693
979240
148696
614004
640814
93542
658692
613248
500153
738971
998961
401068
347948
74108
946418
684407
586427
438911
163954
914063
18981
888006
421968
406196
378629
49489
522932
673732
65401
616678
622113
408094
595918
770810
538450
753084
864352
197143
366333
880858
452466
365294
798278
800414
955754
261048
1174
542181
699959
165128
972596
718940
569486
394564
641489
464467
960405
680773
138199
25806
297451
760313
950252
409722
531123
488703
162806
911827
685846
529139
792685
654664
410785
590963
455078
366540
852011
972604
425073
68323
654085
397670
303615
739923
308586
461456
204391
268992
142229
342590
811150
439681
619255
761403
365755
666730
766458
528561
578558
968656
574053
887595
623320
984838
994911
594750
867730
363274
83707
292804
947949
737792
206826
251565
994067
515412
713021
714810
300756
371603
57401
628259
327636
193008
906014
693391
859739
672472
221952
438297
157480
312357
842244
780800
813548
353507
891902
681278
716782
975609
490434
664731
229753
213612
432648
223821
729025
662022
938631
546133
33625
512384
174392
361261
705393
80406
571004
81484
269230
792956
36133
426710
621666
878377
723862
435214
231885
615765
116492
465019
107726
123279
129750
337480
336891
78751
77653
582268
740773
532636
128402
290750
561373
819146
168363
783118
899553
739367
864602
168783
48675
900735
111846
670341
295464
835708
105555
527349
451473
738400
508720
559200
861679
154823
413032
198570
233574
490685
780839
490699
539673
425593
781449
101046
244739
949812
884164
660644
205531
748766
829428
254206
165853
457626
924548
461318
293334
546455
505019
744808
284855
13740
820360
146534
168563
233392
861457
918489
240429
642296
409188
780102
584241
190637
881149
828980
656801
281665
489625
378684
546784
835405
632890
712637
293031
73790
690307
102717
620246
195327
847525
421453
725419
184237
567988
410334
417629
429445
328823
174410
588093
738011
954513
172334
445000
352014
517666
618153
633679
523643
996837
180463
359048
146079
893101
168431
219870
99760
271149
356468
295087
635026
777921
536858
335616
862261
947192
753245
291706
276015
927656
396151
530378
398521
84837
975378
750535
602504
109883
384214
126147
106720
564678
1548
252800
974131
169979
989022
73891
957480
345490
885331
108859
639763
422189
444475
502025
885734
714072
310083
678101
158080
222587
208480
556601
307424
183858
307136
909928
810094
691351
552428
916814
772381
553976
685966
262864
240307
674988
853107
197788
536830
254790
306647
692946
193332
267474
194971
79066
981546
21406
757167
139627
243993
965647
696228
67770
665858
519717
977698
475952
211068
530126
909118
499801
600454
595085
279017
840762
786425
132124
38550
323256
903267
861549
532554
96599
645375
243877
692017
626921
265283
449184
766548
25629
931184
979129
609751
113394
498846
103801
105698
226266
633928
14816
242419
750734
126253
521436
591496
912679
169912
146398
752287
73179
524299
284841
169778
169674
528718
861795
796596
310353
827332
79496
852334
274868
574977
462085
388262
73823
565887
493960
816441
716167
25128
58860
466901
151382
580296
574750
580413
750209
721148
849052
339740
245448
650245
25871
931474
178963
404018
244422
5668
231350
840271
858003
506218
415248
836440
410832
489072
402327
421144
821865
634846
446273
880726
101748
114007
461022
676498
210772
727583
913998
59824
583676
675798
710069
609547
123625
405384
13565
368047
411052
761268
208318
785407
783838
623567
621848
194671
628991
540527
615815
450856
175374
578440
847934
793474
692447
825309
986324
903219
552892
900322
479395
652920
92473
189464
262467
216098
594848
792385
584145
522253
553653
308816
307660
853843
932383
445860
48514
77726
986388
180682
44934
161762
759122
892869
471588
967922
718178
457912
871141
787422
874586
866889
440343
967059
56353
219162
183157
167554
527899
283655
689807
597904
592471
513819
451748
41206
959680
16614
635284
462420
197296
196570
140534
472771
89439
612122
440693
323969
70034
828186
627744
460972
695075
584439
428032
267781
803601
127541
435335
847853
411196
641494
445757
520019
155313
897505
77577
631345
914120
712861
610117
627768
909432
750651
100539
515223
879125
57584
839193
465511
885771
983289
926484
580846
567728
354516
848627
887681
482057
800314
735534
409606
441808
181292
929625
113474
595149
523555
261171
25621
236416
871289
653390
662200
621940
270281
177424
17418
327866
532969
482929
729989
516258
409413
827187
600338
280281
192167
488019
762339
992481
739906
688297
950642
921198
134274
64116
32699
657829
325287
58321
410598
712928
228063
72798
851221
14696
250222
868639
858914
299543
351568
588903
332153
760982
932443
932491
41263
124610
936863
319954
633443
676769
524603
584085
114319
658878
164553
147018
833059
6193
721691
243657
719121
949754
316456
86694
480803
83030
955333
339717
898926
306902
444973
231079
584236
377416
679923
141851
502026
133138
978158
651821
809907
502761
752259
440578
677991
916812
587596
511051
439357
825640
754708
674831
291746
587516
761525
772549
186899
716859
112267
85825
540113
557240
833256
124349
934656
29531
782552
953034
162669
760710
121207
972576
263472
873466
413154
941463
306631
517103
968866
745988
342743
239927
420819
634489
343795
698697
923391
530694
415556
35658
132871
955669
109250
966128
596370
560258
512011
378922
29644
674681
655985
150851
163609
919457
24318
93116
377272
330949
610219
862491
593289
469314
102418
530461
620155
446213
229158
543546
493260
644714
95556
626131
116735
721158
108611
229457
281416
620623
124731
311060
811656
780716
978264
975265
216525
518934
68381
110150
366235
194952
488993
959524
180618
591411
489985
317126
553976
235495
377024
47236
880209
472581
189720
513296
193739
814683
259105
991508
951658
383837
818920
763314
680905
797184
738580
413783
316118
323313
523933
198705
518266
12926
158230
215236
120689
164567
532362
191017
400063
909387
754606
796624
381968
944326
826273
92059
275361
85378
599919
227020
985567
418840
506686
666473
216024
245266
80256
48495
84932
120541
247200
603198
649819
921782
334786
286860
86350
867149
477877
2765
776536
232483
799389
674856
693161
625662
766915
968523
227393
883187
711895
212960
302027
218581
395785
518051
980200
992393
82898
65132
629286
330099
184682
279105
768233
519468
565965
854583
386617
560195
857348
163153
792678
173090
838009
485840
315104
121277
970715
542497
4464
682610
271810
306491
901191
667595
340894
881391
659989
940145
946523
805627
786596
647557
84733
554829
167026
167050
925765
553643
727245
299465
233149
36276
472555
71158
522116
304012
708787
9183
362861
229603
691793
634671
52446
109336
818619
909693
507080
994960
849838
969955
800587
636434
617513
885320
707615
784539
568723
633380
854534
295968
932846
87683
332244
921753
675194
370712
225765
900333
379895
104979
129937
588040
739650
182383
213729
558269
92076
720809
553229
458266
690764
870169
94700
824629
271841
318668
609168
840564
952048
980055
652885
401246
67738
985129
323000
259284
872194
65117
159618
768441
170096
289555
356482
426099
988290
86563
500720
80367
807372
570302
54985
14488
440471
666038
839118
712312
984706
964638
552877
936754
944693
205762
854353
12432
707243
177353
271716
95789
758822
947686
864231
445271
237241
737065
871370
225532
823628
372090
822251
147352
942392
393588
161840
382863
59626
958
611528
44332
965597
164405
497439
910290
886519
351792
439074
110114
45497
227143
205904
804319
174829
70135
249590
412071
807200
637312
153955
147180
525755
492558
294532
468147
886146
456372
367363
462125
973683
495243
506457
939280
659648
3896
365922
62519
872040
321349
172633
917537
548492
378537
721857
723321
965024
487799
651744
772224
641464
322051
435756
167219
330961
730288
151718
733460
186661
519081
195585
676696
14324
218394
615976
190324
222291
498250
769195
94331
819599
941829
528221
368091
836718
250078
607765
801743
254229
259509
90319
895693
97913
526076
579264
428874
256364
730983
678686
959377
766416
874271
636073
297093
92666
768401
3769
831309
783004
772965
441992
602603
231146
970213
487047
67864
736643
611164
869607
507225
387025
476279
919270
484938
2355
498535
430165
775071
229518
108851
734449
995934
983123
886874
809379
592141
655276
813149
423450
438280
586114
381794
557235
817260
868360
560634
401476
605003
171798
271084
628580
558824
747363
547851
560114
266070
46386
990279
41141
792256
99131
775590
788190
82254
178817
113922
190747
834093
927071
130549
788725
29537
512343
862312
363149
897055
939299
764625
502059
111097
552061
646991
186273
815776
194842
746388
81846
241228
736667
122988
33484
835798
414930
338027
434404
593747
451949
141503
944192
895372
272052
249269
924909
300748
627934
288058
197803
567233
569035
216214
194682
121097
863206
897308
936873
58048
643696
535072
815629
896715
174412
365465
248866
105694
703492
683270
215794
671793
341126
676338
83517
613178
925608
524778
913926
69894
329188
111730
153479
898224
327944
348161
535673
191150
245469
472546
765551
405517
523970
581180
302233
698382
946645
551099
804077
166490
750721
19871
354635
91847
696209
954505
221378
138169
479283
135304
208063
324824
763386
361542
223048
607683
226056
758721
315185
987877
747619
80736
909747
271590
178268
211980
969972
641266
279431
290401
807756
30152
310272
678743
638352
522834
633248
859730
661003
628884
511386
385419
953708
791125
263313
693108
398808
5721
968181
230345
993599
715800
311082
903346
503742
489350
631678
990067
646968
911109
280468
454724
457613
107093
649820
612317
629927
799420
988399
807282
944656
16138
192701
898364
807263
456015
107824
722423
461736
76005
952768
971687
791806
263850
391385
811900
269553
23063
801967
916521
450524
82436
887598
424490
189529
53770
36807
335808
369542
25207
143090
314199
41345
852144
728915
364960
308159
836740
87383
286247
912745
556503
774287
220903
336706
682024
32804
122611
221440
351123
39132
671964
433559
443082
612806
139440
13204
649614
991600
382747
191173
134691
696946
748870
986835
942213
113830
811346
778953
717565
613945
208051
274068
904584
945306
610774
586609
494462
733385
808049
845586
288870
996365
795497
248304
609172
451290
777861
775138
442890
160608
966311
93933
373906
231533
80768
316119
861715
408466
95073
579280
538764
819476
369700
443348
764782
496827
29957
775597
746564
354358
621183
551786
350724
933032
316443
476248
384322
94304
251386
827213
254912
734049
437498
145170
965582
518267
461289
827297
443085
72714
922929
981849
892190
292629
425198
173325
305808
971507
465274
52373
325866
602809
120511
192942
535841
436954
669190
436516
47610
920576
780081
818874
654625
217579
964044
136559
252198
425334
963856
695284
14400
886785
677133
422943
695766
618683
112620
1575
590191
577894
570300
432409
180703
690811
625351
232896
644118
810893
669412
691728
247821
449493
510603
902446
183425
990999
555357
435623
932685
519213
130907
947086
405998
324393
370029
101764
459428
482649
619691
565971
576895
189991
998380
757598
397155
140083
506846
41273
950976
176259
249353
198797
142104
276308
617595
325529
267308
172952
277505
199993
208517
924764
147079
614515
249157
33460
232632
224938
32461
852323
790909
609356
558667
789290
883306
955822
929373
390153
997095
396702
82764
762800
595499
741220
39109
729447
583102
306417
418751
860607
22762
627269
785371
686194
241784
550881
719654
990768
775819
752116
359444
566728
361472
918111
872370
761131
873933
801744
151284
387380
714798
234048
150180
826649
491620
705641
556096
74722
528410
974848
935329
551173
602117
237053
237367
360253
787934
957021
867374
80105
225489
226818
163185
103314
144929
35556
864445
535214
353652
15729
922594
68450
766129
589126
895099
257749
294768
967548
848824
823178
458748
784153
890703
577217
537558
128070
937470
841844
601444
321196
921949
826933
548014
601487
930247
209295
637043
311044
744509
990695
326773
667103
575497
609254
772582
986948
383356
583702
954496
232180
923232
413244
532685
813936
990461
70244
458358
444284
912088
59802
765480
350390
403088
829847
951877
849687
39142
588920
160732
783652
95967
3857
967107
187816
129464
256041
174764
512820
839743
645613
745000
762976
58857
794037
93264
565671
864281
551622
526307
292722
127777
808139
643112
47217
154338
111341
413256
193481
216613
573988
493485
312580
94198
976944
16748
223662
232986
191512
252834
589081
837125
514186
868409
412335
308223
961673
494358
688857
29648
537017
981579
673777
345156
141043
237346
499495
252384
650602
209328
468997
740943
219165
297929
835141
196109
314677
575155
945447
506189
827989
534529
859667
342175
402938
788354
166750
880964
799064
855607
910612
336081
353538
100741
197589
494581
338087
213436
746965
988689
422764
732314
729632
158281
30243
81125
354391
344920
656280
299838
367462
621
350719
743481
859148
753658
531835
25899
634622
330899
397858
61586
183332
751397
162327
380921
245978
500414
594358
509296
489103
533474
241610
735088
691756
788206
816213
562499
649478
988846
378689
533292
989467
729409
276773
848616
999419
324960
390867
150393
172211
788725
211979
355543
56474
890658
252817
818805
391072
847175
328101
396527
897001
86063
131615
588757
874269
464181
151256
40100
453027
529946
573392
958846
775707
850166
807462
775126
691478
714681
925519
863690
19759
653850
735585
76233
544508
988402
895038
451932
351929
739491
364811
248931
825555
12779
354040
216176
476960
505297
256276
446339
551595
346021
405185
327302
196187
729000
618780
404017
443681
544299
784059
463440
714501
519645
539674
775361
24399
951064
227293
892681
690556
108456
657964
32463
121235
12004
248639
114547
33653
21268
560886
101600
367289
966072
945254
79828
695072
564034
197
138753
624685
784257
118546
339186
820254
174572
114547
361005
125636
858192
253686
816192
966649
428002
365007
87884
440007
613647
202432
990012
151267
279670
91613
34908
245742
36867
114736
457166
117254
114933
595920
741939
415542
230818
597478
235796
405390
712025
596802
531026
86570
366840
863571
53219
794843
228578
657455
751202
358577
376239
741214
509844
655910
349179
61104
901652
902399
175840
358819
19653
807126
471091
761592
222668
218261
359070
458465
623651
587448
571619
671029
674018
938459
534600
243589
733302
279531
901044
484504
154460
277284
742071
180657
933194
91250
241761
351198
993649
417602
226369
13302
741080
213812
291247
963748
432073
166669
938565
55724
754117
510184
726754
944487
964996
777706
188076
698298
573589
605473
699155
728050
882757
441226
908707
332303
532476
150468
683501
526126
84422
426223
55780
341854
640035
863379
305603
72109
30049
760520
644185
300518
787057
887291
245006
752053
664998
949434
450351
238587
554907
665858
482989
954016
107084
391696
286319
639561
58517
486173
682039
659291
912396
254171
1146
68783
117551
823101
657244
147600
583621
301430
964470
370678
705073
725828
122731
886423
675263
89435
641363
746522
755293
124352
700539
378730
32401
986858
18291
90918
989383
216682
750209
418131
470853
267707
486915
588404
90808
660511
252356
674430
961941
733179
561460
183367
459007
200544
69790
650622
806331
711153
397145
561624
835506
614036
940354
867907
117246
474997
475177
106630
691679
741738
524761
162533
9446
528028
267289
100254
188540
35998
774684
666833
769177
852497
850200
228184
53041
919991
395159
859372
147496
792304
937348
983002
922692
394055
367261
39938
869052
842438
662920
77084
584177
187682
755969
109975
232062
23258
210229
420602
575608
501266
87436
344785
353763
453988
89322
406804
890331
484481
782528
37828
793137
719876
20830
715829
113931
904444
755767
499336
263234
418688
576420
847411
122722
848741
473738
354784
388351
683968
291739
963960
185234
895527
308745
538997
349515
398067
462153
239847
882548
244681
277675
192037
480909
814857
907866
594841
719301
179986
610529
982536
115026
703301
346299
237748
552042
820038
108884
940393
20358
400623
904353
205592
296150
729451
260941
162018
643870
239446
401865
42771
479
195892
234808
481388
10749
142675
76229
730051
839013
203110
228939
954039
906411
91590
708139
458453
911628
817023
915199
931986
733999
335904
653930
546501
65355
431223
708519
225578
670669
626736
268349
671148
822628
503157
668889
833378
162184
261470
79781
1197
464581
825072
955236
370992
916662
663375
345798
828291
996751
260997
276629
247102
596901
446912
793603
178609
878135
18475
404187
65157
645211
672536
252657
984192
692045
921546
817570
854230
183017
413703
371779
647598
238775
843368
534942
155437
506743
880740
500080
19846
141737
293062
266948
254991
256326
60552
433600
650813
595379
837787
715970
756942
26675
484980
741134
718720
922878
558704
89302
105895
488759
461082
269845
727534
820802
321140
399324
327545
201880
899404
347392
859970
708818
130692
114961
965144
707596
548561
615958
302975
386348
848280
59918
929375
333260
801052
648095
256139
876109
253750
878386
364868
231184
664584
608755
51986
985724
8079
895883
703956
423835
759627
563926
132654
890320
678887
614150
597916
227448
230108
900892
130148
594741
960810
59523
928001
278214
223971
700492
154323
477721
95231
519192
708905
276167
644299
277243
261891
652378
173126
965847
592565
932754
46126
725219
823074
725013
855722
420990
468814
602182
321882
598962
196923
799044
174838
641277
77259
398809
341769
747934
392882
953352
783478
101787
229519
427777
895382
7762
596507
68508
489962
189073
1262
536088
914292
824336
261101
286366
761679
729915
888549
599913
845230
85472
398958
20068
726749
992569
935229
584871
256855
328111
54575
40334
946250
284095
468111
841632
808209
64619
910140
298171
770044
427755
834259
684336
252091
611713
487055
13770
857980
375604
613684
703210
461076
528994
239630
704178
37915
174859
289049
294770
19322
343624
335104
965572
144071
319568
323556
952281
900539
750049
250452
670583
177804
601064
871271
429895
212777
358326
960018
70757
250282
90054
773968
711359
135400
529950
931889
173315
221162
220938
984437
240484
80914
835894
722409
741338
155462
562317
693619
572353
312366
460423
242936
490170
61487
630559
436418
274264
505238
396436
861374
755520
2842
151694
983231
654594
681644
915120
827909
902806
652410
328698
659643
249677
164592
382052
991015
320054
944369
200986
408759
773088
661409
168047
263258
239249
798607
699676
29865
303845
612464
891239
575717
131658
42933
558949
786252
240930
990421
130513
143736
642832
459212
319731
892509
623804
218135
883524
460211
162505
600862
868970
935593
778623
37018
715203
17872
351977
414880
47738
172174
543696
455329
747891
675355
14615
823192
461607
255545
813614
592121
915633
456446
51333
751717
348955
191489
969852
748831
651700
648709
349693
520671
100654
128316
557689
815858
662541
909666
747090
226631
598192
290786
198312
346083
482493
212927
169276
944101
984824
982890
52574
416810
439336
620259
168527
304643
811748
654731
569826
463449
303441
435871
984120
404095
80539
58161
219953
743080
484179
967043
486063
82371
774182
684376
944806
256675
413655
114082
717128
398480
613324
769702
331642
52660
389961
16521
873655
718062
671252
443481
181511
974693
395704
681983
378789
476244
256496
115094
219324
740675
598490
705388
339398
889024
906116
800556
145699
319771
914639
379180
718251
527963
148882
566245
96976
55196
582766
486983
773258
254019
446817
471121
745064
842521
153104
640205
318765
409600
271652
54442
666627
870142
276182
522377
275518
182298
322933
421217
502069
753924
316749
736673
798240
465632
302918
895216
37180
402037
382199
326790
172408
345368
797911
917472
187890
467367
557678
506655
393319
829330
561097
59946
215824
353631
98675
491342
535929
421608
428911
554351
691885
745661
291024
490125
727645
110294
385341
281177
512331
283892
607967
201091
629261
922230
118564
333503
389597
192594
840158
782916
538276
917608
359214
270452
271239
457889
761794
807169
395849
707057
361520
87734
969070
168896
94211
696715
795542
995904
977892
824226
796149
102211
25317
941762
24441
143881
275265
930390
852827
115423
229658
391103
549383
588872
661555
820623
563113
939701
144144
475315
163111
22016
563049
132181
190912
657261
345249
502806
169517
839493
327032
965666
941705
352350
907428
482498
496231
182693
412889
349059
814469
642547
256514
363852
747772
434422
184475
310885
890475
844971
786200
53586
866987
865602
185768
574251
39215
47369
77058
208732
886862
404090
174399
344919
756440
81827
343770
769024
780873
756659
634435
595342
915558
407301
959194
179682
841723
660022
490568
732199
504993
793120
785785
888333
175074
487905
462584
214289
51626
539642
939374
938489
460085
630125
799760
732877
228304
143530
501901
9177
416541
652688
604519
332100
59990
80066
28134
901713
740088
35054
633912
761433
828175
936050
649766
519601
940307
112351
250243
991934
168345
189617
446775
144782
819742
246535
877660
564398
390066
379561
573576
806607
548602
694447
655059
608592
290865
683194
510305
30953
718248
660570
308739
62775
112972
958505
582377
53279
587208
832620
561565
271906
538589
8340
416688
874683
254876
810700
439081
161294
190262
529009
967901
738864
223457
139313
863808
514322
822507
374113
61628
57107
551035
886719
119883
664007
361576
218612
233639
465137
567584
311556
737043
622525
319897
670083
497208
91125
480784
452641
252419
187398
981651
736672
442614
721460
875985
306422
752134
698492
196887
330114
271952
264275
216833
908187
928282
578410
126799
678273
43547
210735
989830
296942
833260
826079
967025
846820
917204
964161
299461
685975
151559
797464
422647
110525
518924
298633
416947
271059
513477
130187
117525
785429
394462
334359
693616
839096
429121
336767
33722
989020
63854
539904
802314
897114
365983
285691
260286
799539
249853
559748
485514
917764
357212
424513
28290
392489
723146
961589
179900
752976
608128
297425
54757
2590
148136
748374
358039
93609
601493
391761
82629
665348
931665
401295
78814
297648
686987
339101
613539
936840
415201
99053
370956
772413
523566
915598
681254
763065
393540
861154
32393
1668
158580
87150
4259
823068
351876
362298
916678
953370
270411
515659
135070
202076
916955
730236
16076
603942
69337
629615
57134
484538
728668
428090
773304
768586
860041
454558
48003
253581
832065
80396
255249
990645
683899
775860
813713
35775
654510
246743
505497
924921
762403
156919
643349
679358
887156
659425
283300
956493
289040
856786
957384
534060
801228
247040
818999
661269
217950
867002
914850
50015
463751
686452
557012
147650
978664
887078
183425
633175
133821
205275
74448
896224
362194
717798
575582
249350
893575
375234
722196
182616
232020
195932
233028
549601
442972
52027
210870
177274
435382
642073
227290
899133
328525
300654
46783
307189
187732
746560
456716
321554
468187
531165
734130
830382
765315
826065
596084
658890
201299
318280
357858
949672
514212
590887
499273
473536
159266
226495
650811
594648
868568
394453
493781
713445
695107
56916
536987
882840
319829
993703
720746
788016
41220
454876
134750
322887
280941
730835
498130
998593
565467
855988
464617
596032
963227
480242
69568
122494
223089
236731
233494
608010
631184
727276
321455
842644
300544
374794
241836
620373
884850
962582
924742
926070
933810
575844
765310
731104
823031
263440
246049
388499
635780
710666
984531
115360
707260
570451
237854
930349
807183
471348
538359
954719
714976
376167
797363
531873
750961
39199
668598
635811
518133
593340
78234
451944
685537
843544
699400
508568
623336
945449
897067
259116
172467
397950
374476
396079
968402
128682
326428
291937
116383
381140
763008
347711
273659
560372
879584
540972
115923
548183
176784
150409
657875
771370
118705
343412
131266
818105
851981
270954
279906
265400
530070
452373
663351
420899
848452
148105
65933
691232
440042
698668
588724
203050
46380
862383
279774
442316
403356
912050
990499
96492
62459
164727
384214
181164
508139
31832
999269
876472
302786
279175
141873
832856
247900
321576
770107
612704
469681
352393
820288
426075
51061
409013
145477
613793
787748
425252
56110
707456
853654
562961
320300
916113
727688
704514
97277
752180
736346
612898
628652
39132
408425
286877
388341
172677
608453
674800
785381
594486
27193
122021
20561
594607
531034
682391
208400
835135
623995
264510
542591
477649
343824
862892
393762
71512
567406
7391
823692
820105
136641
968697
859237
61418
771926
763930
750447
380380
438731
52180
491218
982276
174201
28132
576883
705236
710523
785284
540371
334518
566146
599314
328519
909970
462206
722281
981483
545965
246024
321527
366070
899017
806576
741659
476787
578503
505590
227234
475235
460673
279414
966453
442949
453615
994585
19833
675203
221460
805117
731926
555978
371263
331241
884497
797586
793447
123130
295421
339412
885506
616948
221834
300875
939877
963494
777662
518380
469084
4896
993615
929757
800662
960068
372706
254278
471006
908891
445833
692466
714008
177760
764797
601624
509001
165646
915562
818800
288777
210983
674565
690635
344283
896399
991511
284160
859893
285525
802540
845329
806774
312507
775086
607436
788928
664145
378066
259934
573036
823900
468752
803397
518012
233549
921373
543365
399196
836935
362165
204325
564270
553082
411312
908553
449482
919175
192714
825727
204701
995254
671057
11475
824114
962495
135263
613042
142992
513330
872976
232381
853582
858080
552130
371594
91630
473503
431311
7178
826790
793476
727855
907412
862911
139167
815965
312393
58343
8679
654472
263044
520286
325529
790871
344400
804377
926134
957442
947369
439464
346770
696102
809398
204850
248232
180992
812832
238087
128655
336362
64877
922132
64217
972289
301395
719737
304607
130140
294432
313286
784612
557476
349924
626494
864699
694324
430871
790833
168118
894592
746650
514888
590695
72400
236091
838927
769745
565275
77015
898400
901638
658244
336884
482207
146886
638279
201944
451493
768419
496376
281131
553032
570204
631056
179526
951255
325380
126749
258441
493499
21341
521443
524739
128388
593843
277182
483668
363588
842458
560683
261989
260448
735279
115225
742655
882165
753505
460952
850010
521924
473680
647494
591308
560237
278550
287186
511492
120282
930287
769933
130133
467981
807728
171225
596369
401572
448407
80037
281512
290865
157072
59853
551313
892352
175079
810321
290869
928584
271273
657232
966860
261305
304726
74521
821542
583276
878059
333035
219910
808347
619320
350044
792680
943401
521269
905401
344973
486028
985439
142837
776894
658863
202691
844559
67567
377770
654880
358437
822706
442505
532021
305918
703811
836747
896791
525353
936375
291203
374740
156285
99550
510413
22681
408582
453814
60302
313983
315139
546331
815774
457976
839577
474638
660667
200488
542205
554789
371721
416994
893847
814226
949015
716118
34389
302114
612909
76095
238489
904112
967187
911127
520014
477600
450160
928596
447766
26815
758932
762905
89498
574706
737234
445427
565696
914253
645915
624254
469043
17636
557600
879242
348215
22968
595360
382604
325082
724622
458699
79924
145086
425887
507403
665101
419839
473915
110049
867606
500730
385333
146863
590228
960040
884097
552007
42088
798351
197923
666342
783746
731911
223943
179340
80126
246911
774701
979083
88345
15675
954134
684621
160761
380021
192024
342214
316213
665940
968616
700171
683022
353949
847034
789603
830341
247484
341610
872430
562187
55885
55124
862285
787797
279067
41625
384275
42330
332678
363358
647028
348353
317493
331649
25467
213866
523674
367681
530079
705966
336297
230250
388988
206599
593637
178591
36940
841121
520202
425722
919660
576087
480847
781945
880236
759914
339922
264512
318597
672601
144222
965625
537306
461715
297274
562773
191934
337300
930455
238365
43266
783104
468616
948607
506055
578605
127198
542996
419726
163752
968718
855738
256192
965917
637683
652780
725832
977605
917292
560781
166558
577867
42758
703865
39582
340032
266638
747868
193685
713445
986234
753303
12902
971202
701910
518957
549807
345461
578305
485885
25565
63376
341623
281757
29293
495658
450890
271477
989615
368182
348610
156174
946049
391368
376391
501984
247753
159381
766204
441438
872827
752438
194741
402081
723640
413004
921038
789799
758465
15696
275684
300382
595424
133659
98492
624717
145669
549382
412547
135285
917564
761157
807811
379966
152526
700554
398302
916631
859935
164506
358069
732762
916945
69162
134843
156937
998518
572234
463089
273335
104282
255125
573718
699706
388785
672210
840775
50806
221592
253322
702443
655508
530832
26606
35474
683358
727160
950128
116341
587096
114635
474410
836210
547932
59924
487406
221221
58443
59640
684310
848130
163922
939436
421848
379980
844573
94058
220755
895379
832002
474078
114175
487511
4910
140781
39337
204620
867942
989466
320961
455038
104101
311723
291248
168385
887999
778654
389606
946442
354646
73917
794573
34920
529705
732773
414900
890630
826832
152008
302361
175186
626086
416536
662697
147348
557318
702035
868320
425260
207853
189281
396650
311954
17356
204250
480339
905355
499257
386297
368150
853903
460214
679075
405176
506271
411848
336428
396901
755032
488436
215615
930219
630874
632151
109268
294574
189469
327655
162894
131081
535508
868527
44083
363814
885883
248334
844153
307591
747591
746803
675741
117846
723369
871168
39374
229641
283016
375803
142894
554401
380591
358509
972
11466
507013
110240
306040
212834
954248
468935
343916
489756
337462
387999
853571
739698
152685
214076
47289
900276
960879
239382
534475
684249
110550
573849
430242
393566
949652
573136
464319
846596
447998
465291
858062
955011
91884
680454
167845
46132
665741
28113
52240
519556
932465
905811
259254
85150
119888
822895
501779
597119
62277
36254
797720
172827
126455
227962
82745
592460
317451
547065
439056
765449
528708
297118
236812
136944
493924
921009
183076
159666
465475
235317
679222
397940
657480
938476
999442
293720
761371
501221
890840
340000
53827
688560
512827
180283
432875
111924
772743
750326
658989
211799
32127
704050
25269
785291
840994
519193
706300
540423
678859
171775
292092
358081
86067
465924
812909
85510
759645
90632
586731
166837
430632
156911
371749
459811
337194
804624
571736
626289
71302
747077
838088
103429
451127
379709
888720
808474
898902
111373
865249
94114
799500
673693
452195
885568
139617
781457
971078
415614
872089
74161
582451
819074
231072
954201
278885
568266
275177
850621
194555
346480
597699
548995
449909
565178
928704
854982
890004
343959
482707
271605
438073
282207
945298
406620
167775
601268
188077
655205
16882
60167
729367
599334
879241
476791
69887
674478
561410
345064
525100
272317
691544
639151
821313
657806
720681
266369
512788
127038
610328
995495
398643
48401
794054
860294
455022
961830
461562
159451
133387
478444
219618
379106
77778
615211
855898
147665
289690
417308
9082
331142
689625
700626
486645
27290
358432
207326
293660
387572
334364
420340
383067
249360
985094
177122
109654
956468
655304
571216
115919
788691
49660
851890
167798
643791
983453
540048
307808
789495
957356
316890
120637
163333
17517
607282
706976
892301
330961
516988
279874
665325
937328
662941
431037
922422
356415
540691
395242
528071
111907
511162
316763
161568
879404
913
321711
862857
57313
629519
652353
531021
946410
289342
210706
480279
412977
917682
372580
743938
434670
652454
925615
371999
831748
356653
810773
188163
897344
722368
232587
525604
233530
549350
203524
629286
66615
525235
8495
640280
154754
177200
171301
617516
466543
382007
97795
395872
299690
470376
139810
250712
639182
581777
622711
470930
454782
949837
175446
352127
672205
408033
394083
422087
473735
597607
567725
56702
122842
576220
696982
277596
753421
384635
411465
219964
282994
509260
615836
99036
495988
271998
349749
651523
370127
972460
638805
824910
438649
814251
693389
627206
738636
87472
49293
728723
685079
617018
785425
807921
709591
998759
601869
463012
899746
529686
199328
182741
38947
815164
281777
51287
603514
147878
702810
973641
636691
341616
798551
75340
672219
8292
702547
927208
95764
268192
655931
297195
401563
957709
621468
111154
472820
223338
574166
372567
753024
773494
71660
308323
105010
869789
875963
224876
17668
95125
198517
654359
953093
513421
729699
625313
38065
948598
552521
133830
733143
724804
947377
134706
682513
568846
762212
155334
308536
852730
44253
61560
626224
115913
886236
247586
985702
278551
472462
3370
373676
187331
657729
326770
217104
903781
952083
255170
368731
20956
905352
101874
745760
852729
752932
428274
937927
515144
99960
246463
367874
144213
824376
510450
260126
710612
274388
762180
989163
263202
281903
879191
966886
455984
205961
700342
359765
674396
471864
244849
695352
377216
346723
957465
746298
616008
902091
200577
131152
2051
447041
15379
662616
271417
42181
922742
498381
832922
201274
3896
96124
483177
883087
63010
939162
89049
763353
815279
763445
235217
60128
975150
128786
923204
932615
391436
539212
351058
592013
186716
353109
555406
202095
15725
826823
760629
454819
325204
593551
656093
845452
206027
655623
728540
269038
594785
333941
548743
926416
613738
300312
986545
105240
945450
909749
554207
336886
965313
905265
445252
152029
774726
658
354125
790451
343834
631106
761622
185390
224657
934068
30843
430684
106043
759383
216074
700828
609676
281169
143596
223414
581482
130141
328655
43284
556242
882862
896523
521555
304480
858127
673585
79206
858785
544062
386010
718971
175168
147632
904362
916177
598052
935205
863213
704095
210940
595640
921275
820616
876809
64872
560382
974643
711365
405389
17928
783960
804604
430803
305515
109084
288930
495452
188290
664067
555866
574300
383039
247386
238285
287401
163563
352689
222606
543129
56785
949898
138769
494412
286866
531930
559284
847248
506574
787002
768990
40854
570962
573594
471657
392829
682678
276939
888282
387320
941006
444148
477973
324045
691535
716258
611446
371450
585299
350404
914579
642084
816654
569700
652849
103520
101631
728485
467121
124557
515487
236111
165411
86449
809705
153420
995631
8735
946711
883913
396055
887717
844413
874028
728115
52300
106638
855913
940103
691938
206318
854682
850374
539324
940735
503223
642845
42366
748061
109966
166923
263548
862429
848686
866350
188486
518458
861981
197221
465169
262246
109628
869238
106659
500009
597353
675312
606647
453267
615415
814937
175937
986449
181664
715261
927184
684887
874458
485902
949300
500776
169177
212849
363205
534215
595551
551691
569025
457532
265264
34194
236130
374893
419785
342789
874902
17138
534453
997901
470405
149868
812839
646342
652670
994503
877956
579854
195742
752414
582109
145043
253191
751286
874244
132748
801854
469795
200792
370879
443679
466056
921426
679809
840949
341211
538950
232203
358349
589756
230105
345107
739624
559296
507801
392294
70151
385757
488501
782245
654524
70610
443640
907715
338248
317884
556815
140102
304031
757607
27334
264062
223664
948760
460223
580965
289971
999174
813169
164672
588930
559626
509779
844906
635274
533933
753553
705425
919690
758406
4022
574214
829016
447663
998281
683616
281899
555097
340071
585931
829056
367405
366345
52720
316165
826569
150038
122488
342095
963207
803512
447377
39185
313292
292283
674459
847225
562188
896236
283267
320594
416610
373834
665962
864273
888467
349579
662525
959916
206002
248456
788973
89759
131153
841693
922276
957722
991731
44764
299817
471290
848276
747194
26827
677920
555830
217638
41497
634370
113874
841117
954965
46837
214951
620927
911110
103418
486858
573635
63335
209212
338443
852308
298971
469597
210353
221247
943671
718437
266011
243489
706079
630640
507035
732907
824912
579217
950545
866410
213588
580772
707527
684905
627609
438830
305832
55071
542248
309043
628707
605583
518255
483502
974243
333579
469451
700949
554826
413123
419386
337190
172964
125465
484182
196351
374724
309094
775569
325270
691856
505509
422394
915735
190414
50003
354565
496246
105074
896814
321641
250133
18749
356249
733636
509345
689828
203087
210294
761006
132562
146032
98196
305526
271497
582378
18230
162574
407825
793799
487844
99681
299308
910238
15417
489722
476593
369982
502320
581667
783148
340314
831801
801898
212915
81789
827595
902743
801228
37889
180101
933791
183921
278298
755669
971770
377028
773899
134344
784853
84050
138540
400887
899710
565130
416304
905784
41723
786286
408105
139743
85787
264771
971544
887685
477686
569685
231632
896781
370913
269521
76882
821056
969794
871532
576726
941564
248561
866977
592261
549766
467380
247153
950653
367090
812284
366957
272875
854007
669596
197332
510102
755383
462103
481646
159420
456141
51331
391052
352922
938597
176925
429804
759653
146719
301337
852731
604635
66250
719709
713248
616016
187089
960402
566670
70531
289038
449979
859758
659397
635927
57090
169500
391310
35545
167498
67082
491686
218830
458134
360960
673779
151411
790765
433432
814482
608454
286164
935470
674704
522225
648718
807072
225666
125472
373742
296197
414510
340074
155956
73908
976001
729398
243408
883664
281296
410906
950746
772982
146088
925233
133943
819867
76644
441060
769652
891127
49514
572168
826597
240570
94393
991667
47642
320059
117140
937737
132608
48002
794163
804916
121910
770164
50667
881670
653828
331963
292577
604575
621297
955017
529808
271592
291237
122804
712652
60889
530283
278518
149409
873232
35440
243802
381252
599435
80213
498392
537172
729173
546394
331335
50442
184657
617851
101109
66327
271680
949424
875256
392607
570721
830274
438767
842314
121511
561571
71318
698752
608207
866189
848161
481439
417981
608315
862691
17416
204880
877435
70940
934053
940182
918627
984495
124839
536479
601956
707518
324511
551380
582775
717118
122102
413049
155885
480768
50912
233808
68438
266016
842015
450979
630529
839807
868961
238844
218850
402729
443724
612638
473670
894129
552820
392297
394977
194011
445128
996933
901529
769639
548314
656
486757
186768
930057
158994
183888
980969
909155
768678
763337
751170
219658
393866
107329
604971
632710
326180
7700
592786
938818
481370
486916
7990
390020
881893
202001
835148
395178
619882
121140
459844
620539
124249
162964
550596
283244
346852
47918
708751
115531
811255
976273
851541
721474
83603
456512
870536
926135
464212
463323
381305
461935
466591
389295
851955
864836
107648
203455
260014
243882
840947
719859
864421
965197
399175
931370
764793
746028
495640
473544
377911
306895
449817
229452
544721
49772
202316
415258
975907
666528
878581
873564
128463
345172
779211
496770
726360
886859
216578
986374
647094
573877
222585
511515
539074
621761
959237
820219
884141
454877
810115
778404
278125
776285
524208
822846
826057
726524
238104
318317
909404
633037
191881
37868
494561
487445
50990
220921
374304
783920
723648
21398
357798
946233
49266
413224
84346
524855
749796
968487
979733
559911
263243
774210
852548
787451
597056
678606
513975
351513
513275
423380
500902
221508
977600
995464
708953
544942
732737
599610
845215
456385
137360
203013
918971
702978
132589
3317
227834
882385
488157
723919
958649
751400
498129
811197
538852
611537
6155
569179
479402
519430
508911
980305
740939
2863
492121
966244
547806
741210
565854
393021
197596
703215
112386
632919
406193
244975
636236
150379
643713
640745
874298
602362
392146
372427
413559
447350
983965
419715
532881
979719
939145
41793
960024
196436
44656
968497
162681
108814
709708
244887
501835
423656
464454
614221
56575
870648
375549
692811
21027
19262
333557
411678
621624
242055
784105
551535
205757
284422
971250
738638
264142
426748
296783
740518
139536
857792
709016
818569
966606
418724
63457
984794
842380
527911
115367
898955
914911
490916
108118
452291
26530
958027
863969
648154
716434
164426
199690
438543
448849
687292
177182
229343
114040
990317
969861
253577
364461
195229
72146
331068
130305
651955
832214
972685
179867
947581
387992
611130
954850
12463
63421
981380
970490
443742
145887
203277
608169
861929
641820
573370
549221
335354
319065
179614
325672
805278
433191
206485
508
21689
537553
130813
673645
886119
619851
369864
833701
524195
980994
304903
536658
560768
286283
23501
4510
432170
226778
129031
810451
868598
218753
359673
203953
537818
539287
45977
343097
488830
252462
859957
26871
306368
507122
216868
192487
126973
586732
542540
651169
84079
847443
187827
644847
650079
727680
165709
598601
954458
294741
409053
823057
513494
285078
543362
567665
340717
589339
427114
345899
358153
287071
372770
180873
794193
589639
373361
437519
176371
432253
88688
260450
796049
792867
421649
446128
520548
587359
561081
991358
398452
970134
814415
911946
255212
874129
995963
112281
463468
423077
458180
337974
710148
830951
518847
20694
420590
408560
458213
113313
840814
63253
890116
153215
372472
828117
115695
409372
415476
676776
917083
813928
646911
731498
242227
418475
605628
238190
530757
585448
177620
988937
439774
404120
336240
958622
424814
273182
367182
399379
902848
724348
978984
792964
877563
867809
621081
993258
793533
552910
186387
710616
883190
833298
958467
641769
768125
80447
879960
815234
665895
573932
320524
105670
978052
656764
580644
919219
929947
947826
834950
832795
188527
813935
142111
582442
198096
279544
92053
991629
348806
278440
702246
231997
111738
660713
873766
396215
257512
270078
211450
923407
360362
531974
545429
338415
705090
642425
773986
151389
106604
608936
500536
295131
422871
158999
877573
137319
438544
969626
128949
303702
764418
347547
535699
876156
524612
925818
788724
782124
712248
516526
221883
72611
48500
283665
411026
269942
926090
185012
421332
549046
310300
921868
844177
249524
597220
238103
386843
35764
724081
515792
855818
488500
379691
907870
881008
904303
833688
186084
202779
545936
702610
424663
134899
751110
224680
62277
537405
667122
763641
958737
216169
73942
396957
576698
323466
994177
814801
710309
546293
55235
742454
402112
60087
122145
309982
457447
542801
660022
643532
261932
722310
346142
202947
857210
613605
427627
919487
151010
94750
199481
626099
827271
273423
539408
403969
596889
533586
735123
823550
596231
790358
82356
514695
850445
204502
824677
307892
263655
1051
467776
525587
723362
813919
244887
96924
427524
672514
16411
94886
283616
732244
720985
110887
5667
260393
31209
118908
310331
766332
942459
906563
556690
24815
421258
923487
745669
762288
747731
525676
763339
215508
567616
3053
545779
812503
99977
973303
1369
116389
68189
284986
364985
305526
912225
370653
565919
943434
489561
876251
709766
948372
299166
782808
489540
236776
222647
751561
999064
486731
793590
278756
218591
361206
281809
764370
690061
381787
254025
691430
14528
838566
492768
379513
144092
921346
750166
226363
864780
756080
618966
90899
220804
918132
390059
226696
154909
612707
494610
670325
615790
288200
949081
834381
165758
230891
598751
855819
612678
369128
63601
627206
207694
556370
6719
868138
477716
273238
94501
858848
545670
713468
466099
766474
147952
856159
509523
819213
985218
4133
5891
601008
808685
954972
951741
974443
702215
550492
346614
314893
435972
410215
458451
643666
482937
981523
511804
477005
254761
122657
335854
316783
352477
801953
83257
16782
174464
109132
835995
676034
113265
358238
277042
921950
313211
745135
896393
15426
295627
759359
846672
731599
169575
821475
891617
652512
802998
919773
129518
574111
42431
981724
890894
394908
300029
490504
411690
990846
599636
764038
666880
712902
122276
460275
151204
951839
205410
563950
483618
17390
323309
330290
265341
492884
668117
156959
661749
471116
76732
307619
561579
635515
289343
452474
546776
105724
459330
958466
96570
58966
238856
763451
288220
877485
740078
439425
829324
945488
519727
312942
479230
843036
159584
744572
852273
827702
417883
30374
815170
10967
337993
376749
646483
143688
345575
193259
765764
804905
668077
862335
863872
906934
142138
668444
300771
882216
624221
130095
344056
143948
959390
823287
503337
635326
84211
871962
463028
502094
902336
794550
513061
756681
171300
675896
416721
516875
869155
182485
321781
53585
44820
702005
476871
703310
370449
777642
101878
994671
424089
445935
654971
383479
785574
158308
18806
869785
30270
998186
371879
448958
792737
401292
721991
964037
77189
138712
997264
462696
321198
835397
32633
882370
537402
509504
102033
424204
803498
203911
418875
227588
166198
73846
127419
951772
748507
146225
337909
295129
660764
226140
744088
453501
627433
466079
933890
220974
604792
931154
200022
442342
282904
232656
841064
820306
742160
943097
760862
62011
663361
179737
289599
829559
769936
417018
297684
518443
79596
151945
813572
740360
378086
74012
710213
521871
540092
644103
742845
661236
91609
942867
619930
374513
691875
460994
711172
950388
920444
472034
12399
583805
168124
301998
929716
454412
235368
227400
972855
831316
379346
302779
571676
273784
376792
281889
795655
433236
442344
54852
610824
533954
514071
230754
424819
205947
208100
652343
156335
128544
124378
168734
228701
808854
987084
158418
263266
738804
385818
752473
570121
281516
571604
141797
555300
948396
940039
867307
897984
382383
922159
25160
432689
436231
255914
857509
158530
980367
509852
314865
108911
150582
999951
853965
475788
987035
12383
739054
725839
398201
7879
295960
196070
579484
954110
267722
44232
894149
135030
458569
792884
573541
483729
225574
9772
255996
599435
684654
236363
109287
999519
861626
776222
999470
715591
252010
502857
727974
507417
745049
642528
31648
557361
838598
611132
511471
106320
171717
921972
241350
630286
231209
814892
114015
456783
341016
370011
56218
25671
122726
681857
541542
984353
974431
57365
699944
226442
560222
944271
250211
305271
586799
281859
862633
941749
409344
890456
48069
581061
328781
805772
211347
559990
137016
841714
16773
994384
211726
589343
536407
850804
787552
77950
835157
761984
135315
51454
504778
211889
512077
754989
33513
98876
553200
412498
556977
962544
302954
121398
543605
148087
927170
271304
708077
580538
113019
241202
91275
841097
346897
627682
691901
134450
221984
43411
896434
873651
94865
917564
85541
123294
672553
635406
222170
225753
47904
295499
188298
867210
416897
248255
15298
860420
35912
239727
440958
665283
480930
532233
506380
827827
676268
714633
478629
898252
758044
891415
771904
369261
808979
857445
492555
997884
9203
231077
223638
57107
526576
928288
924317
459826
692895
455967
320246
728807
695695
761204
394090
692977
809790
416822
37156
486058
131456
515786
900662
405852
923553
672566
291466
732533
46363
300373
730417
55566
47803
470407
629025
90731
398695
553343
550557
607943
525662
870803
336750
737709
148360
247193
430686
474502
180367
467843
476912
828175
499981
377574
234028
423534
566493
41846
156067
612856
858571
402837
184775
422726
873244
813800
513458
788292
883495
580367
396235
409158
967523
249337
146867
632235
12882
93906
106737
193250
561749
100001
21425
61730
477575
771805
1616
560420
330003
674036
173277
704927
76873
874404
127653
466469
688204
641111
771113
571700
737831
167348
497210
705354
933038
160429
853941
462272
254335
477030
171874
816084
577031
193300
394166
570958
481457
912135
131379
811461
586171
821008
516388
179396
695412
160393
645865
899968
317857
416979
988020
55688
100679
485230
277394
550069
645660
131335
12342
899995
124717
184216
232432
701748
893868
142950
789058
891678
55085
920437
703139
157608
257797
735879
337004
469561
412624
982870
369530
730481
399849
357550
786169
16880
359133
579915
566950
521145
227602
95644
937492
352319
796212
686276
570419
206433
829227
359478
98111
400664
796267
317602
558273
54065
569833
895277
523626
982457
394499
409508
712939
310700
283411
15460
327581
642544
595376
410883
680041
339330
22879
617533
691650
819091
303810
778421
541876
649389
137899
639987
566405
934167
957589
124678
504584
43774
536308
28210
26232
930807
954071
739171
757860
237482
270983
85441
880026
382711
12676
76419
722042
35555
693952
930044
370998
514114
708465
912875
679855
846365
552862
246261
296884
26804
887291
801468
70578
939951
346030
613162
387111
300101
868685
144971
537583
139669
746764
933961
522380
759440
10380
244422
311347
220685
174466
682345
251151
399284
111572
931007
245649
664435
693620
58885
207591
580911
860353
794521
37215
206383
407684
424326
22837
276369
85649
560420
932390
832413
10734
454771
108205
537466
215545
419552
758151
906364
618249
9303
305648
729822
456662
551297
910609
150282
126534
118200
247545
986887
429073
284760
709622
353109
709086
732459
145831
794735
809232
78221
143500
336318
49344
251705
873784
264890
671257
631936
171254
289507
157591
476902
19329
614253
544551
929938
764535
671085
564490
528432
174324
509915
813193
883946
863025
38631
132758
8856
349719
458342
87077
493219
794660
136422
744925
668444
917664
932534
816732
88918
738393
974323
82172
274074
104928
143075
720364
385815
814160
284854
914248
504836
311122
243793
905134
174147
282424
37892
183003
632143
12586
786432
641715
807246
439206
902992
992043
356870
835526
808775
962140
90272
299451
560664
364346
920731
703739
84711
822899
34251
885917
737147
539087
197039
497292
444222
371186
779716
998466
70541
928212
11053
373326
569927
334651
328884
472919
326694
685755
824797
651822
164247
915069
467625
724912
795768
388356
945003
880479
211255
979255
766396
464754
34694
479788
962046
995268
367326
741763
510087
437868
186327
37492
327546
272606
372143
656430
745525
215190
858537
86674
867012
22785
518096
334637
264049
313864
239345
209052
194343
450601
704659
477091
431707
255706
473231
393754
250974
840558
651869
761061
278426
838196
798553
122324
110802
687049
778754
372679
902239
637292
975705
285603
176429
493801
136592
440478
807665
375937
165882
518360
342890
386894
511804
774598
642600
985035
168352
409926
825593
336573
687340
620371
174769
2245
742695
801923
689294
37802
690954
107885
675094
666659
909840
851523
160461
46432
808353
484478
422370
974235
519191
281612
877481
30995
56210
520081
532382
740914
446360
874328
77487
133700
11051
768608
652297
753747
86883
341592
791549
777837
965829
982995
960849
875670
834518
121310
922102
642871
122140
860824
133458
641331
658789
10940
188678
714999
47373
237413
972266
493733
111741
566105
143785
639144
334714
796083
392891
937949
654027
700792
715787
619856
200139
676636
11878
34657
314298
450333
193880
952790
827509
843691
110474
486298
854631
815504
201298
418356
52917
689916
428442
681010
256021
572227
320155
107087
884662
229398
45037
538689
446543
277176
674898
646682
470164
203128
197692
784462
653461
907924
737252
480971
751615
364078
967269
122598
179583
684919
540955
232500
374835
969397
429863
147209
57976
266370
254296
942639
495768
815685
997680
458663
92861
672578
105346
563025
392059
303038
863839
45520
727314
117444
42843
478930
481522
10113
601528
661105
211384
658835
409958
102572
628232
356173
249781
202561
622543
20429
145200
118311
352467
659232
576975
445328
848163
198673
524706
240222
18063
388545
285742
745377
22341
328586
224307
503864
855051
342188
681321
582787
1023
91279
685359
145608
447452
451492
348169
69995
988274
9721
704659
340741
668953
797986
786069
517116
513011
827127
757338
531074
732025
559433
792803
754366
404371
533463
258230
775774
875651
939552
358561
393026
547183
43921
54986
510988
11765
919507
97335
39
445580
318346
340780
114534
632684
643202
148002
145695
470329
421693
193121
202354
497478
985925
956721
901849
519388
731303
677623
911391
187207
552536
820769
250743
112809
875756
761731
124575
311615
375418
124614
757196
693765
981747
388082
326449
624949
536084
988497
611630
474129
181618
813985
971607
167543
287058
873456
203283
534713
67431
114674
238273
619968
451796
489016
732777
843904
767099
373704
155519
142517
498319
429067
352634
996418
817149
679084
621367
869586
667581
749349
343715
365551
563334
831675
533095
366744
705131
252730
417810
288915
883757
656083
425235
335553
661451
158012
179457
428550
48069
851328
87419
546388
280396
440054
59158
97545
635490
680525
483483
819423
429874
827199
184974
509561
658874
234421
392657
880357
487152
326819
685624
370909
499254
110859
222814
160705
785224
402271
105607
833293
253599
193027
896033
50347
149433
955191
664245
301275
152068
147728
120698
98294
491279
822024
607855
150153
56446
516865
546863
59950
843684
232487
947211
342939
859699
170025
19996
644923
88648
125604
478216
858599
834983
890601
908947
500768
845792
573192
802043
997860
720920
439093
96154
212200
777469
220362
878705
350267
253579
425568
410217
613615
174408
873780
472906
34107
43805
492903
195382
132453
134859
673598
991053
486194
80551
900000
986962
926343
989544
305357
440555
710464
260802
53061
439016
38271
789775
834074
904891
43354
775994
315108
173322
950402
705241
646228
500861
749046
139131
696243
881500
790342
886193
388905
276536
966744
805257
779850
409439
794801
601559
849994
21617
862361
419408
976986
416985
209183
811060
321876
768890
587054
153336
942212
53809
858577
104792
554670
607624
243924
250914
5476
34266
653459
910733
827155
620204
715990
607005
29643
27143
208565
879638
48760
587278
815398
25746
4263
540933
353158
326139
309823
940213
479476
768387
994022
854405
873180
65044
462029
633456
832310
983857
184074
485770
894590
11229
105974
610580
134587
135617
154075
859504
531607
202836
446782
863357
744934
451046
404291
98093
293537
714114
554658
289365
998854
548680
143771
388386
130076
122152
21842
962387
106010
722268
448157
516952
249850
554131
643885
384437
206100
797960
760293
254060
796
207075
117417
262083
174473
521708
360176
468011
752175
914834
273728
267381
979866
417499
655767
109942
539652
193961
72329
162014
916229
520486
678966
166079
590969
322851
66868
797070
120812
827161
567482
637960
550589
684899
900043
725062
206608
260219
709425
475135
691405
983154
742516
671271
917005
398283
297566
973009
592244
369895
135023
24825
406734
330342
707257
997703
169545
774125
311125
290357
117639
394959
444670
184580
79859
344713
909642
802819
121285
135420
277954
812690
634926
20470
314
551931
418753
297880
41293
527349
184127
692668
68526
590861
23010
775783
104917
708908
66261
932394
999265
183900
327354
960287
368480
407213
305001
794474
210032
942638
446246
4338
271680
81172
24808
271994
149456
959913
86226
190749
487262
270354
399769
555788
377567
422780
847924
482484
648040
914185
931231
647305
614437
258585
123945
499269
182150
428946
810095
908534
887936
256342
912872
159616
337514
937680
947963
486970
897593
34189
194071
901207
820895
593841
973347
198463
532973
337623
197299
181013
251808
128530
344670
382597
903467
468615
881866
85617
413913
691962
994151
301849
464656
423375
977818
802170
361055
925781
805493
775000
959970
999564
192559
297218
109757
682259
495681
642730
19882
209332
340095
788043
854215
201118
170640
757682
669733
568859
843300
599999
260821
353803
418200
241829
777179
396018
43999
654586
321799
365844
945939
798122
881761
138498
95340
991518
820757
107373
150601
356992
316705
7048
145035
170920
208166
832027
444955
877900
400886
804607
994251
178059
158410
412451
419888
451941
808470
980240
622880
130269
346084
568819
928391
227845
707317
540083
735716
44427
647456
886317
917771
480514
893365
62806
651434
101532
894833
612741
495784
295720
417348
6387
990131
92111
418838
410020
544052
227308
390260
166932
873930
736344
735751
802321
480542
959421
858757
216258
520200
506213
618927
437971
986727
512292
500777
154514
130176
911962
767255
142312
724034
184604
148699
714166
276715
83890
640538
337119
311198
30798
20404
185128
283494
272507
503802
764036
231928
362559
496646
752128
385124
115573
190099
371852
144218
207228
526366
790746
635543
293621
933059
359577
994577
598110
590095
787644
682000
230633
124764
509551
777783
145168
211031
61278
934027
231185
341666
165956
593744
838313
434436
495221
470238
140888
867073
614456
348116
909791
405203
983659
719764
854614
859589
714342
452724
449684
501986
651077
196670
143102
160628
974453
804622
888011
35731
738650
119197
377398
420958
712941
732063
855394
208162
202301
996282
591587
816758
860751
501378
738313
360762
221143
592927
220351
451837
562003
186388
470175
729432
383058
613278
890060
357511
934252
294424
393243
672902
413621
286993
93860
126562
535408
465607
851077
737709
978241
959016
70819
838992
460395
325484
716107
197890
434763
936458
166079
996767
639198
636254
726199
22256
249532
132612
379768
700137
427036
289363
373039
840657
92708
983252
483571
144468
448859
851000
398529
427100
810017
469349
782445
786764
311185
498552
501006
745949
951362
667085
259068
590561
303339
501619
612817
69224
150583
508937
769361
577619
314652
658752
934628
923712
642004
934552
68180
607215
301904
466710
34316
628273
452411
333113
931389
763596
831665
432395
509545
299379
615832
284965
889940
919172
786585
19110
504748
937168
44399
790461
31140
359052
449213
482120
799116
607570
933024
867297
214785
234929
334007
249101
379554
302770
98566
310944
66366
930231
259691
92264
229611
875524
377229
635903
794696
163814
655013
815796
100983
699413
606257
648475
574817
571822
130595
373933
179392
63620
757582
394178
814901
607941
159631
194455
910711
258198
505399
977078
188429
765091
585694
934392
640615
962923
570296
951663
643090
741661
767459
260425
957426
890068
908900
48595
461890
39495
938881
641283
619467
696463
35461
434368
304405
711444
628824
731468
969642
650575
708546
674424
415666
810592
608816
572633
289868
695464
524296
932958
953478
808107
709735
910904
214527
618635
475852
676418
174482
414733
834053
793950
627548
385866
744670
931953
97310
373494
663422
66953
24070
888320
741377
956088
215265
866545
528722
505133
78362
569370
954443
548192
893830
664178
975448
108357
282813
451300
301127
973647
866033
651532
283949
493582
37398
28620
941887
134709
918466
121661
718014
942536
526334
975743
414977
741599
842288
943699
246732
437002
29421
201175
985194
439603
381705
960643
64313
180870
928295
365440
154517
310681
16973
954819
804263
570723
983439
262502
705432
418257
900516
423446
360794
426850
915541
292123
684801
757830
752174
931533
711184
781595
649060
212731
737551
30765
689726
801864
211635
618021
683656
882504
928702
700629
837323
249317
271353
337114
28172
493137
755372
928688
432936
632518
355538
348477
924641
40339
622659
676815
488224
850196
974762
653636
62927
712313
200753
752653
514177
928740
887026
197834
327596
332081
414815
681272
97750
202520
18386
125922
212010
290110
54610
644946
922628
926500
509775
363621
483191
648787
556788
487767
498983
47903
141403
561910
760216
858508
830915
790746
303600
234293
504932
631197
566374
436099
312469
180477
638620
847207
306399
366982
137318
361010
528280
576298
803862
38055
456272
287054
686842
13060
774821
702177
60963
432577
780439
337532
291085
611354
128278
111038
362000
149562
742235
444726
585661
571056
625203
740633
418263
931603
107615
71933
808965
152247
648232
612827
190303
104504
416233
393497
633916
191055
612027
694880
139984
392466
548764
947421
3821
677042
58459
882173
826604
800694
326899
928617
888102
952103
669251
306366
883706
293218
894651
209023
445466
542883
821850
152121
163739
238084
61970
797656
945491
673997
8888
85475
66464
557652
32896
586637
751046
91356
468810
94002
408402
795709
22619
812857
747812
208222
635575
147870
17793
530226
873245
463259
589462
211448
131732
753201
965884
193702
67209
911375
384052
592449
513202
450516
666453
546098
37153
417499
153806
505963
27853
78561
818024
566825
891418
82189
775047
526993
746411
309192
573571
619657
288803
163033
831105
420535
432587
796989
130590
16148
224716
514642
608598
737918
965158
275051
800368
518663
208903
470527
540978
236756
65440
359002
803581
473210
441191
94981
203
187603
404173
90126
323612
692977
253160
671069
629864
202099
984410
760454
218247
209126
275096
826845
463396
756606
618249
780116
275269
343504
766995
816247
580260
832435
175250
900194
305645
132793
511527
822200
836748
915700
912327
160360
125029
681839
347781
754894
883938
332191
31700
618537
57669
306797
961735
37417
579755
96336
817534
855025
439840
100881
187624
536452
933317
879226
436646
755314
12020
464525
577515
365120
380226
6194
525481
21607
204385
389614
292853
604675
721806
324554
223212
779475
147703
701299
816893
727458
797635
150779
98835
237475
251660
286460
290280
701329
165686
243278
456644
177706
707804
550511
542827
604382
73057
584660
625989
277442
974274
918843
398469
212432
759749
138033
991908
907452
839333
325153
151262
636968
475932
250098
390796
727592
536558
681076
428922
218596
440706
401918
912655
148510
952429
455482
752892
25486
556494
378882
819280
47120
814077
217749
259553
90178
872134
767813
513982
711467
92966
665244
864788
568898
431694
771936
812842
484604
969364
758116
703201
410070
160034
615856
558581
112463
587690
311473
654301
660536
206707
473581
707656
537136
207682
483561
143666
79817
251374
657648
307636
344340
839245
172424
429590
787291
460712
242433
271896
430076
549
491449
840147
160584
623657
915080
789399
211347
742905
443701
871883
949613
433634
95891
3101
157669
579453
146768
237486
830827
320768
61474
175168
676365
750251
604758
463657
210963
363543
251905
157392
364093
743354
997539
41029
367011
428971
346780
94710
171876
306833
966593
637841
740468
62484
640943
414489
641937
304063
168327
989117
141183
229801
164285
817549
980052
285395
797558
707368
648939
49463
864760
529384
792817
378651
570413
676180
807622
917193
770890
979498
224027
737483
617340
480847
316319
774635
895336
474609
595050
63663
463726
252585
809816
144363
70134
789869
946110
867692
497237
595049
433507
361997
124433
226324
740648
211198
902504
64622
644744
189746
44120
385123
927229
177812
865970
759901
468799
277658
750862
580201
857673
214588
832787
667489
875303
419273
973710
821413
803318
470947
932815
753177
349296
573600
979502
606296
784799
398358
187270
429543
588105
747743
331018
31686
441907
196988
307939
427059
990998
58801
7260
848671
789741
356399
32512
665044
292025
6223
2810
611695
993522
935625
364872
859171
509225
860726
981819
294024
775437
169090
239919
879894
916833
87289
427932
358740
284277
735872
785799
791627
311025
309412
156650
100767
182163
189163
765811
990540
711738
768621
602235
705260
704246
483460
80783
729824
344186
62603
540200
635975
748045
296472
515869
664878
383761
460154
539970
184391
196026
842122
976018
507051
667886
132669
124170
850049
838184
889982
840590
549922
174955
959177
771534
395554
442637
852318
125378
303176
431273
181930
939151
179318
478402
971373
360548
862164
431527
416870
46555
143905
258992
22573
167308
926878
671594
291479
293280
26130
181461
133870
576052
872768
609399
863939
784674
52037
232609
426404
871565
663882
608335
327068
359552
86737
298441
720100
948901
246320
136970
511808
390225
395963
50734
557534
839193
722328
849013
132473
264811
546826
782695
357215
935946
392095
221154
720621
960484
453763
147025
832049
633997
755360
675469
993549
358450
973911
230001
307351
220231
366972
819160
126809
279287
869894
684343
634832
108574
49708
767306
889737
596534
66353
246953
532480
974800
984459
769453
935284
954575
916479
283685
588572
188191
959155
98474
546641
449418
328475
370345
186001
695447
705857
312810
491086
92103
513505
125919
717029
563213
409577
606767
676099
475930
853720
208580
967083
838179
494385
418719
309106
927216
702405
897679
115408
177912
996153
178401
143682
840980
65098
329683
52780
770955
642494
543866
863058
672351
669785
580088
235565
595714
703207
911664
587997
73279
636596
555080
427810
130982
973799
736917
574550
192556
634596
689958
370468
147101
384712
30502
504433
449810
360186
557213
220766
519032
101080
600176
191383
287217
696616
943300
882932
399823
854965
470929
473102
7913
542361
900913
655247
516160
637830
229798
225069
788778
436108
595537
452231
820820
626040
956664
786983
502578
513878
524101
21610
131310
124277
729345
418527
337246
672646
817811
737069
43963
805092
726524
51876
863805
143789
707124
379966
781619
453274
605035
86749
889382
716924
55332
226555
859316
11996
13538
878246
42226
537639
416208
689888
178268
145554
624768
515514
334552
442579
768936
378515
764024
495460
946743
627829
639249
653867
524147
937220
107141
645534
540321
512876
878811
595653
739431
738127
124001
752969
132726
166228
806960
548934
856116
501580
694488
997236
533447
545392
439816
302383
923907
720192
314195
870651
348021
469796
40870
388521
407016
664364
34055
947337
177240
912866
59342
916671
167346
183343
185992
300072
865923
509304
849006
238392
10884
59847
235628
544331
605239
191796
363066
45499
911988
677261
916150
776362
147057
473372
164883
70425
137736
715290
534114
831328
628157
593456
747999
795503
293152
450343
611927
675427
475999
460933
913819
3236
37132
665800
63919
642372
857596
426986
687871
285937
620599
120373
62299
767657
110097
743534
838082
247834
458824
888549
79162
603333
482005
343514
398836
291509
310209
10763
966937
786209
988049
397108
305797
25181
62908
369716
183905
436857
796702
388128
722794
417302
508501
301445
701311
618599
561331
55745
382785
536507
944294
978299
139841
942652
838165
55029
234161
664727
582145
717450
967288
570194
114559
273085
111727
693819
642801
295633
130676
955856
683761
369822
373158
708615
187619
590821
843566
748950
646566
742703
801810
590861
237354
941651
533513
75520
996680
284026
256599
95177
1477
223887
665371
632388
13324
293451
326207
656125
105436
973236
611981
305549
343058
501491
14164
47030
92312
374082
312332
738879
633137
114142
846092
870492
55793
895957
462364
568826
696335
718963
664003
697812
459202
845727
846552
472526
139178
689112
128651
244614
662348
256985
550163
521758
274828
80680
568788
367141
971114
881121
622372
604252
995263
984816
474744
567409
880773
453460
136235
577108
172423
316590
791273
147977
162317
154177
620503
817847
843289
265506
62461
505637
38843
128977
543748
313672
726009
112536
197165
697123
510009
335889
817727
21625
320705
808823
589034
717830
262283
241621
811290
951058
558211
602563
99035
720529
273093
235890
54728
116382
501397
117190
138372
540240
762519
682120
370264
4880
311008
567429
702003
821018
419670
36083
842643
740375
844906
948029
974557
107190
189650
785848
58248
264213
904763
673636
501094
177856
909526
555823
294239
927275
189365
948963
467516
951884
631083
354132
956764
942091
437914
175119
279461
857584
211202
122104
597960
572461
586485
572517
679651
776135
358365
254251
556701
779481
444239
57795
957337
353766
613618
767928
281041
802983
716891
264909
271219
864326
619042
744335
322770
56956
919455
602231
914540
647009
240688
28852
735822
827173
117722
415473
119661
992439
186077
676362
771920
630316
734157
729258
500434
864128
497186
781476
667111
214078
562737
938331
594756
181779
682666
917526
755087
118473
519758
185980
281835
276798
214832
17657
103971
332554
949483
739984
324994
651912
416346
96914
282228
666856
342524
299015
530984
839711
80491
714447
570141
159580
169130
164897
341360
368149
598776
612799
2974
118534
798779
284809
911684
13612
302467
15655
862518
768302
271992
703864
420214
204690
317131
218794
871546
659655
517809
918882
15718
114652
149682
585859
274233
318812
267109
615593
686961
865885
744744
689936
500771
543524
491097
412455
73488
309916
944462
452358
78218
216454
156223
14784
421145
989706
233579
809043
649361
751388
244278
665080
866041
393960
767291
140274
229124
550752
272219
432438
932989
16963
638726
433760
76839
129823
362567
666679
439740
307030
119038
34310
39836
791613
49095
977333
781319
799026
302729
947032
550414
547007
612112
932807
940967
895756
589433
170091
446508
378004
602529
895850
911320
241255
329610
988159
887431
208530
654839
843523
515560
290229
877833
71748
81842
443280
49082
379513
242306
351811
326545
309073
415170
455010
241880
356137
867118
831314
42580
829978
209318
161462
725828
636990
919069
55439
625150
806500
780321
796341
650023
812233
602922
44209
883981
201116
487489
449415
580629
246148
317578
907174
555221
732748
878536
313453
605237
745654
661119
647818
575633
386790
325632
301461
23780
244701
873252
648930
567554
653573
961623
217577
465806
564545
778138
866140
765661
781980
315555
862642
28128
633134
286169
583349
882234
164705
413154
487472
910360
74274
651642
2345
461064
977274
820158
484844
221975
693411
650127
305881
863336
611750
523459
845495
692648
817949
711635
974661
599929
27190
837304
628057
176676
123473
727758
58911
288178
140913
62735
714890
215187
714377
233587
192603
691651
53746
677447
429978
263509
843926
735860
126845
455677
775671
972340
664677
593620
200327
639338
193550
743870
476642
337959
920546
600115
582070
495809
404646
722983
558544
635888
454522
789273
869476
163477
480924
923222
840924
427255
186731
684851
163115
829928
656880
455138
802269
837909
48758
518948
477247
758660
262818
470242
612972
699717
586709
195042
195526
507707
434377
270423
143596
888899
576048
13072
52376
56973
452646
409652
580
639377
610855
163695
469305
784087
135185
787926
621996
183943
306875
615596
458956
569693
602190
71928
269410
705251
783322
981289
212959
217699
768064
356555
622950
344112
885979
191678
917437
338625
601330
918017
978002
728538
598064
963659
512625
733249
267938
650974
433545
574813
782922
892501
660858
901464
480781
446621
606715
264103
944262
819674
998154
712326
692581
621104
572790
578560
812782
490228
433537
930464
924597
411539
659002
522662
891551
687980
255911
159489
855306
205808
250654
638228
614661
911512
56044
95442
358133
662759
875897
818747
998786
874051
531073
691367
11507
620216
786280
824289
626796
219817
754754
551393
147709
413756
590407
555612
618088
362671
715101
473394
568479
482107
627974
183141
393619
684018
794935
268105
346778
187185
86852
861916
577588
134278
69635
589096
754494
855915
413385
381290
592085
684491
449035
256146
614600
39443
811758
232688
402114
43211
222435
486945
525318
850409
670086
435289
534428
981374
703394
397558
168559
306599
259474
746147
957229
329109
335243
711723
185025
264981
609365
293462
465824
574752
549608
596776
614195
877718
829465
532661
920929
568252
19607
962599
418661
206045
397888
953089
187419
617635
350647
355978
440586
610121
618478
397815
939231
470073
625890
640608
251406
235255
450422
717231
810007
30
314007
940555
877748
659824
473216
315029
228076
9175
277628
646738
215221
191868
116179
918992
809503
466827
274971
250089
593300
409801
647904
48883
879874
273794
205843
131281
25401
656265
848512
351761
172647
678871
808668
566747
338696
281884
881776
83124
807412
675756
246214
538985
867625
362394
457977
193480
345573
249300
959922
455225
659101
607826
504109
538976
397973
226304
670257
939726
882570
35121
807839
55217
230344
616507
138317
85392
898392
536445
168517
222156
212202
414731
761141
596179
293477
219118
306011
639050
468419
265933
610628
127520
390112
114737
182848
788085
857393
369457
244163
739963
404578
52003
311533
151275
668510
449850
236667
83254
502647
405184
305410
714849
336268
582903
827380
146097
802022
133392
301500
786793
399325
912128
430665
789437
543217
129866
93874
400610
499323
854390
140574
420254
906393
968459
571529
91255
934661
808196
174510
437308
729733
996272
668510
582353
579176
12242
728450
897550
145634
546302
200695
61312
458430
147712
367101
1647
277578
977328
402258
776902
831718
59184
713508
738111
543995
285037
829366
995008
609585
520228
432316
855670
32853
617178
438023
128381
629421
682826
25931
291407
229128
742978
352719
687559
890690
719821
205558
168269
697149
124168
461523
45219
699704
175031
783330
243699
460068
129048
238707
586005
165629
187376
441676
198482
804554
396051
326863
950327
595229
869146
241735
824358
128476
594454
28269
19166
830627
750179
703787
44128
874348
165310
89347
90404
340341
389029
334104
316761
34430
89163
419119
716411
792891
377147
914893
113798
773198
758108
64125
368428
143606
305860
709138
272082
416667
253759
807600
763646
3938
511388
807775
394638
193050
413474
485043
49744
802504
335499
882857
836934
941014
301976
69697
733906
679123
984590
847704
968674
259050
428181
337102
919008
734042
562592
191090
667061
816351
515042
430707
336641
26430
238482
731280
219481
651957
732675
269225
970813
68174
152082
324099
9188
970411
393796
743094
649534
894738
107150
134560
670140
535332
471662
589148
785726
550606
296590
969139
366957
811632
399846
219951
354415
154681
951231
573896
322990
683906
359473
293803
268432
27907
134254
277620
514670
528050
537067
680557
939140
160569
815117
609280
695901
803132
198428
997979
353738
11370
967118
237048
823002
366965
456999
177417
37998
924582
267665
360988
124840
143490
171143
909624
171398
821749
187244
202420
349799
240663
882977
805291
401233
698095
414571
613486
501227
129351
611466
371317
140721
94936
608365
480075
978253
581716
657493
16251
22650
925158
893591
147490
585001
64734
57114
272751
886483
760711
475171
752634
1374
358149
74277
918959
56244
488848
48798
73823
134551
660264
445140
275272
271552
53506
755348
249806
151574
929193
782409
174225
370703
676001
321715
955704
257087
895182
228455
659923
655893
703627
928909
173619
61776
3187
608931
634372
8387
657729
708195
142939
834345
153335
418211
105897
723193
689911
872055
874768
619104
654465
48993
506160
330466
887060
461864
103905
782242
206672
763828
954487
426651
692738
644459
488427
695925
769742
639151
704312
427471
863698
363603
261816
17033
298167
884065
256579
988078
756121
131347
123535
926938
696692
146047
257404
100104
607911
361309
398699
330935
641490
353186
757586
850580
513997
762365
62857
283739
401516
283521
227562
265214
647125
5730
798600
945292
889796
55179
449722
162269
702878
573257
89207
915922
719304
862963
16026
843568
740624
414725
690855
898466
284264
448442
749046
798261
210807
811903
598353
128676
95425
825915
910242
742550
831646
708842
687842
237794
280373
137564
400063
983251
227174
5622
899173
462830
868585
431552
822750
125561
846277
513606
24028
130541
962048
773074
445155
689207
101330
43508
817883
196755
385775
728126
939305
217421
953320
143499
455215
233694
797415
371630
733297
540941
377252
148823
520124
762189
580375
342874
404103
943004
856480
944483
589898
334880
717557
35053
540440
818887
594913
358323
531994
980688
602801
987651
714462
556122
131150
686029
306168
444918
57660
39465
502211
951264
188288
22335
229806
285015
365210
633909
228020
738042
578392
817918
589275
812301
852971
129715
147541
964236
4390
679535
461276
607192
667187
175738
679666
314689
861768
985834
275959
435780
541651
778171
903396
729940
800506
133202
531307
682068
283463
759327
420111
378207
577245
9386
190509
946568
655453
854402
427156
659843
533937
888433
267035
717476
580523
463053
548518
958643
448887
340829
394423
506891
119000
297820
753183
435859
947374
284490
634279
230838
43818
54390
609045
137415
580128
315906
600336
751933
170308
27492
411777
220598
432277
678812
454426
12801
658218
519296
487796
623457
860126
882220
130348
495478
696392
883531
447689
160118
168022
81969
907308
728192
136359
516354
865607
232840
348612
982295
984773
35273
526140
396550
255871
958417
591715
226649
487570
766285
745946
975367
389742
606072
373939
520091
617902
586683
403622
65592
746801
87996
147561
654110
816188
800272
686816
198148
33112
551780
696795
534238
587053
222935
447140
359276
697705
555207
585926
185275
321492
331872
676994
711235
454296
567285
747678
72198
153968
667652
137790
417122
755649
801703
587584
88189
601976
274400
286337
151440
342532
499485
685678
929586
722420
649171
805214
936477
720730
391140
638105
42223
239364
315099
269810
210012
882385
17488
798563
552705
685140
452705
969827
957141
254409
557411
45331
856385
348163
848020
524177
690696
347505
209856
136634
586278
375379
458200
522755
96109
849341
160860
654684
605057
992312
924494
331422
874697
458334
129985
943754
659827
582690
913582
616968
837099
987345
178651
209836
851861
26672
734014
58909
890529
460222
711895
476807
835601
170095
515915
448062
535788
676775
102747
140846
669087
543593
472268
60136
518280
118605
3891
178107
701295
433825
311427
54747
937522
490079
264583
789383
33103
514949
848292
923632
975171
560187
916792
327124
730283
432707
291539
266071
625834
910638
923269
294922
454231
911889
871410
488863
546846
391653
666970
248142
825478
494750
302889
279353
501181
83824
68736
534284
598774
433381
974268
90297
993568
407412
933774
240203
840119
225313
22627
465954
135951
462248
277228
106534
374138
148638
595398
920984
540292
778720
685478
882122
273470
504719
161475
774651
104896
746564
825287
220022
179945
799556
310319
173513
723320
760445
930069
563440
985758
952696
545746
638061
414944
822974
744596
305434
487964
339994
742771
28256
118714
944601
426731
908537
449321
104558
683188
70569
851122
24828
290591
31067
340736
117262
720933
64056
877708
167354
627496
863466
120050
689594
501528
51346
512568
762476
873133
533
102470
132256
545141
737536
76857
488224
646073
42530
592783
329262
113099
960257
870442
403690
507677
211178
520953
228610
275234
398661
395964
419083
778479
32366
108677
796359
600064
137598
558835
473197
138131
177657
605453
199624
915194
198663
204201
561267
241193
313336
406881
354293
273593
277323
757983
781270
488501
795288
526232
763736
710301
438548
182819
5133
987266
807848
801492
587331
945446
876680
576880
599929
54337
698686
315906
969531
897349
520107
47151
138542
833443
454032
9187
623388
731356
767171
404659
219857
78811
447243
499945
789113
885792
682764
310598
873058
6965
628442
976741
952411
505122
553622
552341
75812
252308
868247
561695
149657
904706
608846
804551
254501
62879
813739
877889
794235
97262
798900
14092
176073
246144
30390
481538
648288
713154
308488
37698
720119
936931
14440
188883
442053
84414
741224
34217
336722
125823
595913
2731
546881
204759
807282
801382
783990
137373
679271
94577
234635
478172
625022
927061
724316
655412
924951
888956
368566
233440
926654
605038
170371
941094
310273
128776
25508
567849
162994
878582
210024
275259
881313
756905
996370
204948
558287
780361
858673
237558
874938
93309
232082
499960
536722
472750
155372
461673
361706
40291
695113
288361
161681
381836
229455
988306
510613
771316
556155
189959
649898
766179
465218
47564
523084
977940
768864
81371
758301
627537
835281
149592
237198
67364
165904
773920
540114
837629
751946
901821
394272
963411
190182
72305
345248
935989
60611
372213
223657
616766
562172
389908
899297
543742
437472
422381
521682
722688
20104
796336
866577
855385
462280
103776
439101
628184
394048
979216
982165
145994
397389
376437
109406
103923
448742
971006
556264
25705
343219
779922
158823
421743
169830
58120
481837
123654
996853
3519
362694
16957
316207
229271
388695
778487
849399
344148
923024
243448
839716
905189
905794
237105
797979
531552
857380
246721
502558
413645
788779
362129
709919
947602
300224
396101
5723
782061
36107
2576
301933
398801
535886
618140
628072
440933
912980
993824
785081
836004
237272
141150
741193
659418
378255
539172
190971
751988
302246
209881
681985
91025
88363
391904
38627
388587
304357
560702
170649
340464
79631
472582
255617
131869
90722
400041
89154
3702
393865
390587
839706
147489
531737
97252
806908
426345
152776
514231
178333
971374
724112
860318
578751
812475
768574
133731
717415
589283
694433
888064
929747
290416
360646
701716
422285
967720
101757
27791
971423
495623
418379
327481
159464
950116
941085
966372
892813
610214
996955
71146
581588
237420
447816
160340
566247
732742
294071
283662
322025
504856
171726
251772
795273
532372
469840
733910
500093
571598
278054
987868
583573
696433
831701
743037
162901
772787
225762
55715
383001
739069
643213
480941
976489
91030
641281
542737
823772
451704
342751
145798
472913
514478
913922
784538
563202
900115
518448
579647
471713
312854
83867
571638
9287
915569
314675
688541
204708
56789
744256
104061
795859
903821
585002
288700
994851
742636
347789
334976
710692
690541
997126
183605
721371
427400
968143
284573
327515
2944
380573
315580
315798
464440
887218
841438
896361
201894
529979
617421
775035
790587
721482
87246
694408
822837
375947
205612
565473
723736
540588
792517
414277
54066
976123
135648
481466
460618
936574
325334
979914
833499
640914
295713
814291
528133
137151
710653
246379
183482
328074
537766
974069
565909
625013
184829
388746
960
390441
470571
724696
931029
263088
655326
501447
755563
790974
499266
732534
243900
824600
712448
77399
981866
8161
891691
509999
661664
602344
272730
361498
446770
810497
851919
529031
951862
36749
917777
952822
427190
904700
193870
874572
684141
849196
376019
956056
640171
875285
688590
400423
216237
401039
477823
198104
925552
369514
224455
103569
488210
497186
981419
451332
824035
833339
980364
775897
870088
414493
728719
813630
319194
438941
688202
3335
288138
580574
959391
444661
972211
164334
845084
704801
565373
322907
902905
7277
208773
127360
110846
696983
140898
92266
664668
481285
441957
645032
257182
312045
59525
502253
642027
895071
941195
846582
898406
745685
427156
374150
190346
915719
538484
35430
620520
620209
874690
39777
627486
599815
167138
254685
813151
824388
863303
477819
305674
305260
122851
562856
133657
698728
581462
775684
593800
39009
622266
8558
784694
565774
382708
975040
997846
437544
526822
618366
57753
917864
174496
685240
517680
341634
939925
330831
682374
803228
808650
988048
624840
447853
67257
758497
146581
165071
534181
740381
204080
156448
748940
988774
238574
648000
480166
236420
85545
6988
371139
143298
441205
545635
344890
958885
403621
284815
806068
85995
604395
614718
590396
229235
62571
174005
987732
725504
339076
38266
465886
59508
711066
731178
48282
949640
379178
44800
702413
981075
51788
73552
124374
492993
619187
469264
968230
539160
270432
774298
625155
391179
905368
731903
620415
484291
422260
124499
209796
761336
162765
192034
337196
873831
439564
901830
339824
335094
946630
42237
316170
514771
115789
956896
524116
251328
426160
492347
790488
212944
782997
931995
604124
688366
180251
224539
172657
602511
865390
382453
880200
28156
90839
217396
418339
530403
119227
758163
865498
65857
800400
181668
96980
432541
138564
621097
683869
81076
113444
990709
810373
896441
922705
414497
101159
619308
155388
273817
221819
20778
172622
102019
565286
263462
835768
983626
310217
471347
741789
175715
53556
58542
873735
150537
491083
528651
771634
691305
126080
401430
682014
936453
814223
121071
350950
915383
740379
22690
705552
962199
559820
394526
580570
125107
657988
416338
625085
968206
887685
366874
660273
457594
941768
534009
608131
432852
579012
379765
124157
705092
297547
806171
641545
111770
927243
508847
543505
667622
531537
249057
146173
607710
643584
726744
732817
817924
659434
357902
302482
63472
241128
962756
521066
182897
13117
129197
132101
592129
25314
256258
813574
322861
578781
455119
950983
22376
480319
494489
206351
11856
743546
352524
135918
903482
595620
868735
721407
255055
742989
540241
834879
984118
502997
872297
683367
32466
1494
815468
140948
543160
588078
954522
382373
166859
925993
333356
189236
406312
827845
395587
934521
87744
264463
70439
991226
860084
455527
228985
631491
198516
769227
982722
698986
788576
855019
382353
337395
372865
714173
478343
916025
302251
949217
814750
469111
875210
148106
174699
281523
492304
86638
732396
96400
867453
802835
603978
243889
258362
832964
391732
973231
118543
374454
672217
423471
229473
570923
760866
118690
285096
239209
34715
587348
704778
365817
572811
96341
513924
263862
894216
522580
866852
626612
618980
734305
429447
739310
978195
204162
572274
369927
177393
207169
260734
365962
630641
6559
936885
391507
125250
221982
147069
676317
325682
851847
42135
898493
948188
72411
678707
842404
594991
545559
985368
730323
279864
931168
469633
774411
135330
558260
660691
829075
765429
921425
711389
396070
927984
648275
303930
53234
386609
967351
729552
712291
819198
771687
127136
283739
844098
805843
642495
955441
351402
144216
685764
147618
75384
671749
438382
727066
230009
99073
72493
995439
20498
783882
907861
464834
432157
728143
518069
335118
695494
763973
47409
31045
52012
174545
831136
412462
496740
473631
367903
364494
134199
570019
28465
209583
241768
466847
936649
988130
565920
9142
499921
586418
793025
407782
51252
741534
652278
85673
76653
347772
365998
640414
378817
418010
814960
726305
346824
828052
716289
231079
192547
850488
801098
737364
60072
559219
204211
996721
547349
770131
522216
47270
872901
831593
971404
440505
573127
623682
526179
166132
487807
408529
806547
382976
826540
137859
109282
689716
965911
825571
920796
674810
676059
721894
412174
736131
797465
616385
249205
344814
902868
287773
908436
775769
119366
879841
216275
208845
19875
258806
374978
24034
667335
181525
407011
10227
319384
32645
699944
801647
858216
620740
992810
50627
858986
404984
303111
656452
537722
68668
517618
440590
356441
426055
732712
475807
822248
948987
684652
358475
724145
575982
382510
391480
757507
305873
918060
593243
338518
618004
394891
713086
755096
387701
763713
614082
309037
66824
270534
363111
651844
304505
320054
8285
730560
52766
444
69160
518105
201449
427635
242250
777431
326497
150082
51291
632370
68142
644534
487240
202498
555777
200326
957594
459830
964040
571677
768868
547216
358563
648331
715413
179420
968385
723698
909980
537503
240495
495492
55608
441944
923128
297858
219375
765977
964293
270666
398348
32435
431553
885588
234934
987330
85915
708880
447161
566307
796909
732381
629875
155473
897064
345288
851245
865450
585339
761226
402953
825834
773070
974914
784130
696198
789124
3505
462176
753417
790524
376876
302205
738429
778816
53491
725759
381083
762371
689272
463742
559281
421653
609970
231106
318718
955258
82351
700520
56949
359929
619825
399135
133000
594739
183265
345550
900216
703123
324078
653633
493647
217306
472190
232076
996123
525681
474187
377206
288053
163460
840949
363686
101465
450919
111144
420183
922529
193495
637055
495831
69777
256881
894966
202777
367972
78232
64679
268188
781355
388758
438174
791354
606064
910364
539782
602187
436046
13969
495746
240451
693781
853047
120489
795247
303966
231633
731782
742847
425128
368838
238678
11257
625719
649997
214034
510043
244581
795066
778232
25936
183824
216406
333642
306240
126770
873424
424780
79168
403745
920526
319619
613879
773573
440108
409126
593891
188093
140908
853090
613222
26098
608121
140831
168169
258118
354866
678213
502699
149932
456445
44987
850108
189203
894981
156348
832325
284757
97480
911494
204854
18006
747465
818733
307931
703926
227859
418174
892019
885120
787617
21593
911218
395738
162425
79388
170208
33643
757601
189259
699927
730398
750598
550035
435953
645579
222735
268278
930336
320216
179772
135190
854574
927238
953924
678858
147516
698135
613384
39535
583255
401001
61129
10826
313091
739906
90214
999651
773549
364167
188910
473476
610917
939508
539863
46870
101439
762598
315148
31775
599166
11273
683318
970093
454863
153594
165303
602379
851729
778687
158266
951337
696041
219395
962163
525484
475653
568729
525136
249202
449248
230398
239030
60165
686259
778893
623387
787698
57844
938535
335826
173362
466160
535496
143455
921023
689090
825110
39754
57171
120150
198021
8508
332543
933768
487023
858027
409422
55752
899515
174976
505000
646266
414007
81517
848877
709252
704904
152927
767096
159792
488753
940459
625952
540601
600266
63328
229691
941729
103082
803215
61879
817455
328075
394422
267576
815099
768801
193350
387203
184669
368326
408556
830935
298685
490073
679812
7938
711330
832739
775034
871122
837845
231845
497074
894798
348464
76754
640842
290193
696189
444057
868424
513644
772132
262846
297572
103583
547999
490922
490787
732668
859249
899343
79955
157934
905768
276119
165872
617098
625211
457259
4572
979408
205456
501647
874206
70272
94753
515048
876817
790942
959105
745241
820939
247590
8087
118511
351173
72439
609434
358312
805107
468683
774007
885063
142969
679776
161182
825194
813226
786393
798805
817799
765801
4261
835798
156360
590886
930551
671408
467703
237846
146866
212945
58785
394456
737384
177296
261981
809823
303082
620294
131283
288117
394301
532698
431087
590429
693880
256281
403656
996626
571438
737807
278779
92051
573605
435139
682937
20508
622900
666993
258354
769766
396290
317139
164222
133674
10788
426203
459850
313870
46497
107485
118340
957151
640183
549427
547580
850415
322060
951236
363393
893498
689043
642173
501901
779000
593664
184839
799509
216564
851832
57863
986330
248122
891355
666904
898148
418495
609460
874350
248717
172309
981835
367057
129460
138370
432836
677041
988786
754896
144629
352179
164746
350025
510704
666648
129025
104369
367839
444886
837285
736023
19102
339968
500497
910457
6872
914997
845304
132684
789348
94021
304994
287535
977431
434454
425906
410267
627847
414692
681516
288829
766871
846262
638854
277576
29262
284231
898297
913453
729118
735582
649476
748220
591902
149973
175029
115127
581323
20333
247811
370671
630706
552805
658206
608137
503612
600464
18405
647811
15156
699921
936640
298380
62535
575494
92308
608150
859726
506957
521603
105196
758891
687432
369768
350794
353757
544797
465921
935080
81482
713732
822103
712188
782890
480310
836678
802854
597126
371435
450665
128635
71356
387306
427015
650243
962800
35675
774745
338878
542632
296349
960426
301523
500133
330194
168669
853890
391343
150942
788971
472825
381027
611074
701366
163917
607736
538044
966771
204863
909479
417436
333498
497187
321094
276865
663782
800247
312540
438528
139125
371524
251229
615904
189399
751362
462450
358069
605252
853794
509011
910575
842971
890038
38002
544337
570307
645738
598733
53430
366953
24564
987219
216803
38103
308313
10020
218238
108560
838912
173118
764038
210436
424347
379942
916188
692061
842392
790609
813665
212538
815972
724241
55510
222363
762243
116199
792670
924333
231285
362453
807639
772201
349672
540794
810305
174337
550815
544895
799250
906079
718013
563288
116516
658712
459582
549056
350773
818326
339665
164438
30865
671989
405031
602727
894352
683626
718926
203375
607960
466563
565828
931951
238765
431852
472745
565422
606189
539912
110317
405439
445992
344682
485079
78860
3394
461013
627916
354167
279340
483933
34957
826557
155922
956341
429284
50275
639967
664562
770002
764279
131126
335830
696230
369891
284034
685328
935313
406575
741592
45630
328367
187584
906664
813446
782796
910058
274460
927064
780577
70152
410997
331886
896709
83272
288227
325993
649899
928195
990555
419901
208826
121681
272083
421409
491572
556117
106737
943237
962692
848329
505219
807411
552266
411883
620858
335062
321941
411670
262127
618870
481822
189476
950757
378531
789100
238984
220876
438999
683531
211431
375252
892358
849465
647335
313767
857389
719804
936856
800627
198849
301537
305846
6260
853803
234082
627118
705218
556023
555140
483697
691246
36962
189525
642003
931845
978626
880987
152721
417625
80871
364153
792878
973229
213618
956565
286996
71007
676370
740204
387986
875219
41741
210185
881479
411897
444267
24950
117115
516642
580090
117164
207888
133405
306689
849891
65250
801667
247231
217972
735645
328102
582125
528523
817683
312095
1440
104679
899454
677810
361235
287441
69381
402976
497626
950861
814873
941893
492163
931988
458535
72253
565504
182776
205658
388546
32667
270909
190213
796250
488881
925858
124352
587358
970733
942035
899453
972174
563066
315259
166336
924301
602700
235718
843630
100326
702931
658503
558571
195094
106844
533459
783699
672348
716235
505710
60894
265254
292971
251108
61505
298204
693318
702209
885562
664052
644245
301367
636226
723663
616626
802562
164317
735679
38280
7947
352357
257563
666450
910929
452657
773294
960740
752709
961995
676975
258419
539241
458581
551390
790349
520086
849594
483668
222296
251508
147720
382893
552875
300298
622908
685853
619212
787225
421532
173845
311524
290242
431408
494327
717523
884066
783973
678263
153127
745968
871590
411546
285210
330171
962936
591911
850258
328882
591931
588906
580390
256003
971799
133265
556301
594707
335470
175514
898285
757003
349359
209809
563597
297119
704136
281120
697537
488110
959383
850664
750430
830973
262210
551992
677496
741498
143904
44106
70380
735835
633012
650770
991839
121163
784035
64492
715871
119506
756358
130508
392861
105717
856669
956458
919189
560806
753930
616726
565268
713313
467391
832050
60638
729601
384043
738134
471100
44299
298593
541480
780134
931605
192251
288325
52769
492638
352818
284992
128496
625528
415500
37709
731246
272169
510519
650435
349327
264449
267161
430947
494114
250904
262998
554752
980506
163393
809239
967958
207692
107832
509438
504178
555789
218041
792504
608558
710680
661674
893550
355528
287202
825402
393238
534800
613924
420109
701587
963251
684559
485101
910551
695025
736005
173549
249778
232863
853294
575369
200821
60986
199553
710260
565164
755342
444653
874020
880253
671685
535694
290155
27214
339249
115558
936804
874049
729482
873265
91989
209085
74176
577090
119636
769202
313095
809537
535332
545959
662831
627053
746780
240169
826606
973392
805334
98300
934398
195706
978553
606083
247753
785061
149649
587002
900619
86453
977403
146453
476071
69392
871890
550247
646482
991527
319449
475930
317416
371133
538241
980248
998186
801373
736769
824792
291118
58455
923093
225516
254162
417998
831599
501915
203059
981249
605269
620030
584054
582672
282835
60125
652065
671078
610373
814899
178957
446174
290829
496373
817308
829070
992973
815494
146796
729743
156639
437914
788198
596084
663430
42360
530434
495029
60627
249846
992630
665896
869876
576685
248569
669064
153162
416986
340142
279887
231885
519099
242414
522715
531824
59722
868137
524798
391568
14933
254541
548207
452847
42739
660643
632629
601452
191078
644011
178431
440924
636641
844328
827152
729678
609249
12568
399193
26235
869062
679080
258120
388161
921494
297187
436338
497568
681677
961136
405489
696610
215677
470048
665810
774768
130692
814791
892572
838122
458802
71004
279046
95444
431684
622550
341474
40933
635119
740667
583520
504181
936100
841640
408695
373946
655180
845033
871515
336857
806169
793356
549819
538198
263404
731981
829318
910448
546773
238243
748570
5575
825599
543968
617371
773635
166519
475198
814568
317990
215865
398088
822171
151965
756080
747218
42264
927612
592251
913779
264469
914772
223487
330641
969322
486891
62622
314993
397340
125747
69588
145910
647675
895187
206231
265046
668822
372750
256596
999742
690740
472462
914182
29263
140779
186614
776482
699395
114227
885085
129526
895048
316210
353013
225689
801884
839905
804664
633229
753597
930411
702817
415859
578086
114356
622090
359485
299530
994840
132433
815624
201932
604895
246158
231196
262027
432773
524030
961422
63352
925467
607301
474752
758029
960314
700442
559914
800219
21458
193143
70168
468221
412313
486028
562660
526669
108118
922145
342552
102959
54578
158176
821243
175826
404335
568791
954205
353460
92821
431979
416812
534641
39280
891564
292670
999595
108358
368936
316166
646168
78432
386335
114390
490745
872363
677050
533766
496833
115547
876318
599792
686477
550847
937388
378655
471534
506179
849212
824994
115353
281192
758158
649994
836824
166074
459016
352771
790785
827953
185290
436953
422737
87977
67695
913482
476692
744745
963600
973525
376644
839919
89670
63122
907118
27058
441777
378652
533237
290990
719998
164942
88534
478156
331288
441710
160582
306657
310834
951367
650962
496124
904673
73699
100453
972368
987181
577145
233466
950781
550670
610110
307052
640340
189584
730522
183750
147714
625526
233340
955056
345524
398282
559942
340032
245923
1652
500615
552580
828838
968334
203542
324962
389359
277241
425415
878080
780774
518912
111546
247907
69583
238008
71312
226275
943945
801834
410026
91659
427361
159718
563067
289237
558000
123009
629270
320275
124661
646237
872855
469852
130923
76397
794814
520283
869990
736582
398363
650764
771846
26261
415024
841429
780621
486336
584057
724566
804522
510435
332577
231883
670153
895644
37473
744505
18653
183095
64781
659667
829332
937636
129519
476607
530386
440685
996890
916728
693619
911605
83845
465466
454218
498869
823247
234840
985205
923656
475758
306079
434091
324688
54315
620596
220332
91788
365102
755338
274883
429883
931357
620567
883871
577228
97174
930609
534265
610417
847338
227885
522022
931183
209703
492593
946404
549302
727433
447961
472959
719543
754040
423402
44231
808355
43999
780916
900143
409101
52606
175026
355336
500315
795593
755559
77543
892768
686169
128160
503185
49859
872397
541559
497394
82100
34152
443798
147755
277937
891759
137066
513833
645799
560468
74416
454155
120819
855332
870650
529920
424290
45677
401608
924605
357622
673520
518500
766742
876041
646661
786279
925900
519058
844191
939646
117511
878343
383444
781618
672633
275203
918684
186466
437354
995504
260882
891509
116324
632567
762160
162596
573209
324189
564205
14167
198163
754077
532667
964906
630118
695680
751185
72370
731091
111728
12016
364954
990072
395460
146572
179057
187015
581608
881875
624369
577112
659109
32231
693436
808028
310743
856033
381238
151284
936590
395405
349447
690667
444424
314353
837137
656457
581891
909507
387548
693619
437875
268854
200043
833335
415426
895452
536702
513386
777327
161071
90498
952789
709654
300287
760817
20397
672672
142055
171681
125614
53812
37481
332633
14589
351834
169770
671046
450077
595629
574946
660049
33504
843800
860092
383191
775578
271897
919893
288964
49224
597316
895814
2013
306971
196101
279183
843720
385125
937590
531754
510739
991403
569235
843372
5992
921069
529494
193390
887499
125123
768336
547548
674979
612136
923992
58170
387714
195889
494415
193030
761466
91732
88844
279831
915055
801298
559014
758775
186423
496605
806881
213515
4360
376116
56887
526704
813538
102734
720094
701037
744209
4782
764937
419189
616918
205281
477359
520984
401171
488127
230366
678989
579859
319210
475172
11266
636860
34187
286393
823284
47144
93275
36799
567856
469391
610038
94560
282929
229124
331006
500318
973334
852140
265255
392523
985410
470537
386234
506394
388060
874361
736760
583401
970572
572322
58573
981838
209183
609112
784584
548819
656256
877859
101970
740464
347250
712008
351376
146532
941133
682382
646850
914467
50874
428458
823342
36284
415347
209576
542678
319759
83938
795790
903160
570862
884465
961733
69053
93648
570846
853637
642467
743454
731496
744437
483919
595098
972797
835295
741630
430282
34030
904833
861101
84904
333291
684443
121189
264990
410372
180219
584749
10662
492362
487909
581524
376827
965994
650577
470475
536840
504214
629294
796647
752062
890083
280566
347161
379232
632213
88791
809515
666243
509976
186968
267500
359619
871412
388689
624609
798136
85260
209358
808798
577622
213619
906674
954449
179614
557252
941276
232806
577818
86922
29453
329881
977005
310019
193394
356238
942233
798537
682105
124828
308514
869073
392328
668133
256837
297369
809095
54973
382630
534805
380123
960252
748425
286798
431054
444391
360402
888682
677197
938220
975605
706651
784453
468962
533022
977847
341552
991607
776385
23657
116436
601251
892731
25116
269384
665920
322486
594831
720894
221468
129637
101017
698072
878062
904167
129126
322453
264569
534161
516002
202790
509766
222653
503595
978728
272028
481443
320281
263635
774180
860290
380071
375431
269373
405188
161167
935294
244026
755999
172540
465494
885636
789909
163566
280050
694077
809045
118855
958646
343206
634857
677788
369324
373863
181384
864404
645891
179179
184685
909526
953359
561328
805950
845142
830701
727490
6309
765995
971516
762308
454887
953362
164296
244797
116928
444346
455226
442325
79553
930224
785531
230763
608013
154855
604626
305749
19260
766869
484928
720297
676395
954639
797977
998697
799781
628679
726187
322442
911026
214055
601103
365914
167417
765399
127063
800698
726098
582289
243023
805651
512513
544907
552766
636878
216114
157392
942627
751726
440613
943907
472024
633361
898546
270001
632058
214679
415032
874598
537122
326059
88653
138225
208325
772423
419976
851740
573121
662426
950381
332496
984430
979246
393755
537196
616125
609870
210941
75104
361596
651554
19012
349972
284915
433910
136326
916974
164942
551358
791572
702064
393769
396577
356641
118446
169000
292969
486538
258473
955396
436919
107322
939826
416166
501077
477022
548643
110947
687963
140099
472544
855870
675463
338868
140785
625726
475194
574111
790668
26553
882035
9084
936674
278613
882077
55121
963965
175046
541659
738791
646794
494931
846113
586620
427449
347190
579995
492444
974490
784310
632543
963386
640180
824359
302254
780966
450085
777449
355077
240753
320354
237113
766189
257028
32078
648266
828501
996043
823312
886513
734834
470107
381444
97299
573079
325245
444490
153074
817689
935332
937385
966584
898718
577565
790943
200972
874883
757380
978421
229961
514485
815127
983426
280674
72156
15504
928940
417009
527899
268605
303522
779086
255064
201318
876385
828143
526563
837227
497570
860604
772559
951307
827189
187629
528872
134484
388602
920108
408217
883375
150069
922702
698503
649847
203377
770659
181703
648669
704020
709602
917274
7543
5040
688690
725213
397778
516834
768129
235005
530756
628733
523917
482063
972274
711546
527287
623111
616500
447395
31328
499876
113816
954030
198379
763663
157407
485390
945366
806077
189410
171321
239703
713305
176361
928394
438519
574139
961580
206648
325497
492336
351733
365766
490751
840360
593664
18038
463471
210165
981786
494799
710041
95602
965181
908420
375618
638941
910162
320984
961370
99572
492305
201073
812878
185019
645819
767749
759158
607399
974397
601007
616087
842482
966773
623190
682842
560438
157581
662665
286955
139367
673816
996996
751321
638998
421768
126939
277939
331930
447924
755661
947854
456581
956734
760732
641600
118906
44833
917111
242657
535582
518118
375097
378065
1244
998287
577259
78034
155868
239925
364989
295235
913741
361985
46557
552739
300105
173496
347030
148387
137772
102691
96241
594354
575778
373326
752306
211036
418159
669417
453693
953742
187536
828790
848159
705132
827078
425418
783166
499298
665343
148155
794534
95437
26492
357443
164528
842949
47291
27911
991336
185064
646954
603929
295770
222732
493607
48076
950120
428119
717494
403814
381861
421382
748956
746372
126514
92386
171790
426032
591685
353486
574187
902571
965275
117031
260014
129803
959980
307305
674066
951316
8721
321021
71597
820843
60105
565205
868920
10226
993324
102766
930392
891537
40500
679348
154261
683366
771735
842403
109398
879772
195889
683585
782343
677516
800616
42357
323672
760596
866014
997738
228264
391088
318759
816213
211931
378865
381418
80851
389091
891094
183617
319483
298983
740469
515183
453244
423835
803270
295648
533233
683042
7889
733170
465385
685406
50138
507742
525430
327086
890109
523168
555350
281197
841928
371564
493128
220793
269334
573980
126236
676781
273949
962071
975764
530771
993606
945361
954606
796877
241009
487840
479919
765250
737362
945305
967008
787501
969399
492438
114587
375860
15607
186290
657057
373887
557854
150186
111032
343540
240518
237268
20321
30819
715691
512438
561590
709297
457799
516197
22526
215160
520389
502446
496762
257751
964103
463771
561604
449854
472561
676192
825715
4520
862482
999124
378407
936688
149310
489439
796580
906180
243059
333254
937000
475102
845692
14942
184400
819843
47491
206926
35003
84232
225724
48117
858336
706179
511888
419940
156034
984450
96132
498101
988970
474966
497225
883730
411654
162888
373169
724587
69068
132581
57841
522420
607683
903533
53715
308435
239728
101206
31714
791083
185439
257438
839200
43775
963618
351089
980067
636004
851891
76200
650457
357213
67518
147682
240943
995525
826922
130465
720112
895991
779398
777953
934763
903433
197838
988478
211869
437566
606037
243583
228649
307828
17373
67849
351603
497343
935290
331670
649699
787181
924222
300156
660747
508093
447839
418042
503618
274761
64859
223730
687104
844257
518035
138220
747691
715873
643050
475912
669791
249087
719495
898440
556915
253220
482641
424870
750564
417932
272893
400263
721465
713467
216772
382212
221560
664611
316607
725178
455724
381466
465260
659181
742076
983295
313753
6119
215520
956803
482031
885311
722243
717878
300103
795510
971098
782745
220381
238014
200677
493274
154630
922142
206741
371402
820707
944654
552365
137314
669832
524441
518780
651445
183622
777208
151092
13727
783327
366613
970531
265358
768276
209126
983236
584732
4636
470687
367477
225017
225053
84506
234643
379683
523000
957737
267437
343707
902391
819802
997373
88575
344244
32506
740020
44218
809714
891113
57946
593042
774078
544829
374752
58706
753955
874341
643438
758591
345028
527267
499961
570081
611773
250956
466117
134774
208693
733554
994833
111084
553357
992207
199660
413953
541065
456032
458171
350779
347145
32469
460173
637575
93650
834926
696282
847605
709267
856072
122549
54295
383340
138862
140728
511465
389818
123197
162591
598512
856752
673777
225948
926461
665984
941960
340414
723401
397993
314937
74180
261490
863759
534354
415418
957409
369280
628052
321367
594899
484124
960268
649194
383816
99130
306274
411634
5300
429472
574225
603812
802576
248002
346113
729037
430338
288073
585803
153739
202418
900740
744272
980261
280851
278626
395679
238261
164258
23731
75980
759157
24207
552600
924703
408024
651730
747329
819658
173382
176801
910235
777195
495729
158238
639660
224766
104928
444085
810569
258668
646504
227662
2940
143117
508513
797918
538796
263126
962176
78879
339106
237685
103086
891706
678740
27462
59788
426069
847120
233171
119223
273708
526718
614952
431946
682730
839719
53226
126815
166640
311894
289671
910654
831186
432788
419168
145456
487936
682294
623984
566815
537753
861669
186254
945811
540409
213716
521952
966479
577189
271475
602054
850897
314545
217006
799195
997275
573077
852421
124090
256070
680668
930114
166724
511854
879254
585892
173663
367191
784539
797647
450358
838644
659317
152964
784455
716078
366681
822759
198909
460222
94234
800963
827471
408779
534322
626666
922406
107399
479087
562849
363469
676107
492963
46546
704314
372217
632438
877977
255760
933329
675624
706119
288325
851293
859083
72781
567372
742116
411892
282633
718690
506127
599949
546161
431258
134271
172827
353665
241670
168267
916514
121492
844374
409477
168038
548688
298046
316828
426665
553807
766510
618642
776278
54835
469935
151713
643968
553659
410182
55861
836293
128872
78340
436242
675034
509598
570513
847861
379615
328535
532480
812481
966379
376855
738310
650769
441895
36357
483950
384913
106516
250460
3555
882794
821647
473490
34507
465616
27150
444689
37829
379795
89914
116169
332389
764948
142119
902902
129161
38087
747789
661642
850568
230521
554849
588879
881290
513096
625236
365240
898009
248104
132052
901564
130898
953700
891407
681757
935668
918557
642799
973497
814704
732713
606018
147093
14013
748137
566347
143174
786224
314136
321168
636793
61009
876017
742024
942300
389114
883612
823892
803475
131716
472297
705040
262614
425997
596447
460723
878017
31356
619874
851514
846060
352587
973884
509505
366600
722021
75852
26127
24598
906340
347295
177743
967350
739665
919767
909650
645131
803379
249894
448606
935095
722191
669998
714061
664540
266445
691136
542557
814153
311011
910423
176565
663598
884307
686070
546551
122681
761922
89030
663631
668263
952677
357726
635613
692342
277493
61615
853825
597224
311509
818784
48671
550053
488782
279084
214593
271580
970220
273503
85733
797583
700278
262299
977534
100938
948369
524085
739971
710292
129467
403602
894907
82144
761328
530520
774487
555173
592135
144664
668749
419996
963448
717420
970049
452231
512856
184643
723811
999428
974498
325896
797012
674776
104547
774546
292066
52917
814983
32037
279561
944450
435639
174468
26594
713319
221340
317433
268492
813475
462098
937241
233471
425546
171013
719873
394129
200221
904516
634292
199650
395366
476541
996662
70142
581088
287560
878561
150357
102543
910598
429918
563345
346238
120738
589939
575909
858430
423725
844402
188257
402175
297995
938081
827721
985361
657954
738203
185582
78822
888847
385232
474188
365388
898246
60682
946477
702158
939243
96834
321053
849842
43105
884398
712432
680195
990690
288341
538626
414415
649095
726883
816590
947091
664964
160663
932452
322918
415218
634386
401740
304066
535971
875928
669454
950569
936611
615931
652728
392206
229118
973781
242048
272223
858180
954480
952418
365222
242822
491044
779637
408269
217928
112579
355360
399244
273242
804164
722163
204813
438551
640255
508879
974522
32536
178333
441443
485499
310617
94171
877705
539735
584305
119754
328310
958837
590586
280728
324059
833408
288125
103696
758030
22405
732627
113390
421649
522221
433907
660164
727034
872458
300420
235913
363332
332956
414247
804775
334807
241216
415299
212512
780951
999604
332266
625613
958441
922853
906341
282500
272613
194466
902548
30643
216871
151527
660386
638521
673748
94293
815037
400783
483103
115457
636696
362787
964765
567295
167562
299572
808511
99213
28437
105814
615169
360703
731427
573610
799908
154121
372462
588874
348587
791362
135869
81811
942889
796255
236684
616638
406900
51721
17421
890003
683531
170469
252790
164648
737765
936705
464221
62628
35918
492658
168443
651088
369713
416222
741050
685974
570343
629865
274848
435283
421227
927069
517094
880469
239677
270130
13459
646577
321851
30880
52933
5382
201349
305723
170031
455466
758780
150604
518095
311051
159614
202890
478491
45679
619112
735893
248005
705808
365758
39205
141091
303338
966275
174537
700159
205952
444667
713618
852529
282870
260850
421814
804605
462199
727538
490988
434018
2670
157944
952113
313721
317558
155003
792212
879589
290467
528106
127595
996275
410216
166800
653718
713554
649427
344607
413713
855379
789274
643683
224261
588497
904533
646075
393102
883085
889965
884090
317103
892636
42034
785568
206357
875944
456923
514922
271885
747390
559380
399480
260018
485948
82633
430088
715855
732060
774696
645920
587440
563970
289604
328053
668819
194137
974128
61921
77222
380446
462363
394325
273082
20749
696245
995791
896693
153168
27065
168579
900559
102797
84411
676929
588746
167044
107017
304601
899105
881713
950521
2897
962036
240125
847302
630855
950615
821430
209129
27837
718228
671492
938515
991310
692242
634760
503454
105287
787929
530519
790218
204840
633317
390982
398121
738415
74378
505138
43016
973483
903204
509889
492732
381592
266367
340034
12447
216982
677817
737928
761171
396045
925773
216038
903708
134367
850799
407162
239654
155080
454033
546225
359920
87350
937207
274393
342117
11585
779531
385133
501421
199087
411375
510505
580679
194094
366892
109479
411076
561061
847407
688599
473458
773180
904638
377166
907547
271789
300680
663554
426869
754714
209779
303141
358416
663338
577534
700534
191275
357065
602019
209048
72505
13394
235906
653184
207488
119150
762663
134916
680211
610071
339868
153669
899603
244506
47188
807151
516295
347868
470705
459516
102582
196836
762657
977351
376526
340191
677885
84153
213608
279904
809554
286113
809651
45460
939298
533491
164610
218313
184760
361173
344736
524628
31194
244340
285486
78382
567843
801781
942603
554900
777649
45185
751736
540306
538888
644614
880497
216773
245119
610457
496678
54673
896571
822681
616485
352221
356172
297447
86886
540932
658620
431623
65560
689815
192315
351046
284549
760158
669179
227152
315058
446828
788690
583146
503486
327578
744112
900335
60704
989231
510793
557382
43905
923716
896415
660390
792289
252587
474190
879175
309872
132810
827150
375432
338977
535817
242831
139879
295975
428362
367031
127385
391543
672073
710531
895029
999652
970995
311717
60356
960227
822510
134090
520484
262578
30505
180874
54867
799444
171416
450394
109316
304227
793897
1101
159556
329714
760284
299435
142042
704998
182819
269427
96541
854892
496311
507923
370896
467306
819640
431252
427533
158502
81694
948017
421080
628551
645244
992299
427996
816660
442693
53664
637239
752942
571117
313148
82657
847753
612583
224699
552752
795402
10478
165645
166647
506789
673568
537543
974096
9560
968796
917981
168062
566842
865999
589142
195394
27595
581441
139742
844255
540487
709758
997847
293429
280876
310995
892438
128629
439930
117137
197733
751685
643968
363379
918332
150757
36947
455875
641205
562860
941023
559187
730922
507866
941538
836417
219612
969133
934210
875706
329740
474697
585464
327587
284479
382692
154934
176917
511322
594865
810407
225407
346550
454375
588786
264882
121484
625734
720757
762690
704946
178133
838229
435868
202351
779767
788637
421963
748900
722848
297669
594992
713897
399485
922580
514728
782178
77514
207998
809852
188731
534757
35259
535281
505484
624046
800163
626968
766132
37273
906010
471078
215406
744239
423298
934109
524006
211936
356072
789258
451136
170093
384251
681385
569578
823183
196114
351756
417049
404112
677960
605781
938869
713220
657414
960705
853618
457578
587673
619750
11203
10036
607180
742961
754275
30478
677070
794634
758766
549494
100244
209902
719587
847
891288
805517
824030
603754
673626
757432
7866
351586
879565
463087
581158
536979
423792
434776
510909
527817
54526
522112
537853
178058
265073
808481
208537
942143
603115
967303
491637
703359
693558
727576
704207
584846
533094
44589
188600
206720
318373
712818
74658
714290
692257
655817
251270
632401
90593
762179
160218
661472
800644
214424
839530
65717
22905
564419
524213
626020
531723
532202
845731
225281
259779
66290
326479
792873
627232
31431
515945
461957
744249
590603
176248
952858
246420
943870
585259
853366
706049
261829
514838
506693
476253
870720
88763
15510
435140
612976
157882
966863
145178
3614
708496
921309
586256
34975
230534
729840
66406
746479
191798
327007
853435
368046
279865
616207
311916
381476
469573
534317
643305
500763
557363
635911
371484
162478
651421
322976
291806
325656
289839
436984
845622
514687
874646
431878
66014
105180
161719
648772
368012
869869
975779
221447
237915
771996
837654
66183
153472
823580
116852
313129
324343
674215
465392
212179
836693
633166
535155
128499
958822
341346
81836
804444
856033
472834
752674
922047
578014
914393
87171
946026
784262
62950
683825
538529
351298
521480
121064
504770
345060
237917
334252
185755
912132
799644
397935
265178
949162
449442
910029
907984
790789
508217
228780
163174
497403
981455
601574
75418
412200
688745
537796
196463
751696
221622
251344
102994
259454
372409
124117
120866
610326
974721
822973
38810
774365
737260
820340
239880
186703
246722
147864
977492
754939
892997
657018
252343
874452
258592
844113
286652
947338
898261
999467
215386
119883
250812
834732
895689
623221
958849
16555
749899
933570
355881
788709
224288
93141
125402
980520
279844
372124
128384
773688
643415
21381
430707
412110
412185
689299
256223
698838
636637
154485
214657
852023
790720
465469
203108
202762
605042
161957
735669
871293
611880
91550
176355
352520
184692
301757
333040
464536
673881
977776
238225
317296
515510
668932
729407
927695
874583
501982
142885
27573
172819
357543
395948
963540
339364
599056
682654
944407
761014
418323
332052
889246
509874
508407
241766
694566
810164
91158
159102
397
68934
913679
834046
584444
98963
563453
28492
973547
581787
171377
1120
754607
45272
397068
234499
384637
512477
917153
845396
273491
335476
177448
679089
845350
202208
437207
56268
12372
528365
215371
529122
113651
645402
363168
214448
744366
442973
242940
234265
24760
930669
751737
779367
975942
665157
530218
876931
177634
447371
238679
451125
299200
416127
646566
660902
618335
83773
717171
147060
128490
448894
676182
242142
94296
555702
456590
355014
998675
699530
589279
23435
146551
341016
802803
638845
6174
849373
515776
183808
296745
754455
151286
595945
686935
797852
773199
821622
397978
490370
485034
526468
939264
677568
768610
33561
233270
225200
904927
231945
441082
494207
255381
103986
351575
574536
742831
357749
423909
774960
57910
237006
45767
725548
349303
732702
39752
122503
70677
437730
129225
72063
480551
68490
749632
249161
618403
982902
990714
523330
731200
948148
533889
502933
52134
885465
77469
311318
759566
17730
86278
333828
771089
132045
59376
636744
381100
99129
759247
968129
53211
888473
40192
533762
473315
306176
299276
91718
289079
806342
131400
536631
270842
665290
39564
839329
550755
633385
150647
826673
167467
753277
160502
938556
401674
736230
575301
782774
835359
850900
267255
404923
255725
307448
455037
729040
613624
270665
337110
419055
77007
468511
472038
864202
133801
511602
703531
200908
144987
370530
543933
828807
123807
704435
283715
525481
440666
859016
824608
792377
226269
91863
713652
481994
915663
168690
211035
45640
439355
548145
981047
32715
16656
453086
413269
666809
964688
116800
384069
626028
487330
928003
971187
127489
148790
254902
652970
105808
113919
993930
898186
340188
85794
611838
338534
517809
296880
549569
563449
252588
614067
544497
801655
147075
513935
214924
330237
478623
331724
714306
621003
335406
158661
592190
462895
307452
847093
632217
929612
477364
626148
827798
333904
228294
955989
672438
262455
769221
738360
342257
21809
352427
403106
823464
15854
917041
38388
346091
395664
886464
60398
533020
221870
735411
125210
201117
559215
488655
833335
488828
966019
975835
316626
299923
720481
788967
488714
982936
558189
227074
841545
96350
95853
244651
919815
111707
161692
474555
457799
557357
361020
34549
606729
582890
769960
248291
784008
845528
736947
133695
334356
219318
625882
650982
35594
346363
956302
524308
845651
30843
267734
687197
127193
879939
931848
47008
991646
609893
521564
965797
683602
882584
516698
290331
981826
803011
538622
282186
648539
275569
415881
982895
494888
41763
150229
46834
904478
106531
571142
266482
137374
838876
470031
780920
235167
918231
827928
226813
528124
865844
708963
211726
264780
742013
502057
246607
545024
557032
528793
709915
348953
461027
209162
360193
502790
359392
407027
923621
982275
978169
706455
636002
333397
176486
416922
568564
611069
761202
311730
139194
627047
537045
867272
891827
279058
369330
138434
340435
442714
183580
50350
791667
644607
259513
151861
663749
135257
558888
587370
633884
53410
810177
269886
386807
503015
686808
471724
114085
964363
783454
253279
591410
836851
636903
483237
115909
6233
138024
456344
965299
321604
23047
756967
966211
798912
908828
629960
450521
984068
733683
84405
37478
543860
354292
940638
46876
557452
412362
160961
521815
712168
930592
629577
549019
567495
112815
181280
90081
767191
153977
55380
88795
177024
328699
571358
492288
237527
201318
942809
737948
451353
27214
775426
995214
897858
716064
558442
971663
644778
235755
493478
873298
682699
123056
422317
766546
752223
119950
372979
519414
273927
428360
124561
967303
273411
695919
975943
510939
413589
918752
248887
864943
462318
540665
860157
876529
256730
934951
848192
417860
170706
858022
291159
853405
497430
229828
619951
766005
349778
992931
801771
140057
937643
926332
623712
211054
138603
599655
238345
68545
34759
3584
933488
13430
60602
309997
889959
833684
244948
254503
251544
415654
112525
542703
785411
126308
288884
921714
892313
155014
914645
210437
295072
368640
653121
435136
96047
791725
34792
850744
860270
69551
854329
310110
599333
914931
620107
489292
748615
381407
743795
516511
313413
372673
575567
98824
15333
864451
20538
423998
535817
451536
634435
830889
336528
287557
266026
432575
595634
817170
799672
972256
403073
654001
282366
2407
85284
418825
8051
350251
800232
268199
383114
113645
640872
958681
728821
656205
339484
265711
596555
875302
233599
230991
222543
570128
34900
488569
519055
630534
822091
318727
119142
741517
489080
401508
743924
90716
336685
751975
957319
136917
20174
340434
766914
177398
299115
12087
349955
638600
277798
946511
513902
27750
693854
736445
597878
728754
741367
633285
359288
79810
468365
478430
821327
473797
396290
81603
564514
732975
833579
521833
386244
370105
862267
669510
63856
677735
681597
413811
832687
475747
876674
862941
503497
570528
115738
617727
299282
373457
767365
174922
453268
235730
169704
790947
709527
82346
872551
790393
331673
706130
828579
717917
592587
207198
903779
656443
884933
585376
586607
233972
61124
463281
96913
80973
550162
212652
698701
365796
586109
466066
540719
555729
218148
226775
346677
927675
309122
219228
234421
640795
441710
63000
875065
34297
270198
778844
207093
671484
364221
310052
905456
941697
289685
518722
22670
839847
731374
721371
721996
833835
703789
262715
905917
921937
5842
252594
365965
314964
988174
600386
472112
429884
179738
347177
980533
966288
126021
703978
637772
6594
14030
59581
948291
303716
578303
487314
659915
826029
725037
381911
176216
428827
160978
82133
867116
166821
851079
233081
998137
839253
349819
470249
269137
529557
333778
249671
495846
459800
953649
649970
982746
484032
709551
447390
787748
804206
934704
964015
630235
176093
345927
322804
604920
23257
404937
988389
190078
256017
221470
704568
95270
87642
691169
880760
617199
24948
130431
629397
484748
600432
279368
983846
600816
505271
431236
388564
309478
882292
868932
456065
58386
731211
778869
179658
754468
700159
168047
460899
956176
905870
165467
567798
993512
856636
448558
610711
397936
95341
756461
399036
212126
552181
382883
812942
57452
814119
717859
883282
696412
586791
855700
754798
318002
634569
934456
588822
851080
618856
49721
323608
524726
731540
891407
518238
104529
856317
645301
502465
468011
401762
901502
680137
470295
800737
9431
527748
131208
727290
927382
827620
830433
783082
98770
664787
934004
549579
253610
785084
168435
819683
625045
693161
67576
32804
727751
172105
889121
373052
190922
873484
291167
608776
69973
761462
409513
79405
805562
540722
323047
732945
884694
153481
32379
499817
334620
966383
49396
588230
267820
734183
924266
892865
943696
991842
925669
671447
680299
331142
560851
871221
204627
368370
996350
274600
129833
405863
870357
451747
462937
193405
184692
863984
346886
217072
363801
197858
699807
929549
786089
967627
180084
226707
860492
123780
218549
302513
311579
898848
633656
872430
286421
354635
240801
282771
629235
886986
204987
499593
338733
184276
209350
39778
48260
72588
773202
928413
270446
473009
374314
572887
440637
554398
799594
817481
678178
18143
119995
506109
916991
270003
894892
719765
624638
135693
2536
770225
539031
207523
786170
394116
391800
511872
433894
956412
584460
207096
884826
854907
196458
259140
427794
637095
329891
227389
970928
524421
761884
607275
30531
195228
877278
925423
914993
18268
577468
917529
304846
632851
125053
607368
26967
33205
119241
977214
989617
703701
700662
390795
74960
897120
166288
502755
50567
496179
246496
21496
536952
8380
145123
567483
203608
22402
9258
118601
557022
586726
552483
378220
735929
193888
985589
762897
227093
104830
256463
733062
324883
957125
123858
399844
370598
806498
418951
421165
819029
665447
959013
355981
190179
104137
439817
393788
642891
449075
28741
716265
552154
97576
94486
288083
291464
596427
567332
34909
217609
823795
767972
542492
297273
408182
458688
667871
731032
877639
89036
550061
59438
564402
906042
249618
184891
345859
159758
827782
311287
704851
544047
863441
802428
154885
151524
610244
751312
235209
161506
968921
59004
445830
27766
356277
370364
2806
540500
101396
880446
629537
651457
456236
710291
73851
222206
895182
936063
381964
239316
247350
603168
299715
627143
921948
454601
295019
48544
722265
530228
210050
207539
589233
655880
751657
461862
26244
754463
2363
127640
151261
148252
295449
607498
374895
885653
829704
270077
821716
728021
509393
585418
847541
809108
212561
769489
780061
23932
334385
18679
554161
544436
226218
659746
200316
977875
637960
226561
248690
640323
870553
399952
304927
166003
523802
679822
51656
869858
466251
389724
114231
975644
491494
961772
301105
220407
247613
597518
244339
581999
616197
314852
126435
358767
974598
843103
852994
612559
69664
101685
769234
940218
501637
74162
622573
541791
753984
190581
411649
736588
96657
525881
228584
588151
487653
529689
324910
251619
643560
569249
833618
776109
884102
476405
134877
375052
319508
987871
987611
905525
89556
756846
362095
107545
347360
984668
649336
617696
691601
60986
354284
788258
103219
582869
892761
107224
628910
734023
358843
272470
819624
708813
564932
220078
185218
699809
595131
21079
687680
99094
926604
293589
372292
288699
401134
719652
789719
566823
853701
997672
144161
207985
302282
247380
307206
711395
870956
936117
445418
229800
724939
265042
454965
289871
485121
640184
506032
596604
177615
710065
695698
104219
3654
584343
909270
921140
303995
698989
4315
674048
696661
148476
882034
998943
912208
189240
710338
783165
641709
672108
529317
883001
937150
984282
172872
938623
624466
195257
535227
802081
905322
747278
422652
425328
331621
331922
862820
151968
547263
867136
342369
243924
531964
224403
759219
444173
929995
985909
743690
88057
658017
273007
971058
111520
257289
660282
566495
398108
855539
618075
716541
760861
365353
139194
702541
213326
987468
565362
881646
534732
432498
224015
295008
964462
964770
570580
924987
411118
72841
668677
499175
247211
941684
470233
358731
715326
646867
441578
113434
502407
59653
346327
779620
941358
1873
482162
154684
989342
563876
552683
40426
996374
293050
851786
477188
257821
422366
402176
185291
11560
587205
684466
258771
45242
671051
133854
760568
317918
575432
390354
336677
635086
253033
632650
576444
254907
114812
247481
760601
195040
316516
317379
707766
609566
169165
184954
383739
107884
103482
569030
119444
207040
769848
378215
252282
440899
512069
529202
275170
87501
435908
611847
722587
688941
244497
815384
460200
875661
62865
220801
587053
895733
538180
294819
505299
223698
479774
405391
331582
99608
490773
451026
306648
260622
829241
75282
217873
341310
604484
9395
945163
40392
137595
184103
245686
898444
999487
222238
290458
578704
443040
877511
474437
497572
172331
496088
237622
168457
417831
569204
268065
908605
20230
91066
685579
365823
166348
419804
223485
770833
429200
168649
327577
83147
352752
89615
981591
868591
311854
272049
447295
271246
149561
438084
285170
838244
450524
522793
6701
868356
91997
791118
293313
628580
882184
495244
994403
564885
431400
217889
335718
860600
386538
179647
460099
255642
785615
441691
124233
97469
230092
87880
885067
896005
42316
170237
734249
9192
693030
257302
877548
301380
564773
687213
929960
446957
698809
440715
11842
130210
658604
863912
507162
561494
559912
967262
333488
345527
408953
974073
959348
155397
578305
844415
51403
620621
14652
785652
629814
224035
559307
23714
41767
124080
227280
488079
87389
926089
928794
99232
56299
103751
479496
563462
181597
555760
47076
515086
417639
972381
5511
376987
127778
583817
221402
179181
720790
752407
481186
350604
492794
40493
890671
534561
164573
117951
22640
251962
560392
951434
867546
616692
571537
863395
696506
753135
419155
259934
784573
836795
232315
306436
730134
360093
890253
951537
55627
127396
220296
536813
994352
713090
577306
885023
247651
741879
519326
786643
510193
79719
254429
377740
212763
825967
757487
425621
95454
692994
201907
396379
529789
434222
702815
776276
310667
109421
727813
366294
753169
464461
903107
747521
693903
996765
632545
941554
738644
668223
244549
765190
264294
498978
659282
993409
841297
416769
935382
453103
109763
137289
365834
155905
571511
585002
932181
398531
694423
176346
764825
447592
640807
184285
711465
851062
181050
860362
308968
436047
528586
553517
201237
309232
568847
860519
302642
410145
793640
238024
379600
419755
891666
745435
575660
463177
330437
24193
378060
541212
200539
659238
505156
357698
843523
216621
208760
540925
76984
517728
976972
121922
587597
694561
431154
156445
71432
733796
82942
865072
488173
462542
284828
379839
207977
376840
359368
538414
401034
737429
79626
117925
913019
101134
991976
756542
317756
717088
813819
394740
751169
790792
33014
338766
1705
464168
11563
73138
714317
94505
454562
202490
557048
255742
98681
281377
632583
458049
819792
549969
711830
415770
184246
624849
516905
176222
897743
351013
409663
711563
262105
160832
18707
295119
15950
536764
759287
27514
609902
989956
122019
64465
192446
195419
320207
807479
476797
469142
265529
296589
535463
493711
228711
719710
634913
261968
412284
532656
612981
821947
760571
875086
982779
295630
686557
998730
832395
962197
26244
442297
952153
664615
23114
660952
860035
859674
468431
336832
845168
250312
149773
380632
744024
378484
100342
378937
640453
512626
427945
769786
850926
704869
644873
833705
499
847782
348787
349246
809979
891383
307896
762133
555999
331010
423085
932386
707036
891516
269218
68557
658181
418991
449189
402205
313827
65883
297494
470632
94861
241791
240419
945787
946660
401644
295845
463512
249426
644632
812758
59406
536016
120654
337891
608367
968017
760976
540753
191405
168844
326323
259962
827025
261666
225503
745582
575493
807738
559428
46126
902600
801220
802897
364739
264232
204541
660584
244096
970319
821569
56855
546077
873937
693861
883968
482304
178230
161296
539409
885988
330141
382084
662302
673518
643750
404158
419101
735595
211896
978529
298073
630848
296101
100970
995588
560334
821863
172524
804430
308535
994093
377637
854612
868030
587851
254933
866686
282433
416229
922447
168421
262722
820883
830724
936241
464633
234882
355342
716581
963130
850223
14654
593979
146325
631977
105919
706659
970192
794795
27441
795079
305241
405079
649692
689623
509282
420977
556310
791715
837206
995109
960137
99929
815993
307213
36170
796978
58447
907864
513559
21577
758087
44566
131908
904412
192895
754179
127423
679439
548975
154865
474519
854216
76296
124211
60191
585578
61540
132853
893645
898746
127963
370134
515027
460308
677347
551197
773638
252146
975413
803550
790076
733501
364468
438336
154265
557363
192516
281689
236802
257843
952906
711321
628411
545554
351884
688602
647484
413424
821456
541129
828523
465771
911264
343550
442431
104963
411100
216069
357110
386513
19619
147186
636366
900439
101874
790632
457802
294390
588673
210957
68585
57931
922278
696996
603485
790515
901951
767321
720291
239759
308450
548814
705530
736066
892365
147961
357382
819817
880382
714492
206330
416354
378030
842697
316793
479904
149681
774596
290647
738354
501905
359232
796285
424183
572581
916122
731050
990884
683443
451342
230643
508245
156
936173
244312
408873
600486
601694
745042
997220
832538
951373
413574
726920
310422
730368
723176
976455
21316
13823
714809
523221
889408
27446
463756
978341
943568
194807
969225
627011
162501
199868
651608
162657
652393
895920
87883
252879
13966
832925
766451
846504
300650
180026
89776
127424
426746
812953
103879
448062
343128
335040
487635
748888
362486
951391
727229
822406
662550
696454
965769
825051
896322
617378
504061
65067
29650
108296
834298
43617
457573
600750
406473
274576
780776
12602
402000
207522
825555
22232
171936
685035
873624
175923
433924
752463
643666
161153
574869
306217
857608
56991
647620
270282
190721
151681
335350
220371
776329
169648
780340
233903
770398
186814
508479
67526
715768
426831
791400
541323
965415
963336
742710
839040
139259
176634
591503
782926
854140
682724
605495
228100
739715
253115
498382
446788
921149
350084
667160
697478
36085
447500
447733
322835
150666
472564
906714
866434
899396
698114
924109
381163
661451
666820
220203
317062
359806
328058
99988
213946
10783
221835
442046
266850
474951
456781
713639
912452
323217
380799
126282
359302
344651
574016
198490
11670
46580
105204
878104
462328
803318
318566
843492
981121
985386
63695
298184
861544
391754
914524
75491
918889
136360
517537
185739
127663
490670
899378
40115
813888
796529
166397
689542
657533
740413
888032
669203
303346
509588
547307
765674
312907
382225
609166
810380
367611
189214
108564
745508
97320
23089
820999
16209
675801
854888
718300
803464
345559
617679
843579
675799
930560
526328
365341
588093
266742
769726
257296
86440
279314
320956
852114
108573
703181
977633
918954
587145
683199
543870
332653
780519
566959
153652
313080
759112
524892
31380
562576
386803
165411
922507
62602
95972
448836
427944
200417
231930
714022
457714
318370
993336
295022
686836
618262
998203
180821
537216
585348
380372
81086
918001
160891
164398
588005
990323
923510
629250
538056
2439
16053
703467
924946
595008
315791
890134
539304
32561
122064
253326
6627
956786
246662
301649
159975
381276
299852
857148
918492
401553
237521
515931
835906
914764
196681
423912
905088
636543
569514
443144
638982
585567
662963
80281
180575
495107
970415
719879
44020
608832
489557
50647
81970
252572
352296
241945
633848
652148
99094
552341
570053
336615
584624
405960
251379
781305
346224
672819
417848
915738
632315
56831
17657
811631
653464
714585
823090
140231
950816
867110
749063
440374
917757
347386
692946
270053
105683
326794
438553
204777
395487
8607
57744
980111
930919
825476
277768
277143
14647
695617
192881
646963
268800
210538
974946
922264
441475
798036
578847
392292
665146
327911
832666
99255
675297
525612
885660
780980
368758
324213
502110
280598
849172
76206
777061
296443
418034
54830
573586
432682
266799
282819
595997
51951
9710
570943
974215
451185
885331
553062
843477
66829
397325
676143
166084
588974
718107
568096
886307
603218
408661
904769
883816
774186
497327
177229
70629
915362
232059
644216
864396
15210
927035
460393
67161
936745
547688
557728
387931
949371
627143
747760
16200
24468
423904
698636
129795
658363
266732
532454
261581
191745
437223
661749
965931
934550
838979
36561
366264
587390
680777
230660
602601
124164
691053
669762
577262
755093
227491
481545
704464
854634
229305
237016
395454
169561
935652
41601
827925
718736
574055
605858
910482
527630
267608
876413
462181
622939
429326
828445
210329
110103
59106
329282
750620
266511
999045
327882
21605
742888
809427
242421
113874
38732
479438
509328
724646
415090
67282
552571
650179
641337
674781
77013
168968
458741
469778
147501
81680
899105
975946
808362
525560
551404
137644
276180
334268
653041
604062
872225
395929
929841
114646
509803
484926
594084
535484
209572
525527
602766
278495
175706
760455
953276
769071
929423
412018
238849
593276
10050
654306
85575
818412
179867
636979
956057
972399
487599
125450
92814
359824
521380
22655
474471
547535
23933
68555
599371
233505
594082
718489
28352
286140
478945
981629
571563
924720
909999
326765
517997
920049
981071
603572
254814
160938
756903
727223
649690
244503
852673
742504
120679
374053
765159
595150
437941
305445
180058
37312
538950
774140
755802
567303
576633
751099
65284
148196
675819
975283
474961
710168
411684
972385
313740
182850
649675
586996
910073
299365
347851
762747
41869
468530
653152
323381
63681
91093
628826
243739
644758
684128
534231
916912
251431
627216
668011
833067
775413
343830
324702
766726
53999
252739
255463
884091
435589
905139
471087
345663
204504
335290
624762
246374
803821
794266
86107
867502
401712
714933
627593
46470
399061
161824
963382
166845
305393
631393
516264
597158
491575
840967
363884
61926
610058
135700
462370
45647
40839
933457
907662
761695
785100
532424
524421
588921
326691
610528
972775
244755
325461
600368
291225
240875
278544
254607
924072
583937
402352
440336
181095
410279
797655
61332
472206
407713
197032
934576
969713
754223
384385
877375
515918
169485
926152
40340
758406
769195
650868
731181
13950
492682
847901
305175
249909
126446
76134
173981
226735
994838
130669
924183
405117
444677
985515
877323
852390
698899
328251
338455
453122
712637
215831
969040
882122
658335
9380
156881
427530
176601
404414
957832
669283
252316
779359
919192
895114
371845
609525
638201
366683
740194
562384
288152
184871
547899
165476
553614
763150
493727
892069
216272
722716
624252
701665
121191
798939
711045
278072
742821
403998
682486
700653
73281
451154
996364
508825
862620
368209
118350
500822
251244
374897
63206
539397
76120
127458
704873
629734
890608
714952
38156
623233
954021
178760
324898
75212
977700
552295
869636
236873
956294
68474
937527
545927
519629
933891
54753
382249
818453
689455
399423
69697
64352
462630
609094
140473
590088
830319
286559
997048
61624
324715
136633
15645
19828
461531
607209
513880
530179
476845
750753
2825
545319
204632
65104
581300
654876
636209
479902
473329
325665
879325
543026
390017
858307
668473
46842
448395
498792
333402
961796
560416
174469
98429
92413
710649
76313
699622
224529
122844
692819
491635
642021
754491
696267
707125
852143
351143
343335
332045
340824
185352
727723
400203
91721
586030
68676
138564
550778
83820
988318
512574
160589
679139
127355
253002
389789
720020
468977
130670
842864
161796
622305
484885
432639
834925
708363
284783
702420
568050
616828
43245
753402
860903
443448
845123
446934
28476
500039
514064
112296
488357
542990
272885
683849
670345
42240
73638
390366
511217
720660
749582
189365
859318
750820
622005
694243
459183
906788
396663
27233
39968
439908
296987
900872
399708
142110
864158
428184
158502
378222
56833
163211
437564
846070
847060
107909
888310
437050
14627
915879
157711
280562
105245
17029
31382
243602
227624
6917
666742
624287
550502
706710
580548
847489
123934
496608
505951
988092
924793
664453
882666
497978
827665
320230
344048
191077
944492
232359
628128
475471
664590
302191
756033
286187
835572
303767
529789
63196
310684
196531
203835
861186
419594
784383
225027
543528
280992
730979
47973
722137
911784
930639
220115
255801
767222
80515
446879
711714
829226
591359
703537
493817
893550
459571
780004
729122
763338
826146
308670
590375
22677
512505
967913
442271
296889
192941
502152
94233
440272
550125
816370
868408
997116
552837
124210
764338
633352
87441
992404
462579
678800
695942
956396
572350
671865
252752
817824
951555
78898
126494
541930
617928
638999
509844
576551
452240
219137
78703
546473
175761
628828
362843
44169
625945
432032
168379
906635
65385
255820
899040
527964
934620
111334
712
23322
783199
769816
357498
734754
848715
344
793037
982995
639344
819233
559546
607936
38370
154602
154410
214131
783430
33605
774652
925727
465638
943032
348715
47375
715204
247755
91691
166177
359089
92403
705851
658640
378571
63350
393394
743638
63694
186431
726633
219390
5664
802532
827327
560386
957134
981737
290869
256916
15342
65522
182644
997332
524906
47711
44707
240110
295466
136398
406287
170907
745153
112139
829547
640077
691841
222941
383715
755535
925725
110349
974926
447741
912881
802253
524480
870015
300342
815349
643283
832036
397223
342279
829369
922129
389990
390428
678592
685456
43179
84879
372715
788332
713370
202262
428409
405211
941556
328477
677099
383633
438826
652025
831374
868059
970630
355854
254426
270972
687556
897709
103008
601131
239989
448729
523261
629979
839158
201853
831788
882337
803084
204503
187021
32807
923118
131783
438018
381026
460260
631469
764659
415438
283494
112385
283497
254124
984592
54275
41448
672148
951984
144457
789631
708325
109538
312892
854657
948696
31097
686445
347385
350534
407300
50759
383341
846770
182542
337711
227796
642802
969181
508807
58240
769027
621193
858089
539504
605785
912364
580952
794285
380700
241761
583916
89026
351300
413161
943683
816348
960610
146480
163734
311144
70132
730845
210837
916903
913387
64901
661051
72541
550434
169859
130781
319461
307404
505222
375317
429541
417586
956270
223826
798286
714383
324094
403664
65683
253607
347347
398384
214218
493827
78470
41714
563960
809315
768904
997215
722702
833805
658266
795243
900591
344477
442376
220052
651881
463950
111722
81422
881536
67992
821600
196174
782375
662047
599839
364411
915654
463538
762795
129872
473718
357617
687939
554030
166932
456843
551245
889634
807000
725863
201229
707591
70341
159957
443995
722222
623907
555717
319997
21795
140061
141597
734321
922437
803644
850512
803200
719299
830403
82347
365523
304121
439964
569814
858151
606896
543009
925748
12882
350009
651611
730463
57600
721952
406772
17948
960527
547031
573665
280524
85178
713727
422121
819499
152516
742118
186364
955716
977769
16767
554415
859644
320888
994379
429459
695391
601275
972468
621139
130509
838830
272750
860972
896430
994703
784096
430730
471582
331127
4396
752106
416305
234475
690579
752156
386991
432697
938520
859059
926818
955287
413474
786463
792527
407853
732274
487918
525480
221094
625409
172341
59924
898160
549665
472707
409215
333761
903437
880797
664888
424185
149255
81193
658660
839834
833349
45651
788884
288222
904710
715702
759861
834536
18517
552389
758741
267143
556659
284221
488238
182069
972914
64514
596581
522579
537221
5796
856340
957011
402945
37580
381196
552200
635125
39857
392034
468475
601860
697270
273049
22923
412973
32910
857459
947842
101651
616201
214986
658311
416774
219576
356732
389689
284090
953313
912268
337664
475461
284961
294675
878406
322541
192223
946958
957667
748432
855344
942494
350293
552615
215543
373216
481940
764805
747027
429782
866457
363228
644768
41120
296355
864344
397852
686044
664787
867517
114664
2451
859330
915977
813478
254088
754871
5701
201046
228890
754134
56390
171384
620779
125357
903279
993995
607297
184436
257374
37080
50893
620603
198200
608365
916958
578897
522569
119354
243684
390086
750370
246135
249416
182700
575965
19856
937571
581666
220902
166461
852152
793645
854197
989283
919002
273828
983278
526300
458264
240653
79732
25510
377608
277932
633875
810918
856829
672797
446624
616865
62883
713346
379352
828652
896046
955317
848508
833617
53336
585763
516430
905488
379408
370627
411124
298410
160807
394402
341062
135424
151407
420794
160934
45367
698727
311161
372637
71908
983958
819261
688774
563194
532608
68126
908198
428654
539796
273058
778624
593132
375173
295054
14972
754581
182034
426096
569344
342841
336851
426758
478265
4610
847553
155551
566330
62632
983065
938967
134540
967023
274581
339666
46569
807189
924145
471119
752195
463941
744178
530819
573425
635703
342226
588397
390285
524260
14494
475981
867101
867697
902739
861719
872307
266644
17270
438637
329276
335
893957
980169
483711
168538
836187
46632
492079
760332
517752
244274
740625
778282
291446
314050
413985
150024
418800
320622
674284
433294
312955
57737
817343
732047
435808
206002
515043
453079
644640
360672
969766
54949
340841
969829
223487
693380
16462
715566
970065
50566
476192
710690
345200
767638
541093
275537
917662
959893
596160
108298
909539
425467
682388
726882
673866
118196
932884
188910
571275
93876
549582
57394
148825
406775
27223
372312
100155
560037
604230
70220
610603
80423
297263
955803
848061
838356
231341
282076
798249
343853
390374
707788
769320
72762
951022
959539
190959
883906
148449
278586
494135
698031
335980
642960
621158
879556
531625
721313
439593
135855
307886
50197
216278
121501
522352
580692
959857
753693
379120
274458
613898
285846
498598
899571
874961
449620
859110
582272
849878
7559
860858
344013
221942
713191
503326
843100
109099
551303
80765
548692
203510
388651
115241
936141
510152
637594
516833
986361
907639
412305
777171
37890
698151
275769
937461
573112
241741
796571
155384
91620
320482
532595
951985
542424
762138
971663
385524
871237
522966
466289
936281
242829
371293
567875
178970
397797
205469
212155
384159
629460
624460
161330
667350
322611
953452
121163
412076
195193
434086
83812
286813
754568
616407
755151
813344
894897
243166
715220
282486
282485
697862
218768
525314
69155
786643
704284
983304
508464
432791
883815
654276
57251
45146
837979
896214
514950
475494
824642
710143
909581
908455
513309
180501
41214
784812
993846
452464
27978
709066
734950
310463
923280
470070
835777
508787
773065
56413
492092
797881
489204
375907
452158
62807
937405
806489
475374
452355
281983
816368
678851
707916
241175
192160
888418
282390
976972
882264
251206
521302
107682
986156
831766
30963
456227
183895
539750
745644
240309
548194
543526
245865
924102
512036
825025
861507
834877
816751
830215
116860
633119
509066
341129
390647
217578
229547
189389
710902
628163
440595
232204
252197
426751
63970
799512
399330
247866
339263
144975
4527
403809
688501
766744
327911
716889
591769
705771
551766
924872
535986
184978
74344
561404
526107
464991
778982
272006
654380
489884
416521
94975
722088
668719
38078
302411
468231
437409
66629
323846
582384
71156
727656
787237
837900
571919
504126
946022
277690
55892
387246
330028
240870
461590
891432
283330
926581
670414
555336
97313
676650
971858
192288
915091
640577
230367
217502
625160
184128
800483
465359
282864
871639
193015
70101
225891
764934
90579
688265
558977
146471
75512
889005
903693
537102
780438
187023
980036
967204
258712
77349
160207
230570
785990
75298
387499
532709
809152
529011
716837
609635
994370
999701
481274
703737
586154
223517
468672
676733
911783
544001
339556
503647
433006
759601
40749
729796
946625
537137
697001
205337
130839
857208
952259
916829
448858
339758
965890
258010
868769
199079
867645
379492
715132
865271
83229
301286
88788
68253
494371
516923
612254
833927
20570
45261
593528
577672
775057
56505
631161
988410
778194
762000
361970
730453
195181
810828
586563
677423
68838
971685
876502
936483
351177
591634
318106
950758
409272
923247
19012
903643
440170
631266
253922
977093
192879
363803
71117
484289
936660
702278
472699
714855
980631
834670
961660
175812
161850
64576
853236
230689
36261
246090
683524
903790
837725
1631
854548
763349
924878
873560
666993
881400
21179
437267
374845
214058
801070
445962
698347
737731
664593
687399
968938
645224
522069
930598
337388
200271
995174
706976
430960
547787
953067
630837
967929
307144
148820
338830
70493
73698
212390
253838
471450
749921
691106
846296
963980
8528
808610
662327
262611
473203
349726
231549
634779
388147
678500
972168
588419
190026
195496
535731
254166
664915
682920
222095
972059
831740
77277
558905
905438
289668
329095
893241
39589
536553
739537
519921
545082
64499
698601
324045
537703
564679
71947
688834
952827
750447
177354
57598
456825
372851
109681
710991
37766
792602
449439
526178
624342
526716
601435
46133
332736
930530
939374
888678
467084
195263
924951
528518
259762
623552
852563
313817
188232
440862
2652
657411
191309
180006
231361
164487
69209
341042
391830
623328
649996
357621
149506
790691
400690
267293
836824
249778
197823
292550
138456
181259
4165
579760
226129
780279
203312
595045
94097
391544
35907
613101
565307
743569
309459
796668
908056
895021
654063
299886
518349
304059
173860
667855
94750
574550
935148
447926
824328
649323
256828
479137
346935
260993
58897
573064
557625
778561
168109
168074
686458
204017
781175
251765
947586
606986
48434
371994
502007
218849
671880
20356
522908
362092
204563
134011
936642
656063
98289
277323
821739
355118
756460
168674
132463
331709
741738
206440
110270
909848
374514
313080
630217
672041
564846
577803
279028
129632
949797
297387
348481
138029
317744
387741
500122
38659
38104
953116
694723
136394
230439
32814
7864
986899
201488
656679
834960
943226
863120
945231
369426
237634
258311
999643
909676
339509
93798
705056
985493
559947
2443
333974
697977
836539
238068
714451
875199
276172
667567
86274
412566
898007
119088
936782
401258
320576
593462
236219
780154
456582
697802
665933
210568
472465
665576
636596
811975
275727
341652
797468
835674
344096
647795
50003
180635
885863
764454
572186
678387
948374
658460
607306
362733
293900
544088
763991
614476
653902
516562
910983
626836
214364
576916
837405
203182
758844
474001
531509
550923
815654
845329
386598
676102
493124
952953
856737
895339
717408
945276
573727
182134
603736
181033
544867
897637
241473
825210
28465
895376
341773
455800
522212
72489
32716
875969
275671
307913
349971
323532
858836
681977
168862
761786
874431
661986
714740
247520
73678
948500
192796
163757
130634
796533
861142
675501
210522
102615
500711
755339
514343
358836
211140
552908
431326
243856
428877
223349
68121
295200
546882
926958
493529
715744
688744
367960
894082
919836
615481
484112
868336
808277
647869
515322
121162
509011
707175
331684
127979
207887
603376
642322
83075
814516
195230
30753
574724
624108
254103
642846
435660
317337
569804
929190
33081
774900
297150
443515
211089
428983
927628
79425
237261
575497
594748
874775
600861
301923
722812
728840
26162
326188
371162
109238
140704
82745
656343
715428
223205
910446
358274
658865
227783
444430
588055
777216
735683
401558
737084
946772
830541
664712
542549
584154
756561
137297
458930
873774
955573
181742
602614
498087
24282
490129
123677
164986
89226
780021
396766
312431
690467
271393
971296
434603
715823
75704
728171
967858
993614
465255
430982
824155
646319
973532
924662
402881
627181
899944
276655
582754
81686
395622
597194
622320
402103
720871
787306
491329
500892
184072
803760
707712
455465
291408
142315
687641
367112
386838
171851
360726
852094
602834
701234
498413
92718
142248
417646
719899
42192
210654
819006
640230
122628
416200
262550
524731
137071
49856
16060
637964
750280
336172
862028
722098
627580
4343
926091
994693
907533
97942
871771
759627
217128
573005
774393
309846
715253
708391
29746
273797
919045
365104
914027
558025
781304
176577
82756
918375
742785
615168
72691
493066
951340
934719
731516
578921
455414
657607
573614
362948
271901
445385
638927
489030
534743
929672
315228
766348
638064
861326
40146
73461
226430
954173
631487
7734
130751
230595
442462
389888
845764
31505
882954
797104
966225
130822
376025
937991
788429
465991
817291
576683
427729
456219
582065
478824
902243
897293
245172
540307
758620
801670
130121
985050
755844
277960
509137
402947
508555
951599
792835
870671
499456
192142
184128
465681
839316
560153
920025
144098
542497
737316
720781
486578
193535
302846
965402
95779
716491
210574
152438
991463
12245
798911
976514
284441
76871
2003
203740
101779
469954
996575
972450
969410
705069
672930
951444
544386
749436
871469
688484
291933
608785
925617
778511
318673
228463
743913
414452
461306
470839
83242
452770
999436
882154
945636
283877
475377
947639
487617
577156
933945
545
65959
903355
221966
738889
854799
282704
488325
726268
971188
296610
335054
896805
591473
170079
641620
335386
584531
102927
322578
184125
72049
322014
66279
17685
122244
541657
481676
126213
635165
415621
643110
217476
318976
865077
956366
690128
147781
961043
416396
635322
257654
267802
48479
849127
437881
206452
700866
538764
825731
539796
722890
897780
378162
305521
915465
500406
363530
913493
142972
998696
329114
786082
216172
648090
167511
688890
854570
315293
166286
270967
466967
423940
55121
515446
789419
9355
721898
6637
64471
63981
546433
303713
961761
924596
609235
393578
941354
489117
307071
84326
4165
636185
870409
736690
800628
554272
425580
655198
869565
591866
442517
852884
532158
13991
884683
837930
539698
122933
844567
604169
186915
907353
907883
148676
348301
33470
58607
289655
38939
365678
890334
43105
518216
277095
779795
835196
831367
205375
6746
217285
313594
965616
70169
362104
979607
954852
200034
35657
594138
560954
639826
781053
984659
64061
446081
332960
613883
504688
138967
652823
870367
29301
695928
904935
822748
475723
740131
654116
197450
746877
871401
27396
228845
457922
389501
208452
929127
589535
244109
523265
666841
400288
304318
651500
980701
266751
500812
594585
771440
639780
247408
158159
185433
459688
63094
8182
935411
319577
662298
649213
582806
50051
676610
811652
507973
66111
536456
437100
171998
296918
960365
838840
213558
781035
6692
194259
47787
507505
788844
335579
147285
552604
493738
849070
528644
73184
857252
980407
392761
35902
629621
491919
85953
822583
303571
593927
888694
356380
547379
577044
653298
24097
932236
866856
321484
938929
577467
885623
446434
366312
221202
110071
435268
714940
959141
963913
304476
332746
460672
213589
368648
90293
705509
970954
912876
525432
81233
317922
881812
628612
411319
535110
169061
343555
918318
490546
798836
495786
376169
761622
378450
597372
871693
330070
828664
347187
810335
133141
679933
271008
346730
564933
877653
568591
535887
306882
94024
617120
141156
975836
762085
552475
27299
931146
412383
945617
421692
211219
957755
797862
972842
336205
911586
360887
182628
740250
708074
992963
389743
904359
263971
252826
985645
141625
821417
521532
448507
915441
655005
589663
891278
417090
658491
434929
864588
70874
380546
286281
798445
854654
600495
287639
190859
28433
648527
373487
285035
872953
882803
674779
293665
146774
443957
279310
804751
265374
800842
769610
697168
972199
875626
104798
389289
534117
539727
770230
121343
436625
56511
919788
291279
173358
207428
998491
201791
372307
888330
3178
245260
771133
677957
538925
434260
638266
818235
239011
903641
135430
524974
117161
107629
400600
221959
13271
934717
761686
783501
572412
714663
356364
492200
5943
46074
215980
4434
764217
588287
409116
767395
349900
180250
961705
888825
614510
599971
223413
369873
19964
875195
894847
137125
499176
295447
875436
28799
746516
637122
328652
835280
868138
201368
327481
874081
247442
59813
394867
528011
648101
803983
295407
998001
500585
773464
403178
115095
889787
142943
1321
909752
534490
896168
563229
33667
707968
438666
62466
970836
592140
907471
806117
460278
108839
649950
850711
872634
709763
761930
400645
874216
565914
212404
388569
582851
985868
308100
214299
392008
967395
215620
818112
501886
628140
381341
535553
852460
336359
114371
823297
928500
538194
145766
905130
647034
312068
755842
519668
538183
517772
436665
928752
600038
649070
317321
699242
151290
625421
913541
543298
109169
129161
361410
611055
757301
259104
662960
609762
595463
293683
949411
40315
831878
611529
945446
478912
923597
217640
514932
978132
735412
951597
906884
851803
117019
224206
551045
268310
365979
464586
327960
475148
110099
689371
602555
383752
464827
265515
993514
60290
559199
459277
100606
391077
70806
562404
386341
510755
780044
417625
488888
31808
369222
912124
883611
2594
652682
951008
270904
535014
931946
115216
526514
558397
320939
129070
942150
785766
394585
452016
846057
470136
911294
463015
861213
498452
25419
763906
525560
805463
181531
530800
353623
67106
442924
753587
69700
95607
704595
856956
630621
152894
972172
157135
711291
293112
802557
653441
78878
197143
105458
441287
183631
533104
420654
44845
31556
446073
325103
557116
767888
506635
604268
121512
90093
47193
875099
159793
659152
96046
533101
806125
248940
505273
479612
476584
314737
282170
646377
909968
995665
751835
351255
179296
801291
771910
740493
349200
734335
65597
422668
18576
88584
26937
656440
178677
74130
47891
854822
733282
143937
387923
55759
909230
893196
535371
385814
207934
817541
548543
117902
813206
300379
985509
508855
618022
273771
249348
967222
524459
831297
389891
543035
919881
416828
715827
98558
490958
763718
953380
740592
907655
857655
796351
333237
750852
331722
235403
475138
665616
783947
109392
995174
600678
611253
504029
218700
401377
269730
185923
925836
101027
575814
985223
20909
992642
701050
635819
999952
464768
105552
256896
888775
963207
53247
222013
230411
901321
457416
221901
83289
241363
331293
78464
842041
458899
98845
60742
860276
368575
246665
302464
469603
338831
287687
490512
331473
988737
126331
331425
969857
748235
588321
858632
711443
157920
80645
941854
575593
538062
163756
175235
295777
11401
253699
654171
986652
352544
714913
846928
721120
477930
665744
707075
816761
953431
197587
664586
458520
840270
996011
428377
588506
100684
287010
816301
774956
367655
758155
350549
422069
438263
525784
234199
966017
295835
888370
952669
164732
119635
315950
402204
113917
981694
109279
447030
451478
823218
111616
909998
179840
623979
338376
284698
724663
625386
100999
15971
509393
375507
882872
447815
813770
925009
682014
296139
220844
86736
248809
901928
206371
81111
304132
320288
579157
929763
767318
30635
752981
395286
940634
932822
19265
795362
733872
260280
420748
834872
276251
446493
210379
159123
894308
540501
84132
92674
836641
821329
179410
601802
723257
902133
682913
27390
738773
778422
473505
506091
809058
742839
417729
266044
192013
436994
61406
925885
697274
998506
760757
973525
444999
971136
132649
855660
511638
733133
464686
864631
554462
644097
466433
277720
62582
665698
821462
801356
444120
294967
823799
253178
37806
241529
519222
229819
678523
96980
155705
892150
95486
432814
865675
540486
403951
514676
912498
431941
247810
377184
296572
318624
537633
279357
596344
600216
945055
934158
401572
905527
745478
225371
158706
299636
466900
194280
45808
661776
291261
201513
553926
386747
150679
935953
443585
554630
966982
872435
502923
731144
765972
315847
49768
303605
595204
162465
420173
56611
96623
338097
962139
358453
563469
637197
658090
546721
831477
703898
724849
639090
421763
278775
542190
572442
731081
502127
643425
698063
890915
146348
429207
656887
462196
478975
476844
573752
157792
897018
146716
254416
235115
108855
129221
314936
746052
787311
378010
93881
491209
102859
249324
912972
897987
307866
485415
629068
809993
128840
327131
217260
791540
272690
874147
770088
268017
350992
343841
425810
764362
6909
196578
999477
115764
325799
830766
378168
113111
208776
988401
120672
311635
754077
33645
209622
61943
35412
838690
388289
680604
682173
605549
472144
471215
996049
242233
255585
347041
102426
681395
627755
109335
394325
627232
741451
236476
974350
635971
865939
183126
624372
986612
494762
378450
536609
704384
956745
572021
59427
345034
768977
257952
466936
241121
245520
462985
999706
501105
326378
102132
698852
954133
727819
93177
97717
985622
329653
72068
621593
711945
255194
245966
698557
266308
140768
235166
487045
613865
323539
62824
958900
92516
320776
942188
849989
82648
921525
849696
583753
247903
468180
282605
718388
712352
892134
332457
697974
738140
404525
319568
450085
176072
81886
148642
442380
739006
900160
929425
352871
740051
992249
828123
348919
829378
770311
198908
912026
208188
564956
12132
456091
549489
294737
690831
261841
703224
23289
476167
441364
944166
312087
891449
120238
393973
40091
78971
649331
456603
524748
2203
196654
516998
830326
545573
862728
116990
260833
291106
325178
825790
303238
297622
891631
114328
504805
669824
817552
44446
145991
258916
988613
458079
666717
625203
368404
706808
704174
17736
679763
228923
19939
876417
262273
366617
938342
125001
999959
199175
416107
841490
541317
235698
655464
949300
350026
160269
619124
683930
204716
765116
459198
709681
739547
125915
334884
107951
349075
39059
125687
28838
267982
661978
421607
46607
544948
876301
171608
544907
591828
104067
902749
133146
339765
558213
598798
206143
234835
217923
406425
955903
499391
865623
665584
238938
507890
468
863241
373317
555879
505281
918507
340213
167259
340114
386820
228559
216415
74780
289819
808244
178848
192568
457742
34965
267134
56540
757461
18321
790815
680238
974224
290206
62214
156160
45496
570104
672980
908738
943422
228860
414019
861929
569073
97630
718396
472246
326190
451163
547026
616009
259407
725874
808577
233501
277192
592063
806394
34653
610384
597209
231243
584608
403768
293457
740768
965616
863562
413749
874354
323336
158961
804725
701617
728034
902356
420013
716632
228546
387529
263659
360907
163288
989533
685836
396790
783077
277900
719536
334082
888284
833097
565326
989245
236865
858783
246365
202482
238697
176466
593188
562033
335427
397914
780003
579814
816622
716368
296446
561520
103897
76457
922427
267186
582343
608263
180328
365420
402515
899864
699503
807152
732961
781181
312749
486179
639964
559114
205013
395014
251933
798201
473399
103712
712467
253402
683526
529089
969771
496325
90609
590020
572782
529388
857206
671477
654004
553886
36898
56519
453750
252753
863671
703064
33934
176420
705595
190250
251887
910608
585264
503820
225161
58664
607532
453981
828418
807411
983070
798189
820088
590032
904562
909222
119420
278120
580700
773424
832007
617598
346296
802109
386703
726319
505173
420637
419092
727120
127239
670979
154080
228856
691151
379242
287520
815035
833223
115938
622446
332645
430480
958886
922677
335042
868109
558450
613162
965161
331874
961521
99111
678170
763631
485814
404490
785156
422803
823582
512277
66394
10913
666357
295250
702064
561951
582770
517099
911526
215061
655898
244172
161893
131136
683201
496935
515597
241651
626449
480758
573526
587971
579869
768048
867954
582035
688890
653110
521190
28824
681739
587585
39737
864449
882835
258153
426400
981958
291605
337927
713371
947503
98451
875264
594991
298004
888551
110589
539656
31352
591347
629534
619323
687569
913934
487277
269604
602825
656740
307147
631649
338479
894732
187739
202928
293919
445892
145681
792229
737497
999960
505600
201352
614763
380864
796344
912767
785767
906933
452423
817120
14632
598309
952795
702201
512244
956425
488158
115069
613165
795305
263070
467996
206389
450809
187277
16660
896702
849310
808890
150551
849270
314490
868256
464033
211707
664600
893152
997474
87885
861928
330946
102517
460237
283742
321071
972481
240167
809229
603902
369684
120886
866973
837680
843627
834134
24957
860287
247188
874267
669177
397740
239889
500020
265996
220274
711727
446948
113427
225553
534833
975355
72852
153702
951944
356594
474773
924426
113113
800354
44680
482797
437592
428005
320477
797571
262140
861787
657859
25680
252406
327036
423420
492296
343408
205768
228922
571487
652716
342349
313393
703901
834056
386245
373956
786001
742839
365081
226779
372304
681788
271459
855101
119380
699465
175578
433304
477957
553717
91163
503637
806124
934551
443410
298420
277960
649178
527342
849447
818247
386044
679192
38500
220100
65437
412456
522453
324628
293890
749232
696932
975678
20692
552033
611410
236509
243964
44714
230818
797681
652229
734455
603805
586781
694217
418577
381093
859748
462272
746892
194347
364668
426085
232847
584768
491522
161656
623574
816151
455546
372806
29435
947576
909850
581469
558986
146359
341785
120053
377177
139466
772282
627985
743272
875415
322202
678201
256508
698302
140473
3401
892649
505141
429486
125497
606262
437360
803505
229836
769863
775403
118994
799299
239331
28845
897120
314669
175204
238905
434722
68734
894723
723357
213071
154347
598772
51625
832549
855281
749928
489374
858682
642577
510868
804520
284426
633482
241880
604283
379670
11744
379686
498664
811043
619017
527509
224515
933687
219066
979772
884761
804152
874495
608118
17223
28843
723243
68848
861392
578524
818776
867118
953558
977706
377986
758078
262132
11468
999958
866416
391138
528054
762454
406155
855449
897824
450016
79964
347863
669082
59736
232624
989586
450584
357095
6809
479427
80338
592010
857171
175214
927138
724289
128772
904844
618628
886850
683329
146448
403160
66097
53939
931215
344903
460094
303016
242727
910110
382981
590590
95545
959069
339567
85131
409653
213014
608293
405432
293352
716655
262603
468566
643793
503245
597338
64990
121873
540
264671
784673
920052
847120
838612
367619
192023
815058
670636
434751
725169
569969
541693
337066
529038
397612
422197
455044
610626
546842
860476
420330
263497
639432
888896
423643
142677
2586
488633
780902
519478
269656
565575
439531
116776
920540
807150
308799
735598
994138
259902
460767
564107
317948
314185
609498
715560
736383
64542
326187
799577
441370
746517
63075
80802
151766
486718
223479
670704
491703
520733
190183
277711
602661
146066
394487
523201
469568
219638
258799
463707
995893
235919
27814
313841
550104
153664
29401
802839
218206
871940
602417
659577
134810
181844
740379
802928
184914
480211
473632
192969
517296
180167
470680
119957
326233
381519
643158
795802
601157
418310
775861
597050
654229
320027
427243
720685
473692
972997
523525
208250
361289
642294
867827
496099
340490
124559
815379
525404
121122
289012
718373
638418
985531
705405
758376
311765
86924
917886
623919
204433
336196
916132
801484
506777
236159
228727
227463
226203
718076
267340
434454
79366
425986
818633
575465
766476
459544
907197
291880
580666
712561
526605
735437
698092
232010
10165
526209
835286
928051
666480
39719
780600
582612
357555
803729
335124
102635
547544
561327
820711
814884
512133
900077
757222
330767
991895
523698
790311
899092
331930
887330
611653
374887
622767
309745
123249
632932
352307
958535
77335
18787
514607
374287
601400
872162
178017
936524
974797
725561
14203
795509
56798
526337
211938
814020
373456
203833
854071
680119
619277
186001
567449
747282
77241
706568
57028
200490
339500
925687
675378
933188
944474
189985
307475
62226
62147
1844
998750
553297
727406
529306
865158
300556
571995
77096
114576
945451
797282
968647
625570
416559
671001
709372
163842
748242
415940
737222
465084
271793
662909
140462
721333
123735
330447
545160
185962
392595
547005
701064
462244
790763
230370
327402
91319
318717
404498
722247
264168
718132
690895
406091
651044
878248
631815
331238
142842
564107
68460
607926
835900
247721
748389
557233
887808
78836
102394
73770
987783
165751
774835
450027
956514
521557
777429
47833
840275
698280
770080
620795
932764
977327
543238
583808
371927
691405
915046
514769
255513
499858
122696
91413
263931
871085
164999
151740
949921
783745
741862
454057
949496
516697
904084
422362
554607
197866
470195
911234
412498
756627
48381
861614
250307
591620
445423
622234
283025
876821
137004
54890
376680
259700
146304
156963
647137
827655
308703
113410
611400
50566
567467
77248
83615
987904
499610
638222
702122
486157
65808
114620
759136
114190
976234
9443
705810
938009
148030
505187
814831
801386
560078
707863
577438
222734
864826
224575
566741
689882
337985
694493
740448
905453
771741
340415
409709
787703
494990
111831
273860
560798
742803
549348
674988
719037
75144
897150
173399
223174
918690
988230
24560
995120
212445
601998
734206
77271
342925
300947
767153
680910
995440
23953
102715
283533
364369
512424
71236
859359
140607
861448
420157
883410
410796
611498
602448
485940
508648
292199
225466
943690
280429
766378
938810
9226
884728
673016
86497
227653
490315
853651
424916
485755
877604
527631
769288
758325
556408
356876
617684
697015
218324
554194
580426
145473
165692
699226
147765
190692
507777
889584
650735
304558
655962
105897
313784
540691
778914
400281
284696
785581
770284
709612
787689
164241
753596
73329
922566
310004
430206
56603
523371
164882
610797
620149
826707
292841
835727
974473
483533
343504
864057
650620
648062
520019
756518
961846
577062
51784
362128
861759
837365
648764
571371
625054
813005
841319
698384
251924
151323
644942
308527
191047
809824
435676
327548
636532
728517
163276
127357
728402
506780
991414
379023
671195
27785
135541
633041
121200
187325
511521
982959
541042
160286
70682
166097
489643
428354
380833
741567
579677
25775
50094
287076
351951
485770
614625
504835
730639
777901
632192
459042
801033
139958
838065
472228
684096
489958
621622
805296
193635
133143
304607
734677
293429
891641
417126
299425
319995
797959
40992
416025
340086
607439
219453
208390
93209
834078
713225
340201
128331
861770
799243
445717
518080
153660
434297
202176
643618
55919
523824
353605
189063
344783
88282
998844
752777
505409
298269
589124
819720
339262
5149
676159
463053
740955
884549
72614
575033
114126
412815
219717
975896
212058
181786
493977
882070
616083
212505
42040
672003
252682
395645
861066
597465
483928
376262
866594
505689
674532
455719
325409
530146
977220
1568
993199
718175
402469
65813
809561
516596
478629
545630
492492
207039
727416
502821
89110
343499
231679
647502
15502
484361
43148
392920
598178
527076
769183
464773
549117
443715
436844
874526
490213
414064
392447
483412
132240
794916
65577
458153
311512
60558
3783
320357
783950
731199
823178
389412
74698
54857
36914
90201
55570
80062
483121
653749
123490
768656
634874
672607
212371
71718
63486
218936
485782
455933
218700
134374
767201
284278
592527
78714
861188
596310
399071
645138
843861
738601
34550
918560
309811
587817
525113
365381
667879
524586
535482
791370
293243
170356
980329
21966
758426
43815
757255
760561
499748
975955
411287
266950
776585
3815
862016
637774
116477
777439
799264
476691
32392
350167
395251
342203
937984
436716
223937
605863
477654
275771
913585
770897
962480
893915
309216
720906
937730
66471
997819
953831
42426
409107
737133
335364
412922
115501
973138
45751
892940
288754
522442
441684
638921
434045
783888
576905
870761
524177
699121
864768
799948
612706
635665
762428
22973
461233
999687
960704
44056
997506
430887
86483
406613
168020
938199
335887
283521
911337
897991
692813
716443
420433
134497
355365
370831
434737
448622
757944
958914
664095
622712
275215
793154
774730
553995
816127
235963
553682
293183
280020
67541
724070
882855
474154
892090
821054
326394
691963
248743
224385
384776
965186
161170
35626
836903
532001
470363
801878
289946
945630
465973
912658
220845
259127
203740
291192
75255
439704
361227
368438
236076
428768
608861
118931
419274
500951
456337
745668
709267
705080
970053
94043
186618
131224
646021
539874
179577
116385
341752
469523
62015
807725
898534
799212
66853
102274
606756
658460
58330
967983
26898
294406
396751
635759
929689
332378
653063
902378
78046
362330
607458
564452
972725
310429
212028
618747
850303
391605
251484
192055
377481
829851
999780
792367
145415
582985
410993
752171
241445
469324
720155
784696
280082
633258
420455
726124
481988
589870
628502
560035
468552
752313
640839
957630
62742
852867
576377
429397
760824
344213
621452
138305
174064
137584
930672
319479
236922
341666
588002
478367
327342
824509
263063
607424
457768
199871
849900
456108
306093
478403
16143
774646
230716
173334
732276
293458
542553
825005
239207
303378
169218
377011
441683
859634
514595
888708
179113
267869
746726
283467
746237
74068
107977
525652
197844
82097
725523
47745
538205
547969
42500
554349
322615
273216
244035
571243
83026
786589
396248
322233
89967
81818
699244
48002
941452
730191
453062
636917
998061
199788
920384
260650
790208
28361
786302
504405
110458
28178
68502
165016
576147
111002
719365
898762
384218
479752
986357
467244
266341
382605
305829
872660
980775
5073
920663
922227
251616
373725
75496
249677
89866
512232
510327
880074
56946
812982
900831
683756
841160
969333
848772
417307
80335
84489
832421
980905
564242
818778
448149
830583
717735
753978
703244
698510
275403
140259
137089
527020
513984
212585
293049
120202
724817
803377
277
298115
616359
901108
981872
973871
386794
830644
391178
467129
915134
739951
964387
479376
558729
412536
826311
276464
682867
45907
974974
474622
186166
112063
517994
216503
841000
811044
336705
82169
130773
853334
380285
747132
270795
362157
237355
657589
709153
628533
641070
624287
368484
605457
620015
443565
534346
962679
720029
733565
8586
211355
208187
711105
839770
726182
443960
197122
53578
780665
279291
184351
150352
659576
447835
421147
538085
685190
595088
247239
830075
236158
387878
198559
357968
7894
158476
892314
970573
878505
142231
495511
606212
866770
722968
962334
109304
166928
159456
162882
463946
438747
347233
614298
614676
795068
551797
152761
480258
146885
916352
826685
899395
304231
25244
773715
828477
700072
182381
315402
94929
324612
810913
701141
191383
50234
663475
300687
217162
822931
979922
197460
778031
327155
811758
392707
638576
879907
61820
635186
543144
978173
461872
442540
798756
3468
216255
627233
703541
398637
458987
798470
239601
269900
499612
947336
320134
679439
248024
53649
18723
227946
251109
796754
71453
579220
189461
710029
975479
767633
345216
518624
262158
807088
477516
60914
326908
210123
204499
30449
125112
663486
828920
364714
449739
844884
312050
286225
40675
76426
339874
59398
820724
107336
856152
892178
202908
561965
118559
178387
329599
980127
697011
108109
787215
174527
169024
630476
384651
889875
660925
509763
553362
6197
390829
519453
851081
702880
805678
891757
295658
661905
467507
116383
285593
323660
524913
488501
401977
159824
666888
247928
139952
880252
356038
443519
571131
525062
73995
472134
931289
734921
981898
1003
741118
889079
520456
108552
591959
842487
516661
403970
504392
984168
520353
306337
307828
561618
794838
226158
721442
978078
474086
861394
374682
830124
304914
945814
871538
895261
417948
802828
630182
916198
320183
887653
805278
840640
996205
913589
683127
512866
317559
703871
497034
354264
10208
321215
432234
321398
547373
153677
815828
537811
531423
190511
884288
352689
136325
755826
247951
554273
75006
878133
986824
395190
765786
792102
752182
278343
705691
951661
791209
539603
655532
288244
410219
182092
125811
842454
19842
189536
996131
835670
727347
43906
26181
611635
396596
678858
883814
644547
233132
958820
39032
219956
870362
321171
528410
622544
599514
750453
574205
390724
290056
746089
195320
700276
444533
837483
59082
464375
27019
55213
300046
754366
99119
842579
882354
12067
521438
766168
656614
270922
241340
695647
7230
111703
16818
535640
250599
132684
286093
341157
523408
92502
87246
235080
309130
48132
72563
368212
512507
99582
939777
328905
370301
555248
171485
252655
567316
692923
535175
223930
480197
776515
435929
487427
404570
969099
23067
171522
101784
309160
512679
141544
918014
116277
376625
227144
164409
965540
595356
193269
581475
535133
522174
951776
90382
210011
720783
657698
419286
772310
397980
899483
65177
350262
386910
986100
835713
409977
157622
453849
235490
186653
595394
153504
819282
488371
897001
500044
970263
492357
693313
551738
27491
731839
19866
634225
941851
740649
808275
361137
29311
722607
260621
94489
72869
647531
80589
424935
573861
754563
878784
325703
941216
990530
479207
276850
478901
892560
776894
449165
384918
470207
517255
928761
202047
537122
79338
660250
277771
887613
21387
823435
610220
282008
917924
199442
445892
514865
624377
536105
785780
19513
861808
243348
10044
857367
520198
5297
749928
297093
970814
651198
283652
488070
579959
485699
25192
659297
145949
819315
63262
683689
642750
673482
482049
77026
389276
444293
108243
530005
980398
894023
549519
358558
137371
75915
215926
657570
81212
482206
954663
568379
133404
754667
56449
229715
240367
81641
889012
902668
900956
952274
586357
60059
142108
584759
137085
531385
29052
761681
577742
9451
655704
643613
368009
793076
719528
100287
966998
317093
582493
438013
885472
232249
192680
941921
461964
949399
539914
867328
368420
440870
819602
954777
17281
478063
55888
670719
525800
84941
432400
103542
610744
88104
747156
978753
397532
983036
595393
880882
300129
694238
318895
185601
926488
27928
643874
388452
977327
183788
255781
345747
141011
591735
816877
158292
69798
872765
829011
111950
474058
777763
215493
84802
865868
479001
579908
779752
462037
175301
176987
762167
385891
495882
464120
312379
40162
107995
217184
17490
291783
989317
879589
949146
581052
212818
107439
167203
85584
452802
279153
75994
230566
10998
160797
612786
489999
257057
392538
952037
432358
569525
230556
334601
581760
694676
646981
138274
319023
864165
155764
610807
853482
551706
559953
950886
764524
183744
118089
366460
636547
913595
442455
867113
924593
603252
996251
414593
860309
388789
366630
809019
474667
113538
143620
572779
808214
306953
711053
127238
687470
383170
254397
57304
934876
330702
8191
215752
514447
642632
582213
667346
556227
24668
50811
480821
144272
47062
411766
520933
952203
294748
846304
943222
408286
506276
516001
732852
813230
743407
860090
17052
642929
630839
74357
94157
961542
598900
309909
992341
241532
892122
659687
314112
433142
710498
311285
93766
273912
239403
614699
226115
534151
977355
169338
458789
483632
201691
191641
813214
461450
51732
346618
104379
682571
420975
198536
160465
536227
24798
152806
294112
433272
812493
608224
866415
39343
435861
960181
313255
675264
91233
55723
725767
68588
741413
184556
68572
459456
376197
398138
920907
944281
744757
541638
143205
682084
256527
303670
734664
281325
456477
28776
714597
785322
153352
97364
824666
589213
57546
654273
780829
665131
226348
506596
250071
967761
691152
834996
427218
583701
233134
864477
527983
494243
922467
671188
692680
178994
974858
427344
976671
947687
456120
691269
733010
609472
788633
74028
715037
362531
728301
495866
544014
471002
518814
794086
438763
209966
629082
382333
310019
378568
763162
838002
872812
685630
25542
565492
864624
401
509188
841296
464440
965308
48917
197450
91132
353902
271478
806169
232786
516132
818387
776800
987134
337201
570886
942249
63519
716320
840935
373538
94889
604097
727893
967701
806079
753435
49545
187056
270188
558733
544704
734629
40393
109973
932079
647877
463875
719910
454046
696661
236042
788785
473462
739528
642338
560700
198129
222209
277021
555416
595747
371910
675866
839992
855963
481945
593428
421860
669001
863616
496945
730057
598245
537338
840030
46677
185215
303906
766587
155613
516919
518981
460750
990381
774861
103088
67434
972990
325297
344455
528407
437396
716365
720625
277389
88680
202570
387169
510540
387924
767137
523837
117981
881735
61175
474364
928412
762742
294622
211351
434707
811541
246684
895457
318275
21545
514897
385709
510887
356546
730164
555646
310294
962881
276271
104035
567913
995194
491204
594805
383118
258342
118642
17451
656429
179817
491815
584841
458911
302789
312544
893618
114331
559228
305427
432606
97125
336676
334667
124364
693222
64831
196363
3516
544064
472634
623904
111977
984180
115108
223134
367298
889802
341776
901102
546231
37945
909269
647424
496856
212059
959968
906826
326390
35548
728605
275348
649025
65281
610015
773390
274855
191198
969753
794723
251614
958739
418627
879943
942920
50088
103077
826570
939890
444853
727672
486122
482798
153294
649898
979654
365353
609867
402832
208095
161767
131437
999795
810793
713070
126162
584183
504277
317360
70288
299000
568974
29027
717628
448917
488299
767716
551994
314870
223958
513199
558894
226432
995997
712188
876331
492003
593893
2550
894835
318340
164317
542624
834487
975110
772046
960649
75645
276323
794361
662285
575323
363335
207665
809303
328604
695964
93371
396950
527186
317330
910149
86081
543762
422498
314621
420093
914501
424867
938995
325688
259559
103313
384664
94047
594775
156710
571048
670421
433033
365410
849058
524709
245097
56723
850364
573702
752688
943736
487004
279874
261066
913506
882307
321180
852356
713281
257626
766858
138148
196621
608898
914059
299934
993563
8106
411062
666625
579155
597835
616011
944565
446893
140720
189662
503617
991084
279716
772657
451172
283073
568883
228590
712931
451191
549771
565287
680824
323749
848497
818972
520370
457396
733031
336657
967311
257490
747719
633936
352997
345554
249947
813914
792447
907019
519928
812416
414456
315997
585073
865628
599070
670309
94219
828353
637852
160342
393640
318676
484091
242138
137648
520813
215886
387031
857470
183197
160873
121541
817133
513870
983447
583433
327784
292247
490452
847713
104663
421260
163710
206089
286889
279132
876398
897460
107485
514250
57802
17477
832926
58245
259615
486926
579058
475501
390309
952881
175050
67535
590774
992184
581405
90574
575617
425542
382821
582421
789607
3836
3682
469669
726277
806923
748801
602675
704383
372638
633277
278537
390115
982555
853134
649731
985833
948544
641584
892495
417777
816635
960030
8552
325171
57787
99126
417140
483329
998299
999561
789288
2135
519595
258957
728413
326518
524110
847440
547253
896748
997070
825790
286864
495977
678924
452947
481811
143821
610883
890658
561598
943870
850688
570150
269041
908475
185628
686181
908157
183927
202095
213797
702415
721690
472755
430828
564561
996865
794620
111814
893614
791690
453957
696830
287668
649233
666129
285831
793054
277012
176489
354653
737235
543529
441155
6276
968356
626784
208810
876513
327063
927257
90311
545830
648947
79418
976658
729860
76283
287631
841675
486249
595673
811984
699431
399693
461217
365560
685524
254272
158925
378365
608925
896160
921894
566432
418788
890251
709568
627598
283116
36632
554855
889779
582462
720155
969197
75473
450015
561833
879456
808042
564434
475129
620026
263866
874823
81244
145778
76699
851868
304703
455065
977145
717215
893311
543577
136004
783562
253146
279954
66679
806130
351162
472810
904944
587669
442008
496769
554036
3841
376225
362079
568275
367707
498457
348493
242530
96053
494272
835581
464273
315327
806998
441418
32543
700310
501348
684899
483872
754494
481205
66903
76976
832367
539714
498272
420036
498074
995042
974073
18267
371267
852504
102894
738974
867313
451388
497856
963367
945660
849790
427640
777339
656788
385411
326234
357098
886759
527485
357323
157605
8691
940578
750933
357410
996644
249205
293799
494718
244247
784224
29337
131867
636728
132232
387193
20393
583620
885050
983760
45632
734840
927753
339323
907980
829516
665558
265079
716275
193043
138754
390232
718086
79332
141165
591849
75977
390370
885648
87047
150970
669872
116385
282837
822952
764969
670030
843345
348589
71432
343458
910573
806272
787563
249896
230605
617079
431806
495684
849706
141202
150790
239938
375640
230122
897455
967489
822451
287825
853137
909499
955147
39361
542236
237984
862313
307205
908015
222011
172146
979447
565469
599071
302072
869384
365319
532677
2815
797126
544713
852521
454680
695503
608811
830320
441977
506266
797810
264429
310443
650947
690280
265591
690309
232516
503575
68974
56073
927942
290985
744571
423742
372806
343642
242166
242190
708961
291195
245005
506087
835908
613878
477119
47763
222689
307440
489740
245307
105250
270521
72103
272549
960801
854046
479210
709669
873973
548185
765742
801916
355522
26665
742010
728329
370307
984176
486871
79269
275371
248229
101708
111279
378459
578828
675394
117501
886268
681486
362808
991518
952008
951263
780419
912809
805309
259630
138831
679283
324167
420925
481199
679689
447591
223209
924370
817898
207385
927594
413519
999108
692175
515228
110387
70634
94056
302133
188135
496676
983619
550944
4546
935627
18559
784965
364789
823869
560947
19972
503152
885114
440897
984351
564804
404840
723912
5526
222739
447649
933120
152610
446757
625295
667838
73496
212282
278246
375629
400417
774922
875600
467713
779468
327580
486273
80786
692369
310142
641733
228693
813294
526848
185942
313997
608004
590783
554261
129882
329874
1910
579355
482484
965019
721002
150323
554867
933284
944921
930496
333702
719844
322448
801415
15664
650028
804040
612802
858749
114182
770888
87442
443828
814088
273385
757825
422092
864168
828438
68326
710394
346700
647681
192878
311719
368684
859553
866586
301968
804475
313434
152022
40671
635883
469790
572687
285911
273830
701842
661013
388013
472730
748455
831841
286818
21840
106019
225262
402360
934457
293588
112754
797510
941270
821985
109229
826306
681538
492168
644626
2365
321954
796649
559388
957837
266439
648428
760101
540269
350270
421114
444634
339352
685921
792828
626170
224114
415199
851432
142826
866008
661372
771933
663518
118994
593918
289100
945300
791808
781268
106279
310526
103222
902928
869914
577412
685719
34694
853865
742340
384964
791331
186975
724316
477252
496155
866838
217718
911354
234622
360545
293714
412347
132478
957233
531341
726396
246333
992994
34556
27601
99273
345082
647175
518553
731349
740939
204272
766043
594804
946612
667360
902487
649939
908028
379740
662446
774867
597458
90152
525841
474355
383867
938188
606833
341100
469530
849581
103785
978876
884138
647738
78149
229220
294913
596702
960569
35853
317326
242965
147009
780290
910325
49497
946582
818353
945589
609028
593220
59399
215533
635414
533755
599400
573602
140588
456852
43132
506522
560637
22008
390660
208375
616509
619880
19640
729563
96802
571845
46889
339767
718855
827180
766444
284704
290114
584797
230293
899142
694370
289692
114675
329784
339799
230427
903386
996740
687279
462871
503262
247916
1231
893922
972643
617741
30154
992284
347304
643308
564129
910546
499427
799336
737726
265871
84040
27840
850669
830685
443334
545039
636730
74362
391175
976529
821141
294561
489621
508421
757432
992883
272689
758664
403157
245333
892757
949664
753969
240061
592972
318098
150607
608752
633787
404685
874623
717827
948877
241644
548513
908564
303035
185243
499278
694210
678124
320419
988772
167746
828840
262556
160629
617882
537572
80139
379567
430329
29803
133536
186743
622775
967986
337350
231527
601773
258388
622503
835953
723617
864147
900818
632181
683535
86061
131459
377745
280537
451879
882869
