100000
8
10
30
39
52
66
80
95
110
113
124
141
142
156
174
184
197
203
234
249
253
259
267
277
285
296
298
307
314
316
321
327
329
330
332
335
341
344
349
351
360
371
376
397
401
416
431
444
458
468
479
488
491
499
508
533
538
540
545
545
549
555
564
578
580
581
584
592
621
630
631
637
646
656
658
673
676
688
690
697
708
709
710
712
735
769
788
789
796
802
805
820
837
837
841
842
847
854
867
872
898
900
905
913
928
948
958
960
962
972
987
1003
1017
1017
1023
1037
1046
1048
1051
1083
1097
1101
1108
1120
1137
1146
1150
1168
1174
1194
1196
1197
1199
1204
1220
1224
1231
1244
1246
1255
1262
1262
1272
1274
1282
1292
1303
1321
1339
1351
1355
1369
1374
1377
1379
1397
1403
1404
1408
1410
1412
1416
1440
1454
1460
1477
1494
1535
1543
1548
1549
1568
1575
1580
1598
1602
1609
1616
1627
1631
1641
1647
1652
1652
1668
1672
1695
1705
1707
1708
1713
1722
1733
1751
1763
1784
1822
1828
1836
1837
1844
1871
1873
1878
1900
1903
1910
1915
1949
1954
1957
1958
1988
1997
1998
2003
2007
2013
2020
2040
2043
2050
2051
2051
2059
2072
2131
2135
2148
2157
2157
2162
2178
2190
2193
2203
2243
2245
2249
2249
2256
2272
2284
2288
2298
2345
2355
2363
2365
2365
2383
2383
2386
2397
2406
2407
2414
2433
2439
2443
2451
2518
2519
2536
2537
2538
2550
2564
2565
2576
2586
2586
2588
2590
2590
2594
2608
2622
2647
2652
2663
2670
2677
2679
2686
2689
2725
2731
2745
2759
2765
2781
2801
2804
2806
2810
2814
2815
2819
2825
2836
2842
2854
2857
2863
2871
2879
2884
2891
2895
2897
2922
2940
2940
2944
2954
2960
2974
3013
3017
3022
3053
3072
3077
3078
3083
3086
3088
3101
3108
3121
3131
3134
3144
3163
3175
3178
3187
3192
3224
3236
3248
3279
3285
3317
3328
3333
3335
3345
3350
3362
3370
3372
3383
3387
3394
3401
3418
3429
3430
3458
3458
3468
3499
3505
3516
3518
3519
3526
3555
3560
3561
3567
3576
3584
3584
3593
3597
3610
3614
3650
3654
3658
3662
3662
3667
3682
3690
3702
3709
3721
3738
3769
3782
3782
3783
3810
3815
3821
3825
3828
3836
3841
3856
3857
3886
3891
3892
3896
3896
3897
3897
3914
3934
3938
3938
3940
3955
3975
3978
3981
3992
4022
4048
4059
4094
4126
4133
4137
4137
4138
4140
4165
4165
4171
4222
4226
4235
4246
4249
4259
4261
4263
4282
4288
4309
4314
4315
4334
4336
4338
4338
4338
4343
4345
4360
4369
4371
4372
4372
4376
4385
4390
4396
4396
4411
4414
4415
4418
4427
4434
4437
4440
4464
4472
4487
4503
4510
4520
4521
4527
4528
4528
4530
4536
4546
4572
4573
4586
4586
4593
4600
4610
4629
4631
4636
4640
4644
4646
4650
4658
4660
4661
4665
4668
4738
4746
4750
4752
4776
4782
4784
4793
4804
4804
4805
4812
4820
4820
4835
4838
4844
4854
4869
4880
4896
4910
4924
4947
4965
4967
4997
4999
5025
5040
5073
5080
5099
5133
5145
5149
5190
5195
5203
5213
5231
5260
5275
5297
5298
5300
5331
5341
5343
5354
5366
5382
5392
5400
5401
5401
5414
5437
5442
5449
5476
5483
5511
5511
5516
5526
5532
5547
5551
5556
5575
5588
5622
5626
5628
5664
5667
5667
5668
5671
5675
5683
5685
5701
5713
5721
5723
5730
5758
5770
5781
5795
5796
5824
5831
5835
5838
5839
5840
5842
5848
5891
5899
5900
5913
5917
5935
5943
5957
5992
5999
6000
6016
6030
6078
6092
6097
6105
6115
6119
6147
6155
6160
6174
6175
6193
6194
6197
6197
6205
6223
6231
6233
6260
6270
6272
6276
6289
6289
6304
6309
6323
6349
6355
6361
6387
6388
6406
6430
6430
6433
6435
6437
6439
6460
6467
6470
6502
6517
6539
6541
6547
6556
6559
6580
6584
6586
6591
6594
6627
6637
6640
6655
6662
6666
6688
6692
6701
6713
6716
6718
6719
6721
6724
6726
6733
6740
6746
6747
6771
6779
6799
6807
6809
6812
6817
6823
6855
6860
6867
6872
6875
6909
6915
6917
6949
6965
6971
6988
7022
7048
7050
7054
7071
7091
7156
7161
7163
7165
7165
7178
7178
7195
7200
7216
7230
7240
7256
7260
7274
7277
7286
7290
7295
7298
7305
7312
7327
7327
7329
7345
7347
7361
7372
7378
7382
7391
7402
7407
7428
7438
7439
7460
7471
7483
7486
7493
7505
7507
7510
7543
7545
7559
7559
7581
7589
7602
7618
7622
7632
7659
7664
7668
7668
7676
7680
7687
7700
7716
7734
7735
7750
7762
7789
7799
7810
7826
7860
7863
7863
7864
7866
7866
7879
7889
7894
7900
7913
7914
7933
7937
7938
7947
7958
7990
7990
8006
8027
8032
8041
8051
8056
8079
8087
8102
8106
8109
8118
8141
8157
8161
8167
8178
8180
8182
8191
8195
8219
8230
8253
8260
8266
8268
8269
8271
8285
8285
8292
8299
8310
8318
8324
8332
8340
8353
8368
8368
8377
8380
8387
8395
8397
8433
8437
8460
8465
8474
8481
8485
8491
8495
8497
8503
8508
8510
8528
8552
8558
8575
8577
8586
8589
8594
8607
8646
8649
8679
8691
8700
8702
8720
8721
8721
8733
8735
8746
8761
8762
8773
8779
8796
8811
8817
8821
8827
8856
8888
8899
8927
8930
8933
8939
8940
8950
8952
8960
8964
8988
9013
9034
9034
9042
9082
9084
9084
9087
9094
9098
9103
9139
9142
9145
9151
9175
9177
9182
9183
9187
9187
9188
9189
9192
9203
9206
9226
9254
9258
9259
9262
9277
9287
9292
9297
9303
9316
9327
9348
9355
9380
9386
9389
9394
9395
9403
9420
9431
9431
9434
9443
9444
9446
9446
9451
9476
9477
9500
9509
9529
9533
9557
9560
9575
9581
9595
9599
9608
9632
9644
9648
9687
9699
9710
9721
9721
9741
9747
9748
9755
9761
9772
9787
9795
9811
9818
9828
9831
9832
9840
9859
9895
9913
9938
9951
9960
9963
9999
10003
10010
10016
10020
10036
10043
10044
10046
10050
10093
10094
10113
10116
10119
10129
10143
10163
10163
10165
10168
10168
10172
10179
10197
10206
10208
10220
10221
10226
10227
10230
10285
10286
10291
10298
10302
10305
10336
10373
10380
10407
10444
10450
10477
10478
10479
10483
10485
10504
10533
10539
10573
10623
10628
10662
10669
10671
10684
10698
10729
10732
10734
10749
10763
10776
10783
10783
10784
10788
10793
10808
10815
10820
10826
10831
10832
10841
10844
10875
10876
10884
10909
10913
10940
10945
10954
10967
10992
10997
10998
11019
11027
11037
11051
11051
11053
11092
11104
11111
11120
11120
11121
11153
11166
11168
11173
11200
11203
11205
11214
11222
11229
11247
11251
11257
11266
11269
11271
11273
11314
11356
11365
11370
11371
11373
11380
11382
11389
11401
11408
11415
11431
11442
11443
11466
11468
11475
11476
11485
11486
11498
11507
11519
11522
11531
11535
11542
11559
11560
11563
11569
11575
11576
11584
11585
11593
11605
11612
11614
11617
11650
11652
11654
11658
11670
11678
11691
11715
11719
11722
11730
11735
11742
11744
11765
11781
11796
11804
11808
11813
11820
11833
11839
11839
11842
11842
11846
11852
11856
11871
11878
11879
11896
11904
11916
11920
11931
11936
11937
11945
11974
11985
11994
11996
12004
12009
12009
12016
12020
12028
12029
12059
12067
12078
12087
12097
12110
12115
12126
12132
12136
12148
12169
12171
12173
12188
12209
12229
12242
12245
12252
12263
12270
12296
12317
12318
12324
12331
12342
12343
12347
12352
12352
12356
12357
12361
12372
12383
12384
12388
12399
12419
12420
12432
12447
12449
12451
12454
12463
12488
12489
12502
12512
12532
12533
12552
12568
12582
12584
12586
12592
12592
12595
12599
12601
12602
12647
12651
12663
12676
12684
12693
12698
12699
12710
12756
12779
12788
12790
12790
12801
12801
12806
12841
12882
12882
12888
12902
12902
12908
12926
12932
12956
13008
13016
13018
13020
13027
13037
13040
13054
13060
13072
13077
13085
13104
13106
13115
13117
13148
13155
13172
13176
13204
13207
13232
13261
13271
13295
13302
13302
13311
13322
13324
13340
13346
13350
13376
13382
13386
13394
13395
13424
13425
13430
13432
13435
13450
13459
13467
13492
13526
13528
13535
13538
13538
13540
13547
13565
13571
13573
13612
13616
13620
13655
13700
13713
13727
13728
13730
13740
13746
13752
13761
13770
13805
13823
13828
13830
13865
13874
13891
13893
13903
13914
13915
13922
13950
13954
13966
13969
13973
13974
13989
13990
13991
14013
14017
14017
14030
14066
14092
14136
14164
14167
14178
14180
14186
14203
14207
14216
14224
14245
14268
14284
14284
14292
14301
14304
14311
14324
14335
14344
14352
14390
14400
14409
14420
14433
14440
14457
14460
14464
14470
14478
14488
14494
14503
14517
14528
14548
14556
14557
14558
14583
14589
14589
14598
14615
14616
14627
14632
14637
14641
14647
14649
14652
14654
14664
14667
14672
14673
14684
14696
14709
14729
14736
14748
14754
14769
14770
14773
14784
14796
14800
14816
14847
14849
14849
14873
14879
14885
14889
14932
14933
14941
14942
14958
14972
14999
15003
15024
15051
15056
15061
15062
15066
15076
15087
15095
15156
15170
15172
15175
15195
15208
15210
15211
15212
15224
15240
15241
15250
15298
15300
15304
15310
15331
15333
15342
15354
15379
15395
15397
15403
15403
15405
15411
15417
15418
15422
15426
15460
15481
15493
15502
15504
15508
15510
15528
15561
15598
15599
15600
15607
15608
15609
15616
15622
15622
15626
15645
15652
15655
15664
15675
15689
15695
15696
15696
15718
15725
15729
15753
15755
15770
15812
15824
15837
15854
15861
15870
15878
15884
15890
15892
15893
15907
15924
15950
15959
15960
15965
15968
15971
15985
15989
15992
16019
16026
16051
16053
16055
16060
16075
16076
16094
16106
16138
16141
16143
16148
16159
16163
16179
16200
16209
16210
16217
16246
16251
16255
16267
16270
16276
16295
16301
16314
16320
16338
16399
16403
16411
16431
16444
16451
16462
16477
16479
16489
16511
16521
16522
16535
16550
16550
16553
16555
16556
16565
16587
16614
16650
16656
16660
16672
16676
16677
16682
16708
16715
16717
16724
16729
16729
16745
16745
16748
16767
16768
16773
16776
16782
16790
16810
16814
16818
16830
16843
16854
16860
16880
16881
16882
16903
16910
16910
16911
16912
16920
16922
16934
16953
16957
16957
16963
16973
16973
16982
16996
17001
17015
17022
17029
17033
17044
17046
17049
17052
17086
17089
17104
17111
17114
17134
17138
17146
17173
17185
17218
17223
17245
17246
17258
17269
17270
17276
17281
17293
17301
17308
17309
17316
17316
17327
17337
17356
17358
17366
17370
17371
17373
17386
17388
17390
17394
17406
17416
17418
17421
17451
17457
17458
17474
17477
17488
17490
17493
17517
17526
17529
17530
17571
17579
17592
17619
17631
17636
17638
17657
17657
17668
17685
17698
17699
17724
17730
17736
17742
17750
17760
17768
17776
17783
17793
17799
17802
17832
17872
17928
17933
17939
17940
17942
17948
17973
18006
18020
18027
18032
18037
18038
18042
18045
18063
18066
18104
18133
18143
18151
18175
18194
18230
18230
18238
18240
18241
18242
18267
18268
18286
18289
18291
18304
18318
18321
18332
18341
18367
18369
18386
18394
18405
18409
18413
18421
18432
18441
18444
18475
18514
18517
18517
18554
18559
18566
18576
18578
18616
18618
18625
18653
18666
18671
18679
18679
18680
18691
18707
18723
18725
18726
18749
18771
18787
18806
18844
18862
18862
18867
18887
18895
18908
18913
18938
18940
18971
18981
18992
19012
19012
19033
19045
19048
19051
19059
19069
19090
19102
19110
19112
19122
19132
19135
19136
19165
19166
19166
19168
19175
19176
19186
19193
19198
19204
19231
19251
19251
19254
19258
19260
19262
19265
19273
19273
19288
19291
19298
19308
19311
19315
19321
19322
19329
19348
19363
19364
19371
19401
19417
19444
19453
19485
19513
19513
19529
19569
19577
19592
19593
19607
19619
19624
19628
19637
19640
19644
19653
19671
19690
19739
19744
19749
19759
19761
19764
19809
19813
19825
19828
19833
19842
19846
19848
19848
19852
19856
19866
19871
19873
19875
19877
19882
19889
19906
19931
19939
19952
19964
19972
19983
19992
19996
20005
20017
20027
20042
20055
20063
20068
20068
20070
20089
20104
20131
20158
20174
20175
20182
20196
20197
20198
20214
20217
20230
20230
20251
20252
20279
20280
20294
20298
20321
20333
20344
20356
20358
20367
20370
20393
20394
20397
20399
20404
20415
20427
20429
20448
20470
20471
20471
20498
20499
20505
20508
20519
20528
20538
20542
20561
20570
20600
20607
20615
20625
20656
20667
20668
20692
20694
20721
20731
20738
20744
20749
20765
20778
20809
20811
20827
20830
20850
20852
20855
20860
20909
20909
20909
20930
20945
20956
20967
20970
21007
21016
21026
21027
21064
21070
21072
21076
21079
21084
21110
21111
21118
21127
21157
21178
21179
21180
21181
21204
21210
21232
21250
21268
21287
21296
21300
21316
21334
21341
21341
21346
21352
21381
21387
21396
21398
21401
21403
21406
21425
21432
21458
21495
21496
21496
21525
21539
21545
21550
21577
21583
21588
21593
21600
21605
21605
21607
21610
21617
21625
21625
21640
21652
21663
21671
21686
21688
21689
21691
21705
21727
21728
21729
21743
21747
21759
21762
21775
21795
21809
21824
21825
21833
21833
21839
21840
21842
21861
21877
21904
21910
21918
21918
21920
21923
21933
21937
21949
21951
21953
21960
21966
21968
22001
22003
22008
22011
22016
22023
22101
22109
22109
22137
22157
22161
22172
22196
22217
22222
22224
22225
22232
22232
22236
22239
22244
22246
22247
22250
22253
22253
22256
22269
22275
22284
22285
22327
22335
22339
22341
22350
22357
22369
22376
22386
22395
22402
22405
22410
22419
22420
22440
22444
22448
22454
22468
22477
22496
22526
22554
22573
22606
22616
22619
22621
22622
22627
22630
22640
22650
22655
22655
22670
22673
22677
22678
22681
22690
22694
22727
22730
22730
22733
22741
22760
22762
22766
22774
22785
22787
22788
22791
22807
22817
22837
22852
22858
22873
22877
22879
22889
22903
22905
22923
22950
22954
22968
22973
22982
22998
22999
23010
23013
23014
23018
23020
23028
23047
23063
23066
23067
23070
23089
23091
23091
23113
23114
23132
23139
23186
23257
23257
23258
23285
23287
23289
23292
23314
23319
23322
23329
23333
23351
23354
23369
23410
23413
23415
23430
23430
23435
23454
23456
23465
23484
23487
23488
23495
23499
23501
23511
23513
23519
23535
23553
23556
23559
23576
23577
23600
23605
23606
23632
23652
23657
23676
23678
23700
23708
23714
23725
23731
23731
23745
23780
23785
23796
23833
23877
23920
23921
23932
23933
23934
23941
23953
23979
23986
23990
24020
24028
24028
24031
24034
24044
24048
24049
24059
24066
24070
24073
24081
24085
24097
24117
24119
24124
24131
24140
24148
24176
24193
24207
24207
24210
24217
24235
24253
24273
24273
24280
24281
24282
24307
24310
24318
24326
24337
24360
24368
24381
24392
24393
24399
24402
24441
24443
24468
24474
24524
24560
24560
24564
24582
24598
24621
24653
24668
24678
24709
24720
24745
24751
24760
24780
24798
24808
24815
24824
24825
24826
24828
24844
24857
24865
24867
24869
24942
24948
24950
24955
24957
24971
24974
24990
24994
25013
25018
25037
25041
25046
25065
25071
25076
25091
25113
25116
25120
25128
25132
25134
25153
25155
25156
25160
25162
25162
25163
25174
25181
25190
25192
25207
25214
25219
25225
25244
25259
25261
25269
25279
25280
25299
25314
25317
25330
25346
25355
25381
25382
25401
25409
25419
25427
25430
25437
25462
25467
25479
25486
25503
25503
25508
25509
25510
25533
25542
25545
25551
25565
25570
25582
25617
25621
25629
25629
25649
25671
25680
25693
25705
25713
25746
25761
25775
25791
25803
25806
25814
25817
25820
25831
25845
25868
25871
25899
25917
25931
25936
25947
25947
25973
25978
25982
25984
25985
25991
25996
26000
26012
26021
26038
26057
26059
26067
26098
26120
26127
26130
26135
26158
26159
26162
26171
26181
26212
26219
26232
26235
26237
26244
26244
26249
26250
26251
26261
26297
26307
26317
26317
26349
26368
26377
26411
26419
26421
26424
26425
26430
26450
26459
26492
26495
26502
26530
26534
26538
26542
26553
26575
26594
26606
26616
26629
26640
26655
26658
26665
26672
26672
26675
26680
26696
26702
26736
26745
26757
26771
26781
26789
26794
26804
26804
26811
26812
26815
26815
26822
26827
26835
26851
26859
26862
26867
26871
26898
26911
26937
26943
26967
26971
26975
26987
26988
26993
27000
27008
27015
27019
27035
27036
27058
27065
27067
27081
27099
27109
27115
27119
27133
27143
27150
27158
27190
27193
27210
27214
27214
27223
27228
27233
27237
27253
27261
27277
27280
27290
27299
27306
27331
27334
27336
27339
27341
27352
27360
27371
27372
27390
27390
27396
27411
27425
27441
27446
27462
27468
27469
27477
27488
27491
27491
27492
27498
27498
27514
27521
27523
27528
27529
27540
27542
27550
27569
27570
27573
27579
27595
27601
27602
27602
27609
27674
27677
27689
27697
27701
27711
27724
27729
27741
27744
27750
27766
27766
27776
27785
27790
27791
27809
27814
27837
27840
27853
27857
27907
27911
27912
27928
27938
27948
27959
27960
27974
27978
27979
27981
27992
27994
28029
28036
28057
28077
28091
28113
28128
28131
28132
28134
28156
28172
28178
28191
28210
28215
28221
28235
28237
28246
28256
28269
28290
28299
28315
28328
28352
28361
28366
28367
28381
28383
28395
28406
28408
28413
28433
28435
28437
28443
28447
28448
28448
28455
28465
28465
28466
28476
28481
28492
28495
28512
28526
28543
28546
28568
28579
28581
28590
28601
28620
28631
28642
28662
28690
28693
28696
28708
28714
28736
28741
28747
28776
28799
28807
28815
28823
28824
28829
28834
28836
28836
28838
28843
28845
28852
28877
28888
28909
28910
28950
28963
28974
29009
29009
29027
29028
29045
29052
29060
29066
29066
29086
29090
29099
29126
29139
29146
29156
29208
29235
29238
29241
29246
29262
29263
29264
29266
29266
29293
29301
29311
29311
29317
29337
29349
29366
29382
29389
29401
29421
29421
29423
29434
29435
29448
29453
29468
29480
29488
29507
29510
29519
29521
29531
29537
29547
29547
29547
29558
29588
29593
29597
29615
29619
29621
29630
29643
29644
29646
29648
29649
29650
29656
29660
29665
29681
29690
29703
29732
29746
29773
29778
29790
29803
29816
29816
29817
29850
29865
29903
29918
29919
29922
29925
29927
29933
29948
29957
29962
29970
29973
30016
30034
30036
30039
30049
30057
30059
30064
30070
30084
30091
30101
30102
30135
30139
30141
30152
30154
30182
30183
30221
30222
30222
30239
30243
30257
30267
30270
30290
30312
30353
30374
30390
30401
30410
30417
30429
30430
30435
30442
30447
30449
30449
30466
30478
30497
30502
30505
30514
30515
30524
30531
30536
30563
30582
30588
30598
30613
30614
30635
30638
30638
30643
30643
30682
30684
30686
30710
30712
30718
30743
30747
30753
30754
30765
30792
30798
30811
30811
30819
30843
30843
30865
30880
30896
30913
30920
30935
30944
30953
30953
30960
30961
30963
30995
31004
31033
31040
31045
31067
31067
31071
31072
31097
31106
31120
31121
31134
31140
31193
31194
31195
31202
31209
31213
31218
31227
31250
31256
31269
31298
31302
31322
31326
31327
31328
31330
31336
31340
31349
31352
31356
31380
31380
31382
31391
31400
31417
31431
31444
31467
31473
31476
31481
31494
31497
31505
31508
31521
31524
31547
31548
31551
31556
31560
31572
31576
31584
31589
31615
31618
31621
31643
31648
31648
31686
31692
31700
31714
31740
31749
31752
31754
31775
31779
31779
31784
31786
31792
31801
31808
31812
31832
31837
31845
31850
31859
31873
31879
31883
31897
31923
31926
31944
31947
31965
31985
31990
32009
32013
32037
32037
32048
32078
32094
32097
32108
32112
32127
32169
32172
32184
32195
32211
32218
32221
32229
32231
32241
32255
32260
32267
32277
32277
32288
32303
32306
32310
32317
32332
32337
32338
32360
32366
32370
32372
32379
32379
32392
32393
32401
32415
32434
32435
32437
32442
32446
32451
32455
32461
32463
32466
32469
32473
32488
32490
32506
32512
32514
32521
32536
32540
32543
32548
32555
32561
32585
32587
32588
32632
32633
32645
32646
32648
32667
32667
32699
32703
32715
32716
32722
32723
32728
32736
32771
32777
32782
32790
32794
32804
32804
32807
32814
32814
32825
32825
32837
32852
32853
32890
32896
32910
32921
32931
32938
32946
32946
32948
32952
32984
32985
33003
33014
33019
33026
33029
33036
33045
33062
33062
33081
33081
33083
33091
33093
33094
33101
33103
33106
33112
33156
33160
33173
33175
33196
33205
33211
33227
33270
33273
33290
33302
33314
33327
33374
33387
33411
33443
33460
33470
33484
33485
33497
33498
33504
33513
33531
33545
33561
33583
33587
33589
33592
33605
33615
33617
33618
33625
33629
33633
33643
33645
33653
33659
33667
33671
33678
33693
33721
33722
33729
33734
33737
33747
33747
33761
33768
33781
33788
33810
33814
33821
33859
33883
33890
33921
33922
33923
33934
33949
33959
33981
33988
33995
33996
34023
34023
34030
34030
34055
34057
34061
34072
34076
34084
34087
34096
34107
34111
34126
34135
34146
34152
34187
34189
34194
34201
34205
34208
34217
34217
34219
34220
34237
34246
34251
34255
34266
34272
34279
34286
34290
34297
34300
34310
34316
34320
34320
34340
34341
34368
34378
34385
34389
34393
34407
34414
34430
34440
34465
34482
34483
34507
34524
34529
34546
34547
34549
34550
34556
34560
34563
34574
34593
34603
34607
34611
34632
34653
34657
34657
34658
34666
34683
34694
34694
34694
34706
34710
34715
34740
34742
34748
34759
34768
34780
34792
34802
34805
34835
34847
34863
34882
34900
34905
34908
34908
34909
34917
34920
34926
34930
34941
34957
34965
34966
34975
34978
34991
35003
35015
35022
35045
35053
35054
35059
35093
35121
35131
35136
35136
35149
35170
35186
35188
35201
35220
35222
35237
35259
35273
35273
35273
35302
35311
35322
35351
35364
35371
35379
35396
35412
35430
35432
35440
35442
35445
35454
35461
35466
35474
35483
35491
35517
35525
35527
35539
35545
35547
35548
35555
35556
35566
35584
35590
35592
35594
35611
35612
35616
35624
35625
35626
35653
35657
35658
35671
35675
35680
35691
35695
35697
35698
35699
35725
35731
35738
35764
35770
35775
35777
35789
35796
35803
35816
35817
35834
35853
35860
35872
35886
35902
35907
35908
35912
35914
35918
35928
35942
35978
35998
35998
36044
36062
36074
36083
36085
36107
36117
36122
36133
36170
36172
36180
36210
36248
36254
36256
36261
36276
36284
36301
36313
36335
36336
36341
36342
36357
36367
36369
36381
36402
36407
36422
36432
36434
36482
36490
36500
36500
36506
36561
36577
36592
36602
36604
36613
36632
36642
36654
36662
36664
36695
36715
36719
36730
36749
36767
36790
36799
36799
36800
36807
36828
36833
36835
36838
36840
36851
36854
36863
36867
36872
36889
36898
36914
36932
36940
36945
36947
36959
36962
36962
36969
36970
36970
36972
36993
37009
37018
37027
37034
37038
37044
37071
37072
37075
37079
37080
37097
37132
37151
37153
37154
37156
37159
37161
37165
37169
37170
37177
37180
37205
37215
37218
37220
37260
37270
37271
37273
37282
37284
37285
37286
37304
37305
37308
37309
37312
37314
37337
37353
37354
37355
37377
37382
37393
37398
37417
37428
37434
37473
37476
37478
37481
37492
37500
37502
37510
37531
37533
37542
37551
37556
37568
37572
37578
37580
37592
37603
37643
37650
37651
37657
37664
37667
37676
37681
37698
37702
37709
37710
37730
37740
37748
37766
37771
37802
37806
37828
37829
37847
37868
37889
37889
37889
37890
37892
37915
37922
37933
37943
37944
37945
37946
37955
37968
37972
37977
37998
37998
38002
38012
38014
38015
38016
38016
38039
38039
38041
38043
38049
38055
38058
38065
38078
38078
38082
38085
38086
38087
38102
38103
38104
38114
38134
38136
38142
38152
38156
38159
38159
38159
38207
38228
38228
38238
38240
38264
38266
38271
38280
38287
38293
38304
38314
38316
38328
38331
38352
38360
38370
38373
38386
38386
38388
38412
38415
38419
38424
38453
38454
38460
38473
38476
38500
38519
38538
38550
38558
38581
38587
38595
38627
38631
38631
38647
38651
38654
38659
38671
38672
38678
38680
38732
38734
38746
38749
38752
38787
38793
38810
38827
38828
38832
38843
38863
38868
38939
38939
38940
38947
38986
38999
39009
39015
39017
39031
39032
39039
39040
39053
39059
39090
39091
39093
39098
39109
39113
39124
39124
39132
39132
39132
39142
39176
39185
39185
39199
39205
39210
39215
39239
39245
39277
39278
39280
39283
39293
39319
39326
39337
39343
39361
39370
39374
39377
39384
39385
39397
39418
39437
39443
39447
39457
39465
39473
39495
39507
39531
39535
39564
39564
39582
39589
39622
39630
39637
39642
39648
39675
39687
39688
39698
39707
39709
39714
39719
39737
39752
39754
39754
39763
39777
39778
39780
39786
39796
39802
39827
39835
39836
39844
39857
39879
39915
39916
39916
39929
39938
39960
39964
39968
39978
39988
39996
40001
40006
40015
40019
40029
40030
40032
40054
40064
40069
40085
40091
40100
40115
40115
40139
40146
40149
40162
40170
40192
40204
40205
40209
40216
40228
40238
40249
40251
40264
40285
40291
40315
40331
40332
40334
40339
40339
40340
40361
40392
40393
40401
40422
40426
40427
40428
40433
40443
40462
40493
40494
40500
40521
40556
40559
40563
40585
40596
40610
40617
40622
40632
40638
40643
40659
40671
40675
40678
40685
40713
40739
40741
40746
40749
40757
40787
40828
40839
40854
40866
40870
40881
40903
40906
40907
40910
40921
40921
40924
40933
40942
40958
40959
40971
40980
40984
40992
40992
41016
41029
41032
41043
41069
41078
41081
41083
41090
41100
41120
41130
41141
41156
41159
41181
41183
41197
41206
41210
41214
41220
41235
41263
41273
41284
41293
41301
41316
41320
41322
41341
41344
41345
41374
41376
41376
41377
41406
41410
41420
41448
41461
41474
41476
41479
41491
41497
41515
41516
41519
41537
41544
41549
41557
41558
41573
41596
41601
41625
41647
41648
41648
41714
41723
41738
41741
41753
41757
41763
41767
41778
41791
41793
41802
41806
41806
41846
41848
41869
41874
41898
41905
41907
41912
41918
41920
41943
41953
41960
41986
41990
42008
42014
42033
42034
42034
42040
42045
42060
42068
42085
42088
42107
42108
42109
42115
42116
42130
42135
42137
42139
42181
42184
42191
42192
42193
42200
42223
42225
42226
42237
42237
42240
42253
42264
42282
42296
42316
42316
42317
42322
42330
42338
42342
42351
42355
42357
42360
42366
42391
42407
42426
42431
42448
42480
42490
42500
42505
42530
42538
42542
42544
42562
42565
42580
42586
42641
42645
42650
42650
42670
42673
42698
42707
42721
42738
42739
42742
42758
42761
42767
42771
42774
42790
42793
42841
42843
42860
42860
42890
42902
42913
42924
42933
42939
42948
42955
42980
42998
42998
43016
43019
43023
43025
43025
43044
43067
43069
43089
43103
43105
43105
43125
43132
43145
43148
43160
43179
43211
43245
43266
43284
43298
43313
43331
43352
43354
43361
43363
43378
43389
43393
43396
43399
43411
43414
43430
43436
43481
43484
43493
43507
43508
43512
43547
43555
43557
43564
43575
43578
43580
43596
43610
43617
43622
43624
43625
43631
43632
43645
43664
43674
43679
43684
43712
43753
43756
43764
43774
43775
43782
43793
43805
43815
43818
43819
43833
43836
43853
43888
43905
43906
43915
43921
43927
43943
43943
43955
43961
43963
43972
43991
43991
43999
43999
44011
44013
44014
44020
44037
44037
44043
44056
44056
44083
44095
44106
44120
44128
44140
44148
44148
44163
44169
44187
44209
44214
44218
44221
44229
44231
44232
44233
44235
44237
44244
44253
44284
44285
44287
44288
44299
44310
44332
44332
44346
44357
44383
44399
44426
44427
44439
44446
44454
44479
44480
44489
44528
44545
44566
44571
44585
44589
44617
44617
44649
44656
44662
44663
44670
44675
44678
44680
44688
44698
44707
44712
44714
44717
44722
44730
44760
44764
44766
44774
44787
44794
44795
44800
44818
44820
44822
44825
44826
44833
44839
44845
44856
44873
44878
44886
44899
44901
44934
44947
44969
44971
44975
44987
44992
45008
45008
45030
45037
45050
45052
45053
45065
45080
45086
45086
45137
45146
45148
45174
45180
45181
45185
45219
45219
45227
45242
45250
45251
45259
45261
45272
45280
45282
45286
45287
45292
45309
45330
45331
45331
45331
45342
45357
45367
45371
45372
45390
45438
45458
45460
45486
45495
45496
45497
45499
45509
45520
45522
45551
45553
45584
45587
45593
45594
45595
45614
45614
45630
45632
45640
45647
45651
45653
45670
45674
45677
45679
45698
45709
45710
45718
45725
45748
45750
45751
45753
45754
45756
45760
45765
45767
45794
45808
45843
45854
45855
45856
45865
45872
45907
45931
45952
45977
45978
46016
46027
46028
46032
46035
46038
46061
46074
46126
46126
46129
46131
46132
46133
46133
46137
46139
46144
46181
46183
46189
46200
46225
46233
46257
46280
46288
46304
46337
46353
46354
46358
46363
46380
46382
46383
46386
46402
46411
46425
46431
46432
46441
46442
46446
46450
46452
46454
46462
46467
46468
46470
46474
46474
46497
46514
46528
46531
46532
46546
46555
46557
46568
46569
46580
46607
46612
46613
46615
46632
46647
46657
46665
46677
46684
46690
46701
46745
46750
46783
46789
46790
46832
46834
46837
46842
46849
46870
46876
46889
46892
46909
46972
46976
46977
47002
47008
47010
47019
47024
47028
47030
47041
47043
47047
47047
47054
47062
47076
47105
47120
47120
47126
47128
47138
47144
47147
47151
47157
47167
47172
47188
47193
47193
47208
47215
47217
47227
47236
47252
47252
47253
47258
47264
47265
47270
47275
47281
47289
47291
47308
47312
47316
47327
47330
47361
47369
47373
47373
47375
47384
47400
47405
47409
47415
47428
47438
47448
47464
47466
47467
47477
47478
47491
47494
47538
47564
47567
47588
47608
47610
47612
47640
47642
47646
47659
47664
47667
47688
47689
47711
47719
47738
47741
47742
47742
47745
47747
47749
47753
47753
47758
47763
47787
47798
47803
47810
47812
47826
47833
47876
47891
47894
47899
47903
47904
47918
47930
47952
47960
47960
47971
47972
47973
47986
47991
48002
48002
48003
48028
48037
48047
48069
48069
48074
48076
48117
48132
48139
48145
48160
48170
48207
48218
48223
48229
48229
48260
48282
48282
48295
48314
48350
48381
48401
48407
48434
48446
48454
48479
48492
48494
48495
48500
48513
48514
48539
48544
48553
48560
48579
48582
48586
48594
48595
48624
48648
48656
48656
48666
48671
48675
48675
48696
48708
48725
48727
48746
48755
48756
48758
48760
48781
48783
48789
48792
48798
48805
48809
48814
48824
48834
48839
48883
48902
48906
48915
48917
48918
48920
48943
48951
48965
48977
48979
48979
48989
48993
49006
49018
49029
49047
49053
49069
49082
49085
49095
49104
49114
49154
49165
49193
49199
49201
49216
49224
49239
49241
49248
49266
49270
49281
49293
49293
49298
49298
49299
49324
49326
49344
49349
49359
49369
49396
49430
49442
49461
49462
49463
49481
49489
49497
49511
49514
49545
49547
49558
49584
49593
49631
49656
49660
49684
49697
49708
49712
49716
49721
49722
49728
49744
49747
49749
49764
49768
49772
49782
49785
49793
49805
49837
49850
49852
49856
49859
49863
49864
49885
49886
49887
49893
49901
49928
49948
49980
49981
50003
50003
50015
50023
50039
50043
50051
50066
50086
50088
50090
50091
50093
50094
50096
50106
50110
50138
50142
50175
50197
50197
50198
50200
50202
50234
50238
50241
50269
50275
50284
50285
50286
50296
50296
50303
50306
50308
50347
50350
50352
50376
50395
50400
50416
50416
50416
50420
50427
50430
50437
50442
50457
50458
50466
50467
50468
50479
50509
50521
50524
50545
50558
50566
50566
50567
50573
50577
50580
50618
50627
50636
50647
50655
50657
50658
50667
50671
50671
50678
50698
50703
50712
50713
50734
50745
50746
50759
50768
50773
50786
50792
50806
50811
50830
50831
50837
50846
50846
50853
50874
50893
50912
50949
50978
50990
51024
51044
51057
51061
51084
51090
51099
51103
51120
51121
51123
51124
51142
51149
51160
51165
51186
51186
51190
51207
51243
51252
51287
51291
51304
51308
51312
51321
51323
51331
51333
51346
51376
51379
51390
51398
51403
51429
51429
51432
51432
51454
51454
51465
51482
51485
51488
51507
51508
51511
51515
51516
51547
51555
51576
51581
51582
51592
51610
51618
51620
51625
51626
51656
51660
51680
51682
51721
51722
51732
51766
51784
51788
51794
51799
51804
51806
51810
51823
51846
51847
51849
51854
51858
51868
51875
51876
51899
51921
51936
51945
51951
51976
51981
51986
52001
52003
52003
52012
52021
52027
52037
52051
52080
52092
52111
52133
52134
52160
52161
52162
52163
52178
52180
52185
52188
52208
52215
52222
52240
52242
52255
52273
52292
52296
52299
52300
52305
52328
52369
52372
52373
52373
52376
52377
52378
52389
52422
52437
52437
52446
52450
52459
52481
52483
52487
52497
52523
52526
52543
52556
52565
52574
52591
52606
52607
52608
52660
52665
52695
52704
52720
52754
52766
52769
52772
52780
52804
52806
52807
52808
52810
52829
52835
52835
52837
52840
52872
52874
52886
52889
52908
52917
52917
52930
52932
52933
52939
52940
52947
52951
52969
52983
52984
52990
53006
53006
53041
53042
53061
53076
53105
53107
53117
53118
53121
53124
53139
53184
53202
53211
53219
53220
53226
53234
53240
53247
53247
53259
53276
53279
53281
53286
53289
53291
53296
53322
53336
53340
53351
53372
53398
53410
53417
53429
53430
53431
53442
53445
53458
53462
53470
53491
53498
53506
53516
53522
53539
53548
53548
53552
53555
53556
53566
53568
53575
53578
53585
53586
53628
53649
53654
53655
53660
53661
53663
53664
53677
53680
53715
53732
53738
53739
53743
53746
53767
53770
53770
53783
53783
53799
53804
53809
53810
53812
53814
53827
53843
53852
53874
53879
53881
53891
53913
53919
53939
53942
53946
53955
53988
53992
53999
54030
54043
54062
54065
54066
54072
54079
54079
54081
54085
54128
54131
54131
54139
54191
54215
54240
54253
54270
54275
54295
54295
54301
54315
54323
54331
54337
54352
54381
54383
54390
54393
54402
54440
54442
54444
54450
54462
54466
54467
54477
54479
54487
54501
54526
54538
54544
54572
54573
54575
54576
54578
54595
54602
54610
54671
54671
54673
54681
54710
54712
54728
54734
54742
54747
54753
54757
54761
54781
54784
54791
54816
54830
54835
54837
54852
54857
54862
54867
54890
54903
54923
54929
54949
54952
54968
54973
54973
54985
54986
54989
55021
55029
55052
55056
55071
55083
55085
55090
55118
55121
55121
55124
55148
55163
55179
55186
55191
55196
55199
55209
55213
55217
55227
55235
55238
55259
55260
55275
55316
55332
55332
55336
55380
55385
55401
55403
55412
55418
55439
55439
55439
55449
55452
55457
55460
55487
55510
55519
55540
55563
55566
55566
55567
55568
55570
55571
55581
55597
55601
55608
55614
55614
55627
55637
55662
55668
55673
55677
55677
55679
55683
55684
55688
55715
55719
55723
55724
55738
55744
55745
55752
55759
55774
55780
55792
55793
55793
55838
55861
55865
55866
55885
55888
55891
55892
55898
55914
55919
55929
55929
55946
55956
55979
55986
56006
56009
56044
56049
56058
56073
56085
56091
56092
56095
56105
56109
56110
56126
56172
56179
56180
56189
56210
56214
56218
56219
56231
56239
56244
56249
56262
56268
56275
56299
56328
56332
56343
56344
56353
56379
56389
56390
56413
56418
56420
56445
56446
56449
56466
56474
56477
56492
56505
56510
56511
56515
56519
56540
56547
56575
56601
56603
56605
56610
56611
56627
56636
56639
56661
56667
56676
56684
56699
56702
56710
56715
56723
56730
56748
56753
56763
56776
56784
56785
56789
56798
56816
56816
56822
56831
56833
56854
56855
56857
56859
56869
56887
56892
56899
56916
56940
56940
56945
56946
56949
56956
56973
56973
56980
56981
56991
56997
57010
57027
57028
57047
57072
57074
57090
57107
57107
57109
57114
57119
57134
57151
57164
57171
57171
57215
57251
57261
57263
57268
57268
57275
57278
57291
57295
57297
57304
57313
57333
57352
57365
57381
57394
57401
57402
57452
57452
57462
57463
57465
57495
57500
57504
57505
57507
57525
57546
57547
57555
57563
57576
57584
57598
57600
57618
57631
57632
57654
57660
57669
57669
57679
57697
57697
57698
57700
57704
57714
57714
57732
57736
57737
57740
57744
57748
57753
57765
57780
57781
57783
57787
57795
57796
57802
57803
57806
57806
57825
57836
57836
57839
57841
57844
57856
57857
57863
57875
57901
57904
57910
57931
57932
57941
57946
57960
57964
57965
57974
57976
57985
57994
58005
58013
58030
58048
58054
58079
58084
58086
58116
58120
58130
58161
58161
58170
58199
58225
58240
58245
58248
58257
58290
58301
58315
58321
58330
58343
58364
58385
58386
58400
58419
58438
58443
58447
58452
58455
58459
58460
58478
58494
58495
58512
58516
58517
58523
58542
58566
58573
58577
58580
58588
58607
58626
58633
58637
58663
58664
58671
58704
58706
58711
58711
58714
58734
58738
58745
58755
58760
58765
58771
58781
58785
58801
58807
58831
58842
58855
58857
58860
58864
58885
58887
58895
58896
58897
58909
58911
58952
58966
58966
58983
58985
58995
59003
59004
59008
59037
59053
59062
59082
59085
59088
59097
59104
59106
59129
59130
59134
59140
59153
59158
59161
59184
59197
59209
59216
59223
59257
59276
59283
59287
59290
59306
59312
59313
59333
59342
59344
59376
59377
59382
59389
59398
59399
59406
59427
59431
59435
59438
59444
59470
59472
59478
59481
59486
59505
59508
59510
59512
59513
59520
59520
59523
59525
59528
59546
59554
59568
59581
59583
59626
59629
59630
59637
59640
59648
59651
59653
59664
59676
59702
59710
59722
59733
59736
59766
59783
59786
59788
59802
59813
59821
59824
59843
59847
59853
59860
59896
59906
59912
59918
59923
59924
59924
59925
59929
59946
59950
59952
59963
59979
59990
59999
60032
60059
60072
60074
60087
60091
60105
60111
60122
60125
60127
60128
60136
60165
60167
60173
60187
60191
60194
60203
60207
60208
60211
60221
60225
60275
60282
60285
60290
60302
60309
60321
60333
60350
60356
60391
60394
60398
60448
60450
60457
60459
60461
60465
60485
60494
60501
60535
60542
60552
60558
60569
60574
60577
60588
60602
60610
60611
60618
60623
60627
60636
60638
60651
60653
60656
60657
60682
60703
60703
60704
60704
60723
60726
60742
60751
60762
60799
60824
60825
60846
60850
60870
60889
60893
60894
60914
60916
60937
60963
60986
60986
60994
61009
61019
61037
61048
61052
61060
61071
61074
61078
61099
61102
61104
61124
61129
61133
61136
61161
61175
61204
61220
61226
61244
61259
61269
61278
61292
61298
61303
61312
61319
61329
61332
61332
61334
61339
61361
61362
61363
61365
61383
61398
61406
61406
61410
61418
61448
61453
61457
61474
61474
61487
61491
61505
61540
61540
61557
61559
61560
61581
61584
61586
61589
61596
61606
61615
61619
61624
61625
61628
61629
61644
61672
61672
61682
61707
61711
61713
61730
61733
61742
61743
61764
61770
61771
61776
61779
61792
61806
61814
61816
61820
61834
61862
61879
61886
61899
61900
61905
61909
61914
61920
61921
61926
61939
61939
61943
61943
61944
61946
61970
61970
61979
61987
62011
62012
62015
62022
62024
62026
62036
62039
62042
62049
62080
62099
62133
62146
62147
62157
62161
62166
62195
62195
62203
62214
62217
62219
62224
62226
62230
62249
62253
62253
62256
62277
62277
62278
62279
62299
62302
62306
62325
62332
62336
62337
62342
62345
62346
62355
62394
62415
62420
62420
62439
62440
62442
62450
62457
62459
62461
62466
62484
62486
62494
62516
62516
62519
62535
62538
62539
62540
62544
62565
62568
62571
62573
62582
62602
62603
62603
62607
62620
62622
62624
62627
62628
62632
62641
62649
62654
62676
62701
62710
62712
62735
62737
62742
62758
62761
62762
62763
62775
62789
62806
62807
62824
62847
62853
62857
62862
62865
62879
62883
62886
62889
62898
62908
62908
62922
62927
62940
62950
62952
62963
62968
62988
62998
63000
63004
63010
63018
63030
63035
63066
63069
63069
63075
63094
63118
63118
63122
63124
63132
63151
63162
63162
63196
63200
63206
63206
63208
63231
63248
63253
63262
63266
63295
63317
63328
63335
63338
63343
63348
63350
63352
63352
63374
63376
63407
63419
63421
63430
63440
63452
63457
63459
63462
63472
63486
63511
63513
63514
63519
63541
63551
63552
63553
63578
63595
63601
63612
63620
63661
63663
63681
63683
63689
63694
63694
63695
63700
63717
63717
63730
63758
63763
63772
63773
63781
63783
63803
63825
63837
63854
63856
63861
63892
63894
63895
63897
63919
63924
63927
63930
63970
63972
63981
63986
64022
64037
64056
64061
64063
64080
64116
64122
64125
64133
64144
64147
64153
64173
64175
64196
64202
64217
64226
64238
64250
64256
64269
64310
64311
64313
64321
64352
64388
64408
64409
64415
64419
64422
64440
64448
64455
64465
64471
64492
64499
64502
64514
64538
64542
64545
64564
64576
64587
64619
64622
64622
64624
64627
64642
64650
64651
64669
64672
64679
64694
64729
64730
64733
64734
64744
64746
64772
64775
64780
64781
64785
64789
64791
64803
64831
64836
64844
64859
64863
64869
64872
64877
64877
64882
64887
64891
64901
64914
64920
64927
64941
64944
64958
64981
64983
64990
65007
65032
65044
65046
65053
65056
65067
65067
65069
65073
65081
65098
65104
65105
65117
65118
65132
65148
65148
65154
65157
65177
65180
65199
65221
65246
65250
65253
65254
65265
65281
65284
65289
65307
65333
65336
65337
65339
65355
65355
65360
65385
65401
65418
65425
65428
65437
65437
65438
65440
65459
65471
65472
65489
65492
65497
65510
65518
65522
65531
65560
65560
65565
65573
65577
65592
65594
65597
65608
65611
65628
65630
65634
65647
65647
65674
65683
65684
65717
65736
65769
65779
65792
65803
65807
65808
65813
65825
65825
65826
65835
65843
65857
65860
65870
65876
65879
65883
65893
65932
65933
65937
65959
65981
66001
66003
66005
66014
66018
66028
66033
66077
66080
66093
66097
66111
66121
66156
66183
66201
66209
66214
66250
66261
66279
66290
66302
66327
66353
66366
66371
66374
66387
66394
66406
66464
66471
66473
66480
66496
66504
66515
66516
66516
66544
66573
66580
66592
66593
66595
66615
66629
66635
66646
66667
66670
66679
66691
66698
66702
66723
66727
66738
66770
66807
66809
66819
66824
66829
66838
66841
66853
66854
66858
66868
66890
66903
66905
66927
66928
66942
66944
66953
66966
66975
66981
66981
67002
67005
67015
67016
67028
67028
67040
67055
67066
67070
67071
67082
67106
67137
67140
67143
67151
67155
67161
67162
67209
67225
67247
67257
67260
67265
67282
67295
67312
67344
67351
67354
67364
67372
67393
67400
67419
67431
67434
67438
67450
67494
67506
67518
67526
67533
67535
67541
67550
67555
67561
67567
67570
67572
67576
67599
67616
67626
67637
67640
67653
67657
67673
67684
67695
67697
67723
67731
67735
67738
67738
67765
67770
67790
67814
67821
67827
67828
67845
67849
67864
67865
67888
67917
67935
67947
67987
67987
67992
68024
68059
68060
68065
68066
68068
68082
68087
68090
68120
68121
68121
68126
68128
68140
68142
68160
68167
68174
68180
68189
68196
68214
68253
68281
68286
68290
68295
68317
68318
68323
68326
68335
68345
68359
68381
68398
68401
68409
68419
68424
68425
68435
68438
68450
68460
68471
68474
68477
68480
68490
68500
68502
68502
68503
68508
68526
68529
68539
68545
68550
68555
68556
68557
68559
68563
68565
68572
68574
68585
68588
68589
68597
68598
68603
68614
68617
68618
68635
68653
68658
68668
68676
68682
68694
68697
68698
68708
68715
68734
68736
68781
68783
68785
68807
68810
68820
68838
68848
68890
68934
68940
68948
68955
68957
68960
68968
68970
68972
68974
68995
69011
69036
69044
69053
69068
69079
69083
69119
69143
69146
69155
69160
69162
69166
69176
69186
69198
69209
69214
69224
69232
69242
69247
69262
69276
69281
69294
69316
69317
69337
69349
69359
69360
69381
69387
69392
69417
69419
69423
69446
69449
69463
69472
69472
69476
69513
69514
69516
69530
69538
69542
69551
69562
69565
69568
69569
69583
69585
69588
69593
69599
69610
69618
69618
69629
69635
69652
69664
69664
69697
69697
69700
69716
69722
69729
69744
69745
69750
69753
69754
69777
69787
69790
69791
69798
69807
69825
69833
69834
69843
69853
69864
69866
69868
69887
69894
69894
69930
69939
69945
69955
69956
69960
69973
69973
69985
69988
69991
69991
69995
70034
70039
70044
70078
70096
70101
70101
70104
70109
70113
70132
70132
70134
70134
70135
70141
70142
70151
70152
70168
70169
70174
70176
70220
70223
70240
70244
70245
70259
70266
70269
70272
70280
70288
70288
70296
70309
70321
70341
70343
70380
70389
70397
70409
70425
70439
70446
70493
70502
70507
70508
70528
70531
70532
70541
70550
70569
70578
70583
70604
70610
70628
70629
70634
70641
70670
70677
70681
70682
70683
70701
70716
70732
70748
70757
70765
70767
70780
70794
70806
70816
70819
70833
70834
70839
70858
70860
70864
70867
70870
70873
70874
70875
70891
70893
70905
70905
70910
70915
70940
70957
70964
70987
70992
70992
70996
71003
71004
71007
71048
71049
71055
71094
71102
71107
71108
71112
71117
71122
71146
71152
71156
71158
71158
71160
71182
71201
71213
71236
71237
71242
71279
71299
71302
71304
71309
71311
71312
71318
71348
71356
71359
71365
71375
71377
71386
71391
71396
71432
71432
71436
71453
71469
71477
71477
71485
71491
71496
71512
71519
71520
71521
71533
71542
71545
71597
71624
71641
71649
71660
71664
71667
71676
71692
71718
71729
71735
71748
71760
71774
71779
71783
71788
71790
71792
71847
71866
71876
71902
71903
71908
71928
71933
71947
71947
71970
71994
72009
72018
72021
72022
72027
72049
72053
72063
72063
72068
72069
72100
72103
72109
72110
72146
72149
72156
72162
72198
72203
72206
72215
72228
72234
72240
72253
72264
72298
72305
72329
72342
72343
72360
72370
72375
72396
72400
72402
72411
72424
72430
72438
72439
72444
72445
72449
72487
72489
72493
72493
72495
72505
72518
72529
72531
72539
72541
72549
72555
72557
72563
72588
72598
72611
72614
72620
72649
72658
72678
72678
72684
72691
72704
72714
72743
72755
72762
72762
72777
72778
72781
72797
72798
72811
72819
72823
72841
72844
72852
72869
72906
72941
72947
72949
72985
72996
72999
73006
73011
73025
73040
73055
73057
73062
73068
73084
73094
73096
73102
73118
73118
73138
73154
73154
73169
73171
73179
73182
73184
73221
73226
73234
73238
73265
73267
73268
73279
73281
73304
73313
73319
73323
73329
73345
73377
73379
73379
73390
73397
73422
73436
73440
73442
73451
73461
73470
73488
73493
73496
73504
73518
73519
73531
73535
73549
73552
73559
73560
73584
73588
73603
73622
73631
73638
73641
73653
73665
73666
73678
73681
73696
73698
73699
73704
73709
73716
73717
73741
73754
73770
73773
73778
73786
73786
73790
73799
73823
73823
73826
73845
73846
73851
73891
73903
73905
73908
73908
73917
73921
73923
73925
73942
73946
73995
74003
74012
74015
74015
74024
74028
74038
74049
74053
74065
74068
74108
74121
74123
74130
74136
74153
74161
74162
74176
74180
74212
74214
74216
74222
74224
74234
74243
74243
74270
74274
74277
74289
74310
74339
74340
74344
74345
74357
74358
74362
74367
74378
74388
74392
74399
74416
74448
74448
74454
74458
74473
74497
74500
74501
74503
74521
74527
74531
74573
74599
74658
74660
74695
74698
74699
74704
74707
74712
74714
74722
74739
74749
74764
74767
74780
74780
74789
74794
74797
74801
74818
74827
74881
74889
74896
74898
74919
74960
74969
74975
74978
74994
75004
75006
75008
75042
75066
75067
75094
75099
75103
75104
75107
75143
75144
75147
75155
75157
75162
75175
75184
75187
75192
75192
75202
75211
75212
75226
75230
75255
75266
75267
75279
75282
75298
75308
75340
75347
75354
75362
75381
75384
75388
75418
75427
75468
75473
75491
75494
75496
75496
75497
75512
75520
75551
75552
75571
75580
75593
75599
75602
75606
75611
75622
75635
75641
75645
75665
75667
75681
75696
75704
75708
75712
75760
75760
75812
75820
75823
75830
75841
75852
75854
75859
75860
75862
75865
75883
75911
75915
75916
75933
75933
75943
75950
75970
75977
75980
75989
75991
75994
75998
76003
76005
76016
76021
76023
76053
76066
76066
76067
76075
76082
76083
76095
76107
76115
76115
76120
76134
76134
76143
76149
76160
76162
76192
76198
76200
76202
76205
76206
76219
76226
76229
76233
76233
76283
76296
76309
76313
76314
76362
76395
76397
76404
76404
76419
76423
76423
76426
76431
76432
76435
76438
76457
76458
76477
76480
76552
76588
76609
76627
76644
76653
76653
76656
76662
76690
76699
76724
76727
76732
76743
76748
76754
76754
76765
76771
76778
76785
76795
76799
76805
76816
76835
76838
76839
76850
76857
76865
76871
76873
76881
76882
76908
76923
76928
76937
76968
76976
76984
76987
76989
76991
77000
77003
77007
77013
77015
77026
77050
77058
77066
77084
77094
77096
77123
77135
77154
77157
77159
77179
77189
77193
77198
77210
77222
77228
77241
77243
77243
77248
77259
77271
77277
77304
77309
77311
77324
77335
77338
77349
77349
77351
77379
77399
77411
77422
77423
77426
77436
77438
77440
77444
77469
77480
77482
77487
77497
77501
77514
77518
77521
77525
77543
77546
77552
77566
77572
77577
77593
77597
77598
77600
77623
77624
77625
77627
77646
77646
77647
77653
77719
77726
77734
77768
77774
77778
77782
77810
77813
77814
77814
77819
77819
77840
77846
77850
77851
77857
77916
77926
77950
77950
77960
77993
78010
78015
78021
78034
78036
78046
78064
78075
78094
78099
78101
78136
78145
78149
78185
78193
78218
78220
78221
78223
78232
78234
78243
78255
78271
78272
78295
78303
78317
78339
78340
78362
78377
78382
78393
78394
78401
78404
78406
78407
78411
78426
78432
78464
78468
78470
78481
78495
78522
78525
78526
78561
78562
78574
78608
78619
78629
78629
78636
78643
78667
78676
78689
78703
78712
78714
78749
78751
78751
78761
78780
78790
78791
78792
78800
78811
78812
78814
78822
78827
78836
78860
78878
78879
78895
78898
78902
78918
78928
78930
78940
78971
78972
79000
79023
79039
79055
79064
79066
79087
79090
79101
79130
79132
79133
79151
79155
79162
79168
79201
79202
79204
79206
79218
79229
79254
79256
79256
79269
79274
79277
79285
79289
79325
79330
79332
79338
79340
79345
79352
79362
79366
79370
79376
79388
79400
79405
79418
79425
79428
79435
79450
79462
79480
79495
79496
79514
79524
79526
79542
79553
79559
79564
79596
79598
79626
79631
79636
79648
79665
79679
79685
79702
79707
79715
79718
79719
79732
79732
79736
79758
79781
79795
79797
79803
79810
79816
79817
79828
79856
79858
79859
79875
79886
79896
79917
79924
79925
79949
79955
79959
79964
79967
79975
80014
80026
80037
80050
80058
80062
80066
80076
80097
80105
80119
80126
80139
80141
80172
80178
80184
80191
80213
80256
80273
80277
80278
80281
80288
80296
80299
80322
80332
80335
80338
80347
80365
80366
80367
80382
80384
80396
80406
80423
80434
80443
80445
80446
80447
80466
80468
80486
80491
80515
80519
80539
80545
80551
80554
80556
80588
80589
80599
80599
80611
80638
80645
80653
80680
80710
80710
80711
80736
80755
80765
80767
80768
80770
80780
80783
80786
80786
80793
80798
80801
80802
80806
80807
80825
80826
80828
80829
80830
80833
80844
80850
80851
80853
80853
80871
80875
80877
80885
80914
80932
80953
80959
80969
80973
80977
80989
80996
81021
81024
81039
81067
81069
81076
81086
81086
81089
81111
81121
81125
81160
81171
81172
81174
81180
81193
81202
81212
81225
81233
81234
81236
81244
81273
81297
81299
81324
81329
81340
81343
81347
81349
81354
81357
81371
81379
81383
81416
81422
81446
81454
81465
81471
81480
81482
81484
81489
81490
81517
81534
81548
81570
81592
81597
81598
81603
81603
81605
81620
81641
81642
81664
81671
81680
81686
81687
81694
81702
81708
81723
81727
81737
81759
81783
81789
81790
81807
81811
81818
81827
81835
81836
81842
81846
81865
81886
81897
81906
81909
81915
81923
81925
81943
81945
81966
81969
81970
82002
82004
82012
82013
82013
82020
82025
82029
82051
82056
82095
82097
82100
82116
82121
82133
82133
82134
82144
82145
82157
82169
82170
82172
82179
82185
82189
82198
82226
82244
82254
82289
82300
82307
82321
82322
82322
82336
82339
82346
82347
82351
82351
82352
82356
82371
82373
82410
82416
82436
82447
82460
82512
82515
82518
82541
82541
82550
82562
82567
82577
82585
82590
82598
82620
82621
82629
82629
82630
82633
82634
82640
82648
82657
82725
82745
82745
82756
82760
82761
82764
82781
82800
82809
82830
82859
82868
82874
82878
82879
82881
82882
82882
82898
82932
82942
82949
82960
82973
82977
82978
82990
82994
83021
83026
83030
83033
83054
83056
83068
83074
83075
83092
83094
83099
83113
83123
83124
83132
83132
83147
83148
83170
83191
83194
83210
83214
83218
83229
83238
83242
83246
83250
83253
83254
83257
83269
83272
83273
83289
83307
83366
83368
83379
83382
83408
83443
83448
83456
83467
83467
83467
83504
83517
83529
83555
83603
83609
83611
83615
83639
83672
83700
83707
83707
83717
83725
83739
83760
83773
83782
83783
83788
83811
83812
83820
83824
83824
83845
83861
83867
83877
83882
83886
83887
83890
83893
83921
83928
83938
83942
83952
83965
83983
83992
84040
84043
84046
84050
84073
84073
84079
84084
84121
84132
84132
84144
84153
84183
84186
84191
84195
84195
84196
84204
84211
84213
84232
84235
84236
84239
84253
84288
84296
84298
84315
84326
84326
84346
84396
84397
84401
84405
84411
84414
84420
84422
84423
84424
84427
84433
84439
84445
84465
84479
84483
84489
84493
84504
84506
84510
84516
84518
84535
84552
84569
84588
84592
84616
84621
84657
84672
84676
84678
84697
84701
84711
84717
84726
84733
84750
84784
84788
84801
84802
84805
84816
84832
84835
84837
84848
84877
84879
84879
84885
84888
84898
84904
84927
84932
84941
84946
84966
84974
84974
84998
85003
85012
85052
85069
85082
85087
85108
85131
85149
85150
85156
85159
85161
85178
85183
85186
85200
85203
85240
85245
85260
85272
85275
85281
85284
85310
85312
85320
85330
85345
85345
85348
85353
85356
85367
85378
85385
85392
85400
85441
85442
85450
85462
85472
85474
85475
85510
85528
85541
85545
85545
85551
85557
85564
85575
85584
85588
85591
85593
85598
85603
85616
85617
85617
85620
85645
85649
85657
85673
85693
85709
85712
85716
85731
85733
85739
85745
85749
85760
85769
85776
85778
85787
85789
85794
85816
85817
85823
85825
85832
85857
85858
85860
85860
85869
85882
85887
85912
85915
85929
85938
85953
85956
85958
85987
85993
85995
85997
86007
86008
86017
86061
86063
86067
86077
86081
86086
86093
86095
86103
86107
86108
86111
86118
86127
86129
86132
86181
86192
86201
86226
86235
86236
86248
86251
86260
86261
86274
86278
86281
86294
86294
86333
86350
86376
86380
86440
86449
86452
86453
86472
86482
86483
86490
86497
86549
86557
86563
86565
86570
86570
86596
86607
86617
86617
86634
86638
86674
86679
86694
86711
86736
86737
86742
86745
86749
86754
86764
86772
86779
86795
86796
86817
86823
86828
86834
86846
86852
86853
86858
86864
86865
86879
86883
86886
86895
86899
86920
86922
86924
86929
86949
86973
86984
87001
87038
87038
87047
87052
87077
87080
87097
87109
87129
87137
87147
87150
87151
87155
87159
87168
87171
87193
87199
87207
87224
87244
87246
87246
87259
87272
87275
87287
87289
87290
87292
87296
87297
87299
87299
87303
87304
87317
87350
87364
87367
87383
87389
87402
87408
87419
87419
87436
87441
87442
87461
87464
87472
87480
87487
87497
87501
87538
87541
87571
87579
87581
87617
87637
87642
87645
87651
87653
87653
87654
87666
87673
87680
87683
87691
87723
87734
87744
87744
87768
87778
87790
87818
87823
87847
87848
87876
87880
87883
87884
87885
87902
87906
87909
87922
87928
87971
87977
87982
87982
87982
87984
87984
87993
87994
87996
88012
88027
88033
88040
88057
88060
88080
88083
88093
88103
88104
88113
88114
88135
88139
88151
88157
88169
88185
88189
88195
88218
88230
88239
88276
88282
88303
88303
88313
88337
88345
88346
88363
88369
88374
88388
88399
88401
88423
88431
88462
88474
88505
88509
88523
88534
88535
88553
88564
88575
88580
88584
88585
88611
88613
88618
88648
88652
88653
88675
88676
88680
88681
88683
88688
88699
88708
88754
88763
88767
88769
88773
88784
88786
88788
88791
88795
88801
88810
88843
88844
88847
88859
88883
88883
88885
88903
88915
88915
88918
88920
88926
88934
88939
88955
88958
88958
88983
89017
89020
89026
89030
89035
89036
89036
89038
89048
89049
89072
89096
89107
89109
89110
89110
89118
89136
89137
89144
89153
89154
89154
89163
89175
89183
89192
89205
89207
89226
89230
89233
89243
89246
89256
89260
89274
89275
89276
89293
89299
89302
89313
89319
89322
89347
89368
89370
89374
89393
89399
89402
89435
89439
89441
89452
89465
89482
89490
89498
89498
89531
89534
89542
89548
89556
89556
89599
89614
89615
89636
89653
89656
89656
89668
89670
89670
89672
89700
89714
89731
89738
89759
89768
89774
89776
89798
89809
89857
89866
89872
89874
89914
89934
89967
90013
90035
90039
90054
90057
90066
90081
90085
90087
90091
90093
90114
90125
90126
90138
90149
90150
90152
90154
90162
90168
90178
90185
90190
90201
90205
90214
90216
90243
90261
90272
90285
90293
90297
90305
90311
90319
90328
90332
90333
90357
90358
90367
90372
90375
90382
90401
90404
90426
90457
90458
90486
90490
90494
90498
90521
90525
90526
90543
90551
90574
90577
90579
90593
90601
90609
90621
90625
90632
90641
90642
90645
90652
90665
90696
90709
90710
90715
90716
90717
90722
90731
90740
90740
90760
90764
90764
90769
90770
90776
90808
90819
90839
90841
90845
90871
90895
90899
90917
90918
90983
90985
90998
91015
91016
91025
91028
91030
91063
91064
91066
91076
91080
91082
91087
91092
91093
91093
91111
91125
91132
91147
91148
91154
91158
91161
91163
91182
91200
91233
91242
91250
91255
91275
91279
91286
91298
91303
91319
91320
91353
91356
91367
91381
91383
91384
91400
91413
91438
91449
91458
91484
91509
91525
91527
91527
91542
91550
91570
91590
91609
91613
91617
91620
91630
91633
91655
91659
91691
91703
91713
91716
91718
91721
91732
91749
91756
91772
91782
91788
91807
91808
91837
91847
91850
91850
91863
91871
91871
91884
91888
91899
91901
91907
91984
91989
91997
91998
92011
92014
92021
92027
92039
92043
92051
92053
92058
92059
92065
92068
92069
92076
92103
92103
92110
92111
92119
92122
92134
92135
92136
92156
92174
92199
92227
92242
92264
92266
92297
92302
92308
92312
92321
92322
92326
92338
92352
92352
92374
92386
92387
92402
92403
92405
92405
92413
92420
92435
92446
92458
92473
92477
92480
92502
92516
92518
92522
92530
92535
92548
92548
92559
92581
92616
92649
92662
92666
92666
92674
92677
92695
92708
92718
92746
92746
92747
92756
92760
92786
92786
92814
92821
92829
92856
92861
92898
92917
92922
92947
92958
92965
92966
92988
93004
93006
93021
93046
93070
93090
93116
93116
93120
93124
93141
93160
93177
93178
93181
93189
93191
93197
93200
93209
93209
93213
93226
93230
93232
93232
93257
93264
93264
93269
93275
93285
93309
93312
93315
93346
93371
93376
93410
93413
93428
93436
93440
93448
93450
93460
93473
93482
93482
93492
93503
93533
93542
93578
93596
93608
93609
93648
93650
93666
93666
93685
93691
93703
93711
93749
93762
93764
93766
93777
93798
93820
93840
93844
93860
93863
93867
93869
93874
93876
93879
93881
93881
93882
93890
93896
93897
93906
93922
93933
93985
94002
94002
94021
94024
94032
94043
94047
94056
94058
94081
94096
94097
94114
94121
94123
94137
94138
94138
94142
94157
94171
94175
94198
94207
94211
94219
94221
94233
94234
94235
94240
94281
94287
94293
94296
94304
94321
94327
94331
94354
94362
94377
94384
94393
94402
94404
94408
94469
94486
94486
94489
94501
94505
94514
94528
94531
94531
94546
94554
94560
94560
94569
94577
94618
94621
94630
94634
94638
94639
94641
94646
94657
94660
94665
94668
94668
94669
94686
94700
94710
94721
94745
94750
94750
94753
94759
94768
94768
94772
94798
94801
94801
94812
94819
94830
94838
94861
94865
94869
94881
94886
94887
94889
94913
94924
94929
94936
94969
94972
94975
94981
94986
94990
94998
95007
95019
95019
95051
95073
95104
95125
95137
95139
95177
95178
95184
95185
95188
95206
95209
95214
95225
95226
95231
95249
95266
95270
95300
95301
95320
95334
95340
95340
95341
95347
95359
95375
95382
95425
95426
95431
95433
95437
95442
95442
95444
95454
95472
95476
95486
95490
95494
95535
95543
95545
95549
95552
95554
95556
95564
95576
95585
95602
95607
95617
95641
95643
95644
95667
95694
95703
95719
95726
95733
95753
95757
95764
95774
95777
95779
95783
95789
95796
95810
95812
95848
95853
95879
95885
95891
95892
95893
95905
95919
95927
95967
95972
95980
96020
96021
96029
96041
96046
96047
96053
96109
96110
96117
96124
96126
96132
96138
96150
96154
96160
96160
96161
96189
96194
96195
96198
96200
96215
96216
96240
96241
96244
96251
96252
96257
96264
96309
96333
96336
96341
96350
96359
96362
96379
96400
96412
96424
96443
96443
96492
96497
96500
96510
96527
96541
96542
96546
96570
96589
96595
96599
96618
96619
96623
96632
96635
96637
96641
96657
96680
96692
96695
96697
96700
96708
96715
96724
96755
96778
96788
96802
96834
96836
96854
96856
96858
96904
96913
96914
96920
96924
96926
96972
96976
96980
96980
97060
97061
97076
97112
97125
97130
97145
97170
97174
97175
97179
97252
97257
97262
97266
97277
97299
97303
97303
97310
97313
97313
97320
97335
97355
97364
97372
97381
97413
97416
97464
97469
97480
97484
97486
97490
97517
97522
97525
97545
97576
97581
97601
97627
97630
97631
97649
97704
97714
97717
97749
97750
97759
97759
97769
97772
97786
97795
97798
97800
97824
97826
97833
97841
97846
97854
97871
97901
97913
97917
97918
97935
97939
97940
97941
97942
97950
97971
97973
97993
98001
98006
98024
98053
98068
98093
98095
98105
98109
98111
98116
98122
98124
98125
98130
98131
98154
98158
98165
98170
98187
98196
98205
98210
98257
98282
98289
98294
98300
98302
98318
98328
98340
98356
98359
98381
98391
98429
98429
98433
98435
98451
98471
98474
98487
98492
98498
98532
98536
98541
98543
98554
98557
98557
98558
98566
98568
98574
98582
98583
98593
98630
98656
98661
98662
98670
98674
98675
98681
98683
98687
98691
98698
98699
98702
98707
98713
98722
98746
98768
98770
98806
98824
98828
98828
98835
98845
98846
98854
98872
98876
98894
98905
98905
98907
98910
98914
98924
98943
98962
98963
98963
99014
99019
99023
99035
99035
99036
99041
99053
99056
99057
99060
99067
99073
99094
99094
99095
99103
99111
99119
99121
99126
99129
99130
99131
99142
99163
99212
99213
99223
99232
99241
99255
99273
99282
99290
99318
99330
99332
99343
99371
99406
99418
99424
99427
99437
99489
99509
99547
99550
99552
99556
99563
99566
99570
99572
99582
99595
99597
99600
99606
99608
99626
99630
99656
99671
99681
99724
99728
99729
99748
99760
99767
99787
99790
99820
99840
99871
99890
99892
99893
99897
99922
99929
99958
99960
99966
99977
99988
99989
99999
100001
100001
100020
100070
100077
100096
100099
100101
100104
100105
100109
100125
100143
100155
100163
100183
100188
100217
100220
100240
100241
100244
100244
100254
100267
100279
100287
100297
100311
100322
100326
100342
100403
100413
100414
100453
100463
100470
100480
100519
100539
100541
100554
100594
100597
100606
100618
100631
100635
100637
100639
100640
100645
100649
100654
100661
100674
100676
100679
100684
100686
100688
100710
100741
100751
100751
100760
100767
100775
100777
100780
100782
100784
100803
100854
100881
100882
100896
100908
100915
100926
100938
100960
100970
100983
100986
100988
100999
101015
101017
101027
101046
101046
101053
101054
101054
101075
101080
101089
101094
101097
101102
101109
101111
101125
101129
101131
101134
101152
101159
101162
101169
101169
101171
101173
101189
101206
101214
101216
101224
101227
101227
101242
101248
101269
101273
101294
101319
101325
101330
101344
101369
101370
101384
101386
101388
101395
101396
101419
101439
101456
101462
101465
101485
101495
101498
101512
101520
101530
101532
101539
101552
101563
101575
101577
101582
101594
101595
101596
101600
101631
101639
101651
101679
101685
101694
101698
101708
101722
101740
101748
101754
101757
101763
101764
101779
101784
101787
101791
101797
101798
101837
101838
101867
101869
101874
101874
101878
101895
101910
101940
101948
101959
101966
101970
101997
102014
102019
102023
102032
102033
102034
102034
102034
102038
102052
102057
102086
102132
102132
102148
102166
102172
102198
102203
102206
102211
102216
102217
102227
102240
102254
102264
102265
102274
102275
102278
102282
102300
102311
102326
102342
102343
102346
102389
102394
102416
102418
102426
102427
102432
102458
102470
102480
102487
102492
102517
102525
102526
102542
102543
102561
102569
102572
102578
102581
102582
102588
102615
102624
102635
102635
102638
102653
102663
102672
102673
102681
102691
102695
102715
102717
102728
102734
102738
102747
102763
102766
102767
102769
102780
102782
102785
102797
102811
102818
102824
102824
102825
102829
102839
102840
102842
102848
102859
102873
102884
102894
102906
102910
102916
102921
102927
102931
102935
102958
102959
102965
102983
102994
102999
103000
103002
103008
103014
103016
103041
103043
103043
103061
103070
103077
103080
103082
103086
103088
103109
103114
103123
103136
103145
103149
103155
103169
103178
103189
103197
103207
103219
103222
103222
103233
103236
103274
103280
103288
103313
103314
103357
103375
103408
103412
103413
103414
103418
103429
103463
103482
103520
103537
103542
103545
103557
103564
103569
103583
103594
103604
103605
103607
103617
103661
103664
103674
103682
103685
103696
103709
103712
103718
103722
103732
103734
103750
103751
103758
103776
103785
103801
103831
103842
103873
103879
103882
103888
103897
103900
103900
103901
103905
103923
103924
103960
103966
103971
103985
103986
103995
104035
104036
104037
104041
104044
104061
104063
104067
104071
104080
104097
104101
104128
104137
104142
104152
104160
104166
104171
104176
104189
104199
104212
104213
104219
104227
104231
104233
104273
104278
104282
104284
104287
104296
104297
104297
104306
104309
104309
104336
104356
104366
104367
104369
104379
104388
104391
104396
104419
104431
104433
104439
104463
104464
104468
104468
104477
104494
104502
104503
104504
104513
104525
104529
104531
104534
104535
104541
104545
104547
104558
104560
104588
104598
104601
104602
104603
104604
104652
104663
104679
104690
104699
104705
104707
104717
104730
104738
104742
104748
104756
104759
104762
104764
104792
104797
104798
104804
104809
104822
104830
104841
104876
104880
104896
104917
104926
104928
104928
104930
104939
104957
104962
104963
104969
104972
104979
104980
104982
105010
105029
105044
105068
105074
105074
105105
105106
105106
105127
105129
105148
105149
105150
105151
105159
105168
105180
105188
105194
105196
105204
105210
105211
105240
105245
105246
105246
105250
105261
105262
105270
105273
105279
105285
105287
105314
105322
105346
105369
105373
105378
105382
105405
105415
105416
105424
105432
105436
105451
105458
105469
105512
105552
105555
105600
105607
105607
105616
105622
105627
105629
105649
105653
105665
105670
105675
105683
105694
105695
105698
105717
105721
105724
105777
105796
105799
105808
105814
105854
105895
105897
105897
105899
105904
105916
105919
105944
105954
105968
105971
105974
105975
105990
106000
106002
106010
106012
106013
106019
106034
106043
106054
106067
106095
106109
106119
106134
106158
106160
106181
106187
106194
106201
106206
106215
106253
106265
106273
106278
106279
106284
106285
106293
106297
106317
106320
106327
106341
106345
106368
106410
106413
106432
106453
106460
106462
106469
106476
106478
106494
106496
106516
106519
106531
106534
106535
106585
106601
106604
106630
106638
106639
106649
106659
106665
106681
106687
106688
106711
106714
106720
106737
106737
106752
106776
106796
106799
106813
106814
106816
106835
106841
106844
106847
106852
106866
106892
106904
106909
106916
106920
106942
106988
106990
107009
107017
107028
107051
107056
107084
107087
107093
107101
107105
107128
107132
107141
107141
107150
107190
107197
107199
107204
107218
107224
107224
107247
107254
107264
107269
107314
107322
107329
107336
107354
107365
107370
107373
107383
107385
107397
107399
107410
107439
107441
107450
107456
107472
107475
107476
107485
107485
107492
107502
107521
107529
107531
107541
107541
107543
107545
107550
107552
107561
107562
107563
107570
107583
107587
107613
107615
107622
107629
107639
107648
107652
107671
107682
107726
107735
107738
107775
107786
107824
107825
107832
107846
107872
107882
107884
107885
107909
107946
107950
107951
107977
107986
107995
107995
107998
108028
108037
108038
108038
108055
108104
108106
108109
108118
108118
108119
108148
108151
108162
108171
108174
108179
108183
108193
108199
108205
108208
108236
108243
108255
108258
108264
108268
108277
108291
108295
108296
108298
108301
108305
108307
108327
108333
108337
108347
108353
108357
108358
108362
108383
108391
108398
108407
108423
108424
108426
108429
108445
108447
108456
108456
108469
108526
108529
108552
108560
108564
108573
108574
108609
108611
108627
108629
108639
108648
108657
108663
108666
108673
108674
108677
108682
108700
108719
108730
108733
108733
108738
108740
108741
108750
108778
108807
108814
108820
108823
108839
108846
108851
108855
108855
108857
108859
108884
108891
108900
108911
108914
108936
108942
108942
108954
108956
108991
109010
109020
109046
109061
109084
109087
109098
109099
109102
109113
109119
109132
109162
109163
109167
109168
109169
109176
109182
109185
109187
109187
109201
109203
109214
109229
109238
109241
109248
109250
109254
109268
109279
109282
109287
109299
109304
109313
109316
109316
109330
109335
109336
109339
109342
109352
109391
109391
109392
109398
109406
109421
109445
109446
109459
109479
109493
109510
109525
109538
109555
109586
109605
109609
109628
109630
109632
109641
109654
109654
109657
109659
109681
109686
109696
109744
109757
109763
109779
109802
109806
109813
109825
109852
109855
109877
109883
109886
109900
109914
109920
109942
109966
109970
109973
109975
109992
109996
110009
110036
110037
110039
110049
110051
110051
110059
110071
110074
110078
110085
110092
110095
110097
110099
110100
110103
110106
110114
110126
110134
110144
110147
110150
110203
110232
110238
110240
110252
110264
110270
110291
110294
110305
110317
110333
110344
110349
110361
110384
110387
110391
110402
110407
110414
110422
110458
110474
110476
110511
110513
110513
110516
110525
110535
110547
110550
110569
110586
110589
110589
110596
110621
110624
110628
110631
110636
110642
110647
110662
110675
110676
110722
110725
110728
110739
110755
110769
110772
110796
110802
110803
110805
110809
110811
110822
110829
110846
110859
110863
110887
110900
110936
110937
110939
110940
110944
110947
110948
110965
110973
110991
110996
110998
111002
111032
111038
111038
111061
111067
111075
111079
111084
111084
111084
111085
111092
111096
111097
111106
111115
111124
111125
111128
111130
111141
111144
111145
111149
111152
111154
111162
111199
111201
111208
111229
111241
111246
111279
111283
111323
111334
111341
111341
111342
111361
111367
111373
111375
111383
111405
111405
111406
111468
111478
111507
111520
111527
111540
111544
111546
111557
111559
111562
111572
111578
111587
111588
111603
111610
111616
111636
111640
111642
111675
111692
111696
111698
111703
111707
111722
111722
111727
111728
111730
111738
111741
111741
111753
111766
111770
111771
111797
111814
111831
111844
111846
111852
111854
111862
111866
111876
111877
111892
111907
111911
111924
111924
111936
111939
111944
111946
111950
111955
111956
111974
111977
111978
111991
111992
112007
112032
112033
112063
112066
112070
112083
112087
112097
112109
112123
112139
112146
112197
112198
112199
112217
112223
112228
112230
112231
112238
112243
112247
112248
112254
112257
112259
112267
112278
112281
112289
112296
112340
112348
112351
112351
112362
112375
112375
112385
112386
112412
112432
112433
112434
112440
112446
112463
112467
112514
112525
112536
112569
112573
112579
112581
112609
112609
112610
112616
112616
112620
112634
112655
112658
112661
112672
112675
112686
112717
112726
112754
112765
112772
112778
112789
112792
112793
112796
112809
112809
112815
112820
112823
112824
112840
112846
112856
112880
112886
112892
112909
112911
112917
112941
112953
112955
112958
112966
112972
112978
112981
112994
113001
113009
113011
113017
113019
113030
113040
113042
113083
113099
113111
113113
113116
113129
113133
113135
113154
113157
113169
113187
113202
113204
113213
113226
113265
113267
113276
113282
113295
113296
113301
113313
113325
113350
113370
113371
113383
113390
113394
113410
113427
113434
113444
113450
113452
113473
113474
113491
113499
113505
113535
113536
113538
113542
113552
113586
113595
113595
113599
113612
113627
113630
113638
113643
113645
113648
113649
113651
113651
113656
113667
113693
113695
113704
113706
113722
113723
113727
113729
113732
113732
113737
113737
113744
113798
113810
113816
113816
113830
113839
113841
113853
113863
113874
113874
113877
113908
113917
113919
113921
113922
113931
113959
113961
113971
113980
114007
114015
114021
114025
114036
114040
114047
114048
114055
114059
114068
114070
114082
114085
114096
114115
114117
114126
114142
114159
114161
114164
114174
114175
114179
114182
114190
114190
114191
114208
114209
114223
114227
114231
114231
114234
114236
114277
114306
114310
114319
114323
114327
114328
114331
114333
114338
114356
114371
114390
114406
114410
114429
114431
114444
114454
114459
114470
114490
114491
114504
114506
114506
114534
114537
114545
114547
114547
114555
114555
114559
114568
114570
114576
114580
114587
114590
114620
114633
114635
114646
114652
114655
114664
114674
114675
114688
114702
114722
114731
114736
114737
114754
114770
114789
114812
114820
114822
114839
114841
114859
114866
114882
114882
114894
114915
114923
114933
114952
114961
114969
114970
114976
114976
114978
114992
115004
115005
115020
115026
115029
115032
115054
115058
115063
115069
115075
115090
115094
115095
115101
115108
115117
115117
115127
115142
115146
115158
115162
115171
115175
115207
115216
115225
115240
115241
115266
115268
115318
115321
115332
115353
115354
115360
115367
115372
115374
115408
115423
115430
115444
115457
115457
115480
115497
115501
115502
115511
115531
115539
115547
115558
115559
115573
115576
115598
115605
115620
115684
115686
115695
115707
115719
115729
115738
115764
115770
115781
115784
115789
115789
115794
115863
115871
115885
115899
115901
115909
115913
115919
115923
115935
115938
115945
115958
115963
115978
115994
116022
116069
116083
116099
116109
116145
116147
116149
116169
116179
116199
116202
116218
116221
116234
116263
116270
116277
116289
116309
116320
116321
116324
116325
116329
116332
116338
116341
116348
116363
116371
116382
116383
116383
116384
116385
116385
116386
116389
116408
116412
116414
116427
116436
116443
116455
116469
116477
116492
116516
116532
116544
116545
116592
116601
116602
116624
116625
116640
116666
116670
116672
116673
116701
116716
116728
116735
116735
116762
116776
116781
116788
116792
116800
116809
116814
116814
116817
116837
116852
116860
116861
116861
116871
116899
116915
116926
116926
116928
116929
116955
116973
116979
116983
116990
116994
117002
117014
117019
117031
117032
117049
117109
117115
117137
117140
117149
117161
117164
117175
117177
117181
117190
117194
117207
117246
117254
117262
117264
117267
117267
117269
117292
117302
117304
117304
117310
117316
117328
117333
117344
117347
117367
117395
117402
117417
117441
117444
117462
117483
117487
117492
117494
117501
117511
117514
117520
117525
117527
117527
117528
117529
117551
117576
117580
117587
117599
117610
117615
117625
117625
117639
117652
117673
117675
117676
117689
117717
117722
117777
117781
117784
117786
117812
117846
117859
117866
117880
117902
117911
117911
117925
117934
117951
117979
117981
117981
117991
117995
118010
118021
118026
118035
118046
118056
118059
118079
118079
118085
118089
118102
118125
118127
118140
118166
118184
118188
118196
118200
118227
118311
118340
118347
118350
118364
118386
118397
118415
118443
118446
118452
118473
118482
118504
118511
118526
118527
118531
118532
118534
118543
118546
118546
118553
118559
118564
118583
118591
118601
118605
118623
118642
118651
118681
118681
118681
118690
118697
118698
118703
118705
118705
118707
118709
118714
118732
118736
118745
118747
118751
118754
118756
118765
118793
118794
118800
118811
118812
118835
118855
118860
118863
118872
118887
118892
118895
118906
118908
118918
118920
118928
118931
118947
118954
118973
118974
118978
118994
118994
119000
119000
119006
119030
119037
119038
119042
119061
119062
119081
119088
119100
119125
119130
119131
119135
119138
119141
119142
119150
119153
119178
119190
119197
119208
119220
119223
119226
119227
119241
119248
119265
119270
119276
119277
119280
119291
119354
119358
119366
119376
119377
119380
119405
119420
119444
119453
119454
119493
119506
119526
119538
119570
119581
119593
119603
119613
119622
119635
119636
119661
119673
119688
119710
119712
119727
119753
119754
119754
119774
119799
119810
119812
119815
119819
119831
119852
119867
119870
119881
119883
119883
119888
119891
119895
119915
119950
119951
119955
119957
119957
119960
119995
120014
120041
120050
120053
120058
120058
120069
120072
120075
120086
120118
120150
120185
120202
120205
120205
120224
120235
120238
120239
120282
120318
120339
120373
120454
120454
120455
120463
120466
120477
120484
120484
120489
120505
120511
120530
120532
120539
120541
120544
120554
120555
120559
120567
120577
120580
120581
120591
120596
120616
120637
120643
120643
120644
120648
120654
120668
120672
120676
120679
120689
120698
120703
120706
120706
120722
120725
120734
120738
120753
120757
120777
120788
120799
120812
120819
120833
120866
120870
120873
120875
120881
120885
120886
120917
120922
120938
120955
120959
120987
120992
120998
121008
121041
121045
121057
121064
121066
121071
121090
121094
121097
121098
121108
121113
121118
121121
121122
121133
121140
121157
121158
121162
121163
121163
121183
121189
121191
121196
121200
121207
121214
121217
121235
121241
121250
121266
121277
121285
121300
121310
121321
121333
121339
121343
121367
121377
121392
121396
121398
121429
121432
121443
121443
121484
121492
121501
121511
121512
121541
121554
121562
121565
121568
121573
121592
121599
121602
121604
121613
121621
121632
121657
121661
121663
121669
121681
121687
121702
121720
121726
121730
121738
121749
121750
121753
121757
121792
121844
121853
121863
121873
121899
121902
121910
121922
121926
121932
121947
121966
121966
121973
121978
121985
122009
122013
122017
122019
122021
122027
122028
122029
122039
122050
122064
122083
122102
122104
122104
122104
122110
122117
122125
122128
122140
122145
122152
122153
122158
122192
122204
122210
122211
122244
122258
122258
122261
122268
122276
122283
122295
122315
122324
122344
122346
122354
122395
122401
122408
122426
122447
122474
122486
122488
122494
122503
122537
122549
122549
122553
122572
122576
122580
122598
122611
122611
122628
122628
122630
122631
122645
122657
122659
122681
122692
122695
122695
122696
122697
122711
122714
122715
122722
122723
122726
122731
122735
122753
122753
122755
122761
122768
122789
122804
122804
122808
122842
122844
122849
122851
122854
122866
122866
122869
122892
122908
122929
122933
122956
122969
122986
122988
123009
123010
123031
123042
123043
123051
123056
123060
123060
123072
123073
123075
123090
123098
123129
123130
123149
123166
123193
123197
123221
123231
123249
123256
123258
123263
123264
123267
123279
123285
123294
123310
123319
123333
123351
123388
123401
123403
123430
123455
123456
123468
123469
123473
123490
123501
123535
123555
123561
123563
123567
123579
123583
123588
123588
123609
123625
123643
123654
123656
123672
123677
123713
123719
123735
123746
123760
123780
123783
123788
123802
123807
123823
123823
123843
123858
123859
123865
123874
123879
123884
123887
123893
123894
123895
123896
123917
123929
123934
123938
123943
123944
123945
123946
123966
123971
123979
123991
124001
124036
124039
124055
124059
124080
124089
124090
124117
124123
124130
124136
124137
124157
124157
124164
124168
124170
124171
124187
124210
124211
124214
124233
124241
124244
124249
124262
124277
124313
124319
124321
124322
124347
124349
124352
124352
124364
124365
124373
124374
124378
124384
124385
124396
124411
124430
124433
124479
124499
124513
124523
124541
124550
124553
124557
124559
124561
124563
124568
124575
124585
124610
124614
124639
124641
124661
124666
124678
124700
124703
124717
124730
124731
124764
124769
124781
124805
124828
124831
124839
124840
124843
124854
124879
124890
124897
124905
124909
124914
124918
124928
124931
124963
124979
124989
125001
125009
125010
125029
125031
125046
125053
125058
125068
125083
125090
125094
125107
125112
125113
125123
125135
125136
125152
125175
125176
125178
125181
125182
125184
125192
125198
125210
125223
125250
125252
125287
125292
125293
125300
125302
125304
125313
125320
125323
125327
125357
125359
125367
125372
125374
125375
125378
125380
125384
125391
125402
125403
125408
125423
125427
125434
125442
125443
125450
125465
125472
125473
125474
125475
125477
125484
125488
125497
125497
125501
125513
125517
125518
125539
125556
125561
125565
125569
125583
125585
125587
125588
125590
125593
125604
125605
125607
125608
125611
125614
125634
125636
125646
125672
125679
125687
125696
125713
125727
125747
125749
125760
125761
125764
125779
125803
125809
125811
125811
125814
125823
125828
125829
125850
125863
125867
125869
125874
125876
125876
125899
125899
125905
125908
125911
125915
125919
125922
125932
125935
125937
125949
125956
125964
125966
125983
126006
126021
126025
126030
126031
126034
126045
126060
126069
126070
126075
126080
126122
126135
126144
126147
126154
126162
126164
126188
126204
126213
126229
126236
126236
126241
126253
126257
126270
126282
126308
126331
126368
126381
126393
126396
126399
126399
126403
126406
126410
126413
126414
126431
126435
126439
126441
126446
126455
126466
126494
126512
126514
126516
126533
126533
126534
126562
126573
126582
126582
126582
126606
126614
126635
126660
126677
126693
126695
126698
126735
126749
126758
126770
126796
126799
126809
126815
126823
126824
126845
126850
126870
126874
126882
126884
126903
126909
126913
126918
126923
126926
126937
126939
126947
126947
126966
126973
126976
126993
127015
127026
127035
127036
127038
127046
127063
127071
127072
127091
127109
127109
127112
127116
127136
127138
127141
127151
127156
127171
127193
127194
127197
127197
127198
127200
127206
127215
127226
127238
127239
127259
127270
127286
127296
127304
127306
127309
127319
127331
127339
127346
127355
127357
127360
127361
127385
127386
127387
127396
127412
127419
127421
127423
127424
127458
127477
127481
127483
127489
127494
127503
127515
127520
127538
127541
127541
127595
127596
127606
127626
127627
127640
127653
127658
127662
127663
127697
127699
127699
127710
127737
127767
127768
127772
127777
127778
127781
127785
127796
127826
127830
127832
127860
127871
127911
127917
127920
127936
127937
127958
127960
127963
127979
127997
128007
128012
128012
128022
128025
128026
128033
128051
128070
128106
128127
128143
128155
128160
128170
128207
128211
128214
128216
128260
128276
128278
128278
128280
128288
128306
128316
128322
128329
128331
128365
128381
128384
128388
128397
128402
128443
128447
128463
128474
128476
128482
128490
128495
128496
128499
128506
128530
128532
128537
128541
128544
128544
128587
128588
128616
128622
128625
128629
128635
128635
128650
128651
128654
128655
128676
128680
128682
128683
128697
128725
128758
128772
128776
128786
128792
128794
128813
128820
128825
128840
128872
128882
128897
128904
128905
128922
128928
128930
128932
128933
128949
128952
128967
128977
128988
128993
129020
129022
129025
129031
129034
129040
129045
129048
129054
129068
129070
129070
129076
129094
129126
129139
129139
129161
129161
129164
129180
129181
129185
129191
129195
129197
129199
129221
129224
129225
129234
129246
129259
129264
129267
129281
129291
129309
129329
129333
129337
129338
129342
129351
129357
129358
129363
129374
129400
129427
129445
129449
129452
129453
129460
129464
129467
129489
129491
129513
129517
129518
129519
129526
129546
129549
129555
129582
129593
129612
129621
129628
129631
129632
129637
129679
129689
129715
129719
129719
129750
129751
129751
129770
129771
129784
129795
129803
129809
129821
129823
129825
129833
129854
129864
129866
129872
129882
129901
129922
129923
129926
129936
129937
129950
129956
129956
129962
129971
129982
129984
129985
129988
130004
130007
130008
130023
130027
130064
130076
130077
130082
130095
130096
130100
130101
130121
130130
130133
130140
130141
130142
130148
130154
130176
130187
130210
130235
130237
130261
130269
130286
130293
130305
130315
130315
130316
130345
130348
130380
130392
130398
130431
130450
130465
130487
130508
130508
130509
130509
130510
130513
130522
130538
130538
130541
130549
130569
130573
130581
130590
130595
130612
130617
130634
130635
130637
130638
130649
130669
130670
130676
130692
130692
130697
130698
130701
130710
130715
130722
130751
130763
130773
130775
130781
130813
130822
130839
130842
130843
130846
130848
130857
130866
130898
130903
130907
130907
130923
130960
130961
130982
130996
131016
131016
131029
131047
131050
131058
131068
131068
131081
131082
131105
131113
131114
131124
131126
131126
131132
131136
131150
131152
131152
131153
131162
131166
131179
131206
131208
131223
131224
131224
131227
131233
131266
131281
131283
131286
131310
131314
131317
131318
131335
131340
131342
131347
131351
131379
131383
131388
131391
131400
131418
131437
131441
131456
131459
131462
131470
131473
131475
131483
131514
131521
131533
131546
131566
131571
131573
131576
131582
131592
131602
131614
131615
131621
131648
131658
131671
131678
131690
131692
131701
131704
131712
131714
131716
131732
131733
131753
131761
131765
131770
131783
131798
131807
131835
131845
131853
131855
131864
131864
131867
131869
131878
131903
131908
131914
131927
131927
131936
131945
131951
131954
131974
131985
131985
131994
131995
132007
132031
132037
132045
132050
132052
132062
132080
132085
132086
132086
132101
132124
132150
132157
132162
132167
132181
132182
132207
132209
132214
132217
132219
132232
132240
132256
132271
132276
132287
132291
132291
132293
132307
132339
132347
132381
132403
132407
132412
132423
132433
132441
132453
132455
132463
132466
132471
132472
132473
132478
132503
132513
132519
132522
132550
132556
132556
132562
132567
132574
132581
132589
132608
132609
132612
132622
132640
132649
132654
132669
132671
132671
132674
132675
132678
132682
132684
132684
132684
132689
132693
132700
132714
132726
132728
132734
132748
132751
132758
132764
132780
132784
132793
132796
132797
132800
132802
132810
132812
132818
132824
132838
132844
132853
132854
132871
132878
132881
132887
132900
132912
132922
132930
132938
132941
132941
132951
132967
132973
133000
133003
133006
133010
133025
133026
133047
133059
133061
133138
133141
133143
133146
133190
133199
133202
133209
133213
133229
133237
133240
133240
133265
133267
133292
133296
133302
133306
133308
133312
133313
133329
133348
133358
133387
133392
133395
133404
133405
133411
133415
133417
133420
133424
133456
133458
133465
133480
133480
133491
133495
133496
133525
133528
133529
133533
133536
133552
133600
133620
133650
133657
133657
133659
133665
133674
133687
133695
133697
133700
133710
133723
133726
133731
133731
133731
133738
133744
133768
133785
133796
133801
133813
133817
133821
133830
133832
133833
133854
133858
133870
133871
133883
133889
133900
133901
133902
133942
133943
133956
133962
134000
134004
134011
134021
134045
134053
134066
134070
134079
134085
134090
134108
134117
134119
134120
134147
134178
134187
134192
134195
134199
134208
134220
134233
134239
134242
134254
134271
134274
134278
134303
134303
134303
134304
134317
134323
134327
134340
134342
134344
134367
134374
134385
134386
134388
134392
134409
134432
134441
134444
134450
134466
134483
134484
134491
134497
134499
134528
134536
134540
134551
134560
134564
134583
134587
134591
134599
134599
134601
134620
134630
134639
134691
134701
134704
134706
134709
134711
134716
134717
134727
134746
134750
134763
134766
134768
134774
134783
134810
134818
134838
134843
134859
134865
134871
134877
134899
134903
134906
134916
134920
134921
134932
134965
134968
134980
134994
134994
134996
135001
135004
135008
135015
135023
135030
135063
135070
135095
135113
135158
135162
135185
135190
135200
135246
135248
135250
135252
135254
135257
135258
135263
135285
135290
135304
135308
135311
135315
135330
135359
135365
135384
135386
135388
135395
135400
135405
135411
135420
135424
135430
135444
135453
135456
135458
135472
135488
135494
135523
135527
135541
135550
135550
135550
135574
135587
135615
135617
135621
135626
135636
135641
135641
135648
135663
135680
135688
135693
135700
135709
135713
135715
135719
135726
135727
135748
135749
135765
135766
135786
135786
135794
135801
135813
135855
135869
135882
135888
135897
135911
135916
135917
135918
135923
135938
135939
135945
135951
135955
135967
135977
135985
135988
135997
136004
136006
136008
136019
136028
136030
136051
136069
136080
136101
136102
136108
136114
136119
136119
136146
136155
136172
136198
136200
136205
136235
136239
136256
136267
136276
136281
136321
136325
136326
136348
136355
136359
136360
136367
136371
136389
136394
136398
136400
136408
136412
136421
136422
136442
136447
136448
136449
136476
136479
136480
136489
136538
136559
136592
136605
136609
136617
136633
136634
136641
136642
136656
136661
136685
136709
136719
136720
136729
136733
136786
136798
136816
136818
136830
136834
136857
136872
136880
136897
136907
136917
136917
136918
136933
136944
136957
136970
136974
137004
137013
137016
137036
137054
137061
137066
137071
137084
137085
137089
137105
137110
137123
137124
137125
137127
137151
137175
137180
137213
137289
137297
137311
137314
137316
137318
137319
137360
137371
137371
137373
137374
137375
137387
137392
137399
137414
137415
137424
137432
137445
137462
137515
137525
137530
137540
137553
137563
137564
137584
137584
137588
137595
137598
137603
137604
137606
137613
137632
137642
137644
137648
137676
137700
137705
137736
137758
137768
137772
137790
137825
137828
137831
137852
137859
137878
137883
137899
137906
137912
137920
137922
137942
137945
137962
137971
137983
137996
138024
138024
138029
138030
138030
138031
138033
138045
138081
138112
138120
138131
138148
138156
138168
138169
138169
138193
138199
138220
138221
138225
138244
138257
138274
138280
138299
138300
138305
138317
138332
138345
138370
138372
138386
138391
138394
138429
138432
138434
138456
138458
138459
138460
138479
138498
138519
138533
138540
138542
138552
138555
138562
138564
138564
138575
138603
138604
138606
138616
138622
138627
138634
138672
138674
138680
138687
138694
138712
138735
138753
138754
138769
138778
138784
138808
138813
138818
138821
138827
138831
138831
138834
138854
138862
138870
138871
138880
138902
138902
138914
138940
138963
138967
138967
138969
138973
138976
138976
139008
139016
139028
139049
139064
139067
139073
139076
139110
139115
139125
139131
139132
139161
139167
139178
139183
139186
139190
139194
139194
139211
139220
139238
139245
139253
139259
139260
139263
139301
139313
139319
139329
139339
139348
139356
139367
139380
139391
139395
139398
139399
139413
139421
139435
139440
139466
139473
139478
139487
139508
139536
139547
139550
139550
139553
139558
139563
139577
139586
139589
139592
139601
139602
139614
139617
139625
139627
139669
139686
139705
139731
139742
139743
139758
139774
139810
139818
139827
139841
139850
139854
139879
139890
139904
139909
139920
139929
139952
139957
139958
139964
139966
139984
139984
139994
139999
140022
140031
140035
140052
140057
140061
140075
140081
140083
140099
140100
140102
140102
140127
140179
140196
140210
140221
140224
140231
140231
140232
140232
140250
140257
140259
140268
140274
140286
140290
140305
140320
140332
140338
140358
140374
140377
140394
140429
140431
140432
140439
140453
140454
140456
140462
140469
140473
140473
140514
140530
140534
140539
140542
140542
140559
140574
140581
140588
140607
140635
140652
140653
140674
140685
140693
140700
140704
140708
140709
140720
140721
140728
140729
140739
140742
140752
140768
140779
140781
140785
140812
140818
140823
140826
140831
140832
140846
140850
140855
140856
140862
140882
140888
140889
140893
140898
140898
140900
140908
140913
140918
140922
140930
140935
140946
140948
140950
140962
140967
140968
141001
141002
141011
141034
141035
141043
141066
141088
141091
141095
141117
141129
141134
141146
141150
141156
141158
141165
141167
141169
141172
141183
141187
141197
141199
141200
141202
141224
141233
141251
141266
141273
141298
141305
141327
141338
141345
141357
141364
141365
141369
141390
141403
141415
141423
141434
141441
141460
141461
141484
141503
141510
141513
141514
141544
141573
141597
141604
141605
141625
141625
141626
141665
141708
141717
141737
141742
141769
141797
141808
141816
141831
141850
141851
141873
141888
141911
141947
141957
141970
141977
141981
141990
142035
142042
142055
142077
142084
142094
142104
142108
142110
142111
142119
142123
142138
142149
142167
142186
142212
142219
142229
142231
142248
142262
142265
142268
142312
142315
142332
142332
142336
142364
142364
142391
142399
142418
142437
142446
142472
142486
142490
142503
142517
142522
142552
142563
142580
142592
142609
142615
142621
142628
142649
142664
142664
142665
142672
142675
142677
142707
142707
142724
142730
142735
142750
142755
142763
142768
142808
142813
142826
142837
142840
142842
142848
142861
142865
142866
142867
142873
142883
142885
142894
142909
142924
142931
142939
142943
142950
142960
142969
142972
142973
142973
142975
142985
142992
143028
143044
143075
143090
143091
143094
143100
143102
143116
143117
143123
143174
143176
143182
143186
143196
143200
143205
143210
143237
143238
143250
143274
143280
143289
143297
143298
143315
143319
143351
143357
143375
143377
143392
143403
143408
143416
143418
143438
143455
143464
143475
143486
143487
143490
143499
143500
143502
143524
143530
143530
143564
143586
143594
143596
143596
143596
143606
143620
143666
143672
143682
143688
143727
143736
143737
143747
143756
143770
143770
143771
143785
143786
143789
143789
143795
143799
143812
143812
143821
143824
143830
143848
143853
143881
143904
143905
143919
143923
143937
143938
143944
143948
143953
143972
143981
143991
144015
144029
144046
144054
144059
144061
144068
144070
144071
144092
144098
144100
144119
144128
144129
144134
144143
144144
144152
144152
144159
144161
144168
144175
144184
144192
144198
144213
144216
144218
144221
144222
144251
144261
144267
144268
144272
144274
144281
144281
144310
144325
144363
144375
144384
144385
144400
144450
144450
144457
144459
144461
144468
144493
144513
144539
144539
144548
144549
144573
144582
144599
144613
144629
144638
144645
144652
144659
144663
144664
144668
144682
144707
144723
144743
144753
144782
144800
144815
144824
144854
144858
144875
144888
144892
144896
144929
144934
144971
144973
144975
144984
144987
144998
145004
145011
145012
145014
145035
145043
145061
145076
145080
145082
145085
145086
145098
145103
145110
145123
145123
145141
145145
145149
145161
145164
145168
145170
145178
145187
145194
145200
145201
145216
145230
145235
145263
145280
145283
145286
145316
145331
145332
145362
145385
145386
145395
145415
145422
145427
145427
145428
145431
145456
145462
145473
145476
145477
145483
145512
145550
145552
145553
145554
145566
145567
145573
145584
145599
145607
145608
145615
145634
145640
145643
145648
145663
145663
145669
145677
145681
145694
145695
145699
145705
145709
145718
145750
145766
145770
145771
145778
145778
145783
145790
145798
145812
145829
145831
145832
145849
145870
145887
145908
145910
145920
145934
145943
145949
145988
145991
145994
146005
146032
146033
146047
146047
146048
146066
146067
146074
146079
146088
146097
146110
146131
146145
146157
146173
146177
146190
146192
146201
146208
146213
146221
146225
146228
146238
146254
146254
146275
146291
146304
146317
146325
146325
146326
146326
146348
146359
146389
146395
146398
146420
146426
146427
146431
146436
146442
146442
146443
146448
146453
146462
146471
146480
146485
146492
146505
146517
146532
146534
146551
146557
146565
146572
146581
146585
146643
146656
146659
146682
146684
146694
146700
146707
146714
146716
146717
146717
146718
146719
146733
146737
146739
146751
146759
146768
146773
146774
146777
146796
146803
146811
146821
146863
146863
146866
146867
146885
146886
146894
146901
146917
146931
146942
146980
146983
146996
147000
147009
147011
147016
147017
147018
147025
147053
147055
147057
147057
147060
147069
147073
147075
147079
147092
147093
147101
147129
147138
147146
147169
147180
147184
147186
147187
147202
147205
147209
147238
147240
147244
147245
147251
147256
147265
147266
147276
147285
147289
147312
147348
147352
147359
147391
147457
147459
147461
147475
147477
147484
147489
147490
147491
147496
147500
147501
147501
147509
147516
147517
147523
147529
147533
147541
147551
147561
147565
147587
147594
147600
147618
147620
147624
147632
147633
147637
147643
147644
147650
147661
147665
147669
147672
147682
147683
147703
147706
147709
147709
147712
147714
147719
147720
147728
147755
147757
147760
147765
147775
147781
147781
147821
147841
147860
147864
147866
147870
147878
147878
147886
147912
147952
147955
147961
147975
147977
147991
148002
148002
148008
148013
148019
148024
148030
148030
148031
148036
148049
148071
148079
148087
148087
148105
148106
148106
148114
148129
148132
148136
148146
148153
148155
148166
148167
148180
148196
148201
148209
148210
148217
148227
148237
148241
148252
148275
148301
148303
148328
148336
148346
148356
148360
148364
148374
148387
148436
148445
148448
148449
148465
148476
148510
148517
148525
148530
148536
148556
148560
148596
148624
148631
148638
148642
148648
148664
148671
148676
148680
148684
148694
148696
148696
148699
148711
148718
148746
148786
148787
148790
148807
148820
148823
148825
148826
148831
148835
148837
148850
148853
148879
148882
148884
148899
148916
148921
148931
148937
148949
148978
148992
149034
149038
149057
149078
149081
149127
149158
149176
149191
149201
149202
149208
149220
149255
149260
149293
149299
149301
149310
149333
149355
149378
149381
149399
149400
149404
149409
149433
149434
149439
149456
149456
149459
149461
149491
149505
149506
149513
149533
149536
149546
149561
149562
149571
149584
149592
149605
149617
149621
149624
149633
149649
149657
149671
149679
149680
149681
149682
149686
149704
149710
149714
149730
149735
149735
149773
149787
149799
149805
149806
149823
149824
149868
149869
149872
149873
149875
149892
149895
149908
149932
149939
149943
149944
149947
149959
149960
149960
149968
149973
149980
149993
149995
150011
150014
150024
150033
150038
150038
150053
150058
150069
150069
150082
150083
150085
150122
150128
150142
150153
150171
150180
150186
150200
150202
150204
150217
150221
150229
150235
150241
150249
150271
150281
150282
150299
150303
150315
150321
150323
150330
150340
150352
150357
150359
150365
150367
150371
150378
150379
150389
150393
150404
150409
150413
150416
150422
150440
150450
150461
150465
150468
150472
150478
150505
150518
150520
150523
150525
150537
150542
150551
150582
150583
150601
150604
150607
150612
150613
150619
150620
150647
150654
150666
150679
150683
150701
150709
150724
150734
150735
150740
150744
150757
150764
150765
150778
150779
150780
150790
150804
150810
150819
150821
150821
150840
150847
150851
150855
150890
150894
150912
150916
150922
150936
150942
150944
150950
150970
150977
150977
150993
151001
151001
151010
151011
151014
151039
151044
151067
151071
151075
151092
151100
151134
151135
151154
151164
151176
151184
151189
151204
151215
151223
151256
151261
151262
151262
151267
151270
151271
151275
151277
151284
151284
151286
151290
151293
151323
151335
151339
151358
151382
151389
151396
151407
151409
151411
151420
151425
151440
151455
151466
151492
151493
151497
151498
151524
151527
151527
151540
151550
151552
151559
151562
151566
151572
151572
151574
151578
151581
151593
151603
151657
151681
151694
151694
151695
151699
151713
151714
151718
151720
151733
151740
151766
151779
151782
151788
151791
151792
151795
151802
151802
151820
151849
151861
151874
151875
151883
151895
151906
151908
151909
151945
151946
151956
151965
151968
151968
151978
151983
151994
152008
152008
152010
152013
152017
152017
152022
152029
152033
152041
152052
152068
152070
152072
152074
152079
152082
152089
152108
152118
152118
152121
152127
152200
152214
152247
152271
152288
152317
152325
152331
152357
152376
152380
152391
152407
152437
152438
152449
152454
152466
152480
152482
152516
152526
152527
152564
152575
152584
152587
152601
152610
152611
152629
152631
152650
152657
152658
152663
152676
152685
152689
152721
152721
152723
152731
152736
152742
152760
152761
152776
152789
152794
152795
152797
152806
152826
152842
152862
152864
152865
152877
152894
152901
152903
152916
152925
152926
152927
152937
152955
152958
152964
152966
152978
152989
152990
153011
153034
153060
153072
153072
153074
153104
153121
153127
153162
153168
153198
153210
153215
153242
153248
153249
153251
153255
153257
153294
153308
153310
153321
153330
153335
153336
153352
153358
153361
153382
153382
153391
153405
153405
153420
153424
153440
153441
153451
153472
153473
153479
153481
153492
153504
153509
153513
153517
153519
153531
153536
153560
153589
153594
153606
153613
153618
153619
153646
153650
153652
153654
153656
153660
153664
153669
153677
153688
153688
153694
153702
153706
153713
153716
153721
153734
153735
153739
153756
153772
153806
153829
153831
153854
153859
153881
153883
153898
153913
153920
153922
153941
153941
153949
153951
153955
153968
153969
153977
153977
154034
154052
154068
154069
154075
154080
154097
154100
154109
154110
154121
154133
154153
154153
154156
154160
154177
154196
154207
154226
154248
154251
154258
154261
154261
154265
154270
154273
154323
154331
154338
154345
154347
154366
154381
154410
154417
154419
154426
154438
154446
154451
154458
154460
154469
154479
154485
154485
154495
154511
154511
154514
154517
154598
154602
154605
154611
154622
154625
154630
154632
154648
154648
154656
154680
154681
154682
154684
154701
154748
154750
154754
154762
154763
154800
154806
154809
154821
154823
154828
154835
154836
154844
154855
154856
154865
154885
154896
154904
154909
154911
154917
154921
154930
154934
154948
154951
154954
154954
154956
154970
154998
155003
155003
155014
155017
155024
155043
155065
155079
155080
155081
155083
155094
155116
155133
155136
155139
155147
155149
155151
155157
155188
155202
155212
155213
155232
155247
155260
155266
155301
155302
155304
155308
155313
155325
155334
155339
155372
155379
155379
155384
155388
155397
155411
155437
155437
155442
155445
155462
155473
155476
155496
155519
155519
155525
155537
155551
155557
155565
155603
155613
155618
155653
155665
155671
155690
155690
155705
155730
155741
155764
155774
155779
155783
155793
155796
155809
155822
155833
155838
155851
155868
155877
155885
155886
155898
155903
155905
155909
155922
155942
155944
155951
155956
155978
155999
156020
156023
156031
156034
156046
156046
156067
156069
156071
156097
156102
156117
156124
156135
156136
156160
156174
156179
156180
156183
156190
156195
156201
156207
156208
156210
156216
156223
156251
156275
156285
156290
156306
156312
156335
156338
156340
156343
156348
156358
156360
156363
156405
156407
156409
156420
156428
156438
156443
156445
156448
156452
156461
156481
156501
156538
156555
156557
156561
156597
156612
156613
156614
156635
156639
156648
156650
156651
156670
156681
156692
156710
156719
156723
156724
156727
156740
156783
156829
156835
156839
156855
156872
156881
156885
156886
156889
156889
156891
156893
156898
156899
156911
156919
156925
156937
156959
156963
156983
157008
157009
157014
157066
157072
157095
157132
157135
157146
157156
157160
157162
157167
157168
157174
157182
157187
157201
157209
157218
157222
157226
157269
157272
157274
157290
157291
157293
157295
157296
157309
157327
157337
157351
157356
157356
157357
157370
157392
157392
157407
157407
157428
157447
157454
157457
157458
157480
157490
157497
157518
157519
157528
157547
157556
157566
157581
157591
157593
157600
157600
157602
157605
157608
157616
157622
157633
157646
157647
157657
157658
157667
157669
157669
157673
157683
157683
157690
157711
157729
157761
157764
157766
157791
157792
157808
157833
157850
157882
157883
157885
157898
157906
157920
157931
157932
157934
157937
157944
157972
157986
158012
158020
158024
158031
158035
158038
158072
158080
158090
158103
158111
158114
158129
158141
158159
158170
158175
158176
158230
158238
158244
158255
158266
158274
158281
158286
158287
158292
158308
158326
158330
158331
158335
158348
158393
158396
158401
158410
158412
158418
158420
158428
158434
158470
158476
158495
158502
158502
158502
158503
158510
158511
158530
158544
158553
158568
158570
158580
158586
158588
158591
158593
158605
158613
158631
158646
158661
158662
158694
158706
158729
158737
158739
158750
158782
158787
158805
158823
158827
158840
158842
158844
158871
158872
158901
158907
158925
158926
158929
158942
158944
158945
158949
158951
158958
158961
158961
158994
158999
159036
159046
159063
159075
159075
159085
159093
159102
159123
159125
159143
159194
159199
159201
159208
159226
159226
159228
159247
159266
159275
159295
159298
159315
159318
159320
159332
159361
159381
159403
159408
159420
159451
159451
159456
159464
159469
159472
159483
159488
159489
159520
159528
159533
159537
159548
159556
159565
159573
159580
159584
159591
159598
159614
159616
159616
159618
159622
159631
159646
159666
159669
159680
159697
159707
159708
159718
159754
159758
159792
159793
159821
159824
159828
159872
159893
159911
159922
159937
159942
159957
159961
159969
159975
159976
159989
160012
160022
160034
160034
160053
160069
160118
160128
160136
160147
160164
160166
160170
160170
160175
160181
160201
160207
160215
160218
160229
160243
160248
160269
160278
160286
160327
160338
160340
160340
160341
160342
160358
160360
160360
160370
160374
160377
160382
160383
160393
160399
160404
160406
160410
160429
160438
160438
160452
160461
160465
160476
160493
160502
160511
160513
160539
160545
160551
160569
160582
160584
160584
160589
160600
160601
160608
160614
160620
160626
160628
160629
160662
160663
160663
160667
160669
160681
160682
160699
160705
160730
160732
160753
160754
160761
160778
160784
160797
160799
160805
160807
160811
160819
160832
160840
160841
160853
160860
160867
160873
160891
160899
160923
160934
160936
160938
160948
160960
160961
160968
160978
160985
161015
161026
161036
161037
161053
161053
161057
161071
161082
161084
161100
161124
161135
161151
161151
161153
161167
161170
161176
161182
161186
161195
161218
161219
161230
161237
161248
161268
161271
161271
161272
161277
161283
161285
161294
161296
161303
161307
161308
161310
161330
161392
161410
161424
161440
161441
161448
161454
161462
161471
161475
161492
161494
161503
161506
161526
161535
161551
161557
161566
161568
161631
161635
161638
161650
161652
161656
161658
161665
161681
161685
161686
161692
161719
161731
161759
161762
161767
161795
161796
161800
161824
161825
161840
161847
161850
161868
161870
161873
161877
161888
161889
161893
161893
161894
161913
161913
161923
161929
161935
161956
161957
161983
161985
162012
162014
162018
162034
162046
162055
162077
162098
162120
162127
162134
162155
162165
162183
162184
162186
162197
162199
162235
162269
162291
162309
162317
162318
162327
162350
162356
162368
162393
162393
162394
162401
162402
162403
162425
162433
162438
162439
162451
162455
162465
162478
162482
162493
162501
162505
162533
162548
162553
162562
162564
162574
162591
162596
162600
162606
162608
162616
162625
162633
162636
162648
162657
162667
162669
162679
162681
162684
162685
162728
162756
162765
162765
162774
162785
162792
162795
162803
162806
162819
162827
162834
162863
162870
162878
162882
162882
162888
162894
162901
162907
162918
162928
162939
162942
162943
162959
162962
162964
162994
162998
163010
163024
163032
163033
163048
163071
163087
163090
163111
163114
163115
163137
163144
163149
163153
163160
163174
163185
163209
163211
163219
163254
163276
163288
163292
163309
163325
163333
163358
163386
163393
163397
163401
163402
163433
163460
163477
163486
163503
163505
163515
163540
163562
163563
163566
163576
163584
163591
163593
163598
163606
163609
163650
163655
163657
163663
163668
163675
163684
163688
163692
163695
163708
163709
163710
163734
163739
163752
163756
163757
163768
163777
163812
163814
163816
163826
163834
163836
163842
163864
163868
163872
163878
163883
163917
163921
163922
163937
163940
163944
163954
163968
164029
164039
164040
164055
164060
164064
164067
164071
164115
164160
164177
164185
164185
164213
164222
164232
164241
164247
164256
164258
164280
164285
164296
164298
164317
164317
164333
164333
164334
164376
164396
164398
164400
164402
164405
164409
164409
164412
164416
164420
164426
164438
164439
164439
164446
164466
164473
164482
164485
164486
164487
164492
164493
164506
164528
164529
164553
164567
164568
164573
164584
164585
164592
164599
164604
164609
164610
164613
164619
164648
164650
164656
164672
164679
164689
164694
164703
164705
164712
164718
164727
164732
164746
164750
164764
164766
164770
164781
164835
164838
164840
164852
164866
164872
164882
164883
164883
164885
164896
164897
164908
164910
164930
164930
164941
164942
164942
164943
164969
164973
164986
164988
164999
165012
165016
165017
165045
165064
165071
165078
165093
165093
165094
165094
165095
165099
165128
165131
165144
165147
165162
165166
165196
165210
165213
165224
165248
165268
165273
165296
165303
165310
165316
165341
165353
165359
165376
165376
165376
165392
165407
165411
165411
165414
165438
165443
165461
165467
165470
165476
165478
165520
165529
165539
165540
165541
165580
165589
165629
165642
165645
165646
165652
165653
165686
165692
165706
165709
165709
165715
165729
165734
165739
165751
165751
165752
165755
165758
165764
165786
165786
165802
165817
165833
165835
165842
165843
165853
165860
165871
165872
165882
165890
165904
165907
165912
165929
165941
165956
165962
165983
166003
166011
166028
166036
166039
166043
166044
166048
166059
166074
166074
166078
166079
166079
166083
166084
166097
166101
166132
166134
166154
166155
166177
166191
166198
166199
166211
166228
166229
166231
166243
166246
166281
166286
166288
166297
166318
166336
166340
166348
166362
166366
166381
166394
166397
166401
166406
166407
166413
166439
166442
166443
166446
166461
166473
166486
166490
166496
166513
166519
166538
166556
166558
166558
166584
166594
166611
166634
166640
166647
166658
166660
166668
166669
166700
166724
166746
166750
166755
166758
166762
166766
166779
166779
166784
166788
166800
166808
166821
166829
166837
166845
166859
166877
166893
166897
166897
166907
166908
166923
166927
166928
166932
166932
166949
166956
166958
166961
166984
167026
167034
167044
167050
167050
167056
167059
167073
167085
167085
167110
167116
167117
167138
167149
167163
167166
167174
167180
167197
167203
167204
167209
167219
167227
167250
167256
167256
167259
167268
167276
167289
167302
167303
167305
167308
167320
167346
167348
167349
167354
167372
167374
167382
167393
167401
167417
167427
167440
167457
167463
167466
167467
167475
167489
167498
167501
167511
167528
167543
167551
167554
167562
167571
167572
167591
167595
167599
167600
167612
167614
167657
167659
167661
167667
167675
167684
167690
167696
167700
167709
167720
167731
167736
167742
167746
167753
167766
167775
167780
167798
167811
167845
167886
167891
167896
167911
167937
167938
167944
167948
168020
168022
168025
168038
168044
168047
168047
168062
168074
168079
168102
168109
168114
168115
168117
168118
168124
168134
168138
168144
168148
168169
168170
168182
168184
168201
168209
168216
168242
168251
168257
168267
168269
168299
168303
168318
168319
168327
168328
168329
168345
168352
168355
168363
168379
168385
168418
168421
168426
168431
168435
168443
168457
168480
168487
168487
168489
168508
168513
168517
168527
168538
168548
168553
168557
168559
168563
168566
168573
168579
168582
168582
168588
168601
168649
168659
168664
168668
168669
168674
168690
168734
168736
168749
168749
168760
168769
168783
168791
168799
168799
168821
168822
168825
168836
168844
168853
168855
168862
168869
168870
168896
168897
168920
168938
168939
168943
168968
168986
168988
169000
169012
169024
169030
169031
169033
169037
169044
169056
169061
169063
169066
169090
169094
169098
169105
169115
169130
169145
169156
169165
169165
169167
169177
169191
169205
169217
169218
169226
169230
169238
169252
169263
169272
169273
169276
169285
169338
169354
169388
169394
169411
169421
169437
169479
169484
169485
169500
169504
169516
169517
169520
169520
169525
169526
169537
169545
169551
169555
169561
169566
169571
169573
169575
169578
169586
169594
169616
169624
169638
169648
169660
169674
169687
169691
169699
169703
169704
169706
169708
169714
169722
169744
169758
169763
169770
169771
169778
169783
169789
169829
169830
169859
169878
169886
169912
169918
169922
169926
169936
169936
169944
169973
169978
169979
169989
170013
170021
170025
170030
170031
170044
170047
170049
170059
170079
170081
170091
170093
170095
170096
170100
170105
170122
170130
170146
170152
170168
170171
170181
170196
170208
170212
170224
170231
170237
170247
170297
170308
170310
170310
170315
170322
170324
170335
170352
170356
170366
170369
170371
170372
170378
170386
170391
170403
170412
170413
170428
170437
170453
170457
170463
170469
170502
170535
170539
170575
170613
170628
170635
170640
170649
170677
170679
170689
170706
170706
170742
170752
170755
170756
170770
170774
170780
170793
170803
170812
170823
170834
170837
170859
170861
170862
170880
170892
170894
170895
170907
170911
170914
170920
170927
170931
170934
170942
170949
170951
170953
170963
170972
170995
171006
171013
171029
171035
171039
171065
171074
171094
171111
171123
171143
171159
171164
171182
171193
171199
171205
171225
171229
171234
171240
171246
171250
171254
171267
171294
171300
171301
171312
171321
171335
171348
171364
171377
171384
171387
171398
171414
171414
171416
171434
171439
171468
171485
171486
171494
171503
171511
171522
171545
171555
171558
171563
171574
171577
171602
171608
171653
171654
171662
171681
171681
171690
171717
171726
171754
171766
171766
171775
171776
171778
171785
171788
171790
171790
171793
171798
171801
171803
171807
171808
171811
171824
171836
171843
171846
171851
171858
171874
171875
171876
171882
171893
171901
171903
171905
171918
171924
171936
171956
171991
171998
172007
172010
172040
172052
172054
172056
172077
172077
172105
172110
172138
172146
172148
172149
172150
172169
172174
172187
172187
172200
172211
172213
172228
172243
172268
172275
172307
172309
172309
172331
172334
172339
172341
172345
172359
172392
172395
172398
172399
172404
172408
172411
172420
172422
172423
172424
172424
172467
172486
172486
172489
172493
172497
172507
172515
172524
172535
172538
172540
172562
172578
172586
172622
172633
172641
172647
172654
172657
172677
172684
172712
172744
172786
172808
172819
172823
172827
172827
172833
172842
172861
172872
172877
172882
172886
172896
172919
172937
172939
172952
172964
172973
172992
172994
173010
173057
173079
173090
173104
173110
173117
173118
173122
173126
173129
173154
173166
173187
173211
173213
173213
173247
173251
173270
173277
173294
173296
173310
173315
173322
173325
173331
173334
173336
173358
173362
173369
173374
173382
173399
173407
173427
173436
173481
173485
173496
173503
173513
173545
173546
173549
173552
173586
173595
173597
173617
173619
173624
173627
173634
173638
173642
173645
173646
173663
173683
173689
173698
173712
173738
173756
173772
173823
173826
173840
173845
173845
173850
173860
173860
173887
173925
173951
173953
173967
173975
173980
173981
173982
173986
173994
174005
174016
174026
174028
174063
174064
174094
174104
174115
174147
174154
174167
174185
174193
174197
174201
174214
174215
174225
174250
174271
174281
174304
174310
174314
174324
174337
174359
174362
174363
174392
174392
174392
174395
174399
174403
174404
174405
174406
174408
174410
174412
174414
174434
174439
174448
174453
174464
174466
174468
174469
174473
174482
174496
174510
174515
174524
174527
174534
174537
174545
174549
174549
174572
174585
174638
174699
174711
174711
174727
174763
174764
174769
174770
174781
174791
174798
174808
174825
174829
174838
174851
174859
174867
174905
174922
174932
174955
174958
174970
174974
174976
174979
174989
175005
175012
175017
175026
175026
175029
175029
175031
175031
175046
175050
175067
175072
175073
175074
175079
175088
175093
175111
175119
175127
175130
175132
175168
175168
175186
175204
175214
175215
175216
175235
175237
175247
175250
175266
175283
175285
175300
175301
175301
175320
175337
175345
175365
175369
175374
175377
175377
175378
175380
175393
175401
175418
175437
175445
175446
175450
175474
175491
175512
175513
175514
175516
175517
175525
175552
175562
175578
175592
175623
175639
175647
175650
175653
175653
175662
175704
175706
175708
175708
175715
175732
175733
175738
175744
175761
175763
175797
175812
175817
175824
175826
175840
175841
175851
175880
175885
175899
175908
175922
175923
175937
175938
175941
175943
175947
175951
175954
175955
175956
175959
175983
176030
176037
176042
176045
176072
176073
176073
176078
176093
176101
176116
176132
176150
176153
176157
176158
176158
176163
176191
176200
176205
176216
176222
176232
176232
176243
176248
176259
176261
176269
176288
176293
176295
176295
176305
176317
176321
176329
176339
176346
176355
176357
176361
176366
176371
176372
176413
176420
176422
176427
176429
176430
176440
176463
176464
176466
176481
176486
176489
176504
176534
176541
176548
176565
176566
176577
176601
176618
176634
176650
176659
176666
176671
176676
176700
176718
176728
176732
176740
176755
176757
176780
176784
176784
176801
176830
176848
176849
176864
176906
176912
176917
176925
176953
176960
176971
176979
176987
177003
177007
177021
177024
177049
177050
177102
177118
177122
177132
177151
177160
177182
177197
177200
177229
177232
177233
177237
177240
177246
177255
177267
177274
177274
177296
177302
177325
177328
177338
177345
177351
177353
177353
177354
177358
177382
177393
177398
177417
177424
177448
177452
177479
177493
177543
177550
177591
177597
177615
177618
177620
177631
177634
177657
177660
177685
177686
177689
177701
177706
177720
177740
177743
177760
177782
177793
177804
177808
177812
177818
177840
177856
177871
177912
177923
177938
177972
177983
177987
178002
178013
178017
178028
178028
178029
178038
178038
178058
178059
178063
178065
178065
178070
178078
178081
178107
178133
178147
178148
178149
178159
178174
178196
178199
178230
178260
178267
178268
178268
178281
178291
178319
178319
178333
178333
178339
178340
178351
178353
178353
178354
178363
178366
178387
178389
178401
178417
178423
178431
178434
178452
178478
178509
178511
178516
178521
178525
178551
178552
178556
178583
178591
178609
178610
178636
178651
178655
178677
178679
178689
178696
178729
178733
178760
178796
178799
178806
178807
178817
178820
178833
178835
178848
178851
178861
178870
178874
178879
178893
178901
178925
178940
178947
178956
178957
178957
178963
178970
178978
178989
178994
178997
179032
179057
179104
179113
179125
179131
179143
179166
179173
179179
179181
179188
179195
179229
179246
179258
179260
179265
179269
179296
179303
179307
179314
179318
179335
179340
179348
179350
179351
179356
179359
179383
179391
179392
179396
179396
179397
179410
179415
179420
179442
179457
179487
179488
179495
179508
179515
179526
179531
179535
179560
179568
179573
179576
179577
179580
179583
179611
179614
179614
179630
179647
179648
179649
179658
179679
179682
179686
179716
179718
179729
179730
179734
179737
179738
179743
179745
179750
179762
179765
179771
179772
179782
179782
179789
179796
179817
179840
179865
179867
179867
179868
179885
179892
179893
179899
179900
179927
179930
179932
179937
179945
179946
179959
179961
179986
179993
180004
180006
180007
180026
180046
180057
180058
180071
180073
180080
180084
180089
180091
180101
180136
180155
180167
180167
180176
180178
180179
180184
180185
180199
180200
180204
180207
180208
180218
180219
180236
180238
180250
180251
180264
180273
180283
180284
180287
180294
180328
180340
180346
180349
180367
180384
180395
180399
180411
180440
180463
180463
180464
180477
180480
180484
180498
180501
180512
180526
180549
180550
180553
180557
180575
180583
180595
180613
180618
180628
180635
180645
180654
180657
180667
180682
180685
180703
180703
180751
180767
180772
180776
180781
180812
180821
180825
180828
180829
180870
180871
180873
180874
180874
180877
180878
180882
180889
180893
180903
180903
180913
180914
180942
180961
180975
180985
180989
180992
180998
181013
181029
181033
181039
181050
181061
181078
181080
181082
181095
181146
181147
181164
181175
181178
181208
181211
181212
181229
181237
181247
181248
181255
181259
181260
181265
181266
181276
181280
181292
181304
181312
181330
181347
181373
181378
181384
181385
181391
181391
181404
181409
181412
181430
181445
181461
181475
181477
181507
181511
181517
181525
181531
181538
181549
181549
181551
181597
181616
181618
181618
181630
181645
181651
181658
181664
181667
181668
181683
181703
181720
181727
181733
181735
181742
181746
181759
181761
181775
181779
181786
181793
181821
181833
181844
181852
181873
181877
181886
181894
181901
181924
181930
181952
181957
181957
181964
181966
181999
182000
182014
182015
182018
182020
182034
182069
182092
182096
182109
182130
182132
182134
182148
182150
182150
182163
182175
182176
182180
182199
182204
182204
182209
182218
182222
182233
182251
182261
182265
182265
182274
182277
182290
182298
182300
182300
182315
182323
182336
182352
182353
182372
182381
182383
182414
182423
182431
182432
182455
182459
182483
182485
182486
182506
182507
182514
182514
182532
182542
182553
182569
182577
182582
182616
182628
182632
182636
182644
182648
182657
182662
182693
182700
182716
182734
182741
182771
182776
182784
182789
182793
182800
182819
182819
182836
182847
182848
182848
182850
182853
182887
182897
182903
182916
182923
182935
182942
182945
182953
182956
182980
182986
182995
183001
183003
183009
183017
183022
183035
183040
183057
183067
183070
183076
183085
183087
183089
183095
183103
183108
183126
183141
183155
183157
183162
183197
183205
183236
183236
183243
183265
183267
183279
183295
183295
183322
183328
183332
183338
183343
183355
183358
183367
183379
183406
183407
183408
183413
183425
183425
183426
183435
183468
183481
183482
183482
183507
183512
183542
183551
183558
183573
183580
183604
183605
183617
183622
183622
183631
183632
183633
183644
183645
183670
183676
183681
183711
183716
183716
183733
183744
183750
183751
183760
183788
183796
183806
183807
183808
183812
183813
183824
183833
183834
183842
183858
183859
183864
183871
183873
183874
183886
183888
183895
183900
183905
183912
183921
183921
183927
183933
183935
183943
183951
183953
183956
183964
183972
183972
183979
183995
184002
184030
184030
184035
184069
184072
184074
184103
184120
184125
184125
184127
184128
184128
184139
184140
184174
184197
184198
184216
184223
184224
184235
184237
184241
184241
184245
184246
184268
184272
184276
184285
184297
184308
184345
184351
184354
184381
184385
184390
184391
184400
184426
184436
184462
184475
184485
184489
184490
184495
184524
184526
184528
184537
184538
184556
184580
184589
184595
184604
184608
184611
184615
184635
184643
184648
184657
184669
184679
184682
184685
184692
184692
184710
184731
184736
184738
184755
184759
184760
184766
184775
184800
184806
184810
184821
184825
184829
184839
184839
184871
184871
184876
184876
184891
184910
184910
184914
184916
184935
184945
184949
184954
184957
184963
184974
184978
184994
185001
185004
185012
185019
185025
185027
185029
185055
185058
185064
185065
185082
185089
185128
185133
185138
185156
185165
185185
185211
185215
185218
185234
185243
185249
185258
185261
185266
185267
185275
185280
185290
185291
185302
185309
185309
185323
185335
185338
185349
185351
185352
185361
185377
185390
185433
185439
185444
185455
185467
185468
185468
185472
185483
185484
185495
185540
185546
185565
185582
185594
185601
185607
185621
185628
185649
185664
185697
185710
185736
185736
185739
185755
185768
185769
185770
185770
185773
185776
185785
185785
185815
185820
185854
185855
185872
185875
185897
185904
185923
185936
185942
185945
185952
185952
185958
185962
185975
185980
185985
185985
185990
185992
186001
186001
186001
186006
186019
186031
186039
186072
186077
186084
186090
186143
186144
186146
186151
186159
186166
186201
186205
186223
186231
186244
186254
186254
186273
186283
186290
186303
186319
186323
186324
186326
186327
186346
186349
186361
186363
186364
186375
186387
186388
186398
186407
186423
186425
186431
186442
186461
186466
186488
186498
186508
186516
186529
186538
186543
186553
186582
186588
186597
186614
186618
186623
186629
186630
186649
186653
186656
186661
186703
186714
186715
186716
186717
186722
186728
186731
186731
186733
186743
186747
186768
186769
186780
186793
186793
186794
186814
186838
186839
186850
186867
186899
186905
186915
186919
186929
186940
186944
186965
186968
186972
186973
186975
186976
186989
186993
186998
187007
187015
187021
187023
187052
187056
187068
187089
187103
187108
187115
187133
187140
187145
187170
187174
187185
187207
187225
187231
187234
187244
187247
187270
187277
187294
187298
187308
187317
187318
187325
187331
187354
187373
187376
187385
187398
187419
187424
187434
187440
187449
187451
187453
187458
187459
187469
187477
187480
187482
187484
187501
187504
187521
187528
187536
187545
187546
187549
187551
187557
187560
187584
187585
187586
187586
187598
187603
187605
187619
187624
187624
187629
187633
187648
187652
187664
187669
187682
187705
187711
187724
187727
187729
187732
187739
187742
187748
187749
187755
187768
187792
187811
187816
187827
187841
187842
187882
187886
187888
187890
187909
187912
187957
187963
187975
187988
188005
188013
188017
188019
188024
188028
188043
188076
188077
188077
188093
188112
188126
188127
188135
188148
188149
188150
188154
188158
188163
188185
188188
188191
188196
188219
188232
188233
188257
188259
188288
188290
188298
188300
188322
188345
188357
188358
188367
188374
188374
188385
188392
188413
188424
188429
188442
188446
188486
188507
188527
188538
188540
188545
188567
188580
188600
188639
188654
188667
188672
188676
188678
188686
188687
188691
188711
188718
188724
188728
188731
188734
188746
188787
188813
188838
188865
188874
188880
188883
188899
188900
188905
188906
188906
188910
188910
188914
188930
188933
188938
188952
188973
188978
188979
188988
188992
189004
189013
189023
189028
189062
189063
189063
189064
189069
189073
189078
189086
189103
189110
189141
189159
189163
189192
189203
189214
189218
189220
189221
189236
189240
189245
189245
189259
189260
189272
189281
189287
189295
189302
189307
189308
189310
189318
189319
189357
189363
189365
189365
189389
189399
189401
189410
189426
189429
189447
189461
189464
189466
189469
189476
189485
189525
189529
189536
189556
189559
189578
189584
189604
189617
189625
189632
189650
189662
189686
189715
189720
189746
189797
189799
189817
189833
189844
189860
189869
189897
189903
189910
189930
189935
189943
189955
189959
189964
189971
189980
189985
189991
190026
190033
190041
190066
190073
190077
190078
190092
190099
190115
190121
190125
190164
190179
190182
190183
190195
190213
190218
190220
190221
190223
190244
190250
190250
190254
190258
190262
190268
190268
190286
190303
190303
190324
190335
190346
190347
190387
190402
190414
190424
190426
190430
190463
190464
190499
190509
190510
190511
190549
190555
190556
190561
190566
190570
190581
190587
190588
190589
190628
190637
190646
190658
190677
190682
190688
190688
190692
190694
190711
190721
190747
190749
190759
190765
190770
190777
190777
190778
190842
190851
190859
190873
190881
190882
190907
190912
190922
190924
190926
190928
190953
190959
190971
190972
190972
190982
191000
191004
191012
191015
191017
191023
191045
191047
191055
191065
191077
191078
191086
191090
191109
191115
191150
191152
191160
191173
191194
191198
191209
191217
191228
191240
191243
191275
191292
191300
191309
191327
191331
191349
191350
191356
191364
191377
191383
191383
191405
191429
191429
191449
191453
191456
191475
191489
191512
191513
191535
191569
191590
191593
191613
191627
191633
191634
191641
191653
191658
191663
191666
191666
191667
191668
191678
191681
191693
191694
191709
191714
191717
191728
191735
191738
191740
191745
191760
191763
191783
191796
191798
191814
191868
191876
191881
191881
191894
191933
191934
191948
191965
191970
191971
191974
191986
191997
192007
192011
192013
192014
192023
192024
192034
192037
192037
192039
192055
192060
192065
192066
192067
192069
192072
192081
192084
192095
192106
192115
192116
192133
192142
192144
192144
192146
192152
192160
192160
192167
192176
192182
192191
192200
192208
192214
192223
192223
192251
192257
192287
192288
192315
192318
192329
192357
192363
192367
192376
192384
192392
192404
192407
192409
192446
192462
192480
192487
192516
192527
192547
192547
192556
192559
192568
192582
192583
192585
192594
192594
192600
192603
192606
192614
192635
192646
192657
192669
192680
192684
192698
192701
192711
192714
192727
192727
192755
192763
192768
192788
192796
192817
192820
192847
192878
192879
192881
192882
192895
192898
192930
192941
192942
192963
192968
192969
192980
192984
192985
193008
193015
193016
193027
193030
193035
193036
193040
193043
193043
193050
193055
193079
193086
193100
193109
193113
193121
193137
193143
193163
193202
193226
193247
193250
193259
193265
193269
193274
193296
193296
193300
193320
193327
193330
193332
193338
193347
193349
193350
193354
193365
193367
193373
193383
193390
193394
193396
193397
193405
193420
193423
193426
193428
193431
193469
193480
193481
193492
193495
193500
193510
193512
193535
193549
193550
193568
193570
193572
193580
193594
193596
193601
193602
193614
193618
193619
193634
193635
193645
193667
193669
193673
193676
193681
193685
193702
193710
193713
193734
193739
193749
193774
193781
193844
193856
193870
193871
193878
193880
193887
193888
193890
193905
193906
193909
193910
193915
193917
193949
193949
193950
193961
193962
193992
194007
194007
194011
194015
194028
194034
194054
194056
194057
194059
194071
194076
194076
194078
194094
194118
194124
194137
194149
194183
194194
194245
194259
194261
194280
194326
194341
194343
194345
194347
194349
194386
194404
194404
194407
194419
194429
194432
194436
194438
194447
194455
194466
194482
194519
194555
194579
194628
194636
194645
194647
194648
194651
194659
194665
194671
194671
194675
194679
194682
194682
194695
194701
194712
194719
194720
194736
194741
194741
194742
194746
194751
194753
194755
194765
194775
194783
194791
194807
194808
194809
194816
194842
194872
194889
194907
194912
194915
194924
194935
194935
194952
194966
194966
194971
194972
194992
195024
195025
195040
195042
195042
195054
195062
195081
195094
195097
195099
195103
195107
195176
195181
195181
195193
195206
195228
195229
195230
195240
195242
195257
195263
195296
195301
195320
195324
195325
195327
195327
195344
195349
195354
195361
195382
195393
195394
195402
195419
195422
195430
195463
195465
195467
195468
195472
195478
195495
195496
195506
195509
195511
195519
195526
195526
195531
195566
195585
195638
195655
195662
195670
195706
195730
195742
195747
195767
195782
195809
195812
195825
195887
195889
195889
195890
195892
195897
195906
195913
195916
195917
195923
195932
195944
195945
195963
195963
195967
195973
195974
195975
195976
196005
196026
196030
196057
196061
196070
196087
196100
196101
196109
196114
196115
196135
196137
196143
196144
196157
196157
196159
196160
196174
196183
196187
196198
196221
196240
196246
196259
196277
196282
196296
196351
196353
196354
196363
196365
196367
196394
196428
196436
196437
196443
196449
196458
196463
196466
196474
196477
196509
196517
196531
196541
196560
196570
196578
196589
196591
196596
196606
196606
196615
196618
196621
196648
196654
196670
196681
196701
196707
196712
196714
196717
196720
196722
196725
196736
196736
196755
196772
196788
196791
196816
196833
196836
196839
196850
196875
196875
196887
196887
196890
196917
196918
196923
196966
196971
196979
196988
196991
196994
197013
197016
197017
197028
197029
197032
197039
197077
197108
197122
197139
197143
197143
197143
197156
197165
197169
197184
197200
197216
197221
197227
197241
197260
197277
197296
197299
197332
197355
197356
197375
197380
197404
197406
197409
197450
197450
197460
197468
197479
197494
197504
197508
197514
197521
197532
197557
197559
197562
197581
197587
197589
197596
197601
197608
197612
197615
197629
197638
197692
197693
197698
197721
197723
197731
197733
197733
197757
197764
197788
197793
197797
197803
197823
197827
197834
197838
197844
197844
197845
197849
197854
197858
197864
197866
197876
197890
197895
197896
197914
197923
197939
197944
197960
197962
197974
197982
197983
197988
197992
198010
198013
198021
198032
198052
198057
198060
198073
198079
198091
198096
198097
198099
198104
198105
198122
198129
198131
198135
198148
198156
198163
198169
198170
198189
198200
198214
198223
198228
198282
198284
198301
198311
198312
198326
198335
198342
198363
198371
198379
198391
198400
198403
198428
198432
198435
198455
198463
198482
198484
198490
198515
198516
198517
198517
198529
198536
198559
198570
198587
198594
198598
198613
198624
198629
198639
198663
198673
198694
198697
198705
198722
198733
198735
198743
198746
198782
198783
198797
198811
198817
198818
198831
198838
198849
198852
198882
198889
198903
198908
198909
198913
198948
198952
198957
198958
199004
199021
199029
199039
199044
199054
199079
199087
199093
199094
199134
199134
199139
199144
199150
199150
199151
199165
199168
199175
199196
199253
199287
199307
199308
199308
199328
199351
199359
199406
199420
199442
199447
199460
199461
199479
199481
199481
199484
199518
199520
199542
199553
199558
199575
199579
199584
199586
199611
199619
199624
199650
199652
199655
199660
199664
199683
199683
199690
199693
199698
199699
199704
199713
199718
199724
199728
199753
199754
199757
199763
199765
199770
199775
199776
199779
199788
199799
199836
199841
199852
199854
199868
199871
199874
199891
199893
199895
199895
199915
199923
199944
199967
199983
199993
199995
200009
200022
200032
200032
200034
200043
200082
200084
200084
200103
200104
200106
200134
200137
200139
200139
200165
200198
200206
200212
200221
200223
200234
200249
200262
200265
200271
200285
200298
200307
200310
200316
200316
200326
200327
200335
200352
200367
200382
200417
200458
200475
200488
200489
200490
200496
200498
200510
200513
200513
200534
200537
200539
200544
200546
200547
200559
200577
200578
200593
200611
200615
200621
200633
200668
200674
200677
200678
200692
200695
200703
200726
200752
200753
200753
200786
200792
200800
200821
200822
200842
200877
200878
200886
200889
200908
200961
200964
200972
200986
200992
201008
201023
201028
201039
201046
201062
201066
201073
201074
201078
201079
201090
201091
201116
201117
201118
201127
201147
201150
201166
201172
201175
201187
201187
201188
201188
201207
201219
201221
201229
201237
201249
201249
201274
201278
201282
201285
201285
201298
201299
201318
201318
201325
201330
201338
201349
201352
201355
201365
201365
201368
201410
201424
201426
201447
201449
201450
201457
201467
201482
201487
201488
201488
201498
201507
201513
201552
201560
201600
201601
201641
201691
201737
201741
201746
201753
201753
201790
201791
201798
201836
201836
201848
201853
201880
201894
201896
201903
201907
201932
201944
201948
201951
201967
201972
202001
202002
202009
202014
202018
202037
202047
202058
202065
202073
202076
202088
202093
202095
202095
202099
202099
202099
202103
202107
202112
202131
202176
202202
202208
202211
202218
202230
202242
202258
202262
202288
202298
202301
202316
202326
202328
202328
202333
202345
202351
202354
202370
202381
202410
202412
202418
202420
202432
202432
202434
202446
202471
202472
202482
202483
202490
202498
202501
202520
202523
202531
202533
202542
202554
202555
202561
202563
202570
202586
202594
202596
202629
202631
202642
202642
202647
202655
202659
202662
202674
202676
202677
202691
202696
202761
202762
202774
202777
202779
202790
202791
202807
202836
202852
202855
202861
202890
202891
202894
202908
202909
202910
202928
202928
202947
202970
202977
202988
202997
203013
203029
203036
203039
203046
203048
203050
203059
203087
203101
203108
203110
203127
203128
203146
203155
203159
203166
203182
203208
203209
203215
203227
203237
203240
203250
203261
203262
203274
203274
203277
203283
203294
203308
203312
203316
203318
203323
203336
203373
203374
203375
203377
203403
203446
203449
203449
203450
203453
203455
203455
203478
203510
203520
203520
203524
203542
203553
203608
203614
203659
203681
203701
203703
203707
203721
203726
203729
203738
203740
203740
203771
203796
203805
203810
203813
203826
203831
203833
203835
203835
203853
203856
203856
203857
203876
203905
203911
203952
203953
203955
203971
203974
203983
204017
204050
204080
204094
204095
204140
204162
204164
204166
204169
204182
204190
204193
204195
204199
204201
204211
204225
204250
204250
204257
204257
204260
204268
204270
204272
204280
204289
204300
204325
204330
204341
204371
204385
204391
204391
204395
204401
204421
204422
204433
204446
204453
204463
204464
204499
204500
204502
204503
204504
204505
204513
204531
204535
204541
204558
204563
204563
204584
204586
204610
204610
204613
204620
204627
204632
204641
204647
204653
204660
204663
204673
204681
204681
204683
204690
204697
204701
204706
204708
204716
204742
204757
204759
204777
204784
204793
204794
204813
204831
204840
204850
204854
204863
204877
204880
204888
204931
204938
204940
204943
204948
204948
204982
204987
204993
204996
205003
205013
205035
205037
205039
205050
205059
205074
205108
205117
205128
205128
205130
205142
205166
205169
205210
205247
205258
205275
205281
205296
205299
205337
205345
205346
205353
205360
205375
205390
205408
205410
205419
205439
205447
205456
205456
205457
205464
205469
205470
205482
205482
205501
205503
205523
205531
205536
205542
205558
205566
205592
205595
205597
205602
205612
205617
205623
205624
205640
205642
205658
205669
205693
205731
205747
205757
205758
205762
205768
205768
205808
205809
205827
205837
205840
205843
205847
205859
205865
205866
205891
205891
205904
205921
205922
205939
205947
205952
205961
205962
205973
205974
205988
206001
206002
206002
206011
206027
206029
206036
206045
206087
206089
206089
206100
206102
206109
206110
206115
206133
206139
206143
206160
206179
206194
206199
206205
206214
206216
206231
206235
206240
206249
206260
206267
206293
206305
206318
206319
206324
206329
206330
206351
206356
206357
206358
206365
206369
206371
206378
206381
206383
206389
206389
206390
206433
206433
206440
206441
206444
206452
206453
206477
206485
206489
206493
206512
206527
206529
206534
206543
206554
206564
206565
206592
206599
206602
206605
206606
206608
206623
206638
206646
206648
206656
206661
206668
206670
206672
206681
206707
206720
206722
206741
206744
206749
206752
206769
206788
206790
206809
206817
206826
206854
206860
206869
206885
206912
206926
206929
206933
206949
206957
206969
206990
207012
207020
207021
207037
207038
207039
207039
207040
207046
207053
207054
207069
207075
207075
207088
207093
207096
207100
207105
207128
207153
207169
207190
207198
207203
207204
207213
207219
207228
207243
207244
207266
207270
207302
207312
207320
207326
207327
207351
207362
207383
207385
207396
207428
207428
207430
207441
207451
207455
207468
207488
207501
207512
207520
207522
207523
207523
207527
207539
207553
207558
207558
207575
207576
207586
207591
207604
207611
207619
207623
207629
207635
207649
207665
207666
207677
207682
207692
207694
207696
207705
207714
207724
207738
207750
207756
207769
207791
207806
207823
207830
207831
207841
207845
207846
207853
207887
207888
207908
207913
207916
207926
207934
207946
207950
207953
207960
207977
207985
207995
207998
207998
208008
208017
208025
208031
208043
208049
208051
208063
208071
208095
208100
208121
208152
208155
208155
208162
208166
208173
208184
208187
208188
208208
208221
208222
208234
208247
208250
208272
208290
208290
208295
208318
208325
208368
208375
208382
208387
208390
208400
208414
208452
208454
208454
208465
208472
208472
208480
208490
208507
208508
208514
208517
208522
208525
208530
208537
208544
208545
208549
208563
208565
208580
208601
208609
208622
208638
208643
208645
208680
208685
208692
208693
208701
208707
208715
208732
208742
208753
208760
208763
208768
208773
208776
208784
208800
208802
208810
208815
208815
208822
208826
208832
208835
208845
208877
208884
208903
208903
208907
208908
208909
208917
208962
208976
208990
208991
208999
209005
209023
209048
209049
209052
209061
209085
209096
209096
209105
209109
209111
209126
209126
209129
209152
209162
209165
209173
209183
209183
209191
209205
209212
209212
209295
209318
209324
209328
209330
209332
209333
209335
209350
209352
209358
209358
209366
209416
209426
209426
209429
209432
209473
209499
209499
209512
209519
209541
209563
209564
209572
209575
209575
209576
209583
209598
209617
209622
209650
209651
209661
209665
209671
209677
209677
209678
209695
209703
209739
209779
209796
209809
209824
209829
209836
209841
209851
209856
209871
209881
209902
209932
209937
209947
209965
209966
209973
209975
209977
209989
210002
210007
210009
210011
210012
210024
210025
210032
210043
210050
210051
210054
210065
210083
210092
210099
210101
210116
210123
210127
210132
210157
210165
210175
210180
210185
210201
210229
210238
210251
210252
210253
210267
210294
210310
210318
210329
210330
210330
210330
210338
210353
210379
210391
210416
210429
210432
210436
210437
210456
210477
210509
210521
210522
210522
210538
210539
210547
210559
210568
210572
210574
210610
210614
210620
210640
210640
210652
210654
210662
210690
210698
210706
210723
210727
210733
210735
210755
210772
210807
210810
210812
210816
210821
210827
210827
210837
210852
210857
210868
210870
210870
210903
210924
210930
210937
210940
210941
210957
210957
210963
210963
210977
210980
210983
210983
210988
210993
211016
211027
211030
211031
211035
211036
211050
211054
211059
211068
211089
211091
211118
211129
211139
211140
211157
211174
211177
211178
211198
211199
211202
211216
211219
211230
211230
211231
211233
211241
211252
211255
211263
211283
211294
211299
211301
211304
211311
211312
211341
211347
211347
211351
211355
211370
211383
211384
211389
211392
211409
211431
211448
211449
211450
211464
211485
211502
211505
211512
211521
211524
211525
211543
211549
211555
211556
211572
211619
211632
211635
211635
211672
211679
211681
211693
211701
211703
211707
211713
211726
211726
211732
211753
211765
211799
211802
211805
211812
211856
211869
211872
211889
211893
211896
211896
211907
211912
211931
211936
211936
211938
211943
211949
211952
211958
211971
211972
211979
211980
212004
212010
212020
212023
212028
212038
212042
212044
212049
212058
212059
212075
212094
212126
212126
212138
212149
212155
212162
212169
212171
212172
212175
212179
212200
212202
212203
212222
212226
212244
212248
212251
212270
212277
212282
212342
212346
212349
212371
212373
212384
212390
212396
212401
212404
212410
212420
212430
212432
212445
212457
212457
212467
212470
212475
212476
212492
212500
212505
212512
212513
212538
212561
212566
212574
212585
212597
212601
212618
212631
212635
212652
212686
212692
212712
212720
212731
212734
212735
212743
212763
212772
212777
212785
212786
212818
212834
212840
212849
212856
212864
212885
212915
212919
212919
212924
212927
212944
212945
212959
212960
212963
212976
212983
212992
213006
213014
213061
213071
213075
213078
213085
213087
213093
213103
213121
213136
213138
213150
213153
213167
213168
213175
213186
213200
213208
213216
213242
213248
213257
213273
213292
213299
213315
213323
213326
213328
213329
213336
213354
213359
213378
213385
213399
213426
213436
213447
213448
213449
213452
213462
213466
213483
213484
213512
213515
213525
213558
213567
213572
213588
213588
213589
213600
213600
213601
213605
213608
213612
213618
213619
213631
213634
213654
213673
213676
213678
213681
213690
213696
213710
213712
213716
213722
213729
213739
213748
213753
213754
213771
213777
213782
213789
213795
213797
213806
213812
213819
213860
213866
213866
213901
213904
213908
213922
213946
213966
214001
214004
214004
214009
214014
214015
214034
214055
214058
214076
214078
214080
214083
214100
214107
214131
214134
214141
214186
214216
214218
214268
214281
214284
214286
214289
214292
214295
214299
214310
214310
214317
214321
214323
214330
214340
214346
214348
214364
214380
214385
214391
214402
214415
214415
214424
214446
214448
214469
214470
214507
214510
214521
214527
214532
214558
214570
214588
214593
214618
214619
214634
214649
214657
214672
214675
214678
214678
214679
214687
214702
214706
214732
214746
214768
214783
214785
214828
214829
214832
214843
214843
214860
214871
214875
214889
214898
214903
214904
214906
214924
214944
214947
214951
214955
214972
214986
215006
215043
215061
215078
215101
215103
215110
215121
215124
215149
215149
215153
215160
215176
215187
215190
215211
215221
215223
215236
215265
215311
215351
215352
215362
215371
215371
215374
215378
215384
215386
215402
215406
215416
215451
215460
215493
215494
215500
215508
215509
215520
215524
215533
215543
215545
215546
215552
215557
215561
215611
215615
215619
215620
215637
215677
215698
215708
215709
215711
215717
215723
215745
215752
215776
215786
215786
215794
215819
215824
215831
215844
215846
215861
215864
215865
215875
215884
215886
215895
215900
215922
215923
215926
215930
215940
215941
215947
215951
215971
215973
215980
215982
215993
216001
216010
216016
216024
216038
216042
216050
216069
216074
216082
216089
216098
216114
216130
216133
216136
216136
216142
216149
216161
216169
216172
216176
216186
216197
216202
216214
216216
216219
216232
216237
216255
216258
216261
216264
216272
216275
216278
216297
216308
216317
216338
216370
216373
216377
216380
216392
216395
216406
216406
216409
216415
216416
216432
216454
216471
216503
216511
216515
216523
216525
216541
216564
216578
216592
216607
216613
216621
216626
216636
216639
216668
216675
216680
216682
216691
216727
216732
216734
216740
216742
216744
216763
216765
216772
216773
216792
216803
216814
216815
216827
216833
216837
216848
216868
216871
216881
216894
216903
216908
216943
216945
216982
216984
217006
217038
217054
217060
217066
217072
217075
217093
217104
217128
217134
217143
217154
217162
217168
217177
217184
217202
217205
217213
217218
217228
217228
217260
217272
217281
217285
217288
217297
217306
217308
217318
217328
217360
217361
217387
217390
217396
217401
217421
217425
217442
217476
217483
217497
217502
217535
217536
217537
217538
217561
217574
217577
217578
217579
217585
217586
217588
217602
217609
217609
217620
217638
217640
217673
217675
217694
217696
217699
217718
217722
217736
217738
217740
217744
217749
217766
217770
217774
217782
217796
217796
217806
217812
217837
217838
217838
217868
217873
217877
217879
217889
217896
217923
217923
217928
217939
217950
217969
217972
217982
217984
217988
218013
218015
218016
218019
218027
218037
218040
218041
218084
218098
218106
218109
218110
218135
218148
218177
218184
218186
218191
218206
218207
218238
218247
218255
218261
218278
218284
218288
218303
218311
218313
218319
218324
218340
218350
218382
218392
218394
218406
218430
218435
218451
218454
218468
218489
218498
218503
218511
218513
218520
218525
218548
218549
218555
218581
218591
218593
218596
218596
218601
218612
218615
218616
218620
218622
218628
218630
218654
218664
218671
218700
218700
218705
218723
218743
218753
218755
218768
218786
218793
218794
218795
218809
218830
218835
218836
218838
218849
218850
218850
218880
218882
218908
218925
218936
218959
218969
218971
218985
218986
219021
219033
219039
219066
219074
219118
219137
219151
219152
219162
219165
219165
219201
219204
219228
219238
219239
219243
219248
219283
219283
219291
219293
219308
219314
219318
219320
219324
219343
219344
219348
219375
219390
219395
219407
219427
219430
219451
219453
219460
219476
219481
219496
219503
219504
219518
219532
219535
219576
219593
219612
219618
219621
219624
219629
219634
219634
219638
219658
219659
219668
219678
219691
219695
219699
219717
219747
219752
219758
219773
219798
219802
219810
219817
219821
219844
219852
219856
219857
219863
219870
219887
219910
219916
219930
219939
219940
219951
219953
219956
219962
219964
219965
220005
220022
220031
220052
220068
220078
220085
220100
220115
220135
220168
220199
220203
220210
220224
220229
220231
220232
220253
220258
220265
220274
220276
220293
220296
220302
220319
220332
220347
220351
220353
220361
220362
220363
220371
220381
220390
220397
220407
220412
220414
220420
220434
220468
220477
220492
220503
220522
220524
220548
220549
220551
220553
220563
220598
220609
220613
220621
220639
220639
220639
220650
220655
220685
220701
220702
220723
220748
220755
220758
220766
220793
220801
220804
220815
220830
220839
220844
220845
220846
220857
220875
220876
220902
220903
220911
220918
220921
220923
220923
220930
220933
220938
220939
220942
220974
220986
221020
221039
221057
221060
221065
221094
221100
221105
221116
221127
221130
221143
221154
221162
221164
221174
221201
221202
221213
221221
221225
221242
221247
221289
221303
221339
221340
221361
221378
221402
221406
221412
221436
221440
221447
221450
221460
221468
221470
221471
221473
221494
221496
221500
221508
221560
221574
221592
221622
221628
221638
221649
221651
221665
221670
221680
221683
221712
221719
221728
221731
221763
221765
221802
221819
221829
221834
221835
221868
221869
221870
221883
221901
221901
221905
221910
221922
221933
221940
221942
221952
221952
221959
221962
221966
221975
221982
221984
221989
222011
222012
222013
222026
222033
222046
222060
222064
222071
222090
222095
222095
222096
222105
222114
222137
222141
222147
222148
222153
222156
222163
222170
222206
222209
222230
222231
222238
222248
222251
222259
222277
222278
222285
222289
222291
222296
222297
222315
222324
222333
222363
222364
222382
222386
222390
222390
222395
222411
222435
222438
222454
222475
222483
222492
222493
222499
222515
222517
222530
222533
222543
222549
222549
222555
222557
222573
222584
222585
222587
222598
222601
222605
222606
222609
222619
222647
222652
222653
222668
222676
222689
222697
222697
222703
222728
222730
222732
222734
222735
222736
222737
222739
222751
222751
222784
222791
222811
222814
222829
222831
222876
222935
222938
222941
222951
222952
222985
222986
222988
223009
223012
223027
223030
223047
223048
223049
223063
223063
223064
223075
223084
223088
223089
223092
223097
223113
223114
223115
223134
223152
223169
223174
223189
223190
223194
223202
223205
223209
223212
223214
223224
223224
223229
223255
223259
223264
223279
223284
223288
223292
223300
223318
223329
223338
223345
223348
223349
223351
223356
223375
223395
223404
223408
223413
223414
223419
223427
223429
223438
223456
223457
223479
223485
223487
223487
223501
223517
223517
223544
223547
223557
223597
223597
223625
223625
223638
223638
223643
223657
223662
223664
223672
223691
223696
223698
223704
223713
223726
223729
223730
223759
223787
223788
223804
223807
223812
223820
223821
223826
223841
223866
223868
223887
223893
223911
223914
223918
223930
223937
223942
223943
223952
223958
223971
223992
223994
224015
224017
224018
224027
224029
224035
224044
224051
224052
224063
224068
224070
224070
224080
224111
224114
224164
224198
224206
224233
224233
224246
224261
224268
224288
224299
224307
224309
224313
224324
224361
224382
224385
224398
224400
224403
224418
224420
224422
224431
224455
224460
224461
224473
224486
224506
224511
224515
224529
224532
224539
224546
224553
224558
224563
224575
224581
224593
224603
224607
224619
224620
224637
224643
224646
224648
224651
224657
224659
224670
224671
224680
224693
224694
224699
224702
224703
224706
224710
224716
224734
224758
224758
224762
224764
224766
224779
224805
224826
224844
224844
224856
224859
224867
224876
224878
224902
224916
224938
224958
224978
224996
225017
225018
225027
225030
225035
225053
225069
225076
225086
225097
225099
225100
225108
225125
225127
225135
225161
225172
225181
225184
225200
225228
225229
225254
225262
225263
225263
225267
225280
225281
225291
225313
225358
225371
225392
225399
225407
225426
225444
225452
225459
225466
225469
225471
225475
225478
225489
225494
225498
225499
225503
225506
225516
225532
225538
225544
225551
225553
225565
225574
225578
225580
225614
225628
225642
225658
225659
225663
225666
225680
225681
225683
225689
225689
225724
225738
225753
225762
225764
225765
225782
225785
225788
225816
225819
225836
225852
225865
225891
225901
225917
225918
225935
225948
225949
225974
225986
225994
225997
226004
226006
226008
226020
226051
226056
226082
226085
226101
226104
226115
226116
226129
226135
226140
226143
226147
226151
226158
226166
226178
226198
226203
226211
226218
226224
226226
226250
226252
226254
226266
226266
226269
226272
226275
226291
226304
226324
226325
226348
226349
226356
226363
226366
226369
226381
226398
226399
226407
226410
226411
226420
226430
226432
226433
226442
226466
226472
226472
226479
226482
226495
226514
226525
226533
226555
226561
226572
226579
226583
226592
226605
226631
226641
226649
226658
226670
226675
226680
226691
226696
226707
226722
226734
226735
226753
226761
226761
226762
226762
226775
226778
226779
226801
226813
226818
226826
226827
226838
226867
226878
226893
226901
226909
226933
226953
226956
226974
226998
227009
227020
227041
227046
227074
227085
227093
227093
227134
227143
227144
227145
227148
227152
227153
227170
227174
227174
227189
227200
227223
227234
227241
227246
227260
227280
227280
227290
227293
227304
227308
227314
227327
227365
227382
227388
227389
227393
227400
227421
227433
227436
227438
227444
227444
227448
227458
227463
227467
227474
227481
227491
227497
227505
227508
227513
227524
227526
227526
227530
227538
227558
227562
227568
227569
227576
227579
227579
227588
227591
227602
227624
227642
227652
227653
227657
227662
227675
227678
227737
227746
227760
227763
227772
227775
227783
227784
227793
227795
227796
227796
227808
227811
227834
227835
227845
227854
227858
227859
227885
227899
227908
227920
227932
227945
227946
227947
227948
227955
227962
227995
227995
227997
227999
228020
228024
228042
228062
228063
228076
228100
228101
228102
228102
228125
228152
228165
228170
228184
228201
228213
228228
228229
228232
228240
228259
228264
228272
228274
228294
228299
228301
228302
228304
228328
228335
228345
228350
228352
228357
228358
228362
228372
228408
228422
228426
228433
228451
228455
228455
228457
228461
228463
228471
228476
228545
228546
228559
228564
228578
228578
228584
228588
228590
228605
228610
228613
228623
228625
228649
228663
228664
228665
228678
228693
228699
228701
228708
228711
228716
228718
228727
228760
228780
228784
228787
228787
228798
228817
228829
228845
228856
228860
228868
228868
228877
228880
228884
228890
228890
228902
228911
228922
228923
228927
228939
228946
228951
228975
228983
228985
228993
229023
229028
229052
229052
229079
229081
229090
229106
229118
229124
229124
229128
229137
229139
229149
229158
229158
229159
229163
229167
229212
229213
229220
229235
229237
229238
229244
229263
229264
229271
229302
229305
229343
229385
229394
229397
229398
229452
229455
229457
229465
229473
229499
229502
229507
229518
229519
229525
229541
229547
229548
229574
229591
229591
229603
229607
229611
229628
229641
229658
229671
229686
229687
229691
229705
229715
229741
229753
229759
229760
229761
229768
229769
229771
229777
229794
229796
229798
229800
229801
229803
229806
229819
229821
229825
229828
229836
229859
229872
229897
229911
229919
229940
229941
229945
229953
229961
229988
229991
229993
229994
230001
230009
230012
230018
230050
230053
230061
230065
230074
230078
230092
230105
230108
230122
230143
230149
230159
230175
230184
230195
230202
230214
230228
230240
230244
230250
230256
230266
230269
230293
230297
230302
230314
230320
230344
230345
230353
230359
230361
230366
230367
230370
230372
230387
230398
230411
230427
230439
230460
230478
230488
230492
230492
230495
230503
230509
230518
230521
230532
230532
230534
230545
230551
230556
230566
230570
230591
230595
230599
230605
230611
230613
230626
230633
230643
230645
230649
230659
230660
230666
230671
230679
230680
230681
230689
230700
230712
230713
230716
230717
230754
230761
230763
230818
230818
230820
230825
230832
230838
230855
230875
230891
230893
230908
230916
230940
230986
230987
230991
230994
231015
231027
231047
231072
231074
231077
231079
231079
231079
231079
231087
231092
231098
231102
231106
231109
231124
231125
231131
231134
231142
231146
231170
231181
231184
231185
231196
231204
231209
231210
231243
231279
231279
231280
231285
231285
231285
231319
231326
231341
231350
231355
231359
231361
231373
231384
231430
231432
231438
231438
231445
231481
231490
231492
231503
231506
231517
231517
231524
231527
231528
231529
231533
231542
231549
231555
231601
231630
231632
231633
231635
231637
231638
231679
231687
231700
231709
231756
231779
231841
231845
231866
231867
231883
231885
231885
231894
231896
231916
231917
231924
231928
231930
231930
231945
231952
231997
232010
232012
232020
232029
232032
232041
232059
232062
232075
232076
232082
232117
232152
232180
232200
232203
232204
232224
232229
232249
232267
232300
232315
232316
232319
232322
232329
232359
232373
232381
232398
232404
232424
232427
232432
232450
232454
232459
232465
232473
232482
232483
232487
232500
232501
232512
232516
232562
232568
232587
232609
232616
232624
232624
232632
232656
232672
232681
232686
232688
232698
232699
232702
232711
232748
232748
232749
232764
232786
232789
232802
232806
232828
232830
232840
232847
232851
232863
232864
232896
232900
232932
232939
232939
232944
232952
232953
232958
232969
232971
232983
232986
233028
233029
233081
233093
233098
233114
233132
233134
233134
233139
233146
233149
233152
233154
233155
233171
233174
233205
233211
233251
233270
233286
233289
233289
233293
233302
233306
233313
233336
233340
233343
233350
233352
233371
233377
233381
233387
233392
233401
233407
233435
233438
233440
233443
233465
233466
233469
233471
233494
233494
233499
233501
233505
233508
233530
233543
233549
233566
233574
233579
233587
233594
233599
233608
233639
233643
233678
233694
233708
233729
233732
233735
233737
233744
233774
233776
233807
233808
233823
233851
233859
233860
233903
233919
233920
233972
233991
233993
234007
234007
234012
234013
234028
234033
234039
234048
234053
234065
234082
234106
234116
234119
234122
234126
234161
234175
234182
234199
234210
234211
234235
234265
234277
234279
234293
234295
234328
234328
234331
234335
234348
234348
234352
234369
234416
234421
234421
234422
234432
234433
234475
234480
234481
234486
234499
234500
234504
234526
234534
234552
234554
234554
234555
234559
234573
234573
234587
234591
234592
234602
234606
234622
234629
234635
234643
234656
234658
234668
234671
234677
234680
234681
234697
234698
234699
234753
234801
234802
234806
234808
234827
234834
234835
234840
234866
234867
234872
234882
234887
234906
234929
234934
234936
234965
234980
235001
235005
235006
235024
235037
235048
235056
235067
235071
235080
235093
235097
235109
235115
235119
235144
235166
235167
235170
235173
235188
235189
235199
235209
235217
235217
235219
235238
235242
235245
235255
235279
235303
235317
235334
235361
235367
235368
235398
235403
235450
235452
235490
235495
235500
235515
235522
235550
235553
235554
235558
235565
235576
235605
235621
235628
235628
235632
235640
235644
235698
235700
235706
235708
235714
235715
235718
235728
235730
235752
235755
235755
235757
235763
235796
235803
235826
235842
235853
235862
235873
235879
235880
235890
235891
235898
235904
235906
235912
235913
235915
235919
235920
235927
235935
235943
235958
235963
235965
235973
236002
236008
236041
236042
236043
236053
236072
236076
236076
236088
236089
236091
236103
236111
236130
236146
236147
236158
236159
236173
236175
236219
236261
236262
236271
236284
236304
236343
236345
236346
236348
236348
236351
236357
236363
236376
236386
236397
236409
236416
236420
236427
236449
236457
236462
236476
236500
236502
236509
236512
236526
236530
236539
236549
236549
236560
236572
236579
236588
236605
236627
236629
236638
236667
236680
236684
236697
236722
236731
236737
236747
236756
236757
236775
236776
236778
236787
236792
236802
236809
236812
236814
236833
236863
236865
236873
236878
236886
236897
236916
236922
236926
236930
236941
236954
236957
236959
236983
236991
236996
237000
237006
237016
237048
237053
237072
237095
237105
237109
237113
237130
237175
237176
237183
237192
237192
237198
237206
237241
237261
237268
237270
237272
237289
237299
237332
237334
237346
237349
237351
237354
237355
237355
237367
237373
237377
237408
237411
237413
237420
237425
237430
237435
237460
237466
237471
237475
237478
237482
237486
237503
237521
237523
237527
237529
237536
237556
237558
237559
237586
237607
237612
237614
237622
237634
237639
237646
237658
237668
237685
237686
237739
237748
237753
237769
237794
237797
237797
237803
237804
237806
237846
237846
237854
237861
237862
237891
237894
237894
237894
237915
237917
237934
237935
237974
237984
237986
237986
237990
238008
238012
238014
238024
238038
238068
238069
238082
238083
238084
238087
238094
238099
238103
238104
238109
238115
238135
238142
238163
238180
238181
238183
238190
238191
238197
238203
238212
238225
238232
238243
238260
238261
238265
238273
238285
238292
238322
238324
238337
238345
238347
238350
238352
238365
238374
238378
238392
238401
238407
238427
238428
238440
238441
238458
238482
238489
238491
238491
238500
238505
238507
238528
238531
238538
238538
238541
238542
238554
238565
238568
238574
238574
238583
238587
238588
238590
238619
238622
238631
238641
238658
238660
238665
238674
238678
238679
238689
238691
238697
238707
238714
238722
238728
238762
238765
238765
238769
238770
238775
238783
238784
238793
238796
238799
238814
238823
238828
238842
238844
238849
238856
238896
238899
238905
238911
238921
238924
238927
238938
238941
238965
238967
238971
238974
238984
238985
238989
238993
238995
239011
239020
239022
239030
239030
239046
239050
239061
239073
239078
239088
239117
239120
239136
239162
239180
239181
239182
239187
239194
239207
239209
239234
239246
239248
239249
239298
239306
239313
239316
239316
239316
239331
239332
239345
239346
239364
239365
239377
239382
239399
239403
239407
239415
239426
239441
239446
239459
239471
239480
239511
239513
239515
239515
239521
239538
239550
239550
239575
239601
239604
239629
239630
239634
239654
239659
239677
239688
239689
239701
239703
239715
239724
239727
239728
239732
239740
239745
239759
239760
239777
239840
239847
239880
239889
239898
239898
239909
239919
239925
239927
239927
239938
239989
239995
239995
240006
240009
240061
240071
240072
240086
240110
240115
240119
240122
240125
240162
240167
240168
240169
240180
240190
240197
240203
240213
240222
240263
240272
240284
240297
240307
240309
240360
240367
240385
240405
240410
240419
240429
240445
240451
240484
240485
240488
240493
240495
240501
240505
240518
240522
240538
240570
240573
240597
240613
240616
240620
240624
240640
240653
240654
240662
240663
240663
240665
240685
240688
240694
240694
240695
240712
240727
240738
240741
240753
240756
240774
240801
240805
240833
240849
240861
240861
240870
240870
240875
240901
240930
240943
240954
240957
240958
240968
240969
240971
240986
241009
241022
241044
241046
241051
241053
241085
241105
241111
241121
241126
241128
241131
241152
241159
241172
241175
241193
241201
241202
241216
241228
241236
241255
241255
241259
241283
241308
241328
241340
241349
241350
241363
241376
241445
241457
241473
241486
241496
241512
241513
241519
241529
241532
241550
241570
241588
241603
241610
241610
241621
241644
241651
241653
241661
241662
241667
241670
241710
241718
241719
241726
241735
241741
241761
241761
241766
241768
241768
241784
241791
241801
241829
241836
241845
241878
241880
241880
241943
241945
241963
241974
241980
242006
242029
242048
242049
242055
242081
242083
242091
242098
242107
242114
242124
242138
242142
242148
242150
242159
242166
242179
242182
242190
242193
242208
242222
242222
242223
242227
242229
242233
242241
242250
242257
242266
242275
242295
242297
242306
242361
242370
242373
242376
242378
242378
242378
242395
242414
242419
242421
242433
242452
242523
242530
242551
242559
242567
242586
242607
242614
242622
242636
242651
242657
242669
242688
242691
242703
242709
242709
242711
242717
242726
242727
242740
242742
242744
242757
242764
242765
242783
242785
242814
242822
242824
242829
242830
242831
242836
242837
242853
242873
242873
242876
242885
242891
242895
242896
242905
242914
242935
242936
242936
242939
242940
242965
242986
242991
242992
243002
243012
243013
243016
243023
243042
243042
243055
243059
243070
243070
243072
243090
243090
243093
243104
243104
243110
243113
243140
243159
243159
243166
243181
243194
243200
243232
243244
243246
243252
243255
243265
243274
243278
243288
243309
243325
243329
243336
243340
243342
243348
243353
243360
243374
243375
243382
243385
243402
243408
243437
243439
243448
243449
243475
243475
243489
243489
243504
243547
243548
243570
243583
243583
243589
243602
243606
243620
243623
243626
243652
243657
243674
243681
243684
243695
243697
243699
243709
243717
243739
243754
243758
243772
243793
243794
243802
243805
243815
243841
243846
243856
243869
243877
243881
243882
243885
243889
243895
243897
243900
243900
243914
243915
243918
243924
243924
243931
243949
243961
243962
243964
243964
243970
243977
243980
243993
243996
244026
244035
244048
244051
244073
244076
244088
244089
244096
244097
244109
244155
244162
244163
244172
244196
244222
244247
244272
244274
244277
244278
244279
244282
244285
244289
244302
244312
244314
244320
244327
244327
244339
244340
244355
244385
244388
244422
244422
244425
244438
244458
244469
244475
244479
244484
244497
244497
244497
244503
244506
244517
244524
244531
244535
244544
244549
244581
244587
244606
244608
244613
244614
244626
244638
244651
244667
244681
244701
244712
244739
244751
244755
244787
244797
244841
244849
244877
244886
244887
244887
244917
244921
244936
244946
244948
244950
244958
244961
244962
244963
244968
244975
244981
244983
244988
245005
245006
245029
245029
245031
245044
245046
245062
245066
245070
245080
245092
245097
245105
245119
245120
245162
245162
245169
245172
245172
245195
245224
245230
245237
245242
245250
245256
245260
245266
245270
245271
245307
245308
245310
245321
245333
245340
245364
245366
245373
245376
245378
245381
245390
245395
245402
245413
245414
245418
245432
245448
245460
245465
245469
245474
245496
245504
245518
245520
245547
245553
245561
245563
245596
245607
245632
245639
245649
245650
245686
245698
245710
245712
245735
245739
245742
245752
245755
245759
245778
245808
245865
245873
245874
245875
245882
245886
245894
245910
245910
245923
245966
245972
245978
245980
245980
245999
246007
246024
246025
246049
246054
246075
246082
246085
246085
246090
246092
246109
246131
246133
246135
246144
246148
246157
246158
246158
246172
246175
246199
246200
246208
246214
246226
246254
246261
246289
246291
246294
246296
246320
246332
246333
246341
246357
246365
246374
246378
246379
246387
246420
246432
246451
246463
246463
246470
246473
246490
246495
246496
246509
246521
246524
246535
246535
246535
246536
246537
246540
246547
246550
246563
246607
246612
246618
246625
246632
246659
246662
246665
246673
246673
246684
246685
246693
246704
246714
246721
246722
246732
246743
246746
246766
246771
246799
246815
246841
246850
246851
246856
246866
246900
246904
246911
246915
246919
246925
246928
246933
246943
246953
246965
246978
246999
247000
247006
247008
247025
247040
247056
247061
247084
247102
247111
247111
247119
247129
247130
247136
247136
247138
247153
247168
247173
247174
247184
247188
247193
247200
247210
247211
247226
247231
247232
247239
247243
247245
247249
247255
247267
247311
247315
247326
247329
247337
247350
247359
247380
247380
247386
247387
247393
247394
247399
247408
247421
247424
247442
247481
247484
247491
247518
247520
247526
247527
247530
247545
247545
247586
247590
247591
247596
247598
247606
247612
247613
247613
247622
247640
247651
247684
247701
247704
247721
247727
247730
247741
247750
247750
247753
247753
247755
247761
247777
247785
247810
247811
247814
247821
247830
247834
247844
247853
247863
247866
247872
247889
247900
247903
247907
247908
247916
247928
247951
247960
247966
247966
248002
248005
248024
248024
248032
248041
248055
248091
248104
248122
248125
248135
248142
248174
248178
248194
248207
248212
248221
248227
248229
248229
248232
248235
248239
248244
248255
248265
248287
248290
248291
248292
248304
248325
248327
248334
248337
248342
248382
248383
248389
248403
248421
248436
248442
248442
248456
248459
248462
248507
248529
248553
248556
248561
248569
248577
248588
248611
248628
248629
248639
248639
248645
248659
248687
248690
248694
248717
248729
248743
248749
248753
248765
248770
248793
248795
248796
248798
248805
248809
248809
248817
248817
248819
248821
248825
248829
248845
248866
248869
248887
248893
248916
248924
248931
248938
248939
248940
248949
248950
248959
248959
248971
248981
248984
249016
249021
249041
249057
249057
249070
249076
249087
249095
249101
249113
249115
249120
249125
249157
249161
249190
249200
249202
249205
249205
249220
249240
249250
249269
249291
249293
249295
249297
249297
249300
249302
249303
249307
249317
249324
249332
249337
249340
249348
249350
249351
249353
249360
249378
249387
249396
249416
249418
249419
249426
249436
249437
249442
249453
249524
249532
249538
249543
249546
249564
249577
249590
249597
249609
249611
249618
249623
249639
249671
249677
249677
249701
249704
249732
249776
249778
249778
249781
249806
249829
249836
249837
249840
249846
249847
249850
249853
249858
249872
249877
249880
249884
249891
249894
249896
249903
249907
249909
249915
249923
249937
249942
249947
249947
249986
250003
250009
250013
250021
250033
250034
250041
250046
250067
250068
250071
250078
250089
250095
250098
250100
250103
250103
250105
250108
250113
250123
250133
250171
250174
250176
250189
250211
250213
250220
250222
250229
250234
250243
250250
250264
250271
250278
250282
250291
250298
250303
250307
250308
250312
250330
250341
250352
250357
250385
250388
250411
250416
250428
250452
250460
250467
250513
250518
250521
250537
250541
250541
250542
250547
250552
250581
250596
250599
250603
250604
250631
250639
250653
250654
250688
250692
250695
250696
250697
250712
250737
250743
250796
250803
250810
250812
250818
250818
250826
250839
250904
250907
250914
250918
250952
250953
250956
250974
250993
251004
251005
251018
251020
251030
251050
251055
251058
251069
251082
251094
251098
251101
251108
251109
251113
251143
251145
251151
251171
251206
251211
251217
251218
251222
251224
251229
251244
251270
251301
251303
251308
251321
251322
251322
251328
251344
251346
251364
251366
251372
251373
251374
251377
251379
251386
251390
251393
251396
251404
251406
251410
251421
251431
251441
251459
251464
251467
251467
251474
251484
251489
251491
251506
251508
251544
251558
251565
251568
251577
251580
251614
251616
251617
251617
251619
251629
251660
251668
251674
251703
251705
251712
251723
251746
251757
251759
251765
251765
251768
251772
251797
251808
251818
251851
251853
251857
251862
251870
251878
251885
251887
251891
251892
251903
251905
251912
251924
251924
251926
251933
251942
251945
251954
251962
251967
251968
251974
251984
251995
252010
252010
252011
252041
252057
252074
252091
252129
252146
252147
252161
252172
252197
252198
252199
252216
252222
252226
252266
252281
252282
252306
252308
252316
252322
252325
252338
252343
252351
252356
252368
252384
252406
252419
252440
252458
252462
252463
252474
252491
252512
252538
252544
252551
252557
252566
252569
252571
252572
252585
252587
252587
252588
252590
252594
252623
252642
252653
252655
252657
252682
252707
252713
252725
252730
252739
252742
252751
252752
252753
252769
252769
252787
252790
252800
252817
252826
252827
252834
252836
252871
252879
252882
252909
252936
252980
253001
253002
253014
253021
253030
253033
253042
253110
253115
253118
253118
253122
253130
253138
253146
253148
253155
253157
253160
253161
253166
253178
253181
253191
253205
253208
253220
253257
253258
253259
253260
253279
253279
253281
253322
253325
253326
253328
253333
253334
253335
253339
253362
253374
253378
253385
253402
253405
253407
253411
253413
253414
253440
253451
253463
253479
253482
253484
253492
253508
253537
253545
253575
253577
253579
253581
253583
253599
253607
253610
253622
253631
253640
253644
253685
253686
253687
253699
253699
253704
253711
253715
253727
253729
253731
253737
253738
253739
253750
253759
253769
253808
253816
253823
253824
253834
253838
253841
253862
253873
253885
253889
253893
253915
253920
253922
253927
253955
253960
253968
253984
254018
254019
254025
254033
254035
254056
254060
254065
254081
254088
254100
254102
254103
254103
254105
254124
254130
254162
254166
254171
254175
254175
254178
254193
254199
254206
254229
254237
254246
254251
254255
254262
254272
254278
254290
254296
254309
254320
254334
254335
254345
254359
254370
254376
254382
254388
254397
254409
254416
254426
254426
254429
254450
254462
254492
254501
254503
254519
254527
254538
254540
254541
254544
254545
254546
254555
254566
254569
254579
254587
254593
254607
254616
254623
254635
254670
254670
254685
254693
254696
254702
254713
254713
254717
254721
254725
254751
254761
254769
254790
254798
254799
254814
254828
254830
254843
254876
254880
254902
254907
254911
254912
254912
254933
254939
254948
254952
254955
254957
254963
254963
254975
254980
254981
254991
254992
255002
255031
255055
255064
255067
255073
255075
255093
255108
255125
255170
255174
255187
255194
255195
255206
255212
255238
255249
255268
255272
255298
255299
255300
255305
255315
255321
255367
255374
255381
255400
255425
255463
255465
255474
255480
255485
255501
255513
255516
255544
255545
255556
255560
255585
255589
255593
255604
255605
255606
255615
255617
255634
255642
255649
255657
255670
255674
255688
255703
255706
255706
255715
255720
255720
255725
255738
255741
255742
255745
255752
255760
255778
255781
255781
255799
255800
255801
255812
255815
255820
255823
255834
255871
255873
255889
255890
255894
255910
255911
255914
255930
255935
255939
255946
255955
255996
256003
256017
256020
256021
256036
256041
256063
256070
256072
256073
256083
256097
256125
256137
256139
256146
256160
256160
256185
256188
256192
256219
256223
256239
256251
256255
256257
256257
256258
256271
256276
256281
256291
256306
256313
256321
256325
256326
256326
256342
256342
256345
256348
256364
256372
256378
256399
256409
256416
256458
256463
256494
256496
256506
256508
256514
256516
256525
256527
256527
256574
256574
256579
256584
256587
256596
256599
256603
256614
256624
256636
256675
256682
256696
256702
256727
256730
256744
256760
256782
256792
256825
256828
256835
256837
256842
256850
256855
256873
256874
256881
256896
256903
256910
256914
256916
256938
256941
256954
256956
256977
256985
256997
257024
257028
257035
257042
257045
257057
257087
257097
257114
257116
257123
257123
257159
257182
257182
257209
257232
257274
257289
257296
257302
257371
257373
257374
257376
257379
257389
257397
257404
257404
257407
257421
257438
257440
257475
257490
257512
257522
257525
257540
257547
257553
257563
257573
257576
257579
257594
257626
257631
257641
257642
257654
257668
257670
257671
257680
257695
257699
257700
257701
257737
257749
257751
257756
257788
257792
257797
257798
257799
257810
257821
257831
257833
257838
257843
257849
257867
257904
257907
257932
257933
257952
257963
257968
257993
258010
258010
258012
258043
258048
258067
258073
258078
258103
258118
258120
258121
258134
258144
258152
258153
258153
258153
258165
258175
258192
258198
258222
258222
258230
258233
258237
258259
258282
258294
258311
258322
258342
258350
258354
258362
258388
258394
258395
258416
258418
258419
258432
258439
258441
258471
258473
258475
258490
258510
258531
258549
258555
258565
258577
258584
258585
258589
258592
258597
258600
258648
258660
258668
258672
258675
258677
258688
258693
258712
258730
258736
258755
258758
258771
258787
258799
258802
258806
258829
258852
258870
258916
258926
258956
258957
258974
258979
258992
258998
259000
259028
259046
259049
259050
259062
259068
259097
259104
259105
259116
259127
259140
259157
259187
259199
259202
259209
259213
259233
259251
259254
259255
259284
259299
259304
259316
259328
259329
259330
259366
259384
259397
259407
259420
259420
259428
259430
259440
259441
259454
259463
259474
259482
259486
259490
259493
259498
259499
259501
259509
259513
259513
259523
259528
259533
259539
259553
259559
259565
259572
259600
259609
259615
259618
259630
259651
259658
259691
259697
259700
259703
259740
259742
259762
259779
259786
259803
259811
259825
259829
259844
259846
259851
259851
259853
259866
259872
259874
259881
259897
259902
259934
259934
259938
259958
259959
259962
259963
259978
260001
260014
260014
260016
260018
260058
260067
260068
260071
260076
260079
260120
260126
260151
260161
260185
260185
260190
260193
260218
260219
260233
260236
260248
260259
260260
260266
260280
260286
260305
260311
260321
260325
260348
260352
260360
260385
260393
260405
260412
260414
260425
260441
260448
260450
260450
260471
260473
260493
260503
260537
260559
260572
260590
260621
260622
260623
260628
260635
260650
260659
260659
260663
260665
260677
260687
260705
260711
260712
260732
260734
260735
260748
260802
260819
260821
260833
260835
260838
260850
260851
260853
260880
260882
260886
260896
260896
260901
260907
260909
260915
260941
260946
260957
260967
260993
260997
261000
261001
261037
261038
261042
261042
261048
261050
261060
261060
261066
261077
261084
261098
261100
261101
261111
261116
261127
261171
261181
261185
261188
261199
261209
261221
261226
261231
261239
261253
261259
261263
261283
261295
261305
261305
261315
261321
261321
261336
261337
261342
261351
261352
261361
261375
261376
261377
261385
261385
261396
261422
261428
261433
261436
261441
261450
261470
261490
261506
261506
261519
261522
261528
261581
261591
261601
261612
261614
261625
261631
261651
261652
261656
261666
261675
261704
261708
261760
261760
261793
261803
261804
261815
261816
261824
261829
261834
261838
261841
261842
261891
261892
261909
261928
261930
261932
261957
261960
261968
261968
261973
261981
261989
262000
262017
262027
262044
262046
262047
262053
262060
262083
262095
262096
262105
262127
262132
262140
262154
262158
262162
262175
262180
262188
262204
262210
262228
262246
262249
262260
262261
262263
262273
262274
262283
262299
262326
262332
262334
262336
262338
262348
262354
262356
262362
262365
262371
262376
262376
262381
262388
262395
262398
262439
262443
262455
262467
262486
262490
262502
262545
262545
262550
262556
262562
262578
262579
262584
262595
262603
262611
262614
262627
262643
262649
262653
262660
262698
262701
262708
262711
262715
262719
262722
262723
262760
262762
262818
262846
262846
262846
262864
262875
262878
262884
262887
262926
262930
262939
262946
262951
262954
262954
262967
262979
262984
262998
263028
263037
263044
263055
263063
263067
263068
263070
263075
263088
263090
263126
263130
263135
263149
263160
263163
263178
263195
263197
263202
263203
263234
263243
263243
263258
263259
263265
263266
263270
263272
263283
263287
263310
263313
263321
263342
263382
263385
263385
263403
263404
263411
263423
263440
263456
263456
263456
263460
263461
263462
263472
263485
263489
263492
263497
263500
263500
263509
263523
263523
263526
263548
263569
263587
263591
263598
263610
263614
263615
263635
263640
263646
263648
263654
263655
263658
263659
263659
263668
263677
263690
263760
263829
263837
263842
263850
263862
263866
263881
263885
263901
263902
263931
263931
263947
263971
263972
263994
264001
264013
264017
264018
264030
264039
264049
264055
264062
264069
264069
264103
264126
264142
264143
264168
264172
264180
264193
264201
264209
264213
264227
264232
264237
264240
264275
264281
264293
264294
264303
264310
264311
264323
264349
264350
264351
264363
264367
264394
264412
264418
264420
264426
264429
264443
264449
264463
264469
264484
264492
264496
264507
264510
264512
264517
264526
264551
264569
264583
264599
264656
264671
264683
264699
264737
264744
264748
264764
264771
264780
264802
264802
264811
264820
264833
264840
264858
264867
264882
264890
264905
264909
264910
264945
264954
264957
264962
264971
264978
264981
264986
264990
264998
265042
265046
265047
265062
265073
265079
265087
265102
265105
265126
265168
265169
265177
265178
265194
265198
265211
265214
265228
265246
265254
265255
265264
265264
265266
265278
265283
265304
265341
265346
265353
265358
265373
265374
265394
265395
265400
265401
265406
265437
265446
265453
265506
265515
265529
265530
265558
265561
265581
265591
265621
265624
265625
265640
265711
265720
265734
265784
265826
265829
265852
265869
265870
265871
265883
265898
265923
265930
265933
265937
265951
265972
265996
266002
266011
266016
266026
266027
266027
266044
266070
266070
266071
266084
266089
266107
266118
266140
266143
266150
266169
266177
266187
266198
266203
266203
266216
266221
266236
266242
266262
266299
266308
266329
266341
266367
266369
266370
266382
266387
266397
266399
266403
266406
266429
266439
266445
266474
266482
266486
266497
266505
266511
266515
266537
266545
266552
266561
266570
266579
266588
266613
266620
266630
266631
266638
266644
266654
266659
266689
266692
266713
266721
266721
266722
266730
266732
266738
266742
266751
266752
266752
266768
266775
266788
266793
266799
266822
266830
266850
266854
266863
266908
266931
266934
266934
266934
266938
266948
266950
266950
266954
266967
266971
266972
266991
267004
267020
267035
267061
267066
267073
267079
267100
267104
267107
267107
267109
267116
267120
267131
267134
267137
267138
267143
267146
267161
267166
267170
267186
267209
267209
267255
267257
267263
267276
267283
267289
267293
267302
267308
267325
267329
267340
267355
267356
267356
267368
267381
267404
267405
267432
267437
267438
267473
267474
267481
267500
267500
267503
267504
267504
267514
267515
267517
267517
267518
267521
267528
267529
267537
267537
267567
267576
267588
267590
267608
267611
267626
267635
267635
267639
267644
267649
267665
267700
267707
267710
267722
267727
267734
267768
267781
267795
267795
267796
267802
267820
267831
267839
267840
267850
267865
267869
267876
267938
267944
267970
267982
267982
267988
267998
267999
268003
268006
268017
268022
268024
268026
268028
268041
268046
268065
268078
268105
268106
268121
268125
268127
268133
268139
268150
268155
268159
268175
268188
268192
268192
268192
268192
268199
268206
268234
268253
268272
268278
268294
268299
268310
268310
268324
268326
268329
268343
268343
268349
268356
268360
268362
268366
268372
268382
268392
268402
268412
268426
268432
268438
268450
268455
268459
268472
268475
268492
268496
268499
268506
268521
268527
268529
268535
268538
268545
268558
268571
268574
268592
268605
268614
268615
268622
268641
268660
268660
268671
268684
268698
268720
268746
268748
268750
268781
268793
268800
268816
268829
268831
268854
268870
268874
268884
268890
268890
268897
268901
268911
268917
268974
268982
268992
268994
269003
269005
269010
269014
269023
269038
269041
269066
269070
269090
269090
269101
269110
269119
269137
269168
269193
269196
269196
269207
269218
269220
269225
269230
269235
269249
269262
269262
269281
269281
269283
269297
269306
269312
269324
269329
269334
269336
269350
269357
269363
269367
269373
269377
269380
269384
269410
269427
269428
269437
269450
269488
269496
269504
269512
269521
269524
269544
269553
269593
269602
269603
269604
269616
269635
269638
269648
269656
269656
269671
269673
269687
269716
269721
269725
269729
269730
269765
269780
269781
269792
269803
269810
269826
269829
269840
269845
269870
269886
269896
269900
269926
269933
269942
269946
269991
269996
269997
270001
270001
270003
270004
270006
270009
270013
270020
270021
270023
270042
270053
270055
270077
270077
270078
270089
270096
270117
270123
270130
270130
270133
270136
270146
270188
270196
270198
270199
270210
270218
270226
270244
270247
270263
270281
270282
270315
270354
270380
270384
270402
270403
270411
270423
270429
270432
270440
270446
270452
270457
270465
270467
270484
270485
270486
270521
270534
270548
270556
270585
270594
270594
270603
270608
270614
270617
270623
270625
270627
270628
270631
270657
270660
270665
270666
270666
270674
270720
270725
270740
270741
270745
270747
270751
270777
270789
270795
270809
270836
270842
270846
270862
270904
270909
270911
270913
270922
270954
270967
270972
270983
270990
271008
271053
271059
271084
271084
271085
271095
271110
271123
271124
271137
271141
271146
271149
271150
271177
271183
271218
271219
271239
271246
271273
271276
271289
271296
271299
271304
271311
271345
271353
271362
271383
271387
271391
271393
271417
271427
271428
271432
271453
271459
271465
271475
271477
271478
271497
271518
271527
271546
271552
271572
271580
271590
271592
271592
271597
271605
271614
271633
271637
271649
271652
271668
271675
271680
271680
271691
271697
271704
271716
271720
271761
271769
271772
271789
271793
271794
271810
271822
271841
271874
271885
271896
271897
271901
271903
271903
271906
271922
271940
271952
271965
271973
271981
271992
271994
271998
272006
272028
272049
272052
272057
272077
272082
272083
272084
272084
272096
272119
272144
272158
272169
272209
272219
272223
272231
272234
272247
272247
272277
272277
272298
272314
272317
272326
272330
272337
272344
272356
272408
272411
272429
272431
272438
272447
272451
272460
272463
272464
272470
272481
272483
272504
272507
272513
272516
272549
272558
272563
272564
272582
272595
272606
272613
272629
272633
272667
272683
272689
272690
272705
272730
272750
272751
272751
272757
272759
272766
272767
272770
272773
272805
272818
272837
272849
272850
272853
272875
272885
272890
272893
272895
272907
272934
272945
272949
272966
272972
272984
273005
273007
273020
273030
273031
273035
273049
273050
273052
273058
273073
273082
273085
273087
273093
273093
273105
273118
273120
273132
273133
273138
273166
273168
273172
273182
273184
273214
273214
273216
273219
273231
273232
273234
273238
273242
273253
273257
273260
273264
273274
273293
273295
273316
273319
273328
273335
273352
273365
273368
273370
273376
273384
273385
273388
273405
273407
273411
273416
273419
273423
273424
273428
273428
273429
273430
273441
273457
273470
273471
273484
273490
273491
273503
273506
273512
273519
273533
273558
273559
273593
273603
273628
273642
273651
273658
273659
273665
273703
273708
273728
273731
273741
273755
273771
273776
273784
273787
273794
273797
273803
273817
273828
273830
273840
273843
273846
273853
273860
273862
273870
273877
273890
273909
273912
273916
273918
273927
273944
273949
273961
273985
274002
274019
274026
274068
274071
274074
274075
274082
274084
274088
274093
274094
274102
274107
274112
274123
274128
274143
274146
274168
274217
274226
274233
274235
274240
274251
274264
274271
274305
274366
274372
274373
274381
274388
274393
274394
274395
274400
274408
274412
274413
274428
274458
274460
274470
274526
274557
274559
274564
274570
274576
274580
274581
274595
274600
274604
274614
274633
274633
274658
274707
274707
274717
274720
274749
274756
274761
274768
274773
274785
274787
274806
274810
274812
274828
274840
274848
274851
274855
274867
274868
274874
274883
274894
274895
274899
274902
274923
274947
274947
274970
274971
274981
274987
274988
274989
275025
275032
275036
275037
275042
275047
275051
275068
275096
275114
275145
275163
275170
275177
275184
275188
275192
275196
275198
275201
275203
275211
275212
275215
275225
275234
275234
275237
275245
275259
275261
275262
275265
275269
275272
275288
275302
275313
275336
275339
275340
275347
275348
275349
275350
275361
275371
275372
275373
275375
275386
275388
275403
275418
275430
275477
275492
275514
275518
275527
275527
275537
275552
275555
275557
275569
275586
275598
275616
275620
275621
275624
275641
275671
275675
275684
275698
275717
275725
275727
275755
275769
275771
275787
275789
275830
275848
275853
275882
275891
275907
275952
275959
275960
275969
275970
275971
275985
276015
276059
276119
276132
276139
276167
276172
276179
276180
276182
276184
276190
276231
276251
276251
276266
276271
276289
276290
276305
276308
276310
276323
276333
276335
276341
276358
276368
276369
276377
276382
276383
276412
276416
276418
276436
276449
276464
276464
276465
276466
276483
276501
276505
276536
276539
276560
276563
276570
276578
276579
276591
276629
276638
276646
276655
276656
276665
276696
276702
276710
276715
276757
276768
276773
276786
276794
276796
276798
276803
276821
276850
276865
276890
276893
276911
276919
276924
276926
276939
276939
276940
276952
277012
277021
277035
277039
277042
277046
277047
277075
277076
277095
277104
277116
277139
277143
277143
277147
277151
277158
277165
277165
277176
277182
277192
277206
277227
277228
277234
277241
277242
277243
277245
277256
277284
277302
277322
277323
277323
277324
277339
277339
277340
277342
277361
277367
277371
277385
277389
277394
277404
277409
277442
277443
277445
277449
277471
277484
277492
277492
277493
277501
277505
277519
277519
277550
277555
277572
277576
277578
277596
277609
277620
277628
277629
277648
277657
277658
277661
277666
277675
277684
277690
277691
277706
277711
277712
277720
277730
277730
277732
277742
277757
277768
277771
277798
277802
277821
277829
277832
277869
277900
277900
277914
277932
277937
277939
277954
277960
277960
277983
278003
278007
278014
278021
278044
278047
278054
278054
278054
278059
278062
278072
278072
278082
278111
278120
278120
278125
278166
278192
278194
278203
278211
278213
278214
278229
278229
278236
278237
278241
278246
278255
278282
278297
278298
278314
278317
278337
278343
278343
278363
278374
278379
278393
278393
278409
278422
278426
278434
278436
278440
278441
278467
278481
278494
278495
278498
278512
278517
278518
278523
278537
278540
278544
278545
278550
278551
278553
278579
278582
278586
278591
278594
278599
278599
278613
278617
278626
278656
278703
278714
278719
278721
278722
278738
278756
278775
278779
278779
278820
278829
278845
278879
278885
278888
278889
278897
278916
278918
278924
278946
278946
278951
278975
279002
279010
279017
279019
279027
279028
279045
279046
279048
279058
279064
279067
279070
279084
279102
279105
279112
279113
279126
279132
279136
279151
279153
279162
279164
279169
279175
279175
279183
279183
279185
279195
279203
279205
279233
279239
279250
279266
279287
279291
279294
279310
279313
279314
279340
279345
279347
279349
279352
279353
279357
279367
279367
279368
279405
279414
279429
279431
279434
279436
279439
279444
279446
279453
279461
279465
279474
279488
279493
279494
279519
279531
279534
279541
279544
279561
279564
279575
279595
279619
279621
279625
279626
279630
279637
279643
279660
279670
279682
279691
279711
279716
279717
279720
279730
279735
279769
279774
279775
279778
279796
279808
279817
279831
279837
279838
279844
279847
279864
279865
279874
279874
279881
279886
279887
279904
279906
279916
279920
279923
279928
279945
279952
279954
279959
279960
279970
279984
279984
279985
280004
280010
280020
280035
280050
280052
280062
280076
280082
280103
280138
280154
280161
280164
280182
280185
280193
280195
280245
280247
280261
280281
280282
280285
280287
280293
280312
280317
280324
280349
280373
280396
280413
280414
280427
280429
280448
280448
280456
280468
280500
280524
280537
280546
280562
280566
280568
280573
280592
280598
280600
280615
280621
280637
280644
280646
280648
280661
280674
280682
280693
280697
280708
280718
280728
280759
280762
280789
280798
280826
280851
280867
280876
280877
280905
280910
280921
280930
280941
280947
280955
280957
280978
280992
280992
281010
281014
281041
281048
281064
281073
281080
281081
281088
281096
281098
281107
281120
281127
281128
281131
281136
281142
281169
281174
281177
281192
281197
281217
281218
281241
281251
281252
281269
281273
281274
281274
281283
281286
281288
281292
281296
281297
281301
281319
281325
281325
281333
281352
281353
281364
281366
281377
281395
281402
281413
281416
281418
281440
281457
281463
281491
281512
281516
281522
281523
281540
281545
281568
281578
281585
281601
281606
281612
281614
281614
281615
281652
281665
281686
281689
281700
281706
281708
281757
281762
281764
281777
281790
281803
281806
281809
281820
281832
281834
281835
281836
281848
281852
281853
281859
281875
281884
281889
281895
281899
281900
281903
281918
281935
281939
281956
281964
281983
281999
282008
282015
282024
282024
282025
282032
282047
282052
282061
282073
282076
282103
282113
282120
282123
282129
282134
282156
282170
282186
282204
282206
282207
282218
282228
282278
282279
282284
282310
282321
282326
282342
282356
282366
282370
282390
282407
282424
282432
282433
282437
282449
282453
282454
282458
282463
282485
282486
282489
282495
282500
282530
282543
282554
282584
282592
282605
282611
282611
282611
282629
282633
282640
282645
282653
282654
282669
282677
282686
282689
282699
282704
282714
282721
282730
282734
282736
282763
282769
282771
282813
282819
282827
282832
282835
282837
282847
282858
282864
282870
282870
282872
282873
282896
282904
282929
282940
282958
282961
282963
282969
282971
282986
282992
282994
283016
283017
283018
283025
283045
283055
283056
283060
283062
283069
283073
283116
283120
283123
283130
283137
283144
283146
283155
283223
283244
283247
283258
283267
283267
283274
283289
283300
283313
283319
283321
283324
283330
283332
283352
283360
283374
283386
283398
283411
283413
283417
283419
283419
283463
283467
283469
283486
283490
283494
283494
283495
283497
283521
283521
283533
283537
283578
283580
283595
283615
283616
283652
283655
283662
283665
283669
283672
283673
283685
283687
283697
283700
283715
283739
283739
283742
283751
283775
283781
283822
283830
283858
283861
283874
283877
283889
283892
283894
283899
283910
283911
283915
283925
283928
283936
283949
283949
283967
283971
284026
284033
284034
284035
284036
284064
284086
284090
284095
284104
284108
284135
284160
284182
284186
284218
284219
284221
284229
284229
284230
284231
284251
284255
284264
284272
284277
284278
284290
284290
284307
284324
284326
284342
284352
284370
284376
284413
284416
284422
284426
284436
284436
284441
284441
284442
284479
284490
284499
284507
284510
284521
284522
284527
284530
284531
284542
284545
284546
284549
284554
284573
284584
284596
284598
284606
284624
284645
284665
284678
284696
284698
284704
284707
284707
284757
284760
284771
284773
284774
284782
284783
284786
284795
284796
284809
284815
284828
284830
284834
284837
284841
284854
284855
284868
284873
284915
284935
284936
284936
284961
284965
284974
284986
284989
284991
284992
284999
285014
285015
285024
285026
285035
285037
285047
285048
285078
285096
285110
285117
285162
285170
285184
285187
285203
285210
285241
285244
285246
285255
285262
285272
285273
285303
285304
285318
285367
285395
285410
285423
285427
285448
285467
285470
285473
285486
285492
285519
285525
285544
285564
285593
285603
285625
285635
285638
285672
285673
285687
285691
285695
285725
285726
285742
285745
285750
285765
285766
285766
285775
285798
285801
285813
285824
285831
285844
285846
285860
285880
285896
285911
285914
285932
285937
285945
285949
285953
285957
285983
285998
286021
286024
286028
286030
286048
286087
286090
286093
286094
286099
286113
286116
286117
286124
286133
286137
286140
286144
286147
286150
286150
286159
286160
286164
286167
286169
286182
286185
286187
286221
286225
286236
286237
286247
286248
286253
286281
286283
286284
286309
286319
286337
286337
286341
286366
286393
286407
286411
286414
286421
286430
286431
286460
286481
286485
286506
286508
286512
286518
286559
286566
286593
286599
286616
286628
286652
286667
286693
286703
286736
286773
286776
286782
286783
286798
286810
286813
286818
286835
286848
286860
286862
286864
286866
286877
286878
286880
286887
286889
286906
286920
286926
286939
286941
286946
286946
286950
286953
286955
286962
286962
286969
286974
286979
286993
286996
287010
287015
287022
287026
287027
287044
287054
287058
287071
287071
287076
287094
287107
287114
287142
287143
287179
287186
287190
287202
287204
287210
287217
287217
287221
287224
287224
287234
287243
287255
287279
287319
287330
287340
287340
287343
287344
287349
287350
287365
287368
287374
287390
287401
287422
287432
287441
287441
287451
287471
287479
287480
287490
287501
287517
287520
287535
287538
287548
287548
287552
287557
287560
287564
287631
287637
287639
287640
287642
287651
287668
287687
287692
287694
287718
287724
287733
287740
287756
287760
287773
287776
287776
287785
287789
287812
287820
287825
287842
287855
287885
287890
287903
287959
287965
288000
288001
288042
288053
288055
288058
288058
288060
288061
288068
288073
288083
288083
288109
288117
288121
288121
288125
288133
288134
288138
288142
288148
288148
288152
288166
288171
288178
288194
288200
288220
288222
288227
288242
288244
288260
288270
288270
288275
288276
288302
288306
288325
288325
288337
288341
288344
288350
288361
288368
288375
288394
288404
288404
288440
288457
288468
288502
288515
288523
288534
288550
288563
288584
288602
288606
288615
288616
288618
288636
288655
288655
288660
288665
288688
288691
288699
288700
288703
288707
288712
288718
288735
288736
288743
288754
288761
288777
288777
288781
288803
288816
288829
288838
288847
288870
288871
288881
288884
288885
288885
288915
288930
288931
288937
288962
288963
288964
288985
289005
289005
289012
289016
289027
289032
289038
289040
289042
289045
289049
289060
289079
289082
289082
289100
289117
289128
289146
289157
289174
289176
289196
289204
289214
289217
289237
289237
289238
289250
289304
289304
289334
289335
289339
289342
289343
289349
289362
289363
289365
289365
289378
289381
289383
289384
289394
289399
289411
289417
289432
289448
289462
289462
289469
289485
289489
289502
289507
289516
289519
289532
289534
289538
289550
289555
289568
289569
289587
289599
289604
289620
289637
289655
289668
289671
289675
289676
289682
289685
289686
289690
289692
289693
289703
289706
289708
289729
289730
289746
289752
289791
289814
289817
289819
289819
289839
289844
289868
289869
289871
289872
289881
289919
289946
289971
290001
290004
290010
290018
290056
290063
290090
290109
290110
290114
290114
290123
290148
290155
290168
290184
290190
290193
290206
290221
290226
290229
290242
290250
290269
290278
290280
290322
290331
290357
290376
290390
290394
290401
290416
290420
290437
290443
290446
290446
290448
290458
290463
290463
290467
290476
290519
290536
290568
290579
290590
290591
290592
290612
290638
290647
290666
290666
290668
290731
290736
290750
290768
290777
290783
290786
290791
290799
290800
290800
290811
290829
290846
290865
290865
290869
290869
290872
290877
290877
290915
290929
290936
290945
290952
290985
290985
290986
290990
291001
291012
291023
291024
291026
291026
291060
291075
291085
291088
291106
291116
291118
291159
291167
291172
291192
291195
291203
291220
291225
291237
291242
291247
291248
291253
291261
291279
291292
291304
291323
291339
291343
291357
291372
291378
291407
291408
291420
291432
291446
291460
291464
291466
291470
291472
291479
291483
291494
291501
291509
291539
291545
291559
291584
291584
291589
291595
291605
291612
291621
291622
291638
291683
291706
291717
291739
291746
291750
291760
291765
291782
291783
291788
291793
291806
291809
291816
291855
291864
291880
291889
291897
291898
291928
291931
291933
291937
291974
291977
291980
291988
292002
292011
292014
292025
292027
292028
292044
292064
292066
292092
292098
292110
292121
292123
292123
292124
292159
292191
292199
292203
292204
292205
292206
292206
292211
292214
292236
292247
292248
292266
292277
292283
292328
292345
292352
292353
292354
292360
292383
292403
292410
292419
292423
292490
292508
292526
292527
292529
292530
292538
292550
292555
292558
292568
292570
292577
292629
292629
292670
292671
292675
292676
292683
292716
292717
292722
292748
292749
292751
292775
292779
292804
292809
292814
292841
292844
292846
292852
292853
292855
292859
292863
292865
292867
292896
292913
292927
292947
292969
292971
292973
292982
293019
293026
293029
293031
293032
293049
293050
293058
293062
293071
293078
293097
293104
293104
293112
293128
293147
293152
293171
293174
293183
293194
293206
293218
293235
293242
293243
293256
293270
293275
293280
293283
293295
293296
293301
293303
293313
293327
293334
293350
293352
293389
293398
293408
293429
293429
293449
293451
293457
293458
293462
293466
293469
293477
293485
293490
293500
293513
293522
293532
293533
293537
293547
293559
293568
293569
293582
293588
293589
293594
293607
293612
293615
293621
293631
293645
293651
293657
293660
293661
293665
293673
293673
293678
293683
293705
293714
293720
293731
293732
293734
293758
293760
293766
293791
293794
293798
293799
293803
293814
293815
293844
293868
293874
293874
293883
293888
293890
293896
293900
293919
293929
293937
293941
293944
293949
293951
293952
293987
293989
294014
294024
294025
294025
294029
294039
294047
294063
294071
294078
294102
294109
294112
294119
294129
294130
294137
294141
294167
294182
294209
294212
294226
294239
294258
294258
294291
294291
294307
294313
294332
294364
294376
294389
294390
294406
294413
294424
294432
294438
294442
294460
294464
294508
294515
294532
294535
294561
294567
294574
294577
294577
294578
294583
294592
294622
294633
294642
294648
294675
294717
294734
294735
294737
294738
294741
294748
294768
294770
294771
294798
294806
294806
294812
294819
294828
294845
294860
294879
294891
294895
294911
294913
294920
294922
294949
294952
294967
294989
295000
295008
295014
295019
295020
295020
295022
295023
295038
295054
295071
295072
295073
295076
295087
295111
295112
295117
295119
295129
295131
295139
295145
295154
295166
295168
295193
295200
295215
295215
295223
295227
295233
295235
295238
295246
295250
295308
295314
295339
295361
295367
295368
295374
295378
295398
295399
295407
295419
295421
295426
295435
295447
295449
295452
295458
295464
295466
295469
295478
295485
295499
295502
295503
295541
295543
295551
295555
295557
295559
295568
295602
295608
295627
295629
295630
295633
295646
295648
295658
295660
295667
295710
295713
295720
295735
295744
295764
295769
295770
295775
295777
295795
295816
295824
295835
295845
295855
295864
295874
295894
295894
295956
295960
295968
295970
295975
295981
295990
295993
296001
296022
296032
296084
296101
296109
296127
296133
296139
296146
296150
296157
296165
296171
296178
296197
296215
296224
296228
296232
296284
296320
296324
296327
296327
296348
296349
296351
296354
296355
296372
296373
296379
296406
296428
296436
296443
296443
296446
296449
296460
296472
296480
296499
296520
296531
296548
296550
296562
296572
296578
296587
296587
296589
296590
296602
296610
296627
296634
296639
296641
296655
296660
296664
296671
296685
296685
296691
296692
296710
296745
296747
296783
296819
296836
296844
296854
296854
296858
296867
296870
296880
296880
296883
296884
296889
296890
296918
296922
296942
296974
296976
296981
296987
297001
297038
297045
297080
297082
297083
297090
297093
297093
297117
297118
297119
297150
297153
297187
297195
297208
297218
297219
297221
297233
297257
297263
297273
297274
297362
297369
297381
297387
297424
297425
297435
297441
297443
297447
297451
297451
297466
297484
297488
297494
297514
297543
297547
297557
297566
297572
297573
297598
297605
297618
297622
297631
297648
297669
297669
297684
297715
297730
297736
297747
297793
297820
297839
297858
297863
297865
297880
297882
297890
297914
297929
297934
297974
297985
297985
297995
297999
298004
298008
298009
298010
298019
298035
298046
298073
298115
298137
298167
298171
298176
298180
298184
298201
298204
298210
298220
298221
298230
298239
298250
298263
298269
298288
298316
298321
298322
298368
298380
298390
298393
298397
298404
298410
298420
298430
298441
298448
298454
298462
298477
298477
298478
298501
298502
298549
298551
298571
298575
298578
298593
298595
298595
298629
298633
298639
298647
298652
298656
298685
298696
298712
298712
298717
298721
298729
298744
298793
298796
298817
298823
298866
298869
298870
298876
298883
298912
298971
298983
299000
299015
299031
299034
299048
299049
299061
299115
299122
299124
299139
299145
299166
299175
299179
299191
299200
299229
299239
299276
299281
299282
299293
299300
299305
299308
299320
299331
299335
299342
299365
299379
299385
299406
299425
299429
299432
299434
299435
299448
299451
299461
299465
299479
299481
299516
299517
299517
299530
299543
299572
299582
299636
299643
299645
299673
299686
299690
299712
299715
299730
299733
299735
299735
299742
299789
299802
299807
299817
299829
299836
299838
299839
299849
299850
299852
299876
299886
299886
299889
299889
299902
299923
299930
299934
299937
299955
299955
299956
299959
299960
299974
299990
300008
300009
300011
300012
300013
300018
300029
300030
300046
300056
300072
300092
300101
300103
300105
300121
300129
300149
300156
300158
300159
300176
300208
300224
300237
300259
300275
300281
300287
300288
300298
300298
300301
300312
300333
300342
300342
300344
300373
300379
300382
300404
300405
300410
300415
300420
300424
300428
300437
300466
300468
300468
300518
300544
300556
300584
300611
300620
300643
300648
300650
300651
300654
300672
300680
300687
300702
300719
300722
300740
300747
300748
300754
300756
300758
300771
300771
300774
300806
300812
300819
300824
300838
300850
300861
300875
300875
300878
300887
300891
300905
300940
300947
300977
300987
300993
301015
301019
301020
301021
301031
301043
301054
301061
301069
301088
301105
301116
301126
301127
301129
301167
301193
301201
301214
301221
301221
301224
301228
301255
301266
301268
301275
301283
301286
301298
301301
301315
301325
301327
301327
301337
301345
301365
301367
301372
301375
301380
301381
301386
301391
301395
301399
301423
301430
301445
301461
301474
301500
301509
301521
301523
301528
301537
301552
301560
301564
301602
301609
301617
301645
301648
301649
301676
301679
301693
301695
301702
301714
301714
301717
301738
301751
301757
301784
301784
301791
301793
301827
301828
301834
301846
301847
301849
301865
301871
301879
301888
301892
301903
301904
301904
301923
301932
301933
301937
301943
301968
301976
301983
301985
301998
302026
302027
302029
302037
302060
302069
302072
302072
302091
302111
302114
302122
302131
302133
302158
302175
302191
302205
302206
302215
302221
302227
302233
302233
302240
302245
302246
302251
302251
302254
302270
302270
302282
302292
302302
302319
302355
302356
302358
302360
302361
302361
302367
302368
302383
302388
302411
302414
302430
302440
302448
302452
302464
302467
302477
302482
302486
302490
302490
302497
302499
302508
302510
302513
302514
302515
302529
302530
302531
302533
302574
302603
302603
302637
302642
302693
302706
302729
302740
302747
302756
302760
302761
302765
302770
302779
302781
302785
302786
302789
302795
302806
302816
302821
302824
302838
302846
302852
302853
302880
302881
302889
302889
302893
302901
302918
302921
302922
302931
302954
302959
302975
302994
302996
303006
303016
303018
303035
303038
303043
303048
303054
303066
303082
303093
303107
303108
303111
303141
303153
303172
303176
303187
303187
303224
303238
303244
303263
303291
303295
303313
303315
303338
303338
303339
303345
303346
303349
303362
303365
303378
303395
303395
303408
303441
303451
303465
303466
303480
303486
303490
303499
303502
303508
303512
303513
303522
303571
303574
303600
303603
303605
303610
303614
303615
303626
303639
303647
303655
303670
303679
303695
303695
303700
303702
303702
303713
303716
303732
303751
303752
303763
303767
303773
303810
303819
303826
303845
303859
303873
303895
303906
303917
303930
303933
303941
303951
303966
303995
303996
304012
304031
304034
304035
304044
304052
304052
304054
304059
304063
304066
304087
304113
304121
304121
304132
304138
304146
304167
304179
304204
304205
304214
304224
304227
304231
304240
304248
304259
304261
304262
304272
304318
304320
304321
304323
304332
304338
304338
304340
304343
304351
304357
304368
304376
304376
304405
304406
304411
304416
304422
304431
304431
304435
304437
304448
304450
304476
304477
304480
304491
304505
304511
304538
304544
304553
304558
304597
304597
304601
304607
304607
304610
304616
304643
304663
304686
304703
304726
304763
304788
304805
304835
304846
304877
304903
304912
304912
304914
304927
304938
304949
304950
304961
304967
304985
304994
305001
305005
305014
305025
305030
305067
305086
305126
305130
305139
305139
305141
305175
305208
305218
305224
305232
305238
305241
305247
305260
305269
305271
305280
305285
305326
305329
305331
305357
305362
305364
305369
305376
305393
305402
305410
305412
305418
305425
305427
305434
305438
305445
305448
305481
305483
305484
305491
305507
305511
305515
305519
305521
305526
305526
305542
305547
305549
305556
305562
305567
305603
305614
305622
305625
305627
305645
305648
305650
305656
305674
305677
305699
305705
305710
305711
305723
305725
305749
305776
305779
305797
305805
305805
305808
305811
305820
305820
305825
305829
305831
305832
305841
305846
305856
305857
305860
305863
305873
305881
305890
305893
305894
305899
305910
305918
305921
305923
305977
305983
305986
306003
306006
306011
306040
306042
306071
306079
306084
306086
306093
306111
306123
306131
306131
306150
306166
306167
306168
306168
306176
306178
306179
306217
306217
306233
306240
306268
306269
306274
306280
306287
306289
306312
306319
306337
306365
306366
306368
306399
306405
306417
306422
306426
306429
306436
306445
306448
306454
306455
306491
306496
306497
306519
306525
306528
306553
306576
306599
306610
306631
306647
306648
306657
306665
306667
306689
306693
306705
306744
306776
306792
306797
306807
306828
306829
306833
306835
306838
306839
306847
306865
306866
306875
306882
306882
306885
306890
306895
306898
306902
306904
306908
306923
306953
306966
306966
306971
306971
306974
306977
306980
306986
306991
307012
307022
307023
307028
307030
307047
307052
307063
307071
307081
307089
307093
307103
307107
307136
307141
307144
307147
307168
307189
307197
307198
307205
307206
307213
307215
307227
307230
307244
307245
307252
307276
307287
307300
307305
307320
307323
307341
307351
307373
307389
307397
307402
307404
307419
307424
307440
307448
307451
307452
307454
307475
307489
307490
307502
307508
307537
307569
307576
307580
307591
307595
307601
307619
307636
307638
307652
307660
307679
307695
307769
307788
307804
307808
307828
307828
307831
307836
307839
307853
307860
307866
307872
307886
307887
307892
307896
307901
307911
307913
307918
307931
307939
307973
307987
307991
307996
308033
308050
308062
308077
308100
308107
308108
308121
308129
308147
308155
308159
308161
308199
308208
308221
308223
308239
308255
308264
308313
308323
308353
308369
308373
308388
308403
308417
308422
308426
308435
308448
308450
308474
308480
308487
308488
308497
308505
308507
308514
308517
308517
308524
308527
308532
308535
308536
308538
308539
308552
308572
308572
308584
308586
308589
308610
308627
308636
308662
308665
308666
308670
308674
308682
308703
308716
308720
308739
308740
308745
308748
308749
308760
308766
308774
308777
308778
308799
308816
308821
308841
308845
308858
308880
308886
308893
308894
308919
308919
308920
308923
308923
308927
308946
308952
308968
309037
309043
309073
309074
309094
309106
309122
309130
309160
309174
309185
309190
309192
309192
309192
309197
309198
309200
309203
309216
309217
309232
309238
309242
309249
309258
309268
309271
309272
309275
309286
309298
309308
309310
309317
309332
309349
309365
309378
309386
309412
309424
309428
309431
309447
309459
309478
309507
309526
309526
309530
309531
309557
309615
309635
309640
309642
309646
309709
309745
309756
309758
309767
309777
309780
309801
309808
309811
309823
309830
309833
309840
309842
309846
309863
309865
309872
309902
309909
309916
309930
309940
309945
309949
309982
309986
309986
309997
310002
310004
310009
310019
310019
310021
310040
310040
310043
310052
310054
310077
310083
310087
310110
310111
310117
310124
310142
310150
310154
310156
310171
310207
310209
310217
310229
310241
310252
310259
310272
310273
310286
310294
310300
310302
310319
310331
310353
310379
310384
310386
310393
310410
310410
310414
310422
310429
310433
310443
310447
310447
310463
310477
310516
310522
310526
310567
310572
310583
310598
310613
310613
310613
310617
310622
310625
310626
310626
310634
310635
310650
310667
310672
310681
310684
310700
310704
310710
310743
310743
310762
310774
310797
310800
310822
310834
310838
310845
310861
310863
310873
310885
310887
310903
310919
310923
310943
310944
310959
310962
310973
310979
310992
310995
311008
311011
311025
311044
311051
311060
311068
311076
311081
311082
311096
311100
311122
311125
311131
311141
311141
311143
311144
311147
311159
311161
311161
311185
311198
311199
311200
311214
311247
311257
311285
311287
311291
311293
311296
311310
311310
311314
311315
311318
311339
311347
311371
311372
311395
311410
311427
311429
311433
311441
311466
311473
311473
311480
311481
311481
311483
311509
311510
311511
311512
311517
311519
311524
311533
311556
311562
311568
311569
311579
311579
311581
311581
311594
311597
311615
311635
311654
311686
311696
311708
311715
311716
311717
311719
311723
311730
311736
311739
311752
311765
311769
311770
311778
311781
311792
311849
311849
311854
311894
311898
311916
311940
311943
311954
311961
311962
311975
311976
312003
312006
312006
312009
312023
312041
312045
312050
312068
312068
312087
312095
312105
312136
312137
312161
312173
312175
312183
312194
312195
312253
312257
312280
312300
312331
312332
312354
312357
312359
312366
312372
312377
312379
312383
312393
312399
312406
312411
312420
312425
312426
312431
312441
312454
312467
312469
312507
312509
312520
312539
312540
312544
312556
312568
312580
312580
312624
312631
312644
312645
312648
312662
312672
312684
312684
312718
312721
312735
312743
312749
312760
312788
312808
312809
312809
312810
312810
312822
312829
312835
312854
312854
312856
312874
312886
312892
312907
312927
312942
312951
312955
312961
312989
313020
313037
313041
313061
313080
313080
313082
313084
313091
313095
313119
313128
313129
313130
313137
313142
313148
313155
313164
313164
313169
313192
313202
313211
313211
313213
313215
313244
313255
313268
313286
313292
313321
313336
313338
313351
313363
313379
313389
313393
313400
313413
313424
313425
313433
313434
313434
313437
313445
313447
313448
313453
313459
313463
313468
313476
313480
313482
313483
313526
313530
313556
313594
313597
313607
313631
313672
313676
313714
313721
313736
313740
313753
313758
313764
313767
313772
313784
313811
313814
313814
313815
313817
313820
313827
313841
313843
313860
313864
313870
313870
313883
313883
313902
313921
313928
313932
313933
313935
313936
313937
313965
313974
313978
313982
313983
313985
313997
313997
314005
314007
314007
314013
314031
314040
314050
314060
314092
314102
314110
314112
314113
314119
314120
314136
314150
314157
314161
314185
314195
314199
314220
314225
314230
314242
314262
314264
314295
314298
314331
314334
314344
314353
314355
314362
314373
314374
314377
314399
314439
314457
314457
314457
314468
314482
314483
314488
314490
314503
314504
314533
314542
314545
314553
314556
314563
314563
314570
314597
314603
314621
314626
314652
314669
314674
314675
314677
314689
314689
314703
314727
314733
314737
314740
314744
314761
314763
314764
314785
314786
314787
314803
314812
314812
314813
314816
314820
314852
314860
314865
314870
314890
314893
314894
314896
314898
314898
314915
314917
314922
314928
314936
314937
314945
314964
314971
314975
314978
314987
314993
314998
315007
315019
315027
315029
315029
315030
315033
315058
315060
315063
315081
315088
315099
315104
315108
315122
315139
315143
315148
315148
315158
315181
315185
315211
315228
315232
315259
315263
315274
315283
315293
315299
315327
315338
315351
315364
315368
315402
315412
315417
315458
315459
315475
315493
315493
315498
315506
315508
315513
315516
315528
315531
315540
315552
315555
315580
315608
315613
315639
315644
315677
315679
315685
315695
315704
315717
315726
315765
315783
315791
315798
315810
315818
315826
315826
315828
315832
315847
315854
315866
315897
315906
315906
315924
315930
315940
315950
315951
315953
315957
315973
315976
315988
315997
316006
316015
316024
316039
316051
316062
316073
316102
316108
316118
316119
316121
316125
316135
316141
316147
316148
316155
316161
316164
316165
316166
316170
316176
316184
316186
316193
316205
316207
316210
316213
316255
316260
316277
316280
316286
316319
316320
316353
316359
316366
316369
316391
316398
316404
316407
316418
316435
316436
316443
316456
316480
316483
316490
316501
316504
316509
316516
316576
316584
316590
316590
316607
316626
316629
316632
316639
316646
316664
316676
316705
316740
316749
316761
316763
316775
316778
316783
316790
316793
316810
316828
316831
316851
316854
316890
316909
316918
316933
316949
316986
316992
316997
317004
317020
317033
317042
317049
317059
317061
317062
317066
317070
317075
317092
317093
317103
317104
317123
317126
317131
317139
317158
317223
317223
317229
317242
317248
317249
317263
317296
317321
317326
317330
317337
317357
317360
317362
317379
317386
317400
317406
317415
317416
317433
317436
317447
317451
317454
317473
317475
317483
317485
317493
317509
317525
317526
317558
317559
317559
317562
317567
317578
317589
317602
317604
317613
317641
317643
317675
317678
317682
317694
317718
317722
317744
317756
317758
317781
317799
317816
317820
317825
317857
317884
317884
317888
317897
317904
317913
317917
317918
317918
317922
317941
317948
317949
317951
317958
317966
317968
317975
317985
317990
317999
318002
318002
318011
318022
318024
318025
318027
318057
318065
318069
318088
318098
318102
318106
318107
318118
318126
318131
318136
318163
318170
318174
318179
318179
318195
318196
318209
318216
318226
318239
318275
318279
318280
318306
318315
318316
318317
318334
318338
318340
318346
318348
318350
318353
318356
318370
318373
318376
318378
318383
318404
318408
318420
318430
318432
318438
318495
318522
318524
318532
318566
318597
318605
318624
318625
318634
318656
318668
318673
318676
318690
318702
318717
318718
318727
318738
318752
318759
318765
318794
318812
318821
318823
318838
318842
318854
318856
318870
318885
318891
318894
318895
318925
318926
318937
318976
318976
318995
319019
319023
319024
319065
319070
319083
319087
319094
319114
319129
319142
319145
319150
319159
319161
319161
319194
319203
319210
319221
319254
319276
319339
319360
319381
319384
319393
319397
319418
319449
319452
319452
319457
319457
319461
319469
319472
319479
319483
319487
319508
319518
319541
319552
319563
319568
319568
319577
319586
319590
319619
319628
319636
319663
319690
319698
319731
319732
319749
319751
319757
319759
319771
319814
319819
319829
319845
319848
319849
319861
319865
319875
319884
319888
319897
319946
319949
319954
319978
319989
319993
319995
319997
320013
320013
320014
320019
320027
320030
320046
320054
320054
320059
320061
320065
320073
320075
320109
320114
320114
320116
320119
320125
320131
320134
320137
320146
320155
320163
320163
320183
320207
320207
320215
320216
320230
320230
320241
320246
320271
320275
320276
320281
320284
320288
320291
320300
320300
320340
320348
320348
320350
320354
320354
320357
320370
320389
320406
320408
320419
320451
320477
320482
320482
320485
320507
320524
320525
320525
320532
320538
320576
320594
320604
320622
320627
320631
320647
320648
320653
320705
320709
320711
320730
320748
320756
320768
320769
320776
320786
320795
320795
320801
320802
320815
320842
320856
320860
320885
320888
320896
320910
320929
320936
320939
320947
320947
320949
320956
320961
320965
320967
320982
320984
321011
321021
321021
321036
321048
321053
321061
321065
321071
321078
321079
321080
321088
321094
321109
321140
321154
321168
321171
321180
321196
321198
321210
321210
321215
321216
321226
321255
321287
321290
321300
321339
321343
321349
321358
321367
321391
321398
321415
321419
321430
321437
321450
321454
321455
321471
321480
321483
321484
321487
321492
321515
321527
321542
321554
321575
321576
321585
321587
321592
321601
321602
321604
321638
321641
321656
321677
321683
321695
321698
321711
321715
321770
321770
321771
321781
321793
321799
321799
321828
321851
321852
321858
321861
321875
321876
321882
321882
321882
321892
321902
321909
321911
321914
321915
321915
321920
321934
321941
321954
321963
321964
321965
321971
321975
321989
321998
322004
322014
322025
322051
322051
322060
322069
322076
322082
322083
322121
322157
322185
322187
322193
322196
322202
322222
322232
322233
322240
322253
322282
322283
322316
322319
322327
322328
322344
322351
322360
322384
322417
322442
322448
322453
322462
322467
322480
322481
322486
322496
322513
322536
322541
322542
322547
322565
322578
322589
322592
322597
322611
322615
322616
322621
322628
322633
322647
322648
322660
322667
322685
322688
322689
322696
322710
322716
322749
322770
322788
322794
322804
322805
322816
322835
322835
322849
322851
322856
322861
322887
322889
322890
322907
322911
322918
322933
322936
322947
322973
322976
322978
322981
322982
322990
323000
323002
323006
323020
323033
323036
323040
323047
323058
323115
323122
323126
323158
323175
323195
323198
323217
323228
323231
323256
323269
323309
323313
323320
323336
323350
323381
323415
323463
323466
323479
323492
323526
323529
323532
323533
323538
323539
323556
323565
323567
323588
323606
323608
323612
323635
323660
323672
323684
323686
323694
323700
323722
323749
323758
323779
323795
323799
323808
323846
323863
323869
323870
323877
323879
323880
323889
323889
323895
323900
323904
323921
323965
323969
323982
323983
324001
324035
324039
324042
324045
324045
324058
324059
324059
324066
324070
324074
324078
324090
324094
324099
324125
324144
324167
324171
324189
324213
324217
324221
324228
324253
324255
324268
324290
324307
324335
324336
324343
324343
324352
324356
324357
324382
324393
324431
324472
324472
324490
324501
324511
324548
324554
324557
324584
324584
324590
324599
324608
324612
324613
324623
324628
324630
324631
324643
324653
324659
324661
324663
324671
324688
324702
324715
324772
324774
324775
324803
324808
324814
324823
324824
324824
324833
324834
324847
324864
324870
324874
324881
324883
324895
324898
324898
324910
324913
324913
324925
324943
324960
324962
324994
324999
325002
325007
325064
325076
325082
325103
325117
325140
325153
325155
325169
325169
325171
325178
325197
325204
325208
325232
325245
325252
325252
325270
325284
325286
325287
325294
325297
325300
325302
325302
325314
325323
325334
325338
325339
325340
325340
325363
325370
325375
325380
325382
325384
325402
325409
325431
325431
325446
325455
325461
325470
325473
325484
325489
325495
325497
325506
325509
325529
325529
325578
325582
325584
325604
325605
325619
325632
325636
325644
325656
325657
325665
325672
325672
325682
325688
325703
325725
325746
325772
325772
325799
325801
325807
325844
325849
325866
325873
325875
325875
325896
325920
325925
325934
325936
325939
325967
325993
325993
326000
326014
326039
326040
326056
326059
326068
326108
326111
326131
326139
326152
326155
326156
326176
326180
326187
326188
326190
326204
326207
326212
326213
326229
326233
326234
326257
326291
326297
326316
326318
326321
326323
326362
326378
326382
326390
326394
326419
326424
326428
326446
326447
326449
326462
326477
326479
326481
326497
326497
326511
326518
326535
326545
326547
326561
326564
326591
326602
326637
326646
326648
326654
326679
326688
326691
326694
326702
326709
326727
326733
326748
326749
326765
326770
326773
326781
326789
326790
326794
326800
326805
326819
326821
326831
326832
326838
326843
326847
326863
326868
326873
326874
326876
326880
326899
326908
326920
326925
326933
326964
326973
326980
326996
327004
327007
327028
327031
327032
327036
327055
327063
327068
327068
327071
327075
327086
327092
327124
327129
327131
327133
327155
327165
327208
327230
327273
327276
327302
327313
327314
327330
327342
327342
327354
327355
327370
327393
327400
327402
327413
327419
327427
327438
327449
327455
327461
327474
327481
327481
327494
327503
327505
327515
327516
327519
327545
327546
327548
327563
327564
327565
327572
327577
327578
327580
327581
327587
327588
327596
327602
327624
327635
327636
327636
327650
327652
327653
327655
327668
327705
327730
327734
327784
327818
327821
327826
327866
327866
327879
327881
327882
327885
327910
327911
327911
327917
327923
327942
327944
327960
327986
328009
328024
328025
328031
328036
328053
328058
328074
328075
328082
328101
328101
328102
328111
328142
328145
328148
328154
328158
328177
328199
328202
328238
328251
328257
328264
328283
328301
328310
328322
328323
328331
328334
328336
328336
328344
328367
328369
328369
328388
328401
328415
328428
328432
328475
328477
328489
328491
328519
328525
328535
328536
328557
328580
328586
328599
328604
328639
328648
328652
328653
328653
328655
328679
328685
328685
328686
328689
328692
328698
328699
328699
328731
328751
328772
328781
328782
328794
328812
328817
328823
328826
328865
328873
328882
328884
328905
328912
328916
328919
328926
328929
328948
328978
328983
329001
329006
329031
329033
329040
329051
329059
329087
329089
329092
329095
329099
329100
329109
329114
329126
329141
329159
329164
329170
329173
329186
329188
329188
329207
329258
329262
329263
329276
329282
329285
329292
329302
329312
329320
329350
329375
329377
329394
329425
329426
329455
329480
329488
329504
329513
329514
329517
329525
329525
329525
329556
329557
329585
329588
329599
329610
329634
329637
329643
329653
329659
329671
329673
329674
329683
329699
329714
329714
329721
329722
329723
329731
329737
329740
329744
329746
329759
329760
329768
329784
329786
329789
329792
329824
329840
329851
329873
329874
329881
329885
329891
329954
329954
329965
329985
330003
330003
330028
330049
330065
330070
330071
330072
330075
330076
330085
330099
330104
330108
330113
330114
330135
330141
330158
330164
330171
330181
330194
330218
330219
330231
330237
330241
330252
330262
330281
330290
330292
330312
330342
330361
330377
330389
330416
330421
330426
330436
330437
330439
330447
330466
330494
330502
330504
330519
330521
330527
330548
330559
330580
330582
330586
330589
330597
330602
330613
330615
330626
330633
330634
330636
330640
330641
330646
330658
330660
330702
330708
330712
330740
330747
330767
330783
330788
330797
330804
330807
330818
330831
330839
330877
330891
330899
330925
330935
330943
330946
330947
330949
330961
330961
330979
330989
330994
331006
331010
331018
331018
331020
331051
331053
331068
331074
331074
331080
331081
331094
331099
331108
331110
331110
331127
331129
331133
331139
331142
331142
331145
331148
331197
331238
331241
331270
331287
331288
331293
331325
331325
331327
331335
331335
331352
331359
331361
331392
331395
331422
331425
331430
331439
331453
331461
331468
331473
331486
331511
331528
331534
331571
331577
331582
331621
331630
331633
331635
331642
331649
331670
331673
331681
331681
331684
331709
331722
331724
331725
331728
331728
331758
331803
331805
331849
331872
331874
331886
331891
331899
331922
331930
331930
331949
331951
331956
331956
331959
331963
331983
331986
331988
331990
331995
332006
332018
332025
332045
332045
332048
332052
332064
332072
332081
332100
332107
332116
332125
332134
332147
332149
332153
332153
332181
332191
332196
332205
332223
332229
332242
332244
332259
332263
332266
332270
332272
332276
332281
332291
332303
332344
332375
332378
332389
332390
332391
332391
332397
332402
332410
332422
332431
332437
332453
332457
332460
332464
332471
332472
332496
332532
332539
332543
332554
332573
332577
332602
332621
332628
332633
332635
332642
332645
332653
332678
332691
332716
332722
332736
332736
332736
332746
332746
332750
332820
332837
332841
332863
332882
332886
332888
332891
332908
332918
332936
332942
332956
332960
332974
332984
333029
333035
333039
333040
333080
333082
333082
333089
333096
333113
333116
333130
333145
333152
333200
333201
333204
333204
333206
333224
333232
333237
333254
333260
333291
333297
333307
333314
333316
333324
333355
333356
333356
333362
333368
333368
333373
333397
333402
333423
333430
333431
333446
333448
333452
333475
333488
333498
333503
333509
333522
333540
333549
333557
333561
333571
333579
333591
333642
333646
333655
333662
333674
333674
333702
333713
333720
333726
333734
333740
333761
333767
333778
333797
333805
333808
333828
333831
333842
333845
333846
333865
333866
333884
333896
333904
333905
333941
333946
333949
333950
333953
333962
333974
333984
334005
334006
334007
334010
334020
334043
334062
334082
334094
334096
334100
334104
334106
334122
334123
334152
334169
334178
334187
334189
334203
334214
334238
334239
334248
334252
334267
334267
334268
334292
334293
334308
334314
334340
334356
334359
334364
334370
334371
334377
334385
334421
334422
334428
334432
334433
334441
334442
334452
334454
334471
334488
334491
334518
334522
334535
334536
334536
334552
334561
334566
334592
334601
334605
334611
334615
334620
334627
334637
334651
334655
334665
334666
334667
334679
334714
334746
334762
334772
334786
334798
334803
334807
334812
334819
334830
334833
334856
334880
334884
334889
334889
334891
334898
334903
334914
334936
334951
334951
334963
334967
334976
334985
334992
335003
335028
335038
335040
335040
335042
335045
335054
335060
335062
335063
335071
335077
335079
335094
335102
335104
335118
335120
335124
335134
335139
335139
335143
335154
335165
335170
335194
335197
335215
335227
335243
335244
335259
335272
335286
335290
335298
335313
335316
335323
335330
335338
335350
335350
335354
335354
335362
335364
335369
335373
335374
335383
335386
335406
335410
335427
335435
335470
335474
335476
335499
335514
335528
335528
335553
335557
335579
335594
335596
335599
335616
335648
335694
335695
335706
335718
335734
335748
335755
335767
335769
335775
335788
335796
335801
335808
335809
335826
335830
335844
335854
335860
335872
335886
335886
335887
335889
335890
335904
335909
335912
335941
335944
335969
335972
335980
336000
336023
336037
336044
336059
336077
336081
336083
336094
336098
336132
336136
336172
336177
336181
336190
336196
336203
336205
336213
336213
336225
336240
336250
336254
336268
336285
336297
336298
336304
336318
336322
336330
336336
336346
336359
336362
336370
336380
336395
336396
336419
336424
336428
336431
336440
336450
336459
336465
336481
336491
336492
336495
336509
336516
336524
336528
336538
336569
336573
336577
336615
336623
336632
336641
336641
336655
336657
336676
336677
336682
336685
336701
336703
336705
336706
336718
336722
336750
336767
336771
336781
336799
336804
336814
336823
336830
336832
336840
336851
336857
336858
336870
336884
336886
336886
336891
336913
336925
336926
336947
336947
336948
336949
336950
336965
336975
336979
336989
336989
336991
337004
337033
337059
337066
337073
337077
337083
337093
337098
337102
337110
337114
337115
337119
337124
337138
337146
337169
337186
337190
337192
337194
337196
337201
337246
337257
337298
337300
337318
337328
337336
337338
337342
337344
337350
337381
337388
337395
337408
337417
337442
337446
337462
337463
337480
337506
337514
337514
337520
337532
337535
337570
337583
337584
337592
337595
337603
337606
337623
337635
337636
337658
337664
337667
337711
337712
337722
337726
337732
337778
337808
337813
337820
337827
337837
337846
337861
337875
337876
337880
337887
337891
337903
337909
337919
337920
337927
337955
337957
337959
337969
337974
337977
337985
337993
338001
338021
338027
338028
338037
338042
338043
338087
338097
338109
338135
338159
338163
338180
338184
338201
338217
338223
338227
338246
338248
338282
338336
338345
338362
338366
338376
338383
338393
338393
338403
338405
338415
338443
338444
338455
338472
338479
338490
338497
338505
338510
338515
338518
338524
338534
338583
338587
338589
338592
338612
338625
338640
338645
338658
338665
338671
338672
338694
338696
338722
338733
338747
338751
338766
338794
338811
338830
338830
338831
338832
338858
338862
338868
338870
338870
338871
338878
338894
338914
338926
338952
338977
338983
338989
338996
339006
339012
339032
339076
339093
339094
339096
339101
339106
339121
339127
339133
339134
339155
339185
339186
339188
339190
339201
339208
339211
339212
339226
339239
339245
339248
339249
339249
339254
339262
339263
339282
339294
339299
339310
339323
339330
339346
339352
339364
339364
339370
339374
339381
339396
339396
339398
339403
339408
339410
339412
339421
339425
339459
339482
339484
339490
339500
339509
339510
339513
339517
339521
339524
339525
339556
339567
339635
339646
339654
339660
339665
339666
339680
339717
339718
339720
339740
339741
339745
339758
339760
339765
339767
339772
339773
339777
339787
339799
339824
339824
339831
339845
339847
339851
339853
339868
339874
339888
339908
339916
339916
339922
339934
339946
339948
339950
339952
339968
339969
339994
340000
340005
340010
340028
340032
340032
340034
340057
340060
340066
340071
340071
340074
340086
340093
340095
340114
340133
340142
340142
340150
340188
340191
340201
340201
340213
340236
340244
340305
340314
340314
340314
340333
340341
340353
340354
340371
340373
340395
340414
340415
340419
340433
340434
340435
340446
340452
340464
340466
340483
340490
340491
340502
340505
340531
340534
340541
340548
340564
340596
340612
340618
340629
340630
340641
340669
340699
340701
340712
340717
340725
340729
340730
340736
340741
340750
340754
340775
340780
340822
340824
340829
340841
340851
340853
340878
340882
340888
340890
340894
340910
340921
340931
340937
340945
340952
340987
341002
341014
341015
341016
341016
341027
341041
341042
341062
341072
341095
341100
341102
341119
341124
341126
341129
341142
341142
341148
341150
341157
341172
341192
341211
341232
341242
341262
341265
341268
341271
341271
341278
341286
341293
341310
341323
341346
341360
341396
341397
341403
341448
341473
341474
341500
341502
341504
341513
341520
341527
341537
341547
341552
341558
341592
341610
341616
341623
341625
341627
341630
341634
341639
341652
341658
341666
341666
341715
341741
341752
341766
341769
341773
341776
341783
341785
341803
341818
341824
341831
341837
341837
341838
341854
341860
341884
341905
341909
341914
341923
341956
341976
341976
342037
342079
342095
342099
342106
342117
342124
342124
342133
342138
342156
342158
342169
342175
342188
342203
342210
342211
342214
342218
342222
342223
342226
342233
342242
342257
342279
342333
342349
342369
342369
342374
342374
342382
342393
342403
342444
342452
342474
342474
342516
342524
342524
342530
342532
342532
342537
342552
342566
342580
342587
342590
342590
342590
342596
342619
342637
342647
342649
342656
342663
342684
342690
342693
342713
342719
342729
342734
342743
342751
342753
342789
342826
342841
342842
342858
342874
342887
342890
342899
342909
342913
342924
342925
342925
342927
342929
342939
342939
342939
342947
342984
342987
343022
343058
343077
343089
343097
343128
343142
343155
343158
343161
343166
343176
343188
343189
343206
343219
343230
343246
343261
343263
343278
343290
343291
343301
343335
343360
343376
343385
343405
343408
343412
343432
343458
343460
343482
343491
343493
343499
343501
343502
343504
343504
343510
343514
343529
343530
343533
343540
343545
343550
343555
343564
343564
343577
343593
343600
343601
343605
343605
343624
343642
343643
343675
343684
343707
343715
343717
343731
343762
343770
343795
343808
343810
343824
343827
343830
343834
343841
343842
343853
343874
343877
343897
343899
343901
343916
343935
343949
343951
343959
343974
343999
344013
344034
344047
344048
344049
344053
344056
344063
344070
344070
344088
344096
344106
344112
344148
344150
344152
344152
344159
344160
344182
344186
344198
344213
344213
344216
344221
344236
344244
344250
344250
344254
344275
344283
344292
344297
344329
344340
344345
344353
344358
344374
344380
344392
344399
344400
344413
344416
344431
344435
344455
344477
344481
344489
344502
344516
344519
344533
344539
344542
344546
344563
344566
344590
344607
344623
344630
344630
344651
344651
344653
344661
344663
344670
344682
344691
344697
344713
344718
344736
344747
344778
344783
344785
344787
344800
344814
344816
344818
344847
344873
344884
344890
344902
344903
344914
344919
344920
344927
344961
344968
344970
344973
344998
345008
345028
345034
345038
345041
345048
345060
345064
345082
345082
345083
345089
345093
345093
345103
345107
345107
345108
345116
345130
345148
345156
345172
345180
345197
345200
345216
345226
345238
345246
345248
345249
345252
345257
345259
345288
345316
345331
345345
345352
345359
345368
345373
345374
345376
345378
345380
345383
345395
345401
345401
345416
345426
345432
345444
345446
345461
345465
345465
345473
345476
345489
345490
345494
345510
345524
345527
345541
345550
345554
345559
345566
345573
345575
345578
345579
345591
345613
345634
345637
345639
345657
345658
345663
345663
345688
345696
345717
345723
345739
345747
345765
345792
345798
345858
345859
345884
345884
345896
345897
345898
345898
345899
345927
345963
345963
345975
345981
346012
346021
346030
346038
346044
346049
346053
346079
346083
346084
346090
346091
346091
346109
346113
346118
346135
346142
346155
346163
346167
346199
346213
346222
346224
346232
346238
346244
346275
346296
346299
346319
346327
346355
346363
346386
346394
346419
346432
346454
346471
346480
346522
346542
346550
346551
346582
346583
346602
346607
346607
346610
346614
346618
346618
346677
346685
346686
346700
346714
346723
346725
346730
346745
346749
346767
346770
346776
346778
346780
346794
346803
346823
346824
346835
346850
346852
346877
346884
346886
346887
346893
346895
346897
346921
346935
346950
346951
346962
346973
346984
347001
347006
347010
347030
347032
347034
347041
347045
347061
347065
347081
347086
347108
347114
347132
347137
347145
347151
347152
347161
347164
347173
347176
347177
347187
347190
347192
347207
347233
347242
347250
347278
347286
347295
347301
347302
347304
347311
347318
347333
347347
347360
347365
347365
347385
347386
347392
347393
347397
347412
347463
347468
347505
347512
347524
347539
347539
347547
347560
347571
347599
347600
347623
347633
347644
347646
347704
347705
347711
347718
347729
347731
347746
347748
347752
347759
347772
347781
347789
347792
347796
347805
347829
347830
347834
347851
347860
347861
347862
347863
347865
347868
347876
347881
347891
347896
347923
347948
347956
347963
347971
347974
347979
347990
348021
348047
348056
348062
348071
348074
348079
348116
348121
348143
348153
348157
348158
348161
348163
348169
348186
348208
348215
348223
348226
348230
348237
348257
348266
348269
348278
348290
348299
348301
348303
348314
348322
348325
348335
348336
348343
348351
348353
348464
348464
348477
348478
348481
348490
348493
348499
348503
348568
348579
348587
348589
348610
348612
348633
348634
348652
348664
348673
348715
348730
348735
348735
348743
348763
348765
348787
348797
348802
348806
348821
348824
348829
348845
348863
348880
348901
348919
348939
348944
348952
348953
348955
348991
349000
349015
349048
349049
349050
349053
349056
349059
349075
349076
349078
349080
349085
349095
349115
349131
349134
349150
349151
349161
349173
349179
349182
349190
349200
349217
349221
349222
349223
349238
349246
349246
349284
349296
349303
349312
349315
349316
349327
349351
349354
349357
349359
349375
349398
349433
349447
349482
349485
349488
349497
349503
349515
349531
349562
349564
349566
349574
349579
349579
349581
349588
349593
349594
349604
349611
349622
349630
349651
349665
349667
349670
349672
349679
349689
349693
349711
349717
349719
349726
349749
349765
349765
349778
349784
349799
349812
349819
349825
349829
349863
349873
349889
349900
349902
349911
349924
349924
349924
349941
349952
349955
349957
349968
349971
349972
349987
350009
350009
350009
350010
350018
350021
350021
350025
350026
350044
350054
350067
350067
350084
350092
350093
350095
350108
350119
350134
350157
350166
350167
350180
350212
350222
350223
350228
350228
350251
350259
350261
350262
350267
350270
350290
350293
350299
350311
350324
350337
350358
350358
350384
350389
350390
350390
350401
350404
350405
350414
350439
350447
350456
350456
350476
350487
350505
350534
350543
350549
350554
350566
350583
350587
350589
350603
350603
350604
350612
350619
350647
350666
350672
350679
350695
350703
350704
350714
350719
350719
350724
350728
350751
350757
350758
350759
350773
350779
350794
350802
350828
350837
350837
350851
350870
350893
350899
350917
350943
350945
350950
350953
350958
350961
350987
350988
350992
350997
351013
351024
351024
351024
351028
351034
351042
351046
351047
351049
351049
351058
351058
351062
351063
351089
351123
351143
351162
351165
351173
351177
351183
351198
351217
351238
351238
351255
351262
351298
351300
351301
351327
351335
351336
351353
351361
351369
351376
351400
351402
351407
351427
351437
351441
351442
351513
351513
351517
351532
351544
351550
351554
351564
351568
351575
351586
351603
351604
351616
351618
351640
351645
351649
351662
351689
351691
351708
351724
351733
351745
351756
351761
351766
351776
351788
351792
351798
351801
351806
351809
351811
351813
351814
351834
351841
351853
351855
351856
351876
351876
351880
351884
351922
351929
351939
351940
351951
351952
351954
351977
351997
352004
352004
352014
352014
352019
352025
352074
352080
352089
352091
352099
352103
352110
352116
352116
352127
352134
352137
352141
352144
352170
352179
352197
352209
352211
352212
352218
352221
352229
352229
352231
352248
352257
352267
352271
352275
352282
352287
352291
352293
352293
352296
352303
352305
352306
352307
352307
352307
352319
352327
352341
352346
352350
352357
352371
352373
352393
352397
352427
352436
352442
352467
352475
352477
352489
352492
352520
352524
352525
352544
352572
352587
352587
352591
352607
352613
352634
352635
352642
352646
352667
352689
352689
352719
352746
352752
352771
352782
352812
352815
352818
352824
352838
352851
352871
352888
352895
352903
352913
352922
352925
352997
353013
353022
353026
353026
353040
353045
353059
353062
353068
353083
353109
353109
353136
353158
353169
353172
353173
353177
353183
353186
353211
353214
353219
353237
353241
353248
353263
353275
353285
353285
353286
353304
353307
353325
353356
353406
353413
353432
353460
353472
353478
353481
353486
353486
353488
353507
353511
353512
353516
353517
353523
353527
353538
353554
353558
353564
353582
353605
353609
353616
353618
353623
353631
353652
353656
353665
353665
353689
353692
353710
353714
353724
353732
353733
353735
353738
353757
353763
353764
353766
353784
353793
353803
353812
353821
353828
353838
353840
353854
353860
353893
353901
353902
353911
353916
353939
353939
353949
353954
353955
353973
353996
354011
354034
354040
354078
354087
354102
354105
354107
354125
354132
354142
354162
354167
354201
354202
354205
354208
354217
354224
354230
354239
354252
354264
354264
354275
354284
354292
354293
354297
354321
354358
354379
354383
354391
354395
354399
354414
354415
354425
354430
354434
354443
354451
354466
354467
354480
354508
354516
354517
354518
354528
354565
354580
354589
354609
354616
354635
354635
354642
354646
354653
354689
354710
354716
354724
354770
354784
354790
354811
354822
354822
354828
354850
354852
354855
354866
354867
354869
354879
354880
354915
354959
354959
354970
354977
354991
355006
355014
355026
355027
355053
355055
355065
355077
355092
355113
355118
355152
355156
355170
355190
355212
355220
355248
355256
355261
355276
355286
355296
355297
355305
355313
355315
355326
355336
355338
355338
355342
355360
355365
355369
355388
355403
355417
355421
355428
355430
355454
355456
355492
355503
355506
355522
355522
355527
355527
355528
355538
355543
355555
355570
355575
355580
355604
355616
355620
355622
355622
355623
355628
355634
355655
355716
355728
355801
355815
355834
355844
355844
355854
355870
355877
355880
355881
355892
355898
355919
355926
355958
355959
355978
355978
355981
355983
355983
355988
355995
356006
356020
356022
356029
356033
356035
356038
356042
356044
356047
356072
356076
356084
356095
356121
356135
356137
356138
356146
356146
356155
356159
356169
356172
356173
356175
356177
356182
356186
356195
356207
356227
356238
356243
356249
356262
356262
356276
356277
356285
356291
356298
356303
356346
356358
356363
356364
356380
356386
356399
356415
356430
356435
356441
356448
356468
356479
356482
356505
356521
356531
356545
356546
356554
356555
356565
356593
356594
356599
356607
356641
356641
356646
356653
356683
356689
356694
356713
356732
356736
356749
356770
356776
356778
356801
356827
356829
356853
356860
356870
356873
356876
356876
356907
356928
356935
356935
356958
356965
356978
356981
356992
356992
357039
357054
357065
357069
357089
357095
357098
357105
357110
357133
357139
357155
357170
357184
357193
357196
357212
357213
357215
357219
357229
357258
357283
357295
357309
357310
357312
357316
357316
357323
357327
357332
357363
357373
357382
357398
357410
357411
357411
357423
357430
357435
357443
357454
357466
357471
357480
357498
357507
357511
357511
357515
357543
357550
357555
357556
357557
357563
357573
357581
357613
357615
357617
357621
357622
357623
357628
357629
357634
357642
357642
357645
357661
357663
357672
357677
357679
357698
357720
357726
357748
357749
357768
357774
357796
357798
357807
357809
357858
357859
357866
357880
357891
357893
357902
357906
357916
357923
357926
357933
357944
357950
357956
357967
357968
357986
358018
358027
358039
358041
358042
358043
358057
358067
358069
358069
358069
358081
358084
358087
358092
358106
358117
358133
358143
358148
358149
358153
358170
358174
358186
358187
358188
358205
358207
358207
358208
358212
358238
358245
358259
358274
358278
358282
358289
358303
358312
358312
358323
358326
358327
358342
358349
358354
358365
358416
358417
358432
358437
358450
358453
358469
358470
358475
358486
358489
358495
358509
358515
358558
358561
358563
358565
358566
358574
358577
358581
358596
358601
358623
358638
358662
358670
358686
358690
358694
358725
358728
358728
358731
358732
358740
358743
358765
358767
358786
358791
358801
358819
358828
358836
358839
358843
358853
358870
358891
358942
358962
358972
358976
358977
358997
359000
359002
359004
359019
359029
359031
359031
359048
359052
359070
359078
359089
359091
359113
359133
359134
359138
359139
359143
359194
359199
359208
359214
359215
359219
359227
359228
359232
359234
359236
359236
359244
359245
359248
359250
359276
359288
359297
359299
359302
359330
359331
359344
359356
359362
359368
359373
359382
359392
359428
359433
359444
359455
359473
359476
359478
359485
359490
359517
359521
359525
359531
359531
359552
359573
359577
359582
359594
359601
359610
359619
359631
359648
359660
359673
359700
359708
359712
359726
359734
359753
359764
359765
359796
359804
359806
359824
359826
359833
359849
359863
359873
359874
359883
359886
359895
359906
359915
359920
359929
359937
359946
359953
360003
360009
360023
360032
360039
360046
360074
360086
360093
360094
360124
360145
360154
360159
360170
360176
360183
360184
360186
360193
360216
360242
360253
360277
360306
360327
360335
360357
360360
360362
360368
360378
360380
360385
360402
360412
360417
360427
360437
360459
360484
360508
360526
360541
360545
360548
360554
360646
360654
360659
360671
360672
360674
360676
360693
360703
360726
360762
360770
360794
360813
360835
360844
360883
360887
360907
360907
360929
360929
360929
360947
360947
360958
360960
360988
361005
361010
361018
361020
361030
361036
361037
361055
361061
361097
361103
361110
361113
361117
361137
361141
361153
361173
361184
361186
361192
361206
361227
361235
361237
361240
361244
361254
361258
361261
361263
361265
361287
361289
361309
361309
361310
361311
361316
361325
361329
361342
361406
361410
361417
361472
361485
361488
361497
361498
361517
361520
361526
361540
361542
361545
361545
361546
361557
361569
361576
361596
361644
361660
361682
361688
361706
361728
361735
361748
361766
361773
361776
361797
361809
361829
361850
361851
361860
361863
361895
361898
361930
361934
361952
361970
361972
361978
361985
361996
361997
361999
362000
362018
362051
362060
362070
362079
362092
362093
362095
362099
362101
362104
362122
362128
362129
362134
362151
362152
362157
362165
362175
362194
362207
362207
362246
362272
362281
362286
362292
362297
362298
362304
362311
362319
362330
362338
362344
362364
362365
362372
362381
362394
362405
362409
362433
362439
362452
362453
362458
362486
362494
362495
362512
362531
362559
362565
362567
362573
362605
362606
362614
362638
362640
362641
362652
362671
362673
362676
362690
362694
362698
362701
362705
362716
362719
362725
362733
362736
362742
362747
362770
362779
362787
362808
362809
362817
362843
362861
362866
362873
362881
362918
362948
362953
362967
362987
363037
363066
363088
363099
363111
363112
363138
363149
363168
363178
363185
363189
363198
363204
363205
363212
363228
363244
363263
363273
363274
363297
363310
363327
363332
363335
363336
363352
363352
363358
363371
363379
363388
363393
363396
363412
363420
363421
363424
363431
363454
363469
363469
363480
363485
363487
363487
363495
363517
363522
363524
363529
363530
363543
363548
363562
363588
363603
363621
363641
363644
363651
363661
363684
363685
363686
363710
363712
363712
363722
363752
363756
363760
363760
363761
363772
363792
363792
363801
363803
363806
363813
363814
363820
363820
363823
363825
363835
363850
363852
363861
363861
363864
363877
363884
363884
363904
363922
363923
363950
363958
363958
363967
363972
364012
364042
364045
364049
364067
364078
364093
364116
364131
364137
364153
364153
364167
364185
364189
364221
364252
364255
364274
364332
364346
364362
364369
364393
364411
364414
364416
364419
364426
364430
364437
364458
364461
364463
364468
364494
364509
364520
364554
364567
364584
364613
364617
364634
364660
364668
364707
364714
364724
364728
364728
364739
364753
364755
364789
364805
364810
364811
364812
364825
364840
364855
364862
364868
364872
364900
364934
364954
364960
364976
364985
364987
364988
364989
364996
365003
365007
365011
365018
365045
365062
365081
365087
365102
365104
365108
365114
365118
365120
365141
365154
365179
365183
365183
365190
365210
365214
365217
365222
365238
365240
365274
365280
365291
365294
365305
365314
365319
365319
365331
365335
365341
365353
365353
365364
365381
365382
365382
365388
365409
365410
365420
365430
365440
365449
365453
365453
365454
365461
365465
365477
365484
365497
365506
365507
365507
365523
365535
365541
365551
365560
365564
365592
365678
365693
365741
365747
365755
365758
365761
365766
365766
365774
365777
365795
365796
365807
365808
365817
365823
365826
365834
365836
365844
365853
365883
365892
365914
365919
365921
365922
365962
365965
365967
365979
365983
365998
366003
366008
366032
366033
366037
366044
366058
366060
366070
366085
366085
366086
366087
366117
366136
366152
366158
366222
366235
366244
366254
366256
366264
366278
366282
366292
366294
366300
366312
366312
366319
366320
366329
366333
366340
366345
366361
366380
366399
366401
366424
366428
366443
366460
366463
366473
366474
366490
366494
366496
366524
366527
366536
366540
366550
366559
366565
366577
366579
366581
366600
366611
366613
366617
366630
366635
366681
366683
366690
366692
366694
366719
366721
366723
366732
366744
366752
366788
366791
366820
366835
366840
366848
366855
366857
366858
366858
366874
366874
366875
366892
366898
366940
366951
366953
366957
366957
366965
366972
366982
366988
366989
366990
367002
367002
367011
367031
367031
367051
367057
367062
367063
367090
367092
367092
367093
367095
367096
367101
367109
367112
367115
367127
367141
367164
367182
367191
367197
367238
367261
367283
367289
367292
367298
367301
367326
367328
367339
367339
367346
367349
367361
367363
367368
367374
367405
367437
367441
367444
367462
367471
367477
367492
367532
367536
367541
367548
367567
367594
367601
367611
367612
367613
367615
367619
367620
367638
367639
367655
367660
367661
367681
367687
367705
367707
367717
367717
367724
367734
367738
367748
367757
367781
367800
367817
367831
367832
367839
367847
367851
367874
367890
367903
367909
367935
367945
367960
367966
367972
367979
368009
368012
368046
368047
368047
368048
368059
368061
368070
368084
368091
368091
368092
368096
368102
368103
368115
368119
368121
368143
368149
368150
368161
368164
368182
368202
368205
368209
368209
368212
368219
368219
368221
368234
368247
368248
368255
368271
368326
368370
368375
368404
368411
368420
368428
368438
368438
368443
368443
368464
368480
368484
368486
368489
368493
368499
368512
368517
368519
368544
368546
368547
368566
368572
368575
368576
368596
368605
368617
368621
368640
368648
368658
368667
368671
368684
368713
368720
368727
368731
368758
368760
368774
368778
368786
368787
368811
368812
368837
368838
368854
368859
368879
368895
368915
368936
368961
368996
369007
369009
369025
369037
369044
369081
369127
369128
369132
369148
369205
369211
369222
369224
369238
369261
369271
369280
369304
369304
369323
369324
369330
369331
369346
369375
369391
369396
369426
369446
369456
369457
369461
369466
369476
369478
369490
369514
369517
369530
369542
369556
369561
369573
369574
369581
369597
369604
369611
369623
369631
369644
369675
369678
369682
369684
369700
369702
369713
369715
369716
369754
369762
369768
369783
369787
369816
369817
369822
369864
369865
369866
369873
369891
369895
369896
369920
369925
369927
369941
369950
369956
369972
369982
369992
370001
370011
370012
370018
370020
370027
370029
370036
370036
370072
370082
370082
370084
370104
370105
370121
370127
370134
370138
370159
370169
370175
370205
370213
370224
370234
370264
370283
370286
370301
370307
370318
370345
370362
370364
370388
370404
370406
370409
370413
370432
370439
370449
370457
370468
370475
370498
370502
370508
370530
370534
370547
370554
370566
370598
370627
370653
370654
370666
370671
370675
370678
370695
370696
370703
370712
370801
370820
370830
370831
370832
370849
370868
370879
370882
370896
370909
370913
370918
370924
370935
370956
370968
370988
370992
370998
371009
371024
371060
371087
371091
371108
371121
371133
371139
371148
371162
371176
371186
371189
371199
371240
371241
371241
371257
371258
371263
371267
371283
371293
371301
371305
371307
371315
371317
371321
371329
371340
371347
371354
371402
371409
371412
371435
371443
371450
371452
371469
371473
371476
371479
371484
371489
371507
371515
371524
371549
371564
371568
371584
371593
371594
371603
371615
371615
371630
371643
371657
371697
371717
371718
371721
371725
371742
371749
371761
371764
371779
371783
371809
371814
371837
371837
371839
371845
371850
371852
371879
371886
371910
371910
371914
371924
371927
371933
371951
371968
371979
371994
371999
372025
372041
372047
372056
372076
372081
372090
372092
372102
372124
372126
372143
372143
372148
372148
372163
372170
372174
372208
372213
372217
372239
372243
372259
372269
372292
372301
372304
372307
372312
372357
372386
372401
372409
372410
372412
372427
372452
372460
372462
372472
372496
372497
372503
372513
372546
372557
372567
372580
372581
372594
372596
372598
372604
372616
372633
372637
372638
372660
372673
372677
372679
372696
372706
372715
372731
372739
372750
372770
372773
372787
372802
372806
372806
372809
372837
372842
372847
372851
372865
372869
372883
372922
372955
372973
372979
372981
372986
373005
373017
373036
373039
373050
373052
373052
373052
373085
373112
373145
373158
373169
373177
373188
373193
373195
373215
373216
373276
373289
373295
373317
373326
373326
373327
373343
373361
373361
373363
373366
373379
373382
373395
373401
373405
373456
373456
373457
373463
373469
373473
373478
373487
373494
373498
373504
373509
373538
373543
373553
373562
373599
373625
373627
373631
373643
373646
373652
373653
373670
373676
373678
373679
373680
373695
373704
373709
373714
373725
373726
373736
373742
373751
373754
373768
373770
373775
373817
373834
373844
373862
373863
373887
373904
373904
373906
373909
373917
373933
373933
373939
373940
373944
373946
373953
373956
373962
373969
373996
374021
374027
374028
374034
374048
374053
374060
374061
374075
374082
374091
374097
374113
374127
374138
374148
374149
374150
374171
374178
374196
374200
374254
374270
374284
374287
374287
374294
374304
374312
374314
374316
374323
374324
374327
374331
374340
374359
374384
374407
374420
374424
374435
374454
374458
374473
374476
374488
374513
374514
374529
374581
374583
374597
374604
374617
374650
374655
374662
374682
374702
374714
374724
374734
374737
374740
374745
374752
374761
374767
374768
374794
374796
374825
374832
374834
374835
374845
374846
374848
374875
374887
374893
374893
374895
374897
374899
374905
374911
374919
374923
374943
374947
374957
374961
374978
374979
375006
375009
375010
375015
375033
375036
375052
375071
375075
375078
375097
375125
375131
375170
375172
375173
375198
375207
375231
375234
375246
375247
375250
375252
375253
375253
375254
375312
375317
375331
375334
375355
375358
375379
375400
375409
375411
375418
375423
375431
375432
375437
375447
375454
375454
375474
375478
375489
375507
375513
375529
375548
375548
375549
375551
375563
375563
375580
375586
375591
375591
375600
375604
375618
375629
375636
375637
375640
375653
375672
375686
375691
375711
375716
375721
375725
375730
375730
375745
375747
375751
375784
375796
375801
375803
375815
375824
375847
375860
375863
375872
375896
375902
375907
375907
375914
375927
375937
375940
375947
375949
375955
375978
375993
376009
376015
376019
376019
376025
376027
376029
376049
376050
376050
376073
376095
376096
376096
376105
376109
376116
376131
376141
376154
376167
376169
376197
376205
376225
376235
376236
376237
376239
376262
376287
376290
376290
376295
376316
376331
376359
376383
376391
376396
376422
376431
376437
376442
376442
376451
376521
376523
376525
376526
376530
376544
376575
376621
376625
376625
376631
376631
376639
376644
376644
376680
376683
376694
376701
376709
376728
376749
376765
376792
376807
376821
376827
376827
376840
376855
376855
376856
376857
376875
376876
376889
376906
376908
376911
376917
376950
376959
376972
376976
376987
376993
376995
376997
377002
377011
377024
377027
377027
377028
377045
377079
377105
377107
377109
377116
377124
377147
377152
377155
377166
377173
377174
377177
377183
377184
377206
377216
377229
377233
377247
377252
377254
377272
377288
377302
377305
377307
377309
377324
377327
377333
377335
377344
377346
377361
377388
377394
377398
377412
377416
377439
377454
377466
377478
377481
377494
377498
377507
377528
377528
377533
377541
377567
377574
377577
377577
377588
377595
377608
377615
377627
377628
377637
377671
377688
377701
377707
377730
377740
377745
377766
377770
377821
377842
377842
377844
377852
377853
377876
377906
377911
377916
377920
377962
377976
377980
377986
377993
378001
378004
378010
378030
378038
378045
378060
378065
378066
378067
378086
378101
378106
378107
378135
378149
378162
378168
378183
378200
378207
378210
378215
378220
378222
378255
378258
378271
378296
378303
378313
378314
378322
378327
378352
378365
378374
378388
378407
378418
378437
378442
378450
378450
378454
378459
378463
378468
378484
378494
378515
378525
378531
378535
378537
378539
378568
378571
378595
378595
378597
378614
378629
378646
378651
378652
378655
378672
378673
378680
378684
378689
378689
378708
378730
378745
378767
378782
378789
378798
378813
378817
378832
378833
378839
378851
378857
378865
378882
378891
378899
378903
378915
378922
378937
378939
378945
378949
378972
378975
378977
378990
378992
379023
379024
379040
379062
379074
379087
379091
379092
379106
379114
379120
379121
379133
379136
379137
379163
379164
379172
379173
379177
379178
379180
379192
379199
379204
379231
379232
379232
379242
379243
379250
379283
379330
379335
379340
379346
379350
379352
379353
379359
379372
379378
379396
379408
379422
379428
379453
379478
379489
379492
379509
379513
379513
379536
379540
379554
379561
379567
379578
379600
379615
379620
379626
379630
379636
379639
379642
379646
379670
379673
379675
379683
379686
379691
379691
379706
379709
379718
379740
379765
379768
379779
379786
379795
379800
379839
379840
379862
379895
379923
379942
379946
379952
379952
379955
379965
379966
379966
379980
380021
380026
380041
380046
380046
380051
380058
380071
380071
380104
380115
380119
380123
380133
380138
380159
380166
380181
380204
380211
380223
380226
380230
380285
380292
380300
380307
380307
380335
380358
380364
380368
380372
380380
380392
380394
380404
380430
380445
380446
380461
380476
380499
380509
380519
380528
380529
380546
380568
380573
380591
380632
380632
380636
380666
380689
380700
380712
380727
380748
380761
380770
380771
380779
380794
380799
380800
380804
380811
380819
380833
380864
380889
380898
380903
380906
380912
380921
380925
380932
380954
380954
380977
380978
380985
380991
381002
381026
381026
381027
381062
381082
381083
381087
381087
381093
381095
381098
381100
381110
381131
381137
381140
381144
381163
381163
381176
381180
381180
381189
381192
381192
381192
381196
381211
381236
381238
381241
381245
381252
381272
381276
381290
381295
381298
381305
381309
381337
381341
381362
381364
381376
381380
381393
381397
381399
381407
381418
381444
381445
381466
381476
381480
381505
381509
381510
381519
381529
381530
381531
381537
381542
381549
381555
381570
381573
381585
381585
381592
381603
381603
381628
381629
381637
381649
381663
381669
381670
381692
381697
381705
381707
381712
381713
381718
381787
381792
381794
381802
381808
381836
381842
381861
381882
381911
381924
381931
381940
381947
381951
381964
381968
381981
381986
381988
381991
381994
381994
382002
382003
382007
382018
382021
382024
382024
382025
382039
382052
382062
382082
382084
382089
382095
382155
382199
382208
382212
382225
382233
382249
382299
382303
382309
382323
382333
382337
382353
382365
382373
382383
382398
382411
382415
382417
382432
382453
382461
382463
382464
382473
382498
382510
382514
382529
382552
382560
382563
382569
382581
382582
382587
382597
382602
382604
382605
382615
382625
382627
382630
382639
382650
382654
382691
382692
382692
382708
382711
382712
382722
382744
382747
382748
382755
382762
382777
382777
382785
382785
382807
382808
382820
382821
382822
382835
382841
382863
382881
382883
382891
382893
382894
382910
382916
382930
382933
382934
382976
382981
382982
383001
383009
383019
383032
383039
383058
383066
383067
383097
383103
383114
383114
383118
383136
383143
383159
383168
383169
383170
383179
383186
383191
383194
383226
383258
383273
383285
383303
383309
383340
383341
383344
383354
383356
383361
383380
383412
383415
383422
383444
383456
383464
383479
383493
383495
383504
383530
383535
383554
383574
383577
383578
383579
383602
383608
383626
383629
383630
383633
383633
383646
383650
383661
383662
383664
383672
383684
383687
383695
383697
383703
383715
383739
383745
383750
383752
383761
383766
383778
383803
383810
383812
383816
383825
383837
383853
383862
383863
383867
383871
383878
383893
383896
383909
383911
383914
383925
383945
383946
383967
383982
383998
384003
384009
384019
384023
384038
384039
384043
384043
384050
384052
384069
384069
384116
384128
384133
384159
384166
384168
384174
384181
384182
384209
384210
384214
384214
384218
384229
384229
384251
384266
384268
384268
384275
384280
384289
384306
384319
384322
384322
384334
384352
384353
384360
384360
384361
384377
384385
384400
384404
384432
384437
384437
384451
384452
384473
384507
384543
384553
384561
384562
384568
384573
384577
384579
384589
384590
384593
384594
384604
384635
384635
384637
384651
384664
384665
384671
384683
384684
384696
384712
384735
384748
384759
384763
384776
384785
384813
384821
384822
384832
384842
384860
384872
384876
384885
384913
384918
384925
384926
384942
384943
384964
384969
384984
384988
384994
385012
385024
385031
385044
385053
385059
385062
385067
385075
385078
385123
385124
385125
385125
385128
385133
385147
385179
385183
385201
385223
385232
385306
385317
385317
385323
385332
385333
385341
385341
385346
385353
385368
385402
385411
385419
385432
385443
385445
385452
385455
385458
385475
385482
385512
385516
385524
385551
385569
385585
385590
385599
385627
385659
385666
385671
385695
385697
385709
385712
385713
385722
385730
385744
385750
385757
385775
385777
385800
385814
385814
385815
385818
385866
385891
385904
385907
385927
385942
385943
385962
386010
386013
386044
386066
386093
386121
386145
386179
386181
386188
386207
386234
386244
386245
386254
386266
386295
386297
386310
386335
386341
386348
386373
386387
386398
386412
386471
386472
386497
386513
386530
386538
386554
386559
386569
386573
386578
386588
386598
386609
386617
386626
386642
386646
386655
386672
386696
386703
386715
386719
386746
386747
386764
386766
386775
386779
386790
386794
386801
386803
386805
386807
386820
386834
386838
386840
386843
386848
386850
386864
386865
386881
386891
386894
386910
386928
386964
386982
386986
386991
387000
387007
387010
387014
387014
387025
387031
387036
387037
387067
387069
387077
387088
387103
387111
387117
387120
387133
387134
387141
387169
387172
387176
387187
387193
387194
387203
387215
387221
387222
387232
387241
387246
387251
387266
387283
387289
387291
387296
387302
387306
387320
387320
387332
387339
387340
387371
387374
387380
387400
387413
387419
387442
387482
387489
387499
387500
387500
387521
387529
387530
387536
387538
387548
387550
387555
387570
387572
387576
387588
387604
387607
387628
387630
387664
387671
387671
387699
387701
387704
387707
387714
387718
387721
387736
387741
387752
387780
387834
387852
387855
387858
387867
387876
387878
387883
387894
387895
387896
387923
387924
387931
387980
387986
387988
387992
387992
387994
387999
388013
388033
388060
388067
388070
388073
388074
388082
388092
388094
388117
388124
388128
388147
388155
388161
388165
388179
388192
388212
388225
388242
388262
388280
388289
388303
388310
388323
388335
388340
388341
388351
388356
388356
388377
388383
388386
388420
388452
388454
388457
388463
388478
388481
388499
388499
388501
388514
388521
388524
388545
388546
388564
388569
388572
388587
388602
388625
388651
388659
388662
388674
388685
388688
388689
388695
388704
388712
388722
388739
388746
388758
388765
388770
388771
388774
388785
388789
388789
388808
388827
388832
388861
388905
388920
388927
388968
388972
388975
388988
389012
389016
389016
389026
389027
389029
389030
389051
389091
389093
389111
389114
389116
389127
389144
389146
389149
389158
389167
389168
389175
389179
389192
389231
389241
389248
389251
389255
389265
389276
389277
389278
389289
389291
389295
389318
389332
389339
389339
389348
389359
389386
389400
389401
389409
389412
389428
389434
389439
389456
389461
389462
389496
389501
389507
389508
389515
389520
389542
389551
389557
389562
389568
389572
389575
389584
389585
389590
389597
389606
389610
389614
389626
389643
389649
389651
389654
389662
389664
389665
389679
389689
389689
389701
389709
389720
389723
389724
389724
389731
389742
389743
389755
389758
389789
389793
389805
389818
389837
389850
389851
389854
389876
389888
389891
389908
389935
389936
389946
389961
389965
389974
389990
390007
390017
390020
390020
390022
390026
390052
390059
390059
390066
390067
390073
390080
390086
390088
390098
390101
390112
390115
390121
390124
390129
390134
390135
390142
390148
390153
390166
390175
390180
390211
390225
390226
390232
390239
390243
390260
390269
390276
390282
390285
390287
390306
390309
390335
390340
390354
390356
390366
390370
390374
390381
390389
390395
390399
390404
390414
390414
390423
390428
390428
390441
390454
390468
390479
390490
390500
390528
390528
390536
390539
390575
390580
390587
390592
390618
390628
390636
390639
390646
390647
390647
390647
390660
390660
390661
390678
390693
390709
390717
390719
390724
390757
390790
390795
390796
390803
390813
390824
390829
390867
390898
390921
390926
390927
390928
390958
390968
390971
390974
390977
390977
390982
391015
391052
391072
391077
391077
391088
391094
391103
391103
391108
391112
391113
391119
391119
391126
391133
391137
391138
391140
391140
391154
391162
391162
391175
391178
391179
391201
391205
391208
391215
391226
391244
391257
391265
391265
391293
391306
391309
391310
391317
391337
391342
391343
391345
391359
391368
391384
391385
391404
391405
391423
391428
391432
391436
391453
391456
391479
391480
391490
391494
391495
391505
391507
391508
391513
391524
391543
391543
391544
391555
391558
391568
391575
391592
391603
391605
391618
391652
391653
391653
391696
391713
391732
391754
391761
391792
391800
391809
391828
391829
391830
391831
391865
391896
391904
391913
391918
391922
391923
391934
391963
391967
391972
391977
391990
391999
392003
392008
392008
392009
392015
392026
392034
392034
392059
392062
392062
392073
392095
392130
392133
392140
392146
392155
392178
392189
392196
392206
392206
392236
392240
392271
392292
392294
392297
392304
392328
392340
392344
392344
392368
392386
392407
392417
392423
392447
392457
392462
392466
392470
392477
392489
392500
392520
392523
392538
392551
392590
392595
392605
392607
392636
392636
392638
392647
392653
392653
392657
392661
392684
392700
392701
392702
392707
392761
392776
392789
392829
392861
392876
392882
392891
392900
392902
392907
392920
392926
392937
392952
392964
392971
392982
393002
393021
393025
393026
393040
393043
393045
393052
393065
393066
393077
393080
393097
393102
393113
393130
393156
393164
393168
393176
393182
393195
393224
393234
393238
393243
393252
393257
393260
393270
393284
393296
393319
393338
393340
393342
393369
393385
393389
393394
393413
393417
393435
393449
393489
393492
393494
393497
393504
393529
393532
393540
393548
393552
393552
393557
393564
393566
393572
393578
393588
393594
393603
393615
393619
393640
393651
393660
393668
393671
393708
393741
393743
393744
393749
393750
393754
393755
393762
393769
393788
393795
393796
393799
393803
393804
393810
393824
393824
393829
393835
393843
393859
393865
393866
393867
393872
393879
393894
393898
393913
393916
393960
393972
393973
393975
393988
394017
394034
394048
394055
394083
394090
394097
394098
394114
394116
394120
394126
394129
394166
394178
394194
394197
394203
394209
394218
394224
394247
394262
394264
394269
394272
394293
394301
394304
394310
394311
394315
394322
394325
394325
394334
394342
394350
394364
394365
394371
394379
394391
394402
394409
394422
394423
394428
394435
394453
394456
394461
394462
394469
394487
394499
394513
394515
394518
394526
394531
394541
394547
394556
394564
394564
394585
394588
394622
394633
394638
394644
394652
394660
394666
394701
394701
394709
394710
394715
394737
394740
394745
394754
394761
394768
394772
394788
394789
394798
394804
394804
394808
394820
394822
394828
394833
394867
394878
394891
394893
394901
394908
394918
394924
394933
394948
394951
394956
394959
394975
394977
394982
394987
395014
395032
395035
395045
395051
395055
395065
395072
395075
395078
395082
395092
395114
395123
395129
395159
395175
395178
395182
395188
395190
395191
395213
395242
395251
395256
395286
395287
395287
395303
395308
395328
395357
395366
395370
395396
395405
395406
395407
395442
395454
395454
395455
395460
395476
395481
395487
395491
395521
395527
395528
395554
395577
395587
395591
395604
395606
395612
395616
395622
395625
395642
395645
395664
395677
395679
395699
395704
395704
395726
395738
395743
395785
395793
395797
395819
395821
395849
395859
395871
395872
395872
395878
395900
395901
395916
395929
395948
395949
395950
395963
395964
395978
395993
396007
396015
396018
396019
396028
396045
396051
396055
396070
396079
396101
396151
396153
396160
396162
396163
396173
396190
396191
396192
396196
396210
396215
396235
396243
396248
396254
396266
396283
396290
396290
396291
396292
396299
396299
396317
396331
396345
396346
396349
396351
396354
396358
396361
396364
396379
396381
396395
396396
396397
396400
396419
396436
396441
396443
396445
396449
396456
396461
396482
396486
396506
396513
396517
396524
396527
396529
396531
396546
396550
396561
396574
396577
396591
396593
396596
396615
396650
396655
396663
396670
396682
396698
396702
396712
396723
396724
396743
396751
396753
396765
396765
396766
396767
396768
396778
396784
396790
396820
396821
396821
396838
396858
396866
396890
396899
396901
396902
396915
396938
396941
396948
396950
396957
396961
396964
396976
396990
396996
396998
397010
397022
397030
397031
397052
397063
397068
397104
397108
397145
397145
397155
397160
397197
397204
397216
397223
397226
397303
397320
397321
397325
397325
397327
397329
397340
397360
397368
397374
397389
397390
397431
397446
397461
397487
397495
397504
397504
397510
397532
397535
397539
397558
397558
397568
397571
397600
397601
397612
397624
397624
397637
397642
397645
397663
397670
397673
397698
397719
397740
397754
397762
397774
397776
397778
397791
397797
397802
397815
397824
397847
397852
397858
397865
397868
397877
397885
397887
397888
397914
397928
397932
397935
397936
397940
397950
397960
397971
397973
397975
397978
397980
397984
397993
398023
398034
398045
398067
398080
398088
398101
398108
398115
398115
398121
398126
398129
398136
398138
398157
398177
398187
398194
398200
398201
398216
398236
398248
398259
398282
398283
398292
398299
398302
398346
398348
398352
398355
398358
398363
398365
398365
398373
398384
398389
398391
398402
398452
398455
398465
398469
398476
398479
398480
398485
398491
398504
398521
398529
398531
398547
398552
398569
398581
398585
398586
398587
398613
398637
398643
398643
398661
398661
398668
398695
398699
398710
398711
398714
398723
398739
398747
398754
398784
398801
398808
398809
398833
398836
398858
398862
398869
398873
398877
398882
398895
398918
398926
398958
398958
398973
398984
398998
399019
399036
399061
399066
399066
399068
399071
399077
399090
399095
399135
399138
399139
399145
399155
399175
399185
399193
399196
399197
399214
399214
399244
399244
399277
399279
399281
399284
399289
399304
399311
399324
399325
399330
399331
399331
399374
399379
399388
399400
399413
399423
399436
399436
399441
399447
399454
399468
399478
399480
399485
399492
399500
399507
399513
399526
399556
399567
399571
399573
399591
399598
399674
399676
399693
399693
399694
399708
399757
399758
399765
399769
399773
399776
399782
399810
399823
399826
399839
399844
399846
399846
399849
399865
399873
399873
399879
399907
399916
399922
399924
399952
399969
399992
400005
400041
400050
400063
400063
400075
400090
400094
400125
400127
400143
400170
400203
400228
400235
400253
400255
400263
400264
400265
400266
400267
400281
400283
400288
400323
400345
400359
400389
400395
400397
400417
400423
400427
400450
400468
400479
400501
400507
400511
400526
400555
400562
400566
400576
400580
400586
400600
400601
400610
400615
400623
400624
400637
400638
400645
400664
400665
400674
400685
400685
400690
400706
400734
400742
400756
400783
400796
400819
400822
400828
400830
400843
400847
400877
400886
400887
400890
400904
400912
400932
400934
400970
400970
400974
400976
400979
400983
400983
400983
401001
401009
401014
401017
401024
401034
401039
401056
401061
401068
401091
401129
401134
401150
401156
401171
401183
401199
401200
401203
401233
401246
401246
401253
401254
401258
401265
401292
401295
401303
401341
401342
401359
401362
401377
401377
401385
401394
401430
401444
401460
401469
401476
401477
401489
401498
401506
401508
401511
401514
401516
401522
401529
401551
401553
401558
401563
401572
401572
401587
401594
401608
401620
401644
401660
401666
401669
401674
401680
401693
401696
401699
401704
401712
401713
401736
401740
401753
401754
401762
401826
401829
401832
401833
401844
401851
401865
401865
401876
401879
401884
401886
401888
401892
401900
401914
401918
401921
401950
401969
401970
401971
401977
402000
402001
402020
402026
402037
402038
402047
402063
402071
402081
402093
402100
402103
402112
402114
402126
402130
402160
402175
402176
402176
402183
402186
402199
402199
402204
402205
402218
402221
402229
402233
402241
402251
402258
402270
402271
402279
402290
402312
402327
402352
402360
402371
402378
402383
402387
402412
402432
402433
402461
402469
402476
402515
402519
402556
402558
402562
402605
402605
402619
402625
402657
402667
402676
402690
402694
402702
402710
402720
402725
402729
402732
402754
402763
402765
402778
402795
402802
402816
402828
402832
402834
402837
402858
402862
402881
402894
402908
402938
402945
402947
402953
402972
402976
402978
402981
402993
403020
403034
403035
403043
403044
403054
403062
403073
403088
403106
403109
403110
403117
403123
403141
403143
403157
403158
403160
403169
403176
403178
403187
403220
403231
403236
403239
403255
403277
403320
403340
403340
403345
403356
403358
403359
403361
403414
403442
403448
403459
403459
403532
403545
403551
403551
403566
403602
403604
403606
403606
403621
403622
403629
403645
403654
403656
403664
403675
403690
403690
403700
403702
403707
403717
403726
403736
403739
403739
403745
403762
403768
403772
403775
403797
403802
403809
403814
403821
403827
403831
403834
403843
403857
403869
403883
403913
403918
403922
403923
403927
403927
403951
403969
403970
403980
403983
403992
403998
404017
404018
404023
404051
404061
404062
404086
404090
404095
404102
404103
404107
404111
404112
404120
404123
404123
404139
404142
404145
404158
404158
404160
404162
404173
404187
404220
404226
404260
404279
404291
404292
404297
404312
404326
404335
404345
404371
404374
404397
404414
404414
404441
404448
404481
404485
404490
404494
404498
404517
404525
404531
404570
404572
404578
404585
404589
404606
404646
404649
404651
404659
404678
404685
404710
404723
404759
404772
404788
404798
404837
404840
404851
404852
404865
404870
404871
404916
404923
404925
404931
404931
404937
404938
404949
404969
404984
404984
405023
405031
405035
405053
405053
405056
405062
405078
405079
405080
405117
405145
405158
405161
405165
405176
405184
405185
405188
405203
405211
405217
405224
405234
405241
405248
405255
405267
405274
405277
405290
405295
405302
405307
405329
405348
405384
405386
405389
405390
405391
405403
405432
405434
405439
405441
405454
405475
405476
405485
405486
405489
405490
405492
405502
405517
405532
405538
405567
405629
405640
405647
405648
405648
405657
405660
405707
405712
405718
405719
405724
405747
405765
405792
405801
405819
405820
405827
405852
405863
405871
405874
405877
405881
405883
405884
405899
405899
405937
405938
405960
405984
405998
406010
406015
406022
406022
406091
406095
406096
406114
406114
406116
406130
406131
406140
406149
406150
406155
406167
406171
406171
406180
406185
406187
406193
406196
406203
406208
406220
406273
406278
406287
406294
406295
406312
406332
406335
406374
406380
406396
406425
406427
406428
406432
406455
406461
406473
406479
406493
406530
406575
406583
406587
406601
406611
406613
406614
406615
406620
406630
406632
406644
406645
406652
406697
406710
406715
406727
406733
406734
406759
406760
406765
406768
406772
406775
406782
406791
406797
406804
406804
406824
406833
406839
406848
406854
406881
406883
406896
406897
406900
406908
406912
406922
406923
406923
406931
406944
406955
406958
406988
407009
407009
407011
407016
407027
407035
407048
407071
407079
407081
407081
407126
407131
407139
407153
407162
407175
407178
407179
407196
407213
407214
407215
407220
407228
407230
407243
407276
407280
407283
407283
407300
407301
407310
407324
407343
407345
407368
407373
407373
407378
407382
407392
407406
407412
407416
407424
407434
407444
407458
407469
407475
407513
407515
407523
407556
407568
407584
407597
407599
407604
407611
407620
407623
407631
407638
407663
407663
407684
407688
407702
407705
407713
407736
407742
407752
407771
407782
407782
407789
407791
407799
407803
407805
407814
407819
407825
407833
407837
407842
407844
407851
407853
407860
407865
407889
407891
407894
407900
407902
407936
407938
407956
407965
407973
407977
407984
407985
408012
408024
408033
408064
408089
408092
408094
408105
408106
408111
408124
408135
408157
408168
408182
408198
408216
408216
408217
408220
408223
408258
408269
408286
408315
408332
408343
408362
408370
408394
408397
408402
408421
408425
408427
408428
408431
408437
408445
408465
408466
408477
408492
408494
408514
408517
408529
408544
408556
408560
408577
408582
408590
408602
408633
408647
408661
408682
408690
408691
408695
408725
408727
408751
408759
408762
408779
408783
408791
408793
408800
408810
408817
408841
408849
408873
408888
408898
408902
408910
408916
408928
408929
408930
408942
408944
408953
408978
408993
409001
409007
409013
409052
409053
409060
409079
409082
409097
409101
409107
409116
409116
409122
409126
409128
409145
409156
409158
409162
409165
409188
409215
409226
409245
409267
409267
409272
409277
409279
409330
409344
409354
409372
409393
409399
409408
409411
409412
409413
409413
409422
409430
409435
409436
409439
409447
409477
409483
409495
409496
409506
409508
409510
409513
409516
409518
409520
409527
409534
409546
409556
409562
409569
409577
409595
409600
409606
409635
409636
409652
409653
409653
409663
409673
409675
409689
409699
409709
409722
409726
409730
409734
409739
409753
409760
409799
409801
409804
409805
409806
409813
409833
409837
409876
409879
409926
409934
409934
409943
409955
409958
409977
409980
410011
410020
410021
410026
410029
410046
410060
410067
410070
410073
410096
410100
410100
410104
410122
410135
410137
410145
410149
410174
410182
410200
410202
410215
410216
410217
410219
410221
410223
410228
410237
410259
410260
410267
410274
410279
410288
410300
410319
410320
410334
410372
410376
410403
410408
410414
410421
410443
410465
410532
410536
410552
410569
410575
410598
410646
410648
410654
410664
410748
410780
410785
410791
410796
410809
410810
410813
410824
410832
410841
410853
410883
410899
410906
410907
410917
410928
410938
410953
410982
410993
410997
411005
411010
411018
411021
411026
411027
411031
411045
411049
411051
411052
411053
411062
411066
411072
411076
411088
411091
411100
411100
411113
411118
411123
411124
411172
411176
411186
411192
411196
411201
411214
411229
411273
411285
411287
411312
411319
411325
411330
411336
411375
411384
411408
411408
411411
411414
411416
411451
411458
411465
411475
411489
411512
411526
411537
411539
411546
411561
411564
411620
411624
411634
411649
411654
411667
411670
411678
411684
411690
411702
411710
411722
411727
411728
411729
411732
411766
411766
411777
411794
411797
411835
411840
411846
411848
411861
411876
411883
411892
411894
411895
411897
411915
411918
411928
411950
411960
411987
411993
411994
412004
412018
412036
412042
412043
412050
412061
412063
412071
412076
412096
412110
412110
412112
412132
412157
412172
412174
412174
412175
412178
412182
412185
412200
412203
412215
412216
412228
412235
412252
412257
412259
412276
412284
412299
412305
412311
412313
412319
412335
412347
412355
412362
412376
412383
412385
412387
412434
412451
412451
412455
412456
412462
412477
412480
412498
412498
412510
412524
412536
412539
412542
412547
412549
412566
412598
412603
412621
412624
412627
412639
412670
412671
412678
412688
412693
412702
412740
412763
412815
412839
412843
412859
412883
412889
412895
412922
412939
412941
412943
412948
412973
412977
412987
412990
413001
413002
413004
413032
413049
413055
413064
413076
413096
413111
413123
413128
413144
413154
413154
413161
413173
413206
413208
413224
413233
413241
413244
413255
413256
413269
413278
413297
413303
413329
413330
413331
413333
413337
413353
413356
413363
413373
413385
413388
413389
413424
413431
413432
413453
413458
413474
413474
413484
413484
413485
413496
413502
413507
413519
413544
413557
413559
413574
413584
413589
413592
413621
413627
413637
413645
413655
413668
413674
413677
413683
413703
413709
413713
413716
413728
413737
413749
413756
413769
413783
413803
413811
413855
413861
413879
413899
413913
413924
413933
413949
413953
413985
414007
414012
414019
414034
414041
414045
414054
414064
414081
414136
414152
414154
414190
414220
414222
414230
414235
414243
414247
414259
414277
414299
414299
414302
414311
414320
414342
414344
414360
414383
414390
414402
414415
414422
414422
414424
414424
414425
414438
414444
414446
414452
414456
414489
414493
414497
414498
414510
414527
414536
414553
414562
414571
414571
414593
414598
414619
414630
414650
414656
414666
414680
414688
414692
414704
414720
414725
414726
414731
414733
414758
414768
414806
414815
414826
414826
414827
414835
414846
414848
414854
414880
414900
414917
414930
414937
414939
414944
414945
414949
414958
414972
414977
414992
414999
415000
415001
415024
415032
415077
415088
415090
415101
415133
415153
415154
415162
415170
415190
415199
415201
415209
415218
415229
415248
415258
415263
415293
415296
415299
415311
415313
415325
415347
415349
415359
415384
415388
415388
415413
415414
415418
415418
415426
415438
415443
415452
415473
415476
415482
415500
415515
415538
415542
415556
415556
415558
415566
415573
415594
415614
415620
415621
415621
415632
415642
415653
415654
415654
415666
415667
415671
415680
415692
415706
415714
415727
415762
415770
415775
415787
415799
415801
415805
415809
415833
415835
415842
415842
415842
415850
415853
415859
415871
415874
415881
415884
415884
415889
415901
415920
415921
415939
415940
415942
415949
415950
415951
415952
415988
415989
415990
415993
416010
416013
416025
416052
416090
416092
416107
416119
416121
416127
416130
416166
416185
416190
416200
416205
416208
416222
416223
416229
416233
416234
416259
416276
416297
416301
416303
416304
416305
416309
416338
416346
416354
416363
416368
416369
416370
416396
416399
416404
416435
416455
416460
416462
416494
416521
416521
416529
416534
416536
416541
416549
416559
416573
416585
416586
416592
416610
416641
416642
416654
416667
416667
416677
416688
416701
416721
416769
416771
416774
416774
416801
416809
416810
416811
416812
416822
416828
416841
416870
416890
416897
416919
416922
416936
416945
416947
416960
416969
416979
416985
416986
416994
417008
417009
417018
417021
417025
417028
417036
417039
417046
417049
417060
417077
417078
417084
417090
417096
417114
417115
417122
417126
417131
417140
417143
417147
417153
417158
417161
417176
417192
417195
417200
417201
417205
417225
417227
417248
417263
417285
417302
417307
417308
417327
417333
417342
417348
417358
417360
417361
417364
417390
417421
417426
417429
417436
417439
417446
417448
417479
417491
417499
417499
417526
417557
417579
417582
417586
417602
417607
417611
417614
417614
417625
417625
417629
417630
417635
417637
417639
417640
417646
417650
417652
417662
417668
417716
417729
417759
417763
417770
417777
417785
417786
417788
417810
417810
417813
417826
417829
417831
417837
417848
417854
417854
417860
417860
417862
417883
417900
417914
417920
417932
417937
417943
417948
417949
417966
417977
417981
417983
417987
417998
418008
418010
418030
418034
418042
418044
418078
418086
418089
418098
418105
418119
418119
418120
418125
418131
418159
418174
418200
418211
418220
418250
418257
418258
418263
418291
418297
418305
418310
418321
418323
418329
418339
418339
418345
418348
418356
418362
418379
418435
418458
418472
418474
418475
418481
418490
418495
418501
418527
418554
418568
418571
418577
418583
418601
418609
418612
418627
418651
418661
418670
418688
418700
418701
418711
418719
418722
418724
418746
418748
418751
418753
418764
418765
418781
418782
418788
418795
418800
418801
418823
418825
418825
418838
418840
418858
418870
418875
418899
418909
418927
418928
418929
418946
418950
418951
418991
418997
419041
419041
419044
419045
419055
419063
419079
419083
419091
419092
419092
419101
419119
419135
419147
419150
419155
419168
419189
419223
419228
419273
419274
419280
419286
419300
419302
419302
419331
419332
419349
419365
419379
419386
419386
419404
419408
419417
419435
419437
419452
419484
419484
419510
419541
419552
419591
419594
419602
419640
419670
419682
419692
419699
419709
419715
419726
419726
419735
419741
419741
419755
419765
419785
419785
419797
419804
419839
419873
419878
419888
419894
419898
419901
419905
419915
419916
419940
419940
419950
419950
419975
419976
419977
419981
419992
419996
420013
420036
420068
420070
420093
420093
420093
420094
420095
420103
420104
420109
420111
420117
420118
420135
420137
420151
420157
420165
420173
420173
420183
420193
420198
420199
420213
420214
420235
420239
420254
420279
420287
420293
420294
420297
420306
420308
420315
420329
420330
420340
420349
420368
420382
420396
420415
420433
420436
420438
420449
420454
420454
420455
420472
420480
420488
420500
420535
420540
420543
420543
420550
420555
420570
420580
420589
420590
420602
420615
420625
420637
420640
420644
420654
420683
420684
420713
420722
420735
420748
420783
420791
420792
420794
420797
420819
420819
420827
420829
420848
420853
420874
420881
420899
420903
420921
420923
420925
420931
420958
420962
420975
420977
420988
420990
421020
421030
421030
421043
421050
421058
421065
421071
421075
421080
421095
421104
421114
421144
421145
421147
421165
421180
421186
421217
421227
421227
421231
421242
421257
421258
421259
421260
421271
421290
421291
421322
421325
421332
421332
421350
421365
421366
421366
421368
421377
421382
421391
421395
421398
421402
421409
421412
421417
421426
421447
421453
421454
421457
421481
421485
421512
421517
421532
421533
421535
421538
421569
421582
421583
421607
421608
421619
421622
421635
421649
421649
421653
421675
421689
421691
421692
421693
421710
421711
421731
421733
421738
421743
421755
421763
421763
421768
421795
421799
421809
421814
421819
421848
421848
421856
421860
421908
421935
421939
421957
421963
421968
421970
421983
422008
422025
422033
422047
422053
422056
422065
422069
422076
422083
422087
422092
422102
422119
422121
422122
422142
422160
422175
422189
422190
422191
422196
422197
422198
422226
422234
422260
422264
422266
422285
422289
422308
422317
422318
422338
422362
422366
422367
422370
422381
422391
422394
422413
422439
422455
422484
422486
422491
422496
422498
422503
422510
422527
422603
422605
422636
422647
422652
422655
422658
422659
422668
422680
422682
422682
422701
422726
422732
422737
422760
422764
422780
422787
422788
422803
422819
422847
422850
422858
422862
422871
422886
422900
422902
422903
422903
422935
422943
422978
422980
423010
423014
423016
423028
423044
423050
423069
423077
423085
423099
423117
423130
423146
423153
423166
423171
423172
423174
423180
423223
423266
423274
423286
423291
423294
423298
423303
423312
423322
423345
423366
423368
423375
423375
423377
423380
423399
423401
423402
423408
423420
423422
423423
423426
423446
423450
423456
423459
423461
423461
423467
423471
423479
423513
423531
423531
423534
423554
423568
423580
423584
423587
423599
423627
423628
423634
423636
423643
423655
423656
423663
423673
423675
423709
423711
423725
423742
423749
423751
423755
423792
423799
423813
423826
423835
423835
423848
423868
423877
423898
423904
423909
423912
423914
423921
423940
423966
423972
423976
423988
423998
424051
424060
424064
424064
424084
424088
424089
424093
424119
424131
424149
424155
424162
424166
424183
424185
424188
424204
424207
424212
424241
424286
424290
424314
424320
424326
424332
424335
424343
424346
424347
424367
424369
424385
424408
424409
424430
424436
424449
424467
424485
424490
424491
424504
424512
424513
424515
424515
424515
424521
424540
424540
424640
424655
424663
424664
424666
424700
424703
424705
424728
424749
424762
424773
424780
424783
424784
424788
424814
424819
424821
424867
424870
424916
424924
424925
424935
424968
424970
424971
424971
424982
424983
424993
425002
425007
425025
425046
425073
425074
425078
425084
425085
425091
425113
425125
425128
425131
425151
425158
425171
425177
425185
425185
425198
425206
425214
425222
425234
425235
425238
425252
425257
425260
425264
425276
425285
425286
425294
425303
425319
425328
425334
425367
425404
425415
425418
425419
425438
425442
425451
425467
425473
425477
425487
425497
425535
425542
425544
425546
425562
425568
425580
425581
425583
425593
425603
425612
425615
425619
425621
425621
425632
425642
425666
425667
425669
425678
425700
425721
425722
425724
425729
425734
425771
425779
425810
425822
425825
425850
425870
425885
425887
425906
425922
425931
425948
425953
425954
425963
425986
425997
426019
426032
426033
426036
426044
426052
426055
426069
426075
426077
426085
426095
426096
426099
426114
426118
426147
426149
426160
426186
426195
426203
426223
426234
426236
426243
426261
426269
426287
426296
426296
426345
426351
426361
426378
426400
426403
426404
426418
426423
426457
426464
426506
426603
426613
426617
426629
426639
426644
426651
426665
426693
426702
426708
426710
426720
426731
426744
426745
426746
426748
426751
426758
426787
426793
426793
426799
426812
426820
426826
426831
426850
426869
426889
426897
426898
426907
426919
426921
426924
426955
426956
426956
426986
426997
427015
427026
427036
427059
427059
427061
427064
427073
427078
427085
427100
427114
427132
427148
427156
427156
427156
427169
427179
427186
427187
427190
427201
427214
427218
427222
427224
427243
427245
427255
427269
427277
427279
427297
427317
427325
427344
427346
427349
427350
427354
427361
427370
427396
427398
427400
427435
427449
427459
427471
427474
427483
427492
427524
427530
427533
427553
427564
427571
427574
427590
427627
427635
427637
427639
427640
427640
427647
427650
427657
427669
427672
427672
427673
427678
427688
427709
427729
427755
427775
427777
427794
427796
427802
427810
427841
427861
427867
427869
427871
427893
427900
427900
427916
427920
427927
427932
427944
427945
427996
428002
428005
428025
428032
428057
428067
428080
428088
428090
428103
428119
428119
428123
428128
428129
428140
428141
428159
428161
428167
428167
428168
428178
428181
428181
428184
428185
428190
428197
428199
428205
428213
428233
428233
428242
428245
428253
428272
428274
428276
428281
428297
428311
428354
428360
428362
428369
428371
428377
428383
428394
428397
428398
428406
428409
428438
428442
428448
428458
428491
428501
428523
428528
428541
428550
428554
428556
428565
428583
428594
428602
428606
428648
428654
428657
428673
428683
428685
428702
428714
428715
428719
428756
428758
428759
428768
428777
428778
428787
428790
428802
428806
428810
428824
428827
428859
428873
428874
428877
428901
428906
428911
428917
428922
428933
428945
428946
428968
428971
428971
428973
428976
428983
428995
429005
429029
429039
429045
429067
429073
429095
429109
429121
429124
429125
429125
429139
429176
429182
429196
429196
429200
429207
429220
429238
429248
429258
429268
429272
429284
429326
429331
429334
429340
429362
429381
429387
429394
429397
429423
429445
429447
429459
429472
429486
429492
429496
429519
429541
429543
429566
429590
429599
429622
429650
429669
429669
429672
429674
429704
429713
429715
429734
429757
429771
429778
429782
429794
429804
429806
429817
429822
429828
429863
429871
429874
429883
429884
429887
429895
429918
429925
429927
429953
429959
429978
429981
429995
430002
430036
430043
430076
430084
430088
430093
430106
430117
430132
430139
430165
430172
430182
430205
430206
430210
430220
430242
430242
430276
430282
430291
430301
430303
430303
430325
430327
430329
430333
430338
430350
430354
430360
430383
430387
430389
430392
430413
430415
430430
430446
430448
430449
430480
430490
430495
430507
430514
430523
430532
430537
430539
430540
430541
430547
430568
430574
430577
430585
430611
430617
430627
430631
430632
430632
430635
430636
430658
430663
430664
430665
430669
430671
430684
430686
430707
430707
430710
430716
430730
430732
430744
430765
430774
430780
430791
430803
430803
430804
430828
430831
430833
430837
430871
430885
430887
430893
430915
430920
430922
430937
430939
430944
430947
430956
430958
430960
430966
430982
430990
431006
431027
431032
431037
431046
431047
431054
431055
431080
431087
431103
431115
431136
431144
431146
431154
431197
431198
431199
431200
431202
431212
431223
431226
431236
431242
431252
431258
431273
431280
431283
431294
431297
431311
431319
431324
431326
431335
431383
431396
431400
431408
431415
431423
431458
431480
431518
431526
431526
431527
431542
431552
431553
431553
431557
431566
431572
431579
431580
431601
431603
431611
431613
431623
431624
431645
431645
431648
431655
431679
431679
431684
431686
431694
431704
431707
431708
431714
431727
431736
431761
431765
431769
431775
431794
431806
431808
431813
431815
431819
431824
431849
431852
431878
431884
431887
431906
431917
431940
431941
431945
431946
431948
431978
431979
431984
432003
432032
432034
432035
432040
432046
432071
432073
432073
432080
432084
432091
432106
432128
432154
432157
432165
432170
432175
432193
432195
432198
432199
432229
432234
432251
432253
432253
432256
432277
432316
432328
432333
432358
432375
432375
432379
432386
432389
432395
432400
432409
432415
432415
432419
432421
432425
432438
432463
432470
432498
432499
432503
432526
432531
432541
432544
432549
432575
432577
432582
432587
432596
432606
432609
432615
432616
432639
432640
432648
432651
432657
432667
432667
432682
432687
432689
432697
432707
432720
432770
432773
432778
432778
432788
432791
432794
432802
432810
432814
432829
432829
432836
432846
432852
432855
432875
432903
432909
432920
432936
432944
432974
432991
432996
433006
433009
433028
433033
433040
433084
433084
433099
433115
433132
433142
433146
433171
433191
433209
433222
433236
433241
433268
433272
433275
433289
433294
433304
433306
433330
433367
433368
433372
433374
433376
433381
433385
433388
433393
433432
433439
433445
433448
433474
433497
433505
433507
433509
433514
433516
433519
433537
433539
433545
433551
433559
433580
433582
433600
433625
433628
433629
433634
433637
433639
433640
433640
433653
433674
433697
433700
433705
433707
433707
433715
433736
433737
433745
433750
433760
433762
433782
433797
433805
433825
433832
433833
433870
433871
433883
433893
433894
433898
433904
433907
433910
433924
433930
433947
433977
433993
433997
434018
434031
434037
434044
434045
434047
434052
434061
434072
434073
434080
434086
434091
434106
434107
434115
434115
434119
434120
434127
434165
434184
434194
434201
434211
434212
434214
434222
434233
434254
434260
434270
434271
434274
434279
434282
434287
434297
434306
434309
434311
434321
434323
434341
434344
434353
434363
434367
434368
434377
434391
434404
434422
434436
434454
434454
434481
434497
434508
434530
434546
434555
434564
434571
434576
434603
434609
434611
434613
434618
434620
434629
434631
434636
434637
434646
434648
434659
434665
434670
434696
434698
434706
434707
434718
434722
434727
434736
434737
434737
434737
434738
434743
434747
434751
434753
434763
434765
434768
434774
434776
434779
434815
434832
434833
434835
434883
434907
434912
434913
434919
434925
434929
434936
434943
434960
434981
434986
434987
435005
435008
435013
435013
435057
435062
435080
435092
435095
435095
435120
435136
435139
435140
435145
435159
435167
435184
435195
435199
435200
435214
435229
435231
435244
435260
435268
435268
435283
435289
435305
435306
435335
435340
435356
435359
435364
435369
435382
435399
435410
435413
435432
435438
435466
435468
435476
435488
435509
435514
435515
435545
435589
435594
435623
435639
435643
435660
435670
435673
435676
435682
435689
435693
435720
435739
435756
435780
435797
435808
435808
435822
435827
435852
435859
435861
435868
435871
435885
435898
435908
435924
435929
435941
435941
435953
435970
435972
435984
435998
435998
436034
436046
436047
436056
436059
436081
436099
436099
436108
436128
436129
436161
436166
436171
436172
436198
436214
436231
436242
436246
436254
436258
436263
436285
436297
436329
436332
436338
436352
436381
436385
436396
436398
436410
436411
436418
436473
436478
436516
436517
436525
436530
436582
436586
436604
436610
436624
436625
436625
436639
436646
436649
436652
436658
436663
436665
436686
436704
436716
436736
436740
436752
436753
436791
436806
436808
436826
436844
436850
436850
436851
436857
436857
436903
436919
436935
436948
436950
436950
436953
436954
436984
436993
436994
437002
437008
437016
437022
437030
437050
437060
437067
437100
437100
437146
437169
437207
437211
437223
437231
437253
437255
437259
437267
437278
437308
437315
437322
437325
437329
437354
437360
437361
437393
437396
437409
437411
437414
437417
437421
437427
437427
437427
437431
437444
437457
437459
437464
437465
437472
437477
437495
437498
437513
437519
437526
437544
437544
437561
437564
437565
437566
437569
437592
437599
437605
437617
437638
437639
437665
437667
437670
437680
437692
437704
437705
437717
437725
437730
437747
437754
437776
437790
437795
437804
437817
437825
437868
437868
437875
437881
437891
437906
437914
437914
437917
437925
437941
437963
437971
437988
438013
438018
438020
438023
438032
438036
438037
438059
438073
438084
438087
438099
438112
438135
438157
438166
438174
438192
438213
438216
438247
438263
438271
438272
438280
438283
438297
438336
438341
438359
438378
438382
438382
438391
438411
438420
438444
438469
438473
438488
438519
438522
438526
438528
438543
438544
438548
438549
438551
438553
438560
438563
438567
438572
438577
438608
438612
438618
438637
438649
438649
438661
438666
438673
438689
438706
438715
438731
438747
438755
438763
438767
438788
438808
438813
438826
438830
438832
438834
438850
438850
438858
438865
438894
438906
438911
438933
438941
438948
438964
438986
438989
438997
438999
439007
439016
439027
439036
439047
439052
439056
439057
439063
439074
439081
439093
439094
439098
439101
439101
439103
439109
439110
439161
439171
439177
439184
439192
439192
439206
439211
439221
439267
439270
439301
439303
439336
439355
439357
439364
439376
439392
439410
439425
439430
439439
439458
439464
439490
439522
439524
439531
439535
439564
439570
439570
439582
439584
439593
439599
439603
439611
439642
439661
439667
439668
439681
439681
439698
439704
439704
439740
439742
439749
439753
439774
439808
439816
439817
439832
439840
439861
439862
439868
439875
439888
439908
439930
439935
439938
439943
439959
439963
439964
439979
439979
439992
440007
440011
440042
440051
440054
440108
440118
440127
440138
440141
440143
440146
440151
440161
440170
440180
440189
440192
440196
440230
440236
440237
440244
440265
440272
440300
440334
440336
440343
440347
440357
440362
440366
440374
440387
440392
440397
440410
440424
440427
440444
440444
440449
440456
440461
440471
440473
440476
440477
440478
440482
440497
440505
440541
440555
440559
440570
440571
440578
440586
440588
440590
440595
440613
440637
440644
440666
440669
440685
440686
440693
440706
440706
440715
440734
440743
440782
440802
440830
440857
440862
440870
440876
440895
440897
440899
440914
440924
440933
440934
440941
440944
440958
440958
440989
441019
441023
441057
441060
441060
441068
441069
441070
441079
441082
441115
441155
441177
441189
441191
441205
441226
441239
441250
441275
441285
441287
441303
441308
441335
441355
441358
441364
441370
441384
441386
441396
441397
441418
441418
441429
441438
441443
441465
441465
441475
441507
441514
441549
441555
441568
441578
441581
441596
441615
441649
441662
441669
441676
441677
441677
441683
441683
441684
441691
441710
441710
441711
441722
441726
441744
441747
441755
441760
441762
441769
441777
441778
441786
441805
441808
441811
441818
441830
441843
441895
441907
441929
441935
441940
441944
441957
441975
441975
441977
441992
442008
442009
442011
442013
442046
442046
442053
442061
442065
442072
442078
442081
442094
442118
442123
442133
442165
442167
442249
442263
442268
442271
442281
442282
442283
442283
442297
442316
442325
442342
442344
442350
442353
442362
442363
442376
442380
442397
442411
442428
442431
442442
442450
442455
442462
442470
442470
442473
442499
442499
442505
442506
442511
442517
442540
442545
442573
442577
442579
442598
442606
442614
442615
442620
442621
442622
442637
442643
442652
442661
442668
442675
442676
442693
442707
442714
442723
442733
442736
442738
442749
442752
442765
442779
442805
442834
442846
442861
442866
442890
442892
442907
442917
442924
442927
442928
442949
442968
442972
442973
442980
442999
443040
443051
443061
443063
443066
443075
443082
443085
443086
443123
443132
443144
443157
443164
443172
443218
443224
443244
443253
443262
443263
443278
443280
443281
443285
443300
443307
443328
443334
443341
443341
443343
443348
443350
443351
443355
443362
443362
443363
443364
443386
443400
443410
443412
443414
443415
443432
443448
443472
443472
443481
443482
443508
443511
443513
443515
443519
443528
443542
443549
443555
443565
443571
443583
443585
443592
443594
443613
443627
443629
443640
443642
443644
443650
443654
443679
443681
443701
443715
443724
443724
443725
443739
443740
443742
443747
443768
443785
443798
443828
443840
443861
443869
443888
443905
443910
443918
443931
443932
443957
443960
443970
443995
444011
444019
444026
444032
444047
444054
444054
444057
444059
444073
444084
444085
444107
444107
444120
444138
444148
444160
444173
444198
444210
444213
444218
444222
444238
444239
444256
444261
444263
444267
444278
444284
444293
444293
444301
444317
444318
444337
444346
444350
444362
444384
444391
444398
444403
444412
444424
444430
444446
444450
444475
444477
444490
444493
444508
444509
444517
444533
444536
444549
444574
444579
444582
444587
444592
444634
444653
444661
444664
444667
444670
444672
444677
444682
444689
444707
444715
444722
444726
444728
444765
444779
444784
444793
444801
444809
444831
444848
444850
444853
444869
444886
444892
444918
444921
444933
444942
444945
444953
444953
444955
444956
444971
444973
444973
444973
444991
444999
445000
445019
445025
445040
445045
445067
445071
445073
445094
445128
445132
445134
445140
445144
445155
445173
445197
445227
445228
445238
445249
445252
445253
445271
445286
445287
445297
445297
445306
445309
445312
445321
445327
445328
445332
445367
445383
445385
445397
445407
445417
445418
445418
445420
445421
445423
445427
445440
445443
445453
445462
445466
445497
445504
445521
445527
445530
445539
445580
445632
445637
445659
445662
445694
445704
445708
445717
445722
445730
445734
445744
445757
445780
445790
445792
445797
445808
445826
445829
445830
445832
445833
445834
445860
445872
445875
445892
445892
445893
445894
445915
445935
445944
445945
445958
445962
445962
445980
445992
445999
446000
446053
446060
446073
446075
446081
446083
446103
446116
446128
446134
446136
446138
446142
446160
446166
446174
446183
446208
446213
446246
446273
446283
446288
446294
446295
446318
446338
446339
446358
446359
446360
446371
446384
446403
446426
446434
446449
446452
446464
446464
446482
446487
446493
446505
446508
446509
446509
446534
446535
446539
446540
446543
446550
446562
446580
446585
446590
446593
446596
446596
446607
446615
446621
446621
446624
446686
446704
446713
446725
446741
446745
446757
446763
446764
446767
446768
446770
446775
446775
446782
446788
446801
446806
446817
446828
446845
446879
446893
446893
446894
446898
446912
446914
446931
446931
446934
446948
446956
446957
446976
446982
446991
447002
447030
447041
447042
447044
447054
447062
447076
447080
447087
447095
447118
447132
447140
447156
447161
447163
447190
447190
447203
447214
447216
447223
447228
447234
447243
447244
447264
447295
447311
447321
447329
447350
447371
447377
447390
447392
447395
447415
447418
447452
447455
447458
447466
447469
447472
447500
447517
447540
447540
447542
447591
447592
447598
447603
447625
447630
447649
447663
447689
447691
447696
447729
447731
447733
447738
447741
447744
447760
447766
447768
447811
447815
447816
447824
447828
447835
447839
447844
447853
447885
447893
447903
447903
447906
447906
447908
447919
447924
447926
447937
447947
447952
447961
447969
447973
447998
448011
448043
448062
448062
448063
448072
448075
448076
448103
448104
448107
448112
448118
448135
448149
448157
448177
448186
448227
448230
448231
448237
448241
448266
448291
448297
448302
448307
448320
448348
448373
448395
448401
448407
448416
448423
448424
448429
448442
448448
448452
448459
448472
448476
448495
448501
448507
448532
448540
448555
448558
448584
448604
448606
448622
448641
448642
448644
448653
448699
448719
448729
448742
448775
448776
448785
448787
448794
448800
448830
448836
448837
448837
448848
448849
448858
448859
448887
448894
448908
448910
448916
448917
448922
448926
448944
448945
448950
448958
448986
448990
448994
448995
449002
449004
449013
449022
449025
449035
449058
449075
449075
449076
449080
449111
449116
449121
449125
449155
449165
449168
449173
449184
449189
449190
449198
449213
449248
449253
449286
449296
449309
449312
449321
449324
449339
449344
449373
449379
449383
449415
449418
449421
449422
449427
449439
449440
449442
449445
449462
449481
449482
449490
449493
449513
449517
449521
449537
449543
449547
449553
449553
449561
449571
449597
449601
449609
449616
449620
449640
449644
449650
449657
449662
449681
449684
449706
449722
449729
449739
449777
449788
449810
449815
449817
449821
449823
449823
449833
449849
449850
449854
449860
449866
449875
449880
449884
449909
449910
449922
449942
449953
449979
450009
450015
450015
450016
450026
450027
450052
450054
450059
450062
450077
450080
450084
450085
450085
450092
450092
450096
450100
450103
450107
450136
450144
450154
450160
450162
450163
450180
450183
450184
450191
450225
450274
450307
450308
450317
450318
450322
450333
450343
450351
450358
450365
450371
450372
450379
450380
450387
450394
450400
450401
450422
450449
450453
450474
450478
450495
450497
450511
450516
450521
450524
450524
450527
450541
450554
450565
450567
450568
450572
450584
450601
450603
450605
450606
450611
450614
450633
450638
450643
450663
450665
450672
450680
450697
450701
450701
450705
450709
450748
450754
450767
450772
450779
450789
450808
450809
450811
450855
450855
450856
450865
450890
450909
450910
450919
450942
450947
450959
450965
450965
450975
450979
450981
450982
450983
451021
451026
451045
451046
451063
451068
451108
451125
451127
451136
451142
451152
451154
451160
451163
451172
451175
451178
451185
451191
451233
451278
451286
451290
451300
451309
451332
451342
451342
451344
451347
451349
451353
451359
451361
451388
451434
451436
451440
451452
451473
451478
451486
451487
451492
451493
451504
451506
451514
451536
451584
451644
451666
451704
451712
451743
451746
451747
451748
451752
451761
451785
451796
451805
451806
451808
451809
451809
451836
451837
451840
451855
451879
451912
451917
451922
451932
451938
451941
451943
451944
451948
451949
451954
451968
451974
451978
451987
451996
452006
452015
452016
452022
452026
452028
452034
452043
452056
452070
452101
452103
452104
452147
452152
452158
452167
452190
452195
452210
452226
452231
452231
452232
452240
452250
452252
452261
452263
452269
452275
452291
452313
452323
452335
452354
452355
452358
452358
452358
452373
452373
452380
452380
452391
452411
452423
452423
452442
452443
452453
452461
452464
452466
452471
452474
452491
452494
452537
452544
452562
452604
452611
452611
452641
452646
452648
452652
452657
452657
452660
452665
452690
452694
452705
452709
452710
452722
452724
452749
452754
452764
452767
452770
452778
452787
452795
452802
452839
452846
452847
452853
452880
452889
452907
452926
452929
452947
452958
452980
453001
453009
453027
453035
453042
453049
453062
453062
453069
453076
453079
453085
453086
453089
453103
453113
453122
453148
453154
453181
453194
453196
453214
453230
453238
453244
453247
453248
453265
453266
453267
453267
453268
453268
453274
453298
453328
453331
453338
453342
453344
453383
453406
453418
453419
453420
453453
453453
453460
453478
453494
453500
453501
453505
453505
453519
453535
453535
453545
453546
453550
453550
453569
453572
453578
453582
453601
453615
453632
453637
453637
453640
453652
453693
453696
453701
453723
453726
453750
453763
453774
453782
453787
453812
453814
453816
453817
453817
453817
453835
453841
453845
453849
453892
453900
453914
453918
453953
453957
453965
453981
453988
454009
454030
454032
454033
454033
454046
454057
454062
454062
454068
454091
454103
454137
454152
454155
454161
454212
454218
454218
454222
454224
454231
454248
454251
454253
454271
454279
454280
454284
454296
454353
454353
454356
454375
454376
454380
454400
454401
454412
454426
454428
454443
454457
454492
454511
454513
454522
454533
454540
454558
454560
454562
454586
454586
454594
454601
454652
454671
454673
454680
454691
454696
454720
454724
454742
454743
454761
454762
454762
454771
454779
454782
454787
454814
454819
454851
454852
454863
454871
454876
454877
454881
454887
454890
454901
454906
454908
454908
454916
454930
454941
454948
454954
454965
454992
454993
455001
455010
455010
455022
455030
455037
455038
455040
455044
455065
455070
455072
455076
455078
455078
455097
455119
455127
455128
455138
455142
455174
455186
455187
455188
455197
455215
455225
455226
455229
455230
455254
455269
455293
455297
455297
455297
455303
455316
455317
455322
455329
455341
455369
455403
455409
455411
455414
455414
455425
455457
455465
455466
455467
455482
455506
455527
455539
455546
455548
455550
455574
455578
455597
455633
455658
455659
455662
455677
455680
455689
455719
455724
455730
455797
455798
455800
455813
455815
455818
455819
455832
455840
455847
455850
455858
455875
455882
455888
455890
455891
455933
455955
455967
455972
455984
455991
455997
456014
456015
456032
456045
456065
456082
456083
456091
456108
456120
456137
456141
456152
456163
456164
456165
456189
456216
456219
456227
456236
456236
456250
456254
456272
456300
456304
456337
456344
456372
456385
456393
456397
456420
456433
456435
456445
456446
456477
456479
456481
456484
456487
456501
456512
456518
456523
456531
456545
456555
456577
456580
456581
456582
456590
456603
456623
456640
456644
456659
456662
456673
456683
456704
456716
456717
456734
456735
456735
456738
456739
456748
456770
456774
456781
456783
456793
456796
456805
456820
456825
456827
456831
456843
456852
456865
456881
456891
456913
456923
456923
456935
456965
456973
456999
457011
457017
457024
457028
457041
457047
457058
457084
457100
457101
457115
457118
457127
457151
457166
457171
457175
457187
457213
457236
457259
457283
457308
457312
457346
457360
457380
457387
457389
457390
457396
457406
457416
457434
457447
457451
457456
457475
457486
457490
457492
457503
457505
457510
457522
457522
457532
457538
457542
457546
457556
457563
457569
457573
457577
457578
457583
457594
457612
457613
457615
457618
457621
457626
457632
457634
457637
457642
457644
457650
457653
457664
457668
457690
457705
457706
457713
457714
457730
457742
457751
457764
457768
457769
457778
457793
457795
457799
457799
457802
457803
457814
457824
457833
457839
457841
457852
457857
457868
457869
457872
457876
457880
457882
457883
457889
457895
457905
457912
457912
457912
457915
457922
457926
457948
457973
457974
457976
457977
458000
458004
458006
458017
458043
458049
458051
458053
458075
458079
458081
458088
458097
458128
458132
458134
458153
458162
458171
458179
458180
458188
458193
458199
458200
458209
458213
458233
458239
458262
458264
458264
458265
458266
458271
458277
458283
458289
458299
458308
458318
458334
458342
458358
458359
458388
458392
458393
458395
458401
458427
458430
458434
458442
458451
458453
458456
458458
458465
458468
458480
458485
458502
458504
458520
458531
458535
458556
458569
458578
458581
458592
458594
458607
458617
458623
458631
458653
458654
458658
458663
458669
458688
458699
458705
458713
458741
458748
458787
458789
458801
458802
458809
458822
458824
458833
458842
458847
458849
458868
458869
458871
458888
458894
458899
458906
458909
458911
458930
458931
458935
458940
458941
458954
458956
458956
458958
458968
458978
458987
458995
459007
459011
459016
459025
459042
459044
459049
459050
459068
459106
459168
459170
459183
459193
459198
459202
459206
459209
459212
459224
459228
459242
459256
459257
459277
459284
459303
459312
459325
459329
459330
459333
459333
459367
459376
459426
459428
459430
459436
459456
459461
459467
459485
459510
459511
459513
459516
459516
459527
459544
459559
459564
459566
459571
459582
459585
459643
459645
459654
459667
459669
459688
459711
459714
459738
459752
459757
459800
459811
459813
459821
459826
459830
459844
459850
459859
459889
459902
459902
459906
459944
459952
459952
459965
459972
459993
460068
460077
460085
460086
460094
460099
460114
460124
460125
460125
460135
460154
460155
460173
460178
460181
460200
460200
460201
460211
460214
460222
460222
460223
460225
460237
460241
460242
460248
460260
460262
460271
460275
460278
460293
460295
460308
460320
460325
460328
460329
460332
460340
460354
460393
460395
460404
460409
460423
460448
460457
460462
460475
460484
460505
460539
460569
460617
460618
460659
460661
460672
460672
460673
460684
460691
460693
460700
460710
460712
460720
460721
460721
460723
460737
460744
460749
460750
460764
460765
460767
460785
460796
460822
460822
460823
460847
460861
460878
460891
460899
460902
460930
460933
460952
460954
460955
460968
460972
460994
460996
461013
461022
461027
461042
461064
461076
461082
461083
461086
461096
461100
461102
461102
461113
461127
461132
461139
461147
461151
461154
461190
461194
461214
461217
461233
461255
461276
461285
461289
461306
461315
461318
461323
461383
461387
461450
461456
461467
461469
461470
461523
461531
461532
461536
461542
461547
461554
461557
461562
461568
461577
461581
461583
461586
461590
461599
461607
461627
461641
461643
461646
461673
461693
461715
461736
461736
461741
461747
461751
461765
461805
461828
461843
461862
461864
461872
461878
461889
461890
461892
461900
461900
461910
461935
461957
461959
461964
461973
461990
462004
462029
462036
462037
462046
462055
462071
462085
462085
462085
462090
462098
462103
462109
462113
462125
462153
462176
462181
462183
462190
462196
462199
462206
462244
462248
462255
462272
462272
462280
462309
462316
462318
462328
462338
462341
462360
462363
462364
462366
462368
462370
462379
462382
462389
462396
462397
462412
462418
462420
462450
462530
462538
462542
462558
462560
462579
462582
462584
462592
462617
462630
462630
462631
462639
462641
462642
462648
462655
462670
462670
462674
462678
462696
462719
462719
462830
462836
462840
462846
462849
462855
462856
462856
462865
462871
462879
462888
462891
462895
462906
462906
462914
462916
462926
462932
462937
462961
462962
462963
462985
462992
462995
463006
463012
463012
463015
463028
463039
463045
463048
463050
463053
463053
463062
463069
463087
463089
463094
463112
463124
463132
463132
463138
463149
463161
463170
463177
463189
463198
463205
463207
463209
463225
463230
463259
463267
463278
463281
463295
463308
463323
463350
463355
463371
463379
463387
463396
463396
463407
463415
463435
463440
463440
463449
463452
463457
463464
463468
463471
463484
463495
463500
463512
463538
463548
463567
463588
463613
463613
463624
463635
463641
463657
463674
463689
463692
463707
463720
463726
463726
463742
463751
463756
463763
463764
463771
463778
463790
463792
463804
463816
463818
463823
463843
463866
463867
463875
463882
463886
463890
463894
463894
463896
463909
463914
463920
463920
463930
463937
463941
463944
463946
463946
463950
463952
463962
463994
464014
464023
464033
464061
464063
464068
464077
464083
464093
464106
464117
464120
464132
464133
464136
464147
464151
464152
464156
464168
464169
464181
464194
464212
464221
464232
464250
464256
464273
464275
464278
464283
464284
464302
464305
464319
464336
464342
464362
464364
464375
464408
464419
464430
464434
464440
464440
464454
464461
464467
464485
464519
464525
464536
464553
464581
464586
464608
464609
464617
464633
464642
464656
464659
464676
464686
464699
464721
464732
464754
464757
464766
464768
464773
464791
464793
464796
464797
464825
464827
464827
464834
464857
464860
464863
464868
464884
464885
464900
464905
464909
464913
464917
464928
464932
464961
464991
464993
465011
465014
465019
465054
465056
465058
465079
465084
465094
465114
465135
465137
465140
465141
465169
465171
465182
465197
465202
465213
465214
465218
465229
465246
465255
465256
465259
465259
465260
465274
465276
465291
465344
465359
465360
465366
465367
465381
465385
465392
465397
465399
465413
465437
465466
465469
465474
465475
465484
465494
465497
465511
465535
465546
465554
465556
465579
465607
465615
465616
465618
465621
465632
465632
465638
465646
465649
465667
465681
465706
465721
465732
465741
465746
465758
465771
465789
465806
465815
465816
465824
465862
465886
465892
465894
465899
465921
465924
465939
465954
465958
465973
465991
465992
466015
466036
466036
466051
466052
466056
466066
466071
466075
466079
466090
466098
466099
466117
466130
466137
466158
466160
466172
466184
466193
466220
466237
466251
466258
466263
466272
466283
466289
466289
466297
466311
466344
466345
466355
466365
466370
466431
466433
466469
466496
466513
466518
466526
466538
466539
466543
466548
466548
466557
466563
466576
466586
466591
466604
466616
466616
466633
466640
466654
466662
466667
466673
466677
466678
466685
466692
466692
466698
466701
466707
466710
466712
466720
466720
466748
466754
466775
466826
466827
466847
466862
466865
466900
466900
466901
466917
466927
466936
466940
466967
466976
466999
467030
467033
467034
467035
467036
467037
467044
467049
467049
467053
467053
467067
467076
467084
467113
467114
467118
467121
467129
467142
467173
467189
467199
467205
467206
467210
467227
467244
467248
467255
467285
467306
467312
467316
467318
467337
467338
467354
467357
467367
467375
467376
467377
467380
467391
467404
467409
467420
467437
467446
467449
467465
467483
467497
467507
467516
467544
467562
467572
467573
467583
467603
467613
467619
467625
467659
467681
467703
467707
467709
467713
467716
467740
467746
467776
467789
467792
467797
467815
467825
467834
467841
467841
467843
467871
467888
467888
467910
467939
467977
467981
467996
468004
468006
468011
468011
468011
468013
468018
468048
468071
468111
468112
468147
468159
468177
468180
468186
468187
468197
468198
468221
468231
468251
468264
468267
468276
468276
468299
468302
468348
468365
468366
468371
468371
468383
468383
468419
468429
468430
468431
468453
468456
468475
468486
468488
468511
468516
468530
468542
468552
468566
468570
468586
468606
468615
468616
468635
468651
468654
468672
468681
468683
468749
468752
468755
468799
468801
468808
468810
468814
468824
468849
468864
468865
468870
468904
468935
468942
468942
468962
468962
468971
468977
468997
468999
469000
469008
469018
469037
469039
469039
469043
469044
469045
469071
469079
469084
469111
469130
469136
469140
469142
469147
469199
469239
469252
469257
469261
469264
469273
469280
469305
469307
469314
469319
469324
469325
469349
469352
469354
469356
469365
469386
469391
469402
469412
469451
469452
469475
469478
469502
469523
469530
469552
469558
469560
469561
469568
469573
469573
469574
469577
469579
469580
469583
469595
469597
469603
469606
469629
469633
469657
469669
469681
469690
469691
469752
469768
469772
469778
469790
469795
469795
469796
469797
469810
469821
469822
469828
469840
469852
469857
469865
469878
469893
469896
469919
469930
469935
469954
469961
469966
469969
469970
469977
469986
470005
470031
470048
470051
470064
470066
470069
470070
470073
470079
470081
470107
470117
470119
470132
470136
470150
470155
470157
470164
470175
470176
470184
470190
470195
470202
470207
470233
470238
470242
470242
470249
470261
470267
470295
470312
470328
470329
470329
470333
470338
470344
470348
470363
470376
470384
470391
470400
470405
470407
470407
470451
470453
470456
470466
470475
470483
470504
470515
470525
470527
470532
470532
470537
470571
470571
470580
470585
470600
470628
470632
470637
470644
470655
470661
470680
470687
470689
470690
470705
470708
470719
470749
470761
470788
470817
470827
470832
470839
470839
470848
470850
470853
470853
470853
470857
470865
470874
470879
470899
470906
470909
470929
470930
470947
471000
471002
471003
471006
471010
471038
471040
471040
471042
471063
471078
471087
471091
471100
471108
471114
471116
471119
471121
471136
471152
471154
471156
471181
471193
471215
471224
471229
471243
471243
471255
471261
471271
471282
471290
471299
471311
471334
471339
471340
471347
471348
471352
471354
471374
471392
471394
471399
471427
471434
471441
471446
471450
471454
471465
471533
471534
471549
471551
471555
471560
471582
471583
471588
471614
471647
471649
471656
471657
471662
471670
471707
471709
471713
471724
471736
471740
471763
471778
471784
471802
471810
471837
471838
471840
471864
471876
471896
471900
471910
471925
471948
471948
471957
471998
472017
472024
472034
472038
472044
472056
472071
472084
472098
472102
472112
472115
472122
472124
472129
472134
472137
472144
472150
472161
472190
472206
472215
472225
472228
472228
472231
472241
472244
472246
472268
472278
472279
472280
472288
472297
472314
472323
472334
472351
472376
472382
472398
472429
472446
472448
472456
472457
472462
472462
472465
472482
472482
472493
472498
472508
472509
472511
472513
472519
472524
472526
472539
472544
472545
472546
472555
472561
472563
472564
472564
472567
472567
472571
472581
472582
472596
472600
472619
472634
472638
472653
472675
472677
472699
472707
472709
472715
472730
472745
472749
472750
472755
472765
472771
472773
472807
472808
472810
472819
472820
472825
472833
472833
472834
472835
472838
472863
472879
472881
472886
472893
472904
472906
472909
472913
472919
472959
472971
473003
473009
473016
473017
473029
473044
473047
473053
473092
473102
473103
473105
473117
473121
473126
473129
473148
473150
473157
473174
473185
473191
473194
473196
473196
473197
473203
473204
473204
473210
473216
473231
473232
473257
473259
473275
473281
473309
473315
473327
473329
473343
473348
473352
473358
473372
473386
473394
473399
473405
473418
473420
473435
473437
473446
473454
473458
473462
473476
473477
473481
473485
473490
473491
473491
473494
473502
473503
473505
473505
473519
473530
473536
473544
473549
473552
473569
473581
473581
473582
473598
473600
473606
473607
473617
473622
473627
473631
473632
473641
473650
473653
473663
473670
473680
473692
473693
473699
473701
473706
473718
473720
473725
473735
473738
473762
473782
473797
473803
473822
473831
473835
473915
473915
473919
473938
473976
473988
473990
473993
473994
474001
474032
474041
474058
474064
474064
474071
474078
474086
474121
474129
474154
474187
474188
474190
474190
474205
474222
474223
474229
474241
474243
474253
474265
474268
474278
474290
474299
474309
474314
474326
474337
474355
474364
474394
474410
474412
474412
474437
474438
474445
474454
474455
474459
474462
474464
474471
474482
474502
474503
474519
474549
474555
474568
474568
474572
474594
474609
474622
474626
474638
474654
474657
474657
474667
474668
474697
474709
474712
474734
474739
474744
474750
474752
474757
474771
474773
474777
474793
474820
474823
474837
474847
474860
474870
474895
474896
474904
474912
474927
474928
474951
474959
474961
474966
474984
474990
474993
474997
475016
475017
475027
475032
475033
475033
475046
475046
475047
475056
475072
475075
475080
475102
475105
475113
475129
475135
475138
475148
475169
475171
475172
475176
475177
475180
475181
475194
475198
475234
475235
475239
475250
475256
475271
475276
475280
475293
475315
475322
475323
475325
475351
475358
475370
475374
475377
475377
475393
475398
475418
475428
475441
475453
475461
475471
475473
475479
475484
475485
475485
475486
475494
475495
475501
475504
475505
475521
475579
475582
475592
475598
475627
475633
475639
475653
475653
475677
475687
475723
475743
475747
475758
475784
475788
475795
475803
475807
475808
475852
475852
475853
475857
475874
475901
475912
475916
475916
475930
475930
475931
475932
475939
475947
475952
475961
475974
475981
475981
475991
475996
475999
476006
476017
476052
476056
476060
476071
476078
476086
476115
476121
476122
476127
476135
476167
476168
476170
476178
476180
476180
476189
476192
476212
476214
476222
476224
476240
476244
476246
476248
476253
476269
476269
476273
476279
476280
476299
476300
476305
476310
476314
476315
476352
476356
476381
476382
476385
476405
476437
476445
476457
476467
476491
476515
476541
476561
476575
476584
476593
476607
476611
476615
476639
476642
476654
476656
476669
476689
476691
476692
476696
476700
476721
476723
476726
476772
476783
476787
476791
476794
476796
476797
476803
476807
476812
476818
476842
476844
476845
476850
476863
476871
476895
476895
476898
476899
476902
476912
476925
476926
476926
476931
476933
476948
476960
476960
476989
477002
477004
477005
477011
477015
477017
477022
477030
477030
477030
477033
477036
477040
477078
477091
477091
477095
477112
477119
477134
477136
477154
477177
477187
477188
477210
477247
477249
477252
477254
477256
477276
477296
477301
477317
477323
477334
477339
477341
477344
477359
477364
477378
477380
477398
477399
477409
477413
477429
477446
477453
477462
477476
477516
477519
477524
477550
477564
477572
477575
477577
477600
477618
477618
477649
477654
477681
477686
477686
477690
477716
477721
477722
477726
477752
477784
477803
477804
477819
477819
477823
477832
477854
477877
477930
477936
477940
477950
477957
477960
477973
478005
478015
478024
478026
478034
478044
478059
478063
478063
478075
478086
478090
478091
478106
478115
478116
478137
478142
478144
478150
478156
478172
478176
478183
478216
478223
478224
478255
478264
478265
478272
478280
478282
478291
478301
478326
478333
478339
478343
478358
478362
478363
478367
478368
478368
478374
478376
478376
478385
478390
478402
478403
478421
478430
478438
478444
478453
478491
478496
478508
478519
478530
478570
478576
478576
478593
478605
478615
478619
478621
478623
478629
478629
478641
478647
478675
478694
478696
478701
478708
478715
478728
478740
478742
478750
478772
478805
478824
478825
478826
478838
478858
478864
478897
478901
478906
478909
478912
478930
478937
478941
478945
478963
478969
478975
478978
478987
478996
479001
479005
479037
479046
479053
479054
479067
479074
479087
479091
479096
479102
479108
479111
479119
479119
479137
479149
479150
479178
479184
479188
479192
479207
479210
479225
479225
479226
479230
479241
479253
479265
479282
479283
479288
479306
479309
479339
479350
479355
479361
479374
479376
479380
479395
479402
479403
479407
479427
479438
479446
479454
479471
479476
479480
479496
479515
479521
479521
479571
479612
479614
479622
479634
479657
479674
479681
479683
479688
479732
479752
479774
479788
479789
479790
479794
479818
479838
479860
479865
479892
479893
479902
479904
479919
479939
479969
479993
480005
480026
480046
480054
480072
480075
480088
480092
480098
480120
480120
480123
480138
480166
480176
480197
480198
480207
480211
480220
480233
480236
480242
480242
480243
480258
480263
480274
480275
480279
480306
480310
480314
480317
480319
480328
480339
480344
480350
480350
480370
480380
480393
480404
480405
480455
480465
480469
480491
480500
480514
480518
480542
480551
480571
480572
480591
480608
480610
480611
480614
480634
480678
480679
480696
480746
480757
480758
480767
480768
480771
480773
480780
480781
480784
480789
480803
480806
480809
480816
480821
480829
480841
480847
480847
480871
480891
480900
480904
480909
480914
480915
480924
480928
480929
480930
480940
480941
480971
480980
481036
481045
481071
481098
481099
481141
481149
481157
481163
481182
481186
481199
481205
481229
481238
481270
481274
481285
481292
481293
481315
481337
481342
481349
481358
481363
481368
481370
481388
481426
481437
481439
481443
481455
481457
481466
481481
481487
481490
481499
481504
481505
481522
481532
481538
481545
481547
481561
481574
481612
481622
481646
481664
481674
481676
481679
481684
481696
481696
481713
481750
481771
481780
481811
481814
481818
481822
481837
481864
481881
481887
481888
481900
481905
481911
481919
481929
481940
481945
481949
481951
481961
481962
481968
481979
481983
481988
481994
482000
482005
482014
482031
482049
482057
482063
482086
482088
482089
482107
482109
482120
482126
482132
482157
482159
482162
482177
482204
482206
482207
482211
482216
482216
482239
482245
482268
482269
482273
482273
482274
482298
482300
482304
482314
482339
482342
482371
482455
482465
482484
482484
482493
482498
482500
482539
482549
482556
482561
482592
482595
482641
482642
482649
482666
482674
482693
482694
482705
482707
482723
482725
482731
482744
482758
482797
482798
482826
482828
482828
482831
482866
482892
482929
482937
482948
482959
482983
482989
483005
483042
483070
483073
483082
483084
483094
483103
483118
483121
483127
483137
483156
483158
483176
483177
483191
483192
483208
483209
483214
483220
483237
483244
483250
483254
483272
483279
483283
483289
483289
483329
483355
483365
483371
483372
483412
483420
483420
483422
483436
483439
483449
483460
483483
483498
483502
483502
483533
483551
483561
483571
483589
483612
483618
483632
483642
483659
483668
483668
483669
483675
483676
483678
483683
483686
483691
483692
483697
483711
483729
483767
483776
483794
483797
483807
483814
483824
483841
483872
483873
483882
483887
483889
483899
483919
483927
483928
483933
483935
483944
483946
483950
483968
483982
483983
483987
484013
484032
484046
484052
484074
484077
484091
484097
484109
484112
484119
484124
484132
484144
484174
484179
484182
484192
484242
484270
484282
484289
484291
484326
484334
484361
484361
484369
484377
484399
484423
484432
484457
484466
484475
484478
484481
484504
484513
484513
484531
484536
484538
484538
484549
484552
484557
484558
484573
484592
484592
484595
484595
484604
484609
484636
484653
484655
484656
484680
484698
484704
484735
484741
484748
484755
484763
484802
484817
484826
484826
484844
484861
484862
484870
484871
484873
484877
484878
484885
484902
484923
484926
484928
484938
484955
484963
484975
484980
484986
485000
485002
485010
485031
485034
485043
485044
485066
485066
485067
485079
485088
485096
485101
485106
485112
485120
485120
485121
485127
485143
485166
485177
485181
485185
485186
485193
485200
485229
485230
485248
485265
485281
485281
485295
485303
485317
485343
485347
485347
485361
485385
485390
485397
485415
485431
485431
485446
485471
485482
485484
485499
485512
485514
485526
485534
485547
485578
485588
485598
485598
485599
485620
485628
485633
485634
485643
485660
485663
485675
485678
485691
485699
485749
485755
485770
485770
485774
485775
485779
485782
485784
485814
485816
485840
485840
485855
485855
485874
485885
485894
485895
485896
485902
485907
485916
485930
485939
485940
485945
485948
485955
485972
485992
485996
485998
486022
486024
486028
486028
486028
486058
486063
486072
486080
486088
486089
486095
486101
486118
486122
486135
486150
486157
486157
486158
486171
486173
486179
486194
486197
486200
486249
486251
486257
486273
486275
486279
486285
486298
486306
486335
486336
486339
486363
486389
486400
486400
486403
486409
486423
486428
486431
486439
486470
486475
486510
486514
486538
486540
486555
486559
486561
486575
486578
486582
486583
486586
486610
486617
486629
486644
486645
486649
486657
486665
486679
486694
486702
486702
486718
486728
486731
486750
486757
486764
486773
486776
486784
486790
486799
486801
486817
486818
486835
486844
486849
486854
486858
486871
486879
486891
486899
486903
486915
486916
486916
486916
486926
486927
486938
486941
486945
486970
486977
486983
487004
487006
487023
487026
487029
487037
487045
487045
487047
487055
487069
487076
487082
487102
487104
487108
487120
487125
487135
487139
487152
487156
487165
487168
487240
487249
487262
487267
487273
487277
487284
487292
487298
487305
487314
487330
487330
487339
487347
487368
487406
487406
487413
487418
487427
487427
487429
487438
487439
487440
487441
487445
487461
487472
487484
487489
487496
487507
487511
487528
487538
487538
487560
487570
487583
487585
487599
487617
487635
487636
487651
487653
487663
487698
487708
487715
487728
487734
487738
487763
487767
487781
487796
487799
487807
487818
487840
487844
487861
487891
487894
487905
487909
487913
487918
487930
487935
487936
487947
487948
487950
487963
487964
488001
488008
488019
488033
488040
488054
488060
488067
488069
488070
488071
488079
488103
488103
488110
488114
488125
488127
488144
488155
488157
488158
488162
488173
488183
488206
488210
488223
488224
488224
488232
488238
488245
488273
488279
488287
488291
488299
488301
488301
488324
488325
488334
488344
488347
488357
488371
488381
488405
488427
488431
488436
488442
488443
488464
488483
488491
488500
488501
488501
488501
488553
488560
488569
488581
488596
488606
488625
488632
488633
488638
488654
488655
488671
488691
488703
488710
488714
488720
488722
488747
488752
488753
488759
488782
488782
488796
488807
488808
488813
488828
488830
488830
488833
488839
488848
488863
488870
488881
488888
488895
488915
488939
488964
488971
488971
488976
488987
488993
489002
489016
489020
489030
489061
489066
489072
489079
489080
489084
489103
489117
489119
489124
489142
489144
489155
489182
489204
489223
489228
489242
489248
489255
489258
489262
489290
489292
489347
489350
489353
489370
489374
489392
489402
489439
489448
489469
489491
489540
489545
489552
489557
489561
489565
489574
489595
489596
489617
489621
489625
489643
489648
489697
489719
489722
489738
489740
489748
489756
489760
489770
489792
489812
489841
489850
489858
489872
489877
489884
489884
489892
489893
489894
489910
489915
489917
489922
489928
489937
489958
489962
489968
489985
489985
489990
489999
490017
490022
490032
490035
490045
490048
490073
490077
490079
490098
490125
490126
490129
490132
490132
490146
490158
490164
490165
490167
490170
490175
490188
490195
490207
490213
490215
490216
490228
490232
490257
490282
490294
490302
490304
490305
490315
490318
490319
490321
490349
490357
490363
490370
490432
490434
490434
490452
490453
490487
490499
490504
490512
490537
490543
490546
490560
490568
490577
490595
490605
490607
490608
490614
490615
490617
490670
490685
490693
490699
490745
490751
490773
490781
490787
490800
490807
490813
490825
490857
490863
490895
490895
490916
490921
490922
490927
490958
490970
490972
490988
490989
491008
491010
491019
491044
491065
491076
491078
491083
491086
491097
491112
491119
491120
491142
491149
491156
491158
491189
491196
491202
491204
491209
491209
491218
491262
491265
491279
491305
491318
491329
491335
491342
491351
491361
491365
491384
491385
491400
491411
491414
491419
491424
491431
491440
491449
491476
491494
491522
491536
491550
491568
491572
491575
491576
491583
491585
491592
491598
491617
491620
491635
491637
491662
491676
491677
491682
491686
491698
491703
491710
491732
491763
491769
491802
491803
491815
491822
491822
491844
491853
491891
491897
491900
491907
491915
491919
491931
491934
491938
491946
491949
491979
491981
491994
492003
492003
492005
492015
492078
492078
492079
492088
492092
492108
492121
492151
492161
492163
492168
492200
492226
492238
492261
492267
492288
492296
492301
492304
492305
492318
492336
492340
492347
492357
492362
492364
492368
492369
492387
492423
492426
492438
492443
492444
492450
492452
492454
492454
492470
492473
492477
492492
492524
492555
492558
492572
492593
492638
492658
492662
492665
492671
492680
492680
492682
492686
492698
492732
492737
492754
492768
492769
492786
492789
492794
492800
492822
492827
492834
492867
492881
492884
492895
492899
492901
492903
492924
492933
492963
492991
492993
492996
493017
493053
493066
493066
493080
493093
493103
493104
493107
493113
493121
493124
493128
493137
493216
493216
493219
493219
493227
493228
493229
493260
493266
493274
493328
493341
493347
493371
493381
493394
493396
493396
493434
493478
493483
493485
493487
493494
493499
493518
493527
493528
493529
493536
493541
493543
493551
493556
493559
493562
493570
493582
493585
493600
493603
493607
493626
493647
493656
493662
493665
493667
493707
493711
493721
493722
493727
493733
493737
493738
493739
493760
493762
493763
493781
493782
493783
493801
493813
493816
493817
493821
493827
493829
493834
493842
493845
493862
493887
493905
493905
493909
493914
493924
493924
493927
493933
493934
493941
493959
493960
493960
493961
493962
493971
493975
493975
493977
493991
494018
494024
494032
494045
494056
494059
494090
494114
494135
494152
494201
494202
494207
494211
494213
494219
494242
494243
494251
494272
494284
494294
494310
494327
494337
494342
494349
494358
494371
494385
494387
494399
494402
494412
494415
494422
494439
494440
494456
494462
494464
494464
494465
494489
494489
494505
494526
494553
494561
494581
494596
494610
494610
494620
494625
494626
494657
494666
494681
494704
494707
494718
494728
494728
494730
494750
494762
494793
494794
494799
494800
494810
494872
494883
494888
494910
494918
494928
494931
494946
494960
494973
494988
494990
494993
494996
495021
495022
495024
495029
495041
495060
495071
495107
495123
495143
495145
495197
495203
495205
495212
495221
495241
495243
495244
495263
495269
495297
495318
495350
495365
495367
495382
495384
495409
495415
495429
495445
495448
495450
495452
495460
495478
495489
495492
495494
495498
495502
495511
495517
495518
495539
495542
495546
495548
495589
495591
495595
495611
495613
495623
495633
495637
495640
495645
495658
495662
495681
495684
495691
495703
495717
495724
495729
495741
495746
495751
495768
495784
495786
495809
495831
495832
495843
495846
495853
495856
495866
495880
495882
495898
495909
495925
495967
495976
495977
495981
495987
495988
495996
496007
496010
496022
496029
496035
496041
496077
496079
496087
496088
496099
496124
496137
496137
496155
496179
496188
496189
496192
496193
496203
496204
496213
496224
496231
496235
496245
496246
496279
496285
496311
496321
496325
496325
496328
496329
496358
496362
496373
496373
496376
496377
496383
496400
496406
496409
496419
496421
496421
496434
496446
496448
496460
496477
496477
496479
496495
496505
496507
496524
496541
496553
496554
496561
496580
496602
496605
496608
496617
496629
496646
496650
496669
496676
496678
496684
496695
496712
496718
496725
496740
496754
496762
496763
496769
496770
496774
496783
496818
496824
496827
496830
496833
496842
496855
496856
496861
496869
496881
496884
496908
496924
496935
496945
496946
496977
496996
497034
497074
497082
497117
497138
497152
497157
497160
497168
497170
497186
497186
497186
497187
497191
497193
497201
497208
497210
497225
497226
497226
497237
497244
497280
497292
497308
497317
497317
497327
497342
497343
497394
497403
497416
497418
497424
497428
497430
497431
497439
497439
497440
497472
497477
497478
497494
497561
497567
497568
497570
497572
497580
497581
497588
497595
497601
497613
497621
497626
497642
497654
497658
497662
497669
497672
497718
497725
497731
497748
497760
497767
497806
497819
497834
497835
497841
497843
497845
497856
497857
497865
497866
497877
497885
497887
497904
497936
497954
497954
497956
497977
497978
497988
497996
498007
498008
498023
498035
498038
498043
498061
498065
498074
498086
498087
498092
498101
498109
498120
498129
498130
498144
498156
498202
498207
498212
498214
498222
498234
498250
498253
498257
498264
498272
498278
498293
498319
498325
498348
498355
498355
498381
498382
498392
498402
498410
498413
498436
498450
498452
498454
498457
498462
498476
498501
498535
498538
498552
498580
498588
498598
498598
498609
498655
498664
498699
498772
498792
498796
498820
498823
498825
498830
498846
498869
498883
498887
498898
498907
498924
498940
498953
498978
498983
498996
499002
499012
499020
499028
499039
499047
499085
499103
499123
499130
499132
499134
499172
499175
499176
499190
499203
499210
499225
499227
499229
499254
499257
499264
499266
499266
499269
499273
499278
499294
499298
499302
499318
499322
499323
499323
499336
499342
499345
499355
499362
499391
499406
499427
499428
499433
499438
499445
499456
499459
499470
499475
499485
499491
499495
499498
499502
499511
499515
499541
499560
499587
499593
499604
499610
499612
499624
499630
499635
499644
499650
499670
499673
499680
499683
499700
499707
499726
499741
499748
499754
499766
499768
499789
499801
499817
499836
499844
499856
499858
499876
499878
499886
499889
499892
499912
499916
499921
499935
499945
499960
499961
499975
499981
499993
500009
500020
500028
500039
500044
500080
500089
500093
500118
500122
500133
500153
500187
500187
500200
500215
500225
500227
500229
500237
500238
500252
500260
500267
500269
500280
500283
500293
500309
500311
500315
500318
500326
500334
500338
500367
500406
500414
500420
500434
500435
500438
500442
500443
500459
500470
500475
500481
500485
500497
500505
500505
500507
500510
500512
500536
500562
500565
500569
500576
500579
500583
500585
500587
500601
500603
500605
500614
500615
500631
500654
500663
500666
500704
500708
500711
500720
500720
500730
500755
500756
500763
500768
500771
500776
500777
500778
500787
500797
500811
500812
500822
500840
500857
500861
500877
500892
500894
500895
500902
500924
500935
500939
500951
500968
500971
500976
500976
500978
500979
501006
501018
501032
501059
501062
501077
501094
501105
501108
501108
501122
501132
501133
501137
501181
501218
501221
501227
501266
501287
501307
501333
501340
501348
501350
501373
501375
501378
501378
501397
501407
501410
501421
501426
501439
501443
501447
501451
501481
501491
501492
501495
501499
501509
501520
501528
501579
501580
501582
501619
501632
501637
501647
501708
501711
501736
501736
501739
501747
501767
501779
501781
501786
501808
501818
501832
501835
501846
501848
501862
501880
501886
501886
501901
501901
501905
501915
501924
501929
501930
501980
501982
501984
501984
501986
501987
502002
502007
502011
502020
502025
502026
502029
502057
502059
502066
502069
502076
502081
502094
502097
502110
502111
502127
502130
502152
502152
502164
502170
502211
502213
502228
502231
502231
502231
502239
502245
502247
502253
502284
502291
502291
502317
502318
502320
502325
502329
502332
502356
502367
502370
502374
502407
502418
502424
502424
502446
502453
502465
502466
502469
502476
502479
502492
502500
502522
502523
502526
502540
502544
502558
502558
502578
502593
502623
502647
502667
502693
502695
502699
502708
502718
502755
502761
502790
502790
502805
502806
502815
502821
502826
502857
502862
502874
502880
502894
502923
502924
502927
502933
502935
502938
502991
502996
502997
503001
503005
503015
503022
503024
503031
503042
503044
503057
503059
503070
503071
503078
503088
503098
503106
503106
503111
503112
503152
503157
503170
503179
503185
503196
503199
503208
503223
503224
503245
503249
503262
503275
503287
503295
503308
503322
503325
503326
503327
503337
503339
503364
503369
503378
503390
503397
503443
503454
503457
503463
503464
503465
503466
503476
503480
503486
503497
503498
503510
503527
503547
503567
503573
503575
503583
503595
503612
503617
503618
503637
503643
503647
503658
503663
503694
503714
503720
503726
503727
503742
503755
503760
503768
503769
503780
503794
503802
503812
503814
503820
503820
503823
503864
503874
503885
503889
503893
503902
503923
503945
503945
503957
503979
503988
503990
504023
504027
504029
504031
504056
504059
504059
504061
504065
504084
504100
504109
504117
504126
504147
504178
504181
504214
504225
504230
504236
504241
504260
504273
504274
504277
504313
504315
504320
504321
504333
504359
504359
504359
504376
504376
504392
504405
504405
504433
504457
504459
504464
504466
504467
504513
504516
504529
504530
504542
504584
504591
504638
504640
504649
504688
504701
504704
504716
504719
504738
504748
504764
504765
504770
504771
504773
504778
504783
504785
504794
504799
504805
504807
504831
504835
504836
504856
504902
504905
504908
504925
504929
504932
504937
504942
504962
504975
504991
504993
505000
505014
505019
505021
505027
505031
505035
505076
505122
505128
505133
505138
505141
505148
505149
505153
505156
505161
505164
505173
505187
505219
505222
505224
505238
505244
505246
505271
505273
505281
505288
505296
505297
505299
505299
505313
505339
505342
505355
505357
505368
505377
505380
505389
505399
505408
505409
505434
505441
505446
505461
505484
505490
505497
505509
505538
505547
505548
505551
505585
505590
505600
505605
505634
505637
505637
505669
505689
505707
505710
505711
505729
505730
505734
505740
505747
505757
505759
505789
505793
505799
505815
505849
505854
505875
505877
505878
505882
505892
505894
505906
505951
505963
505975
505978
505980
505995
506020
506022
506032
506055
506063
506087
506091
506099
506109
506118
506127
506147
506151
506158
506160
506171
506179
506189
506193
506201
506213
506218
506223
506241
506265
506266
506271
506276
506324
506344
506373
506380
506385
506394
506426
506439
506457
506472
506483
506486
506512
506518
506522
506524
506524
506536
506557
506574
506576
506596
506597
506599
506621
506626
506635
506655
506663
506666
506675
506686
506686
506693
506694
506712
506720
506743
506751
506761
506763
506767
506774
506777
506780
506789
506793
506805
506841
506846
506868
506874
506885
506891
506892
506903
506904
506906
506935
506943
506957
506979
506984
506988
506993
506998
507009
507011
507013
507023
507030
507033
507035
507036
507049
507051
507080
507082
507122
507146
507162
507166
507174
507182
507186
507191
507220
507225
507229
507234
507239
507266
507269
507297
507307
507316
507321
507336
507377
507379
507390
507403
507406
507411
507417
507450
507451
507484
507487
507505
507509
507521
507543
507581
507602
507604
507619
507624
507633
507647
507655
507656
507660
507660
507677
507694
507701
507707
507720
507729
507742
507743
507749
507754
507764
507777
507779
507801
507817
507822
507835
507846
507866
507866
507876
507889
507890
507894
507894
507898
507916
507923
507940
507949
507955
507973
507991
508012
508033
508048
508063
508069
508089
508093
508098
508111
508130
508139
508165
508208
508211
508211
508217
508220
508221
508237
508245
508250
508253
508282
508313
508321
508340
508355
508365
508366
508381
508391
508398
508407
508421
508428
508437
508449
508459
508464
508479
508479
508482
508488
508491
508492
508501
508507
508513
508536
508545
508555
508567
508568
508609
508616
508648
508654
508658
508659
508672
508677
508684
508696
508720
508729
508735
508736
508749
508765
508767
508773
508787
508787
508791
508792
508806
508807
508810
508816
508822
508825
508844
508845
508847
508855
508879
508880
508894
508911
508937
508964
508976
509001
509008
509011
509011
509019
509024
509043
509049
509066
509071
509082
509100
509102
509119
509123
509128
509137
509156
509165
509165
509180
509183
509183
509188
509205
509219
509225
509239
509244
509244
509254
509256
509259
509259
509260
509263
509275
509282
509291
509296
509296
509304
509322
509328
509335
509345
509361
509369
509374
509379
509386
509389
509391
509393
509393
509398
509401
509438
509442
509476
509504
509505
509523
509532
509534
509545
509551
509561
509582
509588
509593
509598
509606
509629
509670
509688
509690
509698
509716
509749
509751
509763
509766
509771
509775
509779
509784
509803
509844
509844
509847
509850
509852
509874
509884
509889
509890
509903
509913
509915
509940
509954
509959
509961
509967
509971
509976
509990
509999
510001
510009
510043
510050
510066
510068
510068
510075
510087
510091
510102
510107
510142
510152
510153
510153
510163
510171
510173
510184
510190
510193
510215
510221
510221
510227
510232
510261
510282
510290
510292
510293
510305
510327
510327
510329
510348
510391
510397
510411
510413
510419
510435
510443
510450
510475
510485
510496
510505
510508
510511
510519
510522
510525
510530
510540
510546
510564
510574
510577
510579
510593
510603
510609
510609
510613
510620
510625
510627
510652
510664
510672
510686
510704
510712
510714
510718
510721
510739
510755
510755
510764
510766
510792
510793
510797
510802
510805
510806
510812
510841
510841
510865
510868
510887
510893
510896
510896
510909
510911
510928
510934
510939
510979
510988
510992
511026
511032
511051
511069
511074
511089
511095
511138
511146
511148
511158
511162
511175
511182
511196
511210
511217
511232
511241
511257
511262
511270
511284
511285
511290
511322
511358
511360
511364
511366
511375
511386
511388
511390
511400
511416
511437
511452
511456
511464
511465
511471
511471
511472
511491
511492
511494
511508
511515
511515
511521
511527
511552
511557
511560
511565
511569
511573
511602
511613
511619
511638
511654
511669
511672
511679
511696
511717
511720
511758
511764
511766
511793
511804
511804
511804
511807
511808
511829
511839
511854
511872
511872
511876
511885
511887
511888
511895
511901
511918
511952
512011
512021
512036
512043
512048
512052
512069
512077
512080
512084
512113
512116
512133
512138
512140
512159
512160
512169
512170
512183
512196
512204
512232
512237
512238
512244
512277
512279
512292
512311
512325
512330
512331
512342
512343
512347
512381
512384
512384
512399
512412
512416
512421
512424
512424
512427
512431
512438
512441
512453
512471
512477
512479
512502
512505
512507
512510
512513
512516
512539
512539
512550
512559
512568
512574
512574
512582
512603
512625
512626
512636
512646
512656
512679
512724
512726
512737
512740
512759
512783
512785
512788
512818
512820
512827
512837
512837
512845
512852
512856
512863
512866
512876
512878
512902
512908
512909
512911
512958
512985
512994
512995
513006
513006
513008
513011
513013
513018
513027
513028
513031
513047
513061
513064
513077
513082
513088
513096
513105
513114
513122
513137
513148
513154
513158
513158
513163
513173
513182
513199
513202
513209
513211
513214
513245
513270
513275
513284
513296
513309
513309
513317
513330
513335
513340
513350
513386
513389
513393
513412
513421
513422
513427
513442
513458
513463
513477
513483
513493
513494
513495
513504
513505
513511
513523
513535
513546
513554
513559
513596
513606
513608
513623
513644
513656
513676
513679
513701
513721
513728
513741
513748
513753
513791
513816
513817
513819
513833
513835
513836
513837
513845
513865
513870
513878
513880
513888
513894
513902
513914
513924
513925
513935
513938
513952
513967
513975
513982
513984
513987
513997
514019
514064
514071
514073
514082
514111
514114
514124
514140
514154
514156
514159
514172
514174
514177
514178
514186
514194
514195
514212
514215
514220
514226
514227
514231
514239
514250
514257
514260
514263
514276
514291
514304
514306
514317
514322
514339
514343
514362
514391
514397
514407
514441
514442
514446
514447
514452
514468
514478
514478
514485
514494
514503
514519
514534
514548
514562
514584
514595
514607
514621
514642
514649
514667
514670
514670
514676
514687
514693
514695
514710
514720
514722
514728
514746
514769
514769
514771
514799
514822
514825
514838
514843
514865
514888
514888
514896
514897
514901
514902
514904
514904
514921
514922
514932
514949
514950
514954
514955
514960
514970
514974
514979
514993
515010
515027
515029
515042
515043
515048
515086
515107
515138
515144
515146
515154
515155
515171
515175
515179
515183
515192
515197
515201
515214
515218
515221
515223
515228
515248
515250
515261
515263
515276
515304
515322
515344
515394
515409
515412
515412
515415
515422
515446
515455
515474
515487
515488
515503
515505
515510
515514
515521
515535
515559
515560
515597
515607
515617
515621
515625
515628
515639
515644
515653
515656
515659
515662
515690
515693
515703
515715
515755
515768
515776
515786
515792
515795
515797
515841
515847
515869
515870
515886
515894
515915
515918
515927
515928
515931
515939
515945
515959
515974
515975
516001
516002
516034
516046
516052
516055
516085
516098
516102
516119
516132
516141
516156
516160
516163
516197
516220
516247
516251
516258
516263
516264
516265
516272
516276
516284
516291
516295
516299
516327
516329
516343
516354
516359
516363
516388
516388
516411
516426
516430
516446
516466
516479
516488
516506
516511
516522
516526
516529
516539
516545
516558
516558
516562
516562
516565
516596
516596
516642
516659
516661
516664
516665
516672
516673
516697
516698
516718
516724
516735
516757
516771
516774
516783
516783
516797
516798
516806
516833
516834
516834
516836
516855
516865
516875
516885
516885
516893
516894
516903
516905
516916
516919
516921
516923
516936
516939
516942
516944
516952
516965
516976
516978
516982
516988
516995
516998
517009
517016
517017
517019
517027
517030
517070
517089
517091
517094
517097
517099
517103
517104
517105
517109
517116
517117
517129
517132
517133
517165
517193
517203
517226
517230
517255
517257
517259
517279
517280
517291
517296
517308
517322
517345
517348
517353
517354
517362
517372
517380
517385
517390
517391
517393
517411
517417
517446
517467
517473
517500
517530
517537
517549
517549
517579
517581
517589
517592
517606
517617
517618
517633
517642
517648
517648
517666
517669
517672
517680
517690
517698
517700
517715
517715
517728
517752
517768
517772
517790
517800
517804
517809
517809
517813
517819
517828
517846
517853
517857
517862
517865
517882
517888
517906
517906
517921
517938
517948
517973
517978
517994
517997
518006
518012
518019
518035
518040
518042
518051
518052
518069
518080
518089
518095
518096
518105
518118
518133
518133
518141
518148
518150
518157
518160
518175
518195
518211
518212
518216
518238
518255
518264
518266
518267
518280
518281
518308
518309
518340
518345
518349
518352
518354
518360
518367
518380
518393
518397
518419
518437
518443
518448
518458
518500
518512
518516
518519
518528
518551
518553
518564
518576
518577
518587
518592
518610
518617
518622
518624
518645
518663
518677
518689
518702
518713
518719
518722
518722
518751
518762
518772
518780
518785
518810
518812
518814
518846
518847
518854
518868
518870
518883
518890
518912
518921
518924
518930
518934
518945
518948
518957
518981
519018
519022
519026
519032
519055
519057
519058
519059
519075
519081
519099
519100
519128
519144
519159
519191
519192
519193
519195
519213
519222
519223
519272
519273
519296
519326
519333
519346
519358
519388
519414
519419
519430
519453
519464
519468
519478
519479
519487
519493
519517
519520
519525
519544
519554
519555
519556
519557
519563
519565
519570
519588
519588
519595
519601
519610
519618
519629
519636
519640
519645
519656
519668
519678
519705
519707
519712
519717
519723
519727
519740
519753
519758
519771
519786
519798
519846
519857
519869
519880
519880
519908
519909
519916
519921
519926
519926
519928
519928
519931
519932
519934
519952
519953
520011
520014
520019
520019
520058
520060
520070
520076
520081
520086
520086
520091
520098
520099
520100
520107
520107
520115
520124
520144
520151
520189
520198
520200
520202
520204
520226
520228
520232
520242
520255
520255
520267
520283
520286
520286
520289
520291
520295
520298
520303
520319
520322
520328
520353
520353
520356
520363
520370
520374
520377
520389
520393
520394
520394
520427
520432
520437
520438
520456
520477
520478
520484
520486
520505
520506
520529
520536
520539
520548
520548
520563
520578
520589
520602
520622
520625
520626
520628
520642
520643
520671
520674
520700
520706
520710
520726
520733
520733
520761
520780
520788
520810
520812
520813
520814
520816
520842
520843
520873
520891
520898
520918
520922
520933
520953
520959
520983
520984
521039
521041
521055
521066
521071
521081
521086
521094
521102
521110
521119
521138
521140
521145
521171
521173
521178
521190
521205
521243
521247
521247
521251
521253
521256
521257
521259
521269
521272
521293
521302
521310
521337
521380
521380
521393
521410
521436
521436
521438
521443
521475
521478
521480
521504
521532
521555
521557
521562
521564
521573
521603
521635
521637
521639
521643
521653
521660
521662
521663
521666
521682
521708
521724
521734
521749
521758
521762
521765
521788
521811
521815
521820
521833
521837
521854
521868
521868
521871
521908
521917
521924
521928
521950
521952
521952
521962
521966
522020
522022
522026
522030
522042
522053
522059
522067
522068
522069
522093
522112
522112
522116
522122
522128
522136
522166
522174
522175
522177
522190
522198
522212
522216
522217
522221
522225
522225
522253
522276
522285
522308
522308
522308
522325
522335
522341
522349
522350
522352
522372
522377
522380
522411
522414
522420
522425
522432
522442
522449
522453
522462
522466
522506
522539
522544
522562
522569
522579
522580
522603
522623
522632
522662
522703
522705
522715
522730
522752
522755
522760
522767
522784
522793
522804
522808
522834
522838
522855
522896
522908
522926
522932
522933
522935
522940
522943
522945
522946
522966
522970
522990
523000
523008
523013
523014
523038
523045
523048
523048
523060
523070
523072
523084
523102
523102
523106
523109
523109
523137
523143
523155
523157
523165
523168
523182
523185
523201
523221
523250
523257
523261
523265
523273
523286
523302
523319
523327
523330
523338
523341
523359
523371
523377
523408
523459
523461
523475
523493
523497
523511
523525
523529
523534
523545
523555
523566
523593
523608
523618
523620
523626
523641
523643
523647
523648
523656
523662
523666
523674
523689
523698
523737
523745
523780
523783
523802
523824
523827
523834
523837
523848
523892
523909
523917
523931
523933
523935
523940
523943
523945
523962
523966
523970
523972
523980
523993
524006
524008
524030
524031
524055
524066
524080
524085
524087
524098
524101
524102
524108
524110
524116
524117
524126
524136
524147
524177
524177
524195
524199
524208
524213
524214
524218
524221
524232
524234
524249
524260
524280
524296
524299
524308
524330
524331
524336
524357
524362
524373
524391
524395
524402
524421
524421
524422
524424
524434
524435
524438
524439
524441
524459
524463
524464
524467
524480
524483
524484
524516
524526
524537
524571
524586
524589
524602
524603
524607
524612
524616
524628
524665
524666
524706
524709
524712
524726
524728
524731
524737
524739
524748
524758
524761
524778
524781
524798
524815
524855
524857
524884
524891
524892
524906
524913
524916
524916
524974
524982
524996
525008
525017
525018
525046
525053
525055
525056
525062
525065
525070
525100
525106
525106
525112
525113
525127
525132
525135
525136
525155
525159
525177
525235
525235
525236
525256
525260
525265
525267
525268
525279
525282
525291
525301
525314
525318
525327
525337
525353
525353
525360
525367
525375
525378
525384
525400
525404
525430
525432
525434
525439
525454
525462
525467
525480
525481
525481
525484
525487
525492
525496
525521
525527
525527
525528
525537
525543
525554
525560
525560
525570
525587
525590
525601
525604
525612
525617
525648
525651
525652
525656
525662
525676
525681
525724
525754
525755
525755
525784
525784
525800
525817
525826
525841
525861
525881
525889
525891
525955
526020
526047
526061
526069
526076
526079
526088
526088
526103
526107
526126
526138
526140
526146
526166
526169
526178
526179
526198
526209
526232
526240
526246
526246
526257
526263
526282
526300
526301
526307
526319
526328
526334
526337
526345
526366
526379
526393
526401
526417
526429
526432
526437
526468
526468
526492
526504
526514
526517
526563
526576
526584
526605
526609
526654
526656
526669
526684
526704
526707
526710
526716
526718
526720
526729
526749
526757
526760
526760
526769
526776
526783
526814
526822
526827
526838
526848
526858
526884
526895
526900
526902
526924
526941
526946
526953
526961
526970
526978
526980
526993
526996
526998
527002
527009
527018
527020
527034
527037
527045
527047
527056
527075
527076
527076
527076
527083
527090
527116
527170
527186
527204
527214
527225
527232
527242
527246
527248
527267
527287
527291
527297
527342
527349
527349
527353
527356
527367
527368
527379
527416
527442
527451
527471
527472
527476
527485
527493
527499
527501
527509
527523
527527
527558
527572
527590
527599
527606
527620
527623
527630
527631
527651
527687
527700
527714
527722
527745
527748
527748
527753
527764
527779
527784
527801
527817
527825
527828
527835
527849
527853
527867
527875
527899
527899
527911
527913
527916
527953
527960
527963
527964
527983
527986
528004
528009
528010
528011
528028
528032
528047
528050
528054
528056
528057
528065
528071
528097
528104
528106
528115
528120
528122
528124
528128
528133
528136
528164
528204
528221
528240
528243
528251
528254
528259
528267
528270
528280
528290
528333
528335
528336
528336
528365
528374
528374
528395
528407
528410
528410
528432
528439
528465
528469
528485
528513
528518
528518
528523
528531
528536
528538
528560
528561
528574
528584
528586
528596
528613
528631
528635
528644
528651
528697
528702
528706
528708
528718
528722
528723
528739
528744
528746
528750
528765
528780
528786
528786
528793
528793
528793
528803
528814
528819
528839
528872
528913
528913
528917
528925
528934
528949
528950
528966
528979
528982
528987
528994
528994
529009
529011
529013
529017
529025
529031
529034
529038
529056
529062
529064
529089
529106
529115
529119
529122
529133
529134
529139
529142
529151
529152
529165
529182
529202
529221
529229
529250
529260
529269
529284
529286
529306
529317
529345
529347
529353
529354
529366
529373
529384
529388
529392
529392
529415
529424
529433
529434
529483
529494
529502
529510
529557
529578
529582
529585
529590
529610
529617
529623
529631
529640
529641
529642
529656
529686
529689
529690
529705
529705
529716
529721
529726
529727
529744
529763
529779
529789
529789
529796
529801
529808
529808
529829
529831
529850
529854
529860
529863
529868
529917
529920
529946
529949
529950
529961
529975
529979
529979
529987
530005
530022
530031
530033
530052
530070
530079
530080
530089
530095
530101
530125
530126
530143
530146
530162
530175
530179
530217
530218
530226
530228
530235
530248
530276
530283
530306
530322
530330
530335
530338
530355
530378
530381
530381
530386
530403
530405
530428
530434
530445
530461
530474
530474
530485
530510
530519
530520
530543
530557
530561
530581
530585
530620
530621
530682
530694
530694
530707
530714
530732
530756
530757
530761
530765
530768
530771
530778
530800
530807
530819
530832
530839
530847
530864
530912
530914
530927
530946
530949
530959
530959
530960
530963
530970
530974
530982
530984
530993
530996
531000
531010
531021
531026
531033
531034
531043
531044
531053
531054
531067
531073
531074
531078
531085
531123
531136
531145
531148
531155
531157
531165
531180
531213
531250
531259
531286
531307
531309
531311
531314
531318
531341
531378
531385
531423
531470
531475
531477
531484
531493
531502
531509
531522
531535
531537
531552
531553
531590
531592
531592
531596
531607
531625
531653
531706
531723
531725
531733
531737
531754
531756
531766
531774
531778
531780
531783
531805
531812
531824
531824
531835
531837
531865
531873
531888
531930
531937
531942
531951
531959
531964
531969
531974
531989
531990
531994
531994
532001
532013
532018
532021
532048
532079
532089
532106
532137
532156
532158
532173
532185
532202
532226
532233
532235
532259
532261
532294
532318
532318
532326
532339
532353
532362
532372
532373
532382
532385
532424
532447
532454
532460
532476
532480
532480
532524
532526
532531
532540
532541
532554
532564
532575
532579
532595
532597
532598
532608
532636
532656
532661
532667
532677
532685
532693
532698
532709
532729
532730
532742
532748
532750
532768
532781
532866
532877
532881
532886
532906
532916
532930
532947
532948
532961
532963
532969
532973
532994
532997
533005
533020
533022
533051
533064
533094
533095
533096
533101
533104
533108
533112
533138
533172
533176
533197
533198
533224
533228
533233
533237
533242
533247
533258
533263
533269
533275
533287
533291
533292
533326
533350
533370
533371
533374
533384
533403
533416
533421
533425
533428
533428
533447
533459
533459
533463
533474
533485
533491
533498
533502
533513
533520
533550
533556
533566
533566
533576
533586
533591
533591
533628
533630
533660
533661
533661
533662
533672
533685
533718
533731
533741
533748
533755
533761
533762
533766
533802
533822
533829
533860
533863
533881
533881
533889
533895
533902
533933
533937
533939
533944
533950
533952
533954
533964
533985
533985
533993
534006
534009
534021
534022
534031
534039
534049
534060
534061
534064
534068
534075
534104
534114
534117
534122
534126
534138
534151
534153
534161
534170
534181
534186
534191
534204
534215
534215
534218
534231
534238
534238
534241
534251
534253
534254
534265
534272
534284
534297
534300
534309
534314
534317
534322
534327
534340
534346
534354
534378
534379
534393
534395
534403
534407
534412
534420
534428
534435
534453
534475
534487
534490
534496
534507
534518
534523
534529
534543
534548
534561
534583
534600
534610
534615
534641
534657
534661
534668
534669
534679
534687
534709
534713
534730
534732
534743
534748
534749
534757
534760
534778
534780
534781
534800
534805
534818
534833
534871
534880
534895
534918
534927
534935
534942
534964
534965
534968
534988
535004
535014
535020
535036
535050
535053
535067
535071
535072
535076
535077
535085
535109
535110
535112
535122
535123
535133
535143
535149
535155
535163
535175
535180
535191
535200
535214
535215
535215
535227
535228
535241
535241
535245
535275
535281
535320
535323
535332
535332
535343
535343
535360
535360
535361
535371
535374
535382
535393
535408
535416
535451
535455
535463
535464
535468
535471
535471
535473
535482
535484
535490
535496
535508
535513
535529
535535
535538
535548
535553
535582
535586
535599
535640
535664
535673
535694
535699
535700
535731
535752
535759
535760
535767
535770
535771
535773
535788
535795
535817
535817
535819
535827
535838
535841
535859
535877
535886
535887
535908
535908
535929
535929
535949
535949
535970
535971
535972
535980
535986
535990
536002
536016
536019
536053
536071
536079
536084
536088
536105
536106
536116
536133
536153
536155
536176
536201
536222
536227
536227
536241
536255
536256
536268
536286
536308
536341
536390
536407
536428
536433
536442
536445
536449
536449
536450
536452
536456
536469
536479
536487
536502
536507
536520
536546
536553
536556
536558
536558
536575
536589
536594
536597
536607
536609
536624
536625
536627
536631
536648
536651
536658
536679
536702
536719
536722
536732
536753
536764
536771
536774
536774
536776
536779
536791
536797
536801
536813
536816
536830
536840
536843
536844
536850
536857
536858
536858
536865
536877
536880
536897
536907
536921
536938
536939
536952
536952
536953
536973
536974
536979
536987
537017
537045
537055
537067
537070
537071
537078
537080
537102
537115
537122
537122
537131
537136
537137
537148
537172
537174
537180
537196
537216
537221
537226
537238
537255
537290
537292
537300
537306
537323
537338
537342
537347
537379
537382
537386
537391
537398
537401
537402
537405
537414
537451
537456
537466
537472
537483
537489
537503
537503
537535
537543
537553
537558
537572
537581
537583
537583
537604
537629
537630
537633
537633
537639
537644
537648
537671
537674
537679
537689
537703
537704
537708
537722
537727
537737
537744
537753
537766
537772
537779
537796
537801
537811
537815
537816
537818
537830
537840
537853
537859
537880
537887
537893
537915
537925
537947
537951
537960
537972
537982
537984
538004
538013
538020
538024
538028
538033
538039
538044
538056
538057
538061
538062
538085
538097
538131
538159
538180
538183
538194
538198
538199
538205
538214
538215
538225
538226
538228
538235
538241
538253
538270
538276
538279
538283
538294
538300
538342
538356
538359
538372
538403
538414
538437
538450
538467
538475
538484
538486
538487
538489
538490
538492
538494
538509
538511
538519
538521
538527
538527
538529
538545
538553
538554
538562
538569
538580
538589
538592
538610
538622
538626
538642
538647
538663
538689
538689
538719
538728
538750
538764
538764
538766
538796
538816
538841
538841
538843
538851
538852
538888
538890
538891
538903
538925
538926
538950
538950
538957
538976
538977
538985
538997
538997
538999
539005
539020
539025
539031
539039
539056
539060
539061
539067
539070
539074
539087
539128
539160
539167
539172
539212
539216
539221
539238
539241
539249
539261
539263
539286
539287
539290
539292
539301
539302
539304
539305
539316
539320
539324
539326
539331
539332
539341
539380
539395
539395
539397
539408
539409
539424
539426
539434
539451
539459
539464
539504
539510
539524
539541
539543
539545
539567
539603
539610
539618
539627
539630
539642
539645
539652
539656
539664
539673
539674
539692
539696
539698
539702
539714
539716
539722
539727
539728
539735
539736
539750
539758
539777
539782
539796
539796
539796
539799
539807
539827
539842
539863
539874
539881
539899
539904
539912
539912
539914
539926
539935
539940
539950
539950
539957
539966
539970
539971
539994
540002
540023
540039
540048
540065
540083
540088
540090
540092
540093
540099
540113
540114
540126
540129
540156
540181
540184
540187
540200
540240
540241
540242
540246
540251
540269
540273
540278
540292
540296
540306
540307
540307
540308
540321
540356
540364
540371
540372
540379
540380
540380
540382
540383
540391
540393
540396
540400
540409
540413
540414
540423
540440
540452
540454
540481
540486
540487
540500
540501
540505
540509
540510
540522
540527
540572
540588
540601
540636
540665
540677
540677
540691
540691
540694
540712
540719
540722
540722
540722
540734
540745
540753
540756
540772
540794
540803
540803
540823
540825
540856
540858
540880
540895
540912
540913
540925
540927
540932
540933
540941
540953
540955
540956
540972
540978
541002
541002
541017
541042
541050
541051
541053
541065
541078
541088
541093
541129
541140
541141
541158
541204
541212
541232
541238
541252
541252
541258
541259
541281
541288
541294
541313
541317
541318
541319
541323
541327
541328
541353
541367
541377
541390
541401
541448
541464
541475
541477
541480
541481
541507
541509
541523
541523
541529
541532
541542
541547
541554
541555
541559
541576
541585
541586
541591
541595
541629
541638
541641
541647
541648
541651
541654
541655
541657
541659
541659
541668
541678
541693
541710
541759
541773
541791
541805
541805
541811
541811
541823
541835
541837
541839
541847
541849
541869
541876
541893
541930
541942
541945
541952
541953
541965
541994
542007
542008
542039
542058
542073
542091
542139
542181
542183
542190
542204
542204
542204
542205
542206
542210
542225
542236
542238
542248
542256
542278
542293
542305
542313
542336
542338
542346
542353
542356
542361
542365
542383
542407
542417
542422
542424
542425
542439
542457
542466
542467
542475
542492
542493
542497
542497
542510
542514
542515
542517
542527
542529
542535
542540
542549
542553
542557
542562
542584
542591
542598
542616
542624
542625
542632
542645
542653
542654
542678
542681
542697
542703
542737
542738
542799
542801
542804
542821
542823
542827
542828
542835
542840
542852
542883
542883
542884
542902
542958
542962
542984
542990
542996
543002
543008
543009
543011
543026
543027
543035
543048
543048
543050
543069
543069
543072
543081
543129
543130
543135
543138
543144
543146
543155
543160
543168
543169
543171
543194
543217
543238
543255
543283
543290
543298
543314
543339
543362
543365
543366
543367
543384
543387
543401
543405
543423
543433
543442
543493
543494
543505
543519
543524
543526
543528
543529
543535
543546
543554
543557
543558
543573
543577
543593
543595
543595
543605
543605
543629
543663
543668
543696
543712
543713
543723
543723
543726
543739
543739
543740
543742
543745
543748
543749
543762
543769
543777
543796
543809
543824
543846
543860
543862
543866
543870
543884
543904
543924
543933
543950
543960
543968
543992
543995
544001
544009
544010
544014
544020
544023
544024
544028
544047
544052
544062
544062
544063
544064
544075
544080
544086
544088
544103
544103
544149
544152
544157
544163
544171
544178
544180
544183
544208
544210
544227
544237
544274
544289
544299
544313
544314
544331
544337
544370
544372
544386
544396
544426
544432
544436
544497
544498
544505
544508
544510
544513
544532
544544
544551
544561
544566
544581
544583
544594
544610
544627
544634
544639
544657
544660
544700
544703
544704
544706
544711
544713
544721
544743
544761
544796
544797
544797
544826
544829
544866
544867
544895
544907
544907
544907
544919
544931
544938
544942
544944
544948
544949
544955
544958
544958
544966
544980
545001
545017
545024
545030
545039
545082
545096
545122
545126
545139
545140
545141
545154
545160
545176
545185
545186
545192
545222
545243
545244
545271
545272
545280
545287
545313
545319
545350
545355
545372
545383
545392
545400
545406
545424
545425
545429
545443
545459
545475
545483
545485
545501
545541
545541
545545
545551
545552
545554
545559
545573
545584
545595
545598
545621
545626
545630
545635
545650
545651
545670
545685
545689
545694
545703
545733
545734
545734
545737
545746
545778
545779
545805
545819
545823
545830
545833
545884
545905
545910
545927
545929
545936
545940
545946
545951
545959
545962
545964
545965
545971
545987
545997
546002
546003
546024
546033
546065
546070
546077
546078
546083
546086
546090
546098
546131
546132
546133
546143
546144
546146
546161
546175
546185
546185
546205
546213
546214
546221
546225
546231
546241
546265
546293
546302
546305
546311
546331
546372
546373
546388
546394
546398
546409
546415
546423
546433
546455
546462
546473
546485
546493
546497
546501
546504
546509
546515
546533
546551
546563
546584
546588
546604
546618
546620
546621
546625
546638
546640
546641
546671
546701
546706
546709
546715
546721
546721
546757
546769
546773
546774
546776
546784
546786
546794
546802
546806
546817
546826
546834
546842
546846
546863
546881
546881
546882
546893
546899
546908
546920
546933
546976
546984
546984
546987
547005
547007
547023
547026
547031
547042
547045
547045
547048
547065
547082
547085
547087
547152
547164
547183
547189
547194
547196
547211
547216
547253
547258
547260
547263
547271
547273
547281
547288
547307
547312
547323
547347
547349
547354
547358
547365
547373
547379
547382
547387
547392
547402
547411
547413
547418
547423
547441
547453
547461
547468
547482
547505
547517
547535
547536
547544
547548
547565
547580
547612
547622
547645
547650
547662
547663
547667
547688
547707
547716
547758
547761
547771
547787
547789
547790
547790
547797
547806
547817
547821
547835
547836
547851
547882
547899
547915
547932
547948
547949
547963
547965
547969
547977
547997
547999
548010
548011
548014
548022
548032
548034
548054
548058
548064
548118
548130
548142
548145
548149
548161
548183
548185
548191
548192
548194
548207
548209
548224
548226
548233
548238
548249
548262
548280
548293
548297
548314
548319
548323
548344
548350
548354
548364
548365
548385
548402
548432
548438
548449
548458
548465
548492
548502
548505
548513
548513
548518
548543
548561
548563
548567
548581
548590
548592
548595
548597
548602
548640
548643
548644
548646
548647
548653
548669
548673
548674
548680
548683
548688
548692
548710
548713
548733
548743
548744
548762
548764
548765
548767
548805
548812
548814
548819
548820
548825
548833
548849
548904
548925
548934
548971
548975
548986
548995
548996
549019
549046
549056
549061
549061
549075
549095
549117
549148
549158
549163
549170
549177
549192
549193
549203
549221
549231
549238
549272
549274
549274
549289
549302
549314
549317
549320
549333
549348
549349
549350
549359
549375
549382
549383
549399
549427
549445
549476
549488
549489
549494
549504
549509
549519
549530
549542
549545
549557
549566
549569
549571
549579
549582
549586
549588
549601
549608
549612
549619
549624
549664
549665
549683
549691
549707
549707
549718
549724
549750
549754
549759
549762
549766
549771
549772
549807
549819
549819
549832
549844
549898
549906
549922
549940
549948
549952
549956
549960
549969
549999
550019
550024
550035
550053
550061
550063
550066
550069
550104
550125
550148
550162
550163
550168
550190
550191
550214
550238
550247
550274
550281
550292
550315
550317
550331
550351
550377
550390
550395
550414
550434
550492
550502
550503
550511
550527
550527
550541
550550
550557
550558
550559
550568
550572
550575
550589
550589
550591
550594
550596
550606
550630
550644
550646
550670
550678
550692
550699
550710
550727
550739
550747
550752
550755
550766
550778
550781
550798
550802
550811
550815
550836
550839
550847
550870
550878
550879
550881
550882
550884
550886
550906
550923
550941
550944
550945
550956
550960
550978
551029
551033
551035
551045
551051
551057
551086
551097
551099
551102
551109
551110
551145
551163
551167
551173
551197
551204
551245
551275
551288
551296
551297
551301
551303
551313
551326
551331
551335
551358
551371
551380
551390
551393
551399
551404
551404
551407
551408
551430
551442
551451
551455
551457
551473
551480
551482
551483
551488
551490
551492
551502
551512
551535
551543
551569
551582
551582
551593
551595
551603
551622
551661
551676
551677
551679
551680
551691
551699
551706
551712
551715
551717
551719
551726
551735
551738
551740
551741
551744
551766
551780
551780
551781
551786
551786
551797
551802
551824
551868
551888
551888
551906
551911
551931
551939
551942
551969
551992
551994
551998
552007
552014
552022
552033
552042
552052
552061
552089
552129
552130
552134
552139
552147
552150
552154
552157
552181
552184
552187
552197
552200
552202
552229
552258
552266
552266
552267
552276
552295
552299
552299
552304
552308
552315
552321
552323
552331
552332
552339
552341
552341
552349
552357
552365
552376
552383
552389
552389
552396
552402
552428
552432
552433
552444
552463
552466
552475
552479
552483
552521
552522
552523
552533
552536
552568
552571
552573
552580
552600
552604
552607
552615
552625
552653
552662
552671
552671
552683
552686
552705
552709
552717
552739
552752
552765
552766
552771
552772
552785
552805
552820
552837
552838
552858
552862
552864
552866
552875
552876
552877
552879
552892
552897
552900
552908
552910
552910
552912
552916
552924
552935
552952
553014
553022
553032
553035
553044
553046
553046
553054
553062
553082
553119
553135
553146
553148
553161
553166
553173
553174
553175
553176
553181
553183
553200
553202
553224
553229
553253
553276
553297
553309
553323
553332
553338
553343
553343
553345
553357
553362
553365
553375
553379
553383
553407
553417
553419
553424
553425
553429
553447
553475
553486
553486
553488
553490
553502
553506
553517
553535
553549
553573
553581
553590
553590
553614
553622
553634
553643
553647
553653
553659
553662
553672
553682
553711
553713
553717
553721
553721
553746
553797
553807
553815
553848
553853
553870
553886
553890
553898
553899
553926
553930
553942
553950
553976
553976
553993
553995
554005
554015
554030
554030
554034
554036
554038
554039
554042
554054
554056
554097
554131
554161
554161
554166
554168
554176
554194
554207
554208
554211
554234
554237
554241
554249
554260
554261
554272
554273
554278
554286
554297
554297
554308
554315
554322
554328
554341
554349
554351
554383
554398
554401
554415
554424
554429
554450
554462
554489
554493
554528
554540
554541
554568
554570
554587
554590
554603
554603
554604
554607
554609
554630
554630
554633
554634
554658
554670
554670
554679
554689
554696
554701
554726
554752
554780
554789
554789
554807
554826
554829
554834
554847
554849
554855
554867
554880
554889
554889
554896
554900
554907
554937
554948
554955
554961
554966
554966
554970
554977
554981
555003
555024
555029
555043
555070
555074
555080
555084
555095
555097
555108
555111
555118
555118
555121
555124
555125
555140
555143
555173
555182
555207
555221
555228
555230
555247
555248
555248
555276
555284
555300
555304
555312
555315
555327
555332
555336
555350
555357
555361
555377
555406
555407
555416
555418
555435
555435
555438
555445
555456
555457
555474
555484
555499
555506
555507
555529
555533
555542
555545
555558
555573
555577
555578
555584
555588
555597
555612
555615
555627
555631
555645
555646
555653
555702
555717
555727
555728
555729
555729
555733
555749
555756
555760
555766
555777
555784
555788
555789
555807
555823
555830
555839
555850
555858
555860
555866
555879
555881
555881
555909
555920
555921
555942
555955
555971
555978
555990
555992
555994
555998
555999
556000
556020
556023
556025
556042
556081
556087
556096
556099
556111
556117
556122
556141
556155
556155
556174
556191
556216
556220
556227
556239
556242
556242
556250
556259
556264
556265
556278
556288
556288
556295
556301
556302
556304
556310
556317
556317
556370
556390
556392
556392
556408
556414
556423
556457
556461
556468
556494
556499
556503
556509
556511
556537
556553
556558
556565
556569
556575
556592
556597
556601
556609
556612
556617
556622
556625
556632
556658
556659
556664
556669
556673
556676
556677
556690
556694
556695
556701
556708
556711
556788
556791
556791
556793
556815
556818
556854
556855
556858
556881
556882
556885
556907
556915
556926
556955
556959
556977
556998
557012
557014
557022
557032
557048
557051
557053
557061
557067
557074
557075
557096
557115
557116
557117
557118
557126
557135
557161
557172
557179
557181
557212
557213
557224
557228
557233
557235
557240
557252
557265
557318
557348
557357
557361
557361
557363
557363
557369
557376
557381
557382
557403
557411
557430
557441
557452
557457
557476
557499
557505
557506
557534
557543
557556
557560
557560
557564
557600
557603
557607
557614
557625
557632
557639
557652
557654
557655
557671
557673
557678
557678
557683
557689
557697
557701
557707
557713
557728
557736
557790
557809
557810
557814
557828
557841
557845
557854
557854
557878
557903
557968
557987
558000
558000
558000
558005
558006
558013
558020
558025
558029
558076
558084
558088
558104
558149
558163
558166
558170
558172
558175
558184
558186
558187
558189
558211
558213
558220
558238
558239
558240
558250
558260
558263
558264
558269
558270
558270
558273
558286
558287
558288
558296
558297
558301
558308
558322
558389
558391
558397
558397
558405
558409
558411
558412
558413
558418
558428
558440
558442
558442
558450
558453
558457
558468
558474
558474
558481
558484
558490
558490
558494
558518
558523
558526
558529
558538
558544
558545
558549
558571
558572
558573
558581
558598
558615
558640
558646
558667
558677
558696
558704
558729
558733
558766
558796
558799
558817
558824
558835
558837
558842
558848
558849
558851
558885
558888
558889
558894
558901
558905
558929
558936
558949
558953
558954
558977
558986
559012
559014
559024
559059
559063
559079
559093
559114
559119
559145
559167
559181
559187
559199
559200
559200
559201
559215
559218
559219
559228
559229
559236
559249
559254
559281
559284
559294
559296
559297
559307
559310
559314
559375
559380
559388
559389
559397
559428
559433
559457
559459
559468
559470
559472
559482
559482
559499
559499
559509
559517
559537
559546
559547
559553
559558
559567
559583
559600
559604
559623
559624
559626
559663
559665
559703
559709
559726
559731
559748
559795
559809
559820
559832
559871
559895
559899
559911
559912
559914
559925
559932
559937
559938
559942
559945
559947
559949
559953
559977
559982
559990
559990
559992
559995
559999
560035
560037
560056
560063
560064
560071
560078
560088
560091
560097
560112
560114
560128
560144
560146
560153
560157
560161
560187
560190
560194
560195
560216
560222
560222
560228
560236
560237
560258
560283
560294
560305
560334
560335
560357
560360
560372
560382
560382
560386
560392
560414
560416
560416
560420
560420
560422
560438
560460
560468
560499
560503
560504
560512
560528
560559
560578
560615
560625
560634
560637
560664
560664
560669
560672
560683
560687
560692
560696
560700
560702
560722
560753
560756
560758
560768
560781
560781
560787
560788
560798
560806
560807
560812
560814
560826
560835
560847
560851
560873
560880
560886
560887
560909
560912
560925
560931
560947
560954
560967
560987
560990
561007
561025
561039
561047
561049
561057
561061
561065
561081
561084
561093
561097
561117
561155
561167
561182
561187
561210
561214
561224
561236
561248
561256
561257
561267
561301
561327
561328
561331
561331
561352
561353
561356
561357
561371
561373
561373
561389
561390
561404
561410
561420
561436
561439
561446
561453
561460
561494
561494
561500
561505
561508
561513
561519
561520
561536
561547
561565
561567
561571
561577
561579
561590
561598
561604
561611
561614
561618
561624
561639
561639
561660
561683
561691
561695
561695
561702
561721
561728
561749
561761
561769
561769
561775
561781
561784
561791
561798
561803
561807
561824
561825
561826
561833
561836
561853
561854
561881
561892
561894
561896
561910
561917
561920
561951
561955
561960
561960
561961
561965
561993
561998
561999
562002
562003
562016
562025
562033
562033
562036
562038
562046
562062
562076
562080
562081
562092
562104
562122
562153
562172
562187
562188
562199
562210
562217
562221
562235
562252
562256
562261
562272
562273
562273
562277
562281
562317
562369
562374
562384
562389
562404
562428
562460
562460
562467
562476
562480
562499
562504
562528
562543
562547
562570
562576
562576
562586
562592
562605
562612
562623
562648
562660
562674
562678
562716
562719
562737
562746
562767
562773
562774
562781
562791
562800
562820
562821
562836
562849
562856
562856
562860
562862
562868
562885
562890
562890
562901
562932
562951
562960
562961
562975
562978
563019
563025
563027
563043
563049
563066
563067
563078
563079
563088
563113
563124
563134
563137
563142
563156
563158
563161
563174
563194
563202
563213
563229
563242
563246
563251
563256
563262
563264
563278
563287
563288
563294
563332
563334
563334
563345
563375
563403
563406
563408
563419
563425
563440
563447
563449
563453
563453
563457
563462
563469
563498
563517
563551
563556
563561
563585
563590
563597
563598
563611
563612
563622
563626
563635
563636
563640
563644
563647
563659
563678
563686
563692
563695
563704
563707
563725
563733
563758
563762
563774
563840
563848
563855
563876
563882
563884
563887
563896
563902
563921
563923
563926
563928
563944
563950
563960
563961
563967
563970
564011
564034
564054
564095
564097
564100
564107
564107
564119
564129
564168
564172
564188
564201
564205
564226
564242
564251
564270
564283
564326
564329
564363
564369
564371
564381
564383
564389
564392
564398
564400
564402
564402
564405
564419
564429
564434
564434
564438
564452
564454
564460
564479
564486
564490
564492
564514
564526
564529
564545
564551
564553
564561
564562
564574
564581
564583
564633
564656
564662
564678
564679
564690
564739
564743
564745
564752
564773
564774
564804
564814
564814
564823
564828
564836
564846
564864
564885
564887
564899
564917
564922
564932
564933
564942
564942
564955
564956
564967
564971
564992
564995
565033
565035
565042
565059
565094
565109
565130
565161
565164
565168
565171
565178
565188
565199
565205
565210
565213
565227
565243
565253
565268
565270
565275
565282
565283
565284
565286
565287
565298
565307
565311
565312
565326
565334
565338
565347
565348
565352
565359
565362
565373
565378
565380
565382
565391
565392
565403
565405
565411
565422
565430
565433
565467
565469
565473
565483
565492
565504
565534
565549
565575
565576
565578
565584
565597
565603
565605
565617
565630
565632
565636
565641
565642
565671
565679
565680
565689
565696
565720
565729
565754
565764
565774
565790
565825
565825
565828
565831
565854
565878
565883
565887
565889
565896
565909
565914
565919
565919
565920
565944
565946
565961
565962
565962
565965
565971
565982
565986
565994
566019
566028
566054
566059
566087
566089
566094
566105
566110
566112
566114
566119
566135
566138
566142
566144
566146
566195
566199
566209
566233
566245
566247
566274
566275
566277
566283
566283
566288
566291
566296
566298
566307
566314
566323
566330
566347
566355
566357
566359
566374
566383
566405
566416
566424
566432
566434
566435
566445
566445
566477
566493
566495
566499
566531
566594
566605
566611
566641
566660
566669
566670
566685
566693
566693
566703
566705
566726
566728
566729
566741
566747
566751
566764
566790
566810
566815
566823
566823
566825
566828
566842
566849
566864
566868
566868
566877
566881
566882
566890
566918
566919
566919
566934
566934
566950
566959
566973
566977
567005
567009
567017
567050
567051
567054
567070
567079
567094
567103
567103
567107
567110
567123
567126
567128
567149
567151
567159
567196
567197
567233
567237
567244
567250
567262
567285
567295
567303
567316
567317
567330
567332
567364
567372
567380
567385
567399
567401
567405
567406
567409
567409
567429
567432
567449
567449
567467
567467
567482
567482
567483
567485
567488
567492
567495
567513
567514
567517
567554
567555
567562
567584
567590
567594
567599
567605
567616
567643
567647
567665
567673
567717
567725
567726
567728
567729
567734
567735
567745
567767
567770
567787
567798
567803
567805
567812
567817
567825
567843
567845
567849
567852
567856
567858
567875
567885
567885
567902
567913
567923
567937
567946
567948
567955
567956
567960
567968
567988
568031
568034
568043
568050
568053
568086
568092
568096
568139
568150
568151
568158
568178
568198
568207
568252
568253
568266
568267
568275
568282
568292
568297
568301
568301
568310
568338
568341
568363
568366
568367
568379
568398
568415
568421
568422
568436
568444
568450
568463
568469
568469
568473
568479
568489
568512
568534
568537
568556
568557
568564
568568
568571
568575
568578
568590
568591
568600
568643
568672
568679
568723
568729
568784
568788
568791
568797
568801
568803
568810
568816
568819
568826
568844
568846
568847
568856
568859
568860
568865
568883
568898
568899
568920
568939
568953
568973
568974
568980
569000
569000
569019
569023
569025
569029
569030
569035
569073
569074
569077
569097
569115
569143
569147
569168
569169
569175
569179
569193
569199
569204
569225
569229
569235
569235
569236
569247
569249
569273
569276
569282
569293
569308
569309
569336
569340
569341
569344
569370
569376
569404
569413
569425
569435
569436
569486
569492
569514
569525
569529
569535
569542
569557
569578
569598
569627
569644
569664
569674
569684
569685
569686
569693
569700
569724
569730
569732
569739
569753
569774
569788
569790
569801
569804
569814
569815
569826
569833
569873
569892
569894
569897
569927
569942
569942
569969
569985
569986
570015
570019
570053
570058
570078
570079
570081
570083
570090
570104
570104
570114
570120
570121
570128
570141
570147
570150
570164
570187
570191
570194
570199
570204
570214
570224
570234
570241
570243
570246
570248
570254
570255
570296
570300
570302
570307
570336
570343
570350
570351
570365
570399
570413
570419
570447
570451
570453
570454
570477
570499
570504
570513
570513
570526
570528
570541
570545
570556
570559
570580
570590
570595
570599
570606
570607
570618
570635
570635
570640
570682
570683
570711
570721
570723
570727
570729
570751
570764
570771
570783
570783
570786
570799
570804
570806
570813
570823
570843
570846
570858
570862
570864
570886
570896
570923
570931
570936
570943
570953
570958
570962
570973
570977
570991
571004
571025
571037
571045
571048
571056
571058
571066
571067
571077
571110
571117
571131
571131
571135
571138
571142
571143
571178
571180
571180
571201
571216
571217
571221
571224
571243
571264
571274
571275
571279
571315
571317
571322
571325
571325
571352
571358
571362
571367
571371
571371
571377
571384
571395
571413
571425
571438
571463
571463
571469
571487
571492
571494
571499
571506
571509
571509
571511
571519
571529
571537
571544
571549
571554
571563
571582
571582
571584
571590
571594
571598
571604
571604
571605
571611
571613
571619
571632
571633
571638
571646
571655
571673
571676
571677
571682
571684
571700
571709
571718
571736
571747
571760
571767
571769
571777
571816
571822
571823
571832
571845
571856
571868
571882
571898
571907
571917
571919
571927
571935
571937
571947
571957
571967
571995
571999
572004
572021
572040
572089
572103
572113
572132
572140
572149
572149
572168
572179
572186
572189
572227
572234
572235
572238
572242
572251
572264
572274
572312
572314
572314
572320
572322
572323
572344
572350
572350
572353
572377
572379
572391
572394
572397
572407
572412
572417
572422
572442
572445
572457
572460
572461
572470
572474
572478
572494
572510
572512
572517
572523
572531
572532
572555
572581
572590
572602
572609
572621
572623
572633
572673
572687
572689
572720
572731
572732
572743
572766
572779
572782
572790
572803
572811
572816
572830
572848
572855
572856
572861
572879
572883
572887
572888
572907
572914
572921
572926
572932
572934
572946
572993
573005
573013
573013
573013
573026
573036
573061
573064
573071
573077
573079
573112
573116
573121
573124
573127
573136
573143
573144
573167
573168
573178
573178
573180
573192
573209
573218
573220
573232
573257
573263
573264
573270
573284
573301
573318
573327
573341
573342
573356
573360
573361
573366
573370
573391
573392
573404
573413
573425
573454
573457
573466
573473
573482
573507
573526
573526
573537
573541
573542
573543
573544
573546
573546
573559
573566
573571
573574
573574
573576
573586
573589
573594
573600
573602
573602
573605
573610
573614
573616
573623
573629
573635
573638
573650
573655
573657
573665
573669
573679
573699
573702
573706
573718
573727
573737
573752
573766
573771
573780
573784
573786
573819
573848
573849
573861
573861
573866
573877
573887
573896
573932
573949
573966
573980
573988
573992
574000
574003
574005
574014
574015
574016
574053
574055
574060
574082
574096
574096
574096
574105
574111
574111
574113
574138
574139
574155
574166
574172
574179
574187
574196
574205
574205
574214
574225
574232
574251
574251
574271
574281
574292
574297
574300
574310
574346
574359
574361
574367
574389
574413
574438
574445
574452
574466
574470
574480
574508
574535
574536
574550
574550
574560
574573
574575
574599
574618
574634
574662
574663
574665
574668
574681
574696
574706
574706
574712
574724
574750
574752
574752
574767
574771
574777
574797
574813
574817
574826
574830
574869
574869
574876
574877
574900
574914
574930
574930
574946
574948
574950
574971
574977
574977
574985
574985
574986
575017
575027
575028
575033
575042
575091
575139
575155
575159
575191
575198
575222
575226
575238
575272
575275
575285
575301
575323
575329
575332
575351
575369
575370
575374
575379
575383
575394
575409
575427
575427
575432
575434
575440
575443
575459
575465
575491
575492
575493
575494
575497
575497
575498
575509
575513
575528
575531
575536
575557
575567
575578
575580
575582
575585
575591
575593
575608
575617
575633
575660
575711
575717
575761
575763
575769
575778
575787
575790
575799
575805
575814
575827
575840
575844
575862
575890
575909
575932
575935
575956
575962
575965
575966
575982
575993
576020
576027
576041
576041
576048
576052
576052
576074
576087
576093
576111
576113
576115
576129
576147
576147
576156
576169
576174
576187
576190
576200
576210
576212
576220
576220
576232
576251
576253
576255
576263
576282
576283
576298
576311
576312
576315
576321
576328
576339
576354
576374
576377
576383
576389
576409
576410
576420
576433
576440
576444
576446
576446
576453
576481
576501
576509
576538
576545
576547
576548
576551
576563
576567
576617
576619
576622
576623
576633
576639
576650
576683
576685
576687
576698
576726
576740
576744
576748
576756
576761
576761
576776
576778
576803
576831
576847
576866
576871
576880
576883
576895
576905
576913
576916
576964
576972
576975
576987
576997
577003
577021
577028
577031
577044
577052
577060
577062
577066
577072
577075
577077
577080
577090
577108
577112
577121
577130
577133
577137
577145
577156
577163
577166
577189
577192
577217
577228
577245
577248
577252
577259
577262
577276
577306
577307
577310
577311
577312
577330
577332
577332
577344
577365
577394
577395
577402
577405
577412
577415
577422
577422
577438
577450
577464
577467
577468
577499
577504
577515
577515
577515
577524
577534
577538
577558
577565
577576
577588
577592
577617
577619
577622
577623
577624
577625
577641
577645
577649
577649
577652
577653
577661
577672
577681
577720
577742
577778
577780
577803
577806
577806
577818
577828
577862
577867
577870
577894
577894
577926
577930
577945
577945
577968
577990
577996
578014
578016
578025
578041
578048
578052
578054
578060
578063
578063
578082
578086
578086
578090
578094
578108
578138
578143
578169
578173
578182
578194
578228
578230
578248
578264
578278
578297
578299
578303
578305
578305
578329
578349
578350
578351
578364
578370
578388
578392
578392
578394
578406
578410
578412
578431
578440
578440
578442
578445
578449
578475
578493
578503
578511
578524
578524
578557
578558
578560
578562
578581
578596
578598
578605
578612
578622
578628
578641
578659
578671
578674
578689
578701
578704
578707
578715
578718
578720
578740
578748
578751
578753
578767
578781
578791
578805
578808
578821
578826
578828
578847
578848
578852
578887
578897
578902
578917
578921
578921
578931
578936
578963
578967
578969
578979
578980
578981
578993
578997
579008
579012
579016
579020
579030
579058
579064
579070
579070
579102
579102
579114
579119
579137
579137
579137
579138
579144
579146
579155
579157
579158
579159
579176
579217
579220
579226
579247
579249
579249
579250
579263
579264
579280
579293
579302
579304
579322
579330
579352
579355
579374
579434
579450
579453
579466
579484
579489
579506
579550
579557
579557
579560
579564
579593
579603
579606
579642
579647
579654
579662
579677
579677
579679
579685
579729
579755
579759
579760
579766
579804
579807
579814
579839
579849
579854
579859
579869
579879
579881
579908
579915
579916
579918
579919
579934
579942
579952
579956
579959
579992
579995
580001
580024
580033
580035
580049
580088
580090
580097
580116
580123
580128
580155
580164
580182
580200
580201
580209
580216
580217
580221
580227
580247
580260
580274
580296
580296
580306
580333
580338
580350
580367
580375
580390
580393
580410
580413
580423
580426
580433
580471
580513
580514
580515
580523
580526
580530
580538
580542
580548
580555
580558
580570
580574
580575
580597
580618
580629
580640
580644
580645
580656
580666
580670
580672
580679
580683
580689
580692
580700
580718
580730
580734
580740
580746
580756
580766
580772
580774
580779
580798
580820
580827
580839
580842
580846
580865
580866
580888
580911
580916
580916
580918
580940
580943
580946
580951
580952
580965
580984
580986
581023
581038
581042
581050
581050
581052
581061
581088
581109
581146
581158
581158
581180
581195
581196
581239
581251
581257
581261
581278
581290
581300
581300
581309
581323
581340
581358
581359
581362
581389
581405
581428
581431
581441
581447
581454
581455
581457
581462
581469
581469
581469
581475
581482
581505
581517
581524
581529
581532
581532
581555
581563
581588
581603
581608
581633
581646
581666
581667
581681
581691
581715
581716
581732
581733
581739
581744
581749
581760
581772
581777
581787
581794
581797
581821
581824
581836
581837
581853
581861
581864
581873
581891
581906
581910
581924
581930
581954
581956
581999
581999
582004
582005
582006
582009
582032
582035
582039
582040
582065
582068
582070
582078
582089
582109
582120
582125
582128
582145
582148
582149
582149
582162
582191
582194
582198
582213
582240
582245
582256
582257
582259
582268
582272
582279
582288
582289
582299
582300
582333
582343
582350
582353
582370
582377
582377
582378
582384
582391
582396
582421
582430
582431
582434
582439
582442
582451
582459
582462
582476
582482
582490
582493
582494
582499
582510
582510
582522
582522
582531
582540
582546
582548
582575
582599
582599
582612
582617
582619
582629
582639
582647
582658
582662
582672
582675
582683
582684
582690
582700
582712
582721
582731
582734
582735
582754
582759
582766
582770
582775
582787
582806
582819
582822
582840
582851
582869
582880
582890
582893
582894
582901
582903
582910
582928
582936
582937
582985
583020
583023
583030
583033
583038
583057
583064
583079
583102
583103
583146
583162
583163
583170
583185
583185
583193
583218
583219
583224
583227
583237
583255
583266
583269
583276
583277
583299
583327
583345
583349
583349
583353
583371
583381
583401
583433
583440
583484
583487
583491
583497
583503
583504
583507
583516
583520
583567
583573
583573
583579
583581
583594
583595
583620
583621
583630
583631
583633
583641
583659
583676
583701
583702
583707
583711
583712
583723
583733
583746
583750
583753
583772
583775
583805
583808
583814
583817
583831
583856
583866
583869
583889
583902
583916
583918
583932
583937
583947
583957
583962
583995
584000
584010
584043
584044
584048
584054
584057
584058
584078
584085
584095
584099
584103
584124
584143
584145
584154
584159
584177
584183
584190
584209
584211
584213
584227
584232
584236
584241
584270
584272
584283
584305
584307
584311
584325
584328
584329
584334
584335
584342
584343
584369
584386
584388
584397
584412
584413
584439
584439
584444
584456
584457
584460
584462
584465
584486
584511
584511
584513
584531
584538
584541
584553
584572
584602
584603
584608
584613
584616
584620
584622
584624
584625
584636
584657
584660
584689
584696
584703
584713
584715
584732
584744
584749
584759
584765
584768
584780
584790
584797
584799
584800
584807
584839
584841
584846
584854
584871
584871
584889
584901
584913
584923
584940
584947
584956
584982
584999
585001
585002
585002
585020
585023
585023
585030
585031
585040
585040
585041
585052
585073
585103
585113
585125
585149
585151
585151
585153
585196
585208
585212
585216
585221
585233
585240
585245
585249
585259
585264
585277
585279
585285
585291
585299
585299
585302
585305
585308
585318
585339
585343
585348
585352
585355
585359
585360
585376
585382
585391
585404
585407
585418
585426
585448
585464
585464
585477
585484
585484
585491
585504
585510
585512
585527
585529
585541
585543
585567
585571
585571
585575
585578
585579
585584
585590
585602
585611
585626
585630
585644
585659
585661
585694
585729
585740
585741
585763
585795
585799
585803
585804
585814
585816
585824
585830
585848
585850
585854
585857
585859
585869
585882
585884
585892
585893
585910
585920
585926
585931
585955
585963
585984
585990
586005
586016
586030
586034
586043
586064
586067
586109
586114
586128
586130
586145
586154
586157
586168
586171
586191
586195
586234
586245
586249
586256
586259
586278
586283
586284
586288
586302
586329
586357
586405
586416
586417
586418
586422
586427
586455
586485
586486
586520
586525
586563
586607
586609
586617
586619
586620
586624
586637
586641
586657
586660
586683
586684
586691
586692
586693
586709
586710
586726
586731
586732
586748
586781
586781
586789
586791
586798
586799
586813
586842
586853
586855
586875
586886
586897
586900
586901
586938
586946
586968
586982
586996
587002
587009
587047
587053
587053
587054
587082
587096
587136
587142
587143
587145
587205
587208
587211
587224
587231
587234
587246
587268
587278
587298
587299
587305
587331
587331
587347
587348
587356
587358
587359
587370
587378
587386
587390
587396
587399
587399
587416
587440
587448
587457
587466
587471
587473
587476
587482
587482
587486
587497
587500
587502
587514
587516
587516
587519
587523
587526
587528
587538
587556
587557
587576
587584
587584
587585
587589
587596
587597
587601
587605
587617
587629
587668
587669
587671
587673
587687
587690
587697
587697
587699
587703
587724
587737
587764
587805
587817
587842
587851
587860
587860
587870
587888
587905
587918
587919
587937
587952
587969
587969
587971
587973
587997
588002
588002
588005
588040
588055
588078
588080
588090
588093
588093
588105
588109
588131
588136
588151
588170
588185
588193
588195
588198
588218
588230
588230
588242
588251
588287
588289
588293
588302
588309
588321
588342
588346
588372
588372
588379
588397
588404
588414
588419
588424
588483
588487
588492
588497
588501
588506
588529
588550
588554
588566
588572
588642
588653
588673
588679
588693
588694
588696
588704
588707
588714
588724
588746
588755
588757
588786
588804
588808
588822
588852
588872
588874
588876
588878
588879
588891
588903
588906
588920
588921
588930
588936
588936
588974
588990
588993
589025
589034
589055
589067
589081
589081
589085
589096
589107
589119
589123
589124
589126
589127
589142
589148
589176
589185
589198
589213
589228
589232
589233
589240
589245
589248
589253
589262
589275
589277
589279
589283
589283
589299
589307
589317
589321
589324
589326
589337
589339
589343
589345
589347
589367
589371
589387
589392
589392
589410
589417
589419
589421
589424
589425
589433
589462
589467
589477
589485
589489
589494
589520
589524
589535
589540
589541
589555
589600
589605
589612
589639
589639
589643
589647
589653
589656
589663
589667
589668
589674
589689
589694
589699
589714
589727
589740
589747
589751
589756
589781
589869
589870
589898
589910
589925
589938
589939
589949
589950
589979
589984
590020
590022
590023
590027
590027
590029
590032
590038
590049
590057
590062
590088
590095
590095
590105
590115
590153
590157
590191
590213
590213
590220
590228
590235
590243
590249
590251
590271
590279
590279
590281
590285
590303
590313
590337
590356
590375
590384
590396
590401
590407
590415
590429
590448
590452
590474
590493
590497
590500
590509
590533
590535
590536
590537
590548
590556
590561
590563
590578
590582
590586
590590
590595
590597
590603
590603
590667
590674
590678
590691
590695
590700
590701
590707
590707
590723
590725
590726
590730
590733
590735
590748
590751
590758
590764
590771
590774
590775
590776
590783
590806
590813
590821
590839
590850
590861
590861
590886
590887
590911
590943
590951
590962
590963
590969
590972
590973
590977
590986
590993
590995
591002
591010
591011
591011
591041
591051
591053
591067
591076
591111
591130
591139
591148
591167
591178
591186
591217
591252
591270
591275
591279
591302
591308
591315
591330
591347
591355
591359
591384
591410
591410
591411
591423
591424
591444
591445
591473
591476
591481
591485
591496
591502
591503
591512
591517
591532
591553
591558
591569
591570
591572
591576
591587
591605
591607
591610
591620
591622
591629
591634
591645
591682
591685
591697
591697
591703
591715
591715
591723
591735
591752
591754
591769
591778
591781
591803
591809
591810
591816
591821
591828
591828
591837
591849
591858
591866
591873
591896
591902
591911
591913
591931
591951
591959
591989
592003
592005
592009
592010
592013
592014
592019
592031
592049
592053
592054
592063
592079
592085
592114
592117
592121
592128
592129
592134
592135
592140
592141
592151
592154
592161
592175
592180
592184
592187
592190
592191
592206
592224
592244
592247
592251
592253
592261
592265
592309
592336
592363
592372
592404
592406
592443
592449
592458
592460
592469
592471
592478
592505
592510
592527
592528
592535
592549
592565
592587
592601
592603
592613
592616
592621
592623
592635
592636
592642
592653
592657
592671
592698
592699
592710
592714
592735
592748
592755
592773
592773
592780
592783
592786
592808
592823
592826
592827
592833
592836
592838
592879
592927
592950
592971
592972
592979
592986
592987
592990
593016
593019
593027
593028
593030
593033
593037
593042
593052
593054
593061
593061
593073
593083
593096
593114
593129
593132
593138
593188
593203
593206
593220
593243
593243
593248
593267
593276
593284
593289
593289
593300
593315
593321
593339
593340
593347
593348
593422
593428
593447
593449
593456
593462
593470
593477
593478
593502
593507
593528
593547
593551
593562
593569
593596
593602
593616
593620
593622
593637
593658
593664
593664
593665
593687
593694
593714
593715
593715
593718
593732
593734
593744
593747
593794
593800
593802
593807
593815
593826
593841
593843
593867
593872
593878
593891
593893
593896
593897
593918
593924
593927
593965
593979
593983
594006
594027
594039
594042
594051
594063
594072
594082
594084
594087
594138
594157
594164
594169
594181
594182
594199
594202
594215
594228
594255
594256
594259
594259
594262
594282
594303
594313
594321
594346
594353
594354
594355
594356
594358
594358
594369
594401
594412
594413
594421
594424
594429
594444
594454
594456
594461
594466
594470
594486
594498
594510
594533
594536
594539
594541
594544
594555
594555
594561
594574
594585
594602
594607
594610
594636
594638
594640
594642
594648
594667
594684
594695
594699
594707
594707
594710
594710
594713
594715
594722
594739
594741
594748
594750
594756
594775
594785
594796
594798
594804
594805
594815
594827
594831
594831
594834
594836
594841
594848
594853
594864
594865
594870
594873
594899
594902
594913
594918
594943
594965
594987
594991
594991
594991
594992
595002
595008
595011
595021
595045
595049
595050
595085
595088
595093
595098
595102
595112
595131
595136
595149
595150
595193
595195
595197
595203
595204
595205
595208
595216
595219
595221
595224
595229
595230
595267
595318
595326
595339
595342
595356
595360
595370
595376
595379
595385
595393
595394
595398
595407
595412
595424
595431
595435
595439
595440
595444
595461
595463
595464
595477
595494
595499
595505
595524
595529
595537
595549
595551
595557
595566
595591
595601
595607
595607
595620
595629
595634
595639
595640
595640
595653
595673
595699
595714
595720
595734
595740
595745
595747
595755
595758
595808
595858
595879
595898
595913
595913
595918
595920
595934
595940
595945
595953
595961
595968
595968
595969
595985
595997
596011
596023
596024
596030
596031
596032
596048
596049
596064
596069
596084
596084
596105
596114
596146
596157
596160
596178
596179
596189
596227
596231
596235
596237
596254
596262
596284
596307
596310
596327
596344
596354
596355
596369
596370
596371
596385
596410
596414
596418
596425
596427
596447
596449
596449
596453
596472
596480
596507
596518
596518
596524
596525
596529
596534
596537
596549
596555
596563
596571
596581
596602
596604
596611
596630
596653
596660
596667
596672
596680
596696
596702
596704
596707
596709
596712
596715
596718
596720
596728
596745
596745
596772
596776
596802
596803
596812
596815
596829
596840
596840
596856
596889
596901
596901
596908
596915
596918
596953
596964
596987
597015
597040
597050
597056
597056
597057
597060
597071
597114
597119
597119
597123
597126
597155
597157
597158
597162
597163
597168
597173
597178
597194
597197
597209
597220
597222
597224
597243
597250
597264
597266
597273
597278
597295
597316
597317
597338
597340
597349
597353
597358
597360
597360
597365
597371
597372
597375
597385
597390
597394
597395
597420
597441
597446
597458
597459
597465
597473
597477
597478
597490
597511
597518
597529
597532
597534
597551
597575
597582
597596
597605
597607
597634
597643
597648
597652
597664
597667
597675
597686
597699
597699
597699
597702
597719
597722
597741
597745
597748
597751
597760
597775
597803
597835
597846
597854
597857
597878
597887
597904
597910
597916
597931
597935
597948
597956
597960
597983
597985
597986
597997
598005
598014
598018
598019
598025
598027
598030
598052
598057
598064
598088
598089
598092
598106
598110
598120
598157
598170
598171
598171
598178
598178
598192
598207
598229
598244
598245
598251
598258
598279
598309
598309
598310
598324
598333
598333
598343
598353
598368
598372
598390
598420
598422
598435
598476
598490
598498
598512
598543
598565
598570
598581
598581
598601
598603
598609
598609
598616
598632
598645
598666
598680
598696
598703
598706
598707
598715
598718
598718
598728
598733
598750
598751
598763
598764
598772
598774
598776
598798
598814
598815
598834
598862
598884
598894
598900
598902
598918
598936
598938
598946
598959
598962
598992
598996
599010
599021
599025
599056
599056
599070
599071
599075
599086
599107
599107
599117
599143
599145
599157
599166
599171
599182
599187
599190
599191
599193
599194
599224
599238
599243
599253
599257
599273
599285
599314
599314
599320
599322
599333
599334
599345
599348
599348
599357
599371
599384
599388
599391
599400
599406
599409
599435
599435
599453
599462
599499
599503
599505
599514
599518
599544
599545
599546
599562
599572
599582
599593
599610
599611
599619
599636
599646
599655
599672
599675
599684
599706
599709
599716
599738
599748
599785
599787
599792
599812
599815
599830
599831
599839
599851
599879
599882
599913
599915
599919
599929
599929
599939
599949
599955
599971
599975
599999
600034
600038
600039
600043
600047
600064
600115
600129
600140
600153
600171
600176
600191
600216
600222
600236
600249
600266
600275
600292
600297
600328
600336
600338
600341
600368
600379
600386
600387
600402
600420
600432
600434
600446
600454
600454
600458
600464
600469
600473
600480
600486
600493
600495
600521
600529
600555
600583
600585
600639
600646
600653
600656
600669
600669
600678
600706
600709
600727
600737
600742
600748
600750
600760
600760
600763
600767
600774
600778
600789
600794
600816
600821
600826
600838
600861
600862
600882
600884
600899
600906
600926
600927
601005
601007
601008
601024
601064
601103
601125
601131
601157
601157
601168
601193
601203
601207
601207
601208
601212
601225
601235
601251
601268
601271
601275
601304
601314
601320
601330
601337
601380
601382
601396
601399
601400
601420
601435
601444
601452
601487
601490
601493
601497
601499
601506
601508
601519
601528
601533
601545
601559
601565
601567
601573
601574
601575
601582
601610
601619
601621
601624
601631
601653
601657
601694
601718
601746
601753
601760
601761
601772
601773
601789
601796
601802
601823
601827
601841
601860
601869
601883
601895
601910
601913
601921
601934
601938
601938
601943
601947
601956
601966
601969
601976
601981
601985
601990
601998
602001
602008
602014
602019
602025
602025
602035
602042
602054
602065
602065
602086
602102
602110
602112
602117
602122
602128
602131
602135
602147
602179
602182
602187
602190
602196
602201
602212
602213
602220
602223
602231
602235
602258
602277
602293
602296
602299
602299
602323
602333
602344
602362
602362
602362
602377
602379
602407
602417
602441
602447
602448
602453
602500
602504
602511
602520
602529
602530
602546
602555
602559
602563
602579
602588
602590
602591
602599
602601
602603
602606
602614
602617
602632
602647
602648
602661
602667
602674
602675
602688
602700
602705
602709
602715
602720
602727
602732
602743
602754
602766
602778
602782
602791
602801
602803
602809
602819
602823
602825
602834
602844
602856
602868
602871
602884
602907
602921
602922
602947
602963
602976
602981
602982
603059
603071
603074
603081
603083
603083
603115
603117
603119
603133
603149
603150
603162
603168
603190
603198
603218
603224
603245
603248
603252
603253
603254
603274
603297
603306
603307
603320
603333
603362
603365
603374
603376
603410
603426
603441
603442
603473
603474
603484
603485
603494
603500
603514
603533
603536
603550
603558
603572
603577
603579
603587
603597
603607
603636
603647
603670
603699
603719
603727
603727
603736
603754
603805
603805
603809
603810
603812
603833
603841
603843
603844
603848
603855
603857
603860
603864
603874
603893
603895
603902
603907
603916
603929
603929
603936
603942
603964
603969
603969
603978
603996
604002
604004
604037
604045
604053
604061
604062
604097
604110
604120
604124
604136
604140
604150
604159
604160
604169
604192
604203
604219
604229
604230
604246
604251
604252
604252
604262
604268
604269
604279
604280
604280
604283
604301
604309
604332
604334
604335
604373
604381
604382
604395
604401
604402
604405
604414
604422
604434
604437
604446
604448
604459
604467
604475
604476
604484
604486
604496
604498
604501
604506
604508
604519
604552
604553
604563
604567
604569
604575
604605
604606
604615
604626
604635
604665
604675
604687
604696
604699
604704
604725
604729
604744
604758
604767
604792
604830
604835
604850
604890
604895
604916
604917
604919
604920
604922
604943
604945
604964
604971
604972
604980
604996
604997
605000
605001
605003
605012
605028
605035
605038
605042
605043
605052
605057
605060
605060
605081
605114
605117
605131
605145
605146
605157
605160
605185
605186
605200
605202
605216
605228
605237
605239
605252
605254
605256
605260
605269
605277
605290
605295
605338
605344
605345
605387
605398
605402
605425
605445
605453
605456
605457
605457
605467
605473
605488
605495
605519
605549
605563
605583
605584
605604
605619
605624
605628
605628
605630
605634
605637
605638
605657
605665
605743
605744
605745
605747
605781
605785
605790
605798
605819
605823
605833
605852
605858
605863
605865
605881
605892
605909
605909
605916
605918
605927
605932
605952
605957
605963
605973
605977
605996
606018
606027
606037
606045
606052
606062
606064
606072
606083
606105
606134
606151
606154
606158
606173
606177
606177
606189
606212
606257
606261
606262
606262
606281
606294
606296
606303
606322
606336
606341
606342
606349
606403
606433
606441
606493
606494
606504
606510
606527
606552
606553
606562
606587
606595
606607
606631
606642
606647
606675
606715
606715
606725
606729
606754
606756
606762
606767
606791
606809
606833
606846
606871
606889
606896
606900
606927
606931
606940
606941
606951
606983
606986
606996
606998
606999
607005
607011
607020
607030
607037
607038
607110
607111
607160
607164
607178
607180
607183
607184
607192
607209
607211
607215
607256
607270
607275
607280
607282
607285
607297
607301
607306
607309
607318
607345
607349
607355
607360
607368
607384
607385
607399
607414
607424
607436
607439
607451
607458
607498
607507
607507
607532
607545
607549
607550
607561
607562
607570
607574
607584
607604
607622
607624
607634
607635
607636
607651
607662
607663
607683
607683
607705
607710
607711
607736
607760
607765
607775
607791
607805
607826
607828
607841
607855
607886
607886
607905
607911
607916
607926
607936
607941
607943
607960
607963
607964
607967
607978
608004
608004
608010
608011
608013
608043
608046
608053
608113
608118
608120
608121
608128
608130
608131
608136
608137
608150
608166
608169
608192
608207
608216
608224
608229
608232
608245
608253
608253
608263
608263
608283
608293
608315
608331
608335
608356
608365
608365
608367
608384
608423
608431
608448
608452
608453
608454
608460
608475
608490
608522
608525
608526
608536
608557
608558
608558
608567
608569
608571
608580
608592
608598
608609
608668
608692
608692
608708
608713
608717
608719
608752
608755
608764
608765
608776
608785
608799
608811
608816
608825
608832
608836
608844
608846
608847
608861
608868
608883
608898
608902
608913
608914
608916
608925
608931
608936
608942
608943
608945
608951
608952
608977
608989
609024
609028
609034
609038
609045
609066
609075
609086
609094
609106
609112
609141
609166
609168
609172
609178
609235
609239
609249
609254
609270
609279
609280
609289
609300
609314
609316
609336
609356
609365
609399
609402
609419
609434
609460
609472
609484
609485
609486
609498
609505
609508
609515
609525
609525
609540
609544
609547
609551
609558
609564
609566
609569
609574
609584
609585
609590
609603
609609
609628
609635
609642
609656
609676
609687
609691
609712
609721
609723
609727
609751
609758
609762
609780
609813
609826
609834
609856
609857
609867
609870
609876
609877
609877
609887
609893
609895
609898
609902
609904
609906
609910
609921
609962
609968
609970
609974
609988
610007
610012
610015
610018
610027
610031
610038
610058
610071
610074
610109
610109
610110
610115
610117
610121
610143
610161
610167
610191
610208
610214
610215
610219
610220
610221
610229
610235
610244
610248
610261
610264
610264
610291
610293
610316
610321
610326
610328
610328
610331
610345
610345
610373
610384
610385
610388
610388
610395
610396
610397
610408
610417
610441
610442
610449
610452
610457
610469
610472
610476
610498
610512
610525
610528
610529
610532
610542
610553
610567
610573
610580
610601
610603
610619
610626
610628
610633
610653
610676
610699
610711
610738
610744
610763
610774
610779
610797
610798
610807
610813
610819
610822
610824
610831
610839
610841
610851
610855
610862
610883
610889
610890
610896
610917
610929
610938
610948
610988
610994
610998
611000
611007
611013
611027
611055
611069
611071
611074
611076
611081
611098
611104
611108
611110
611127
611130
611132
611144
611151
611164
611189
611190
611202
611207
611208
611214
611217
611253
611253
611291
611302
611315
611328
611354
611354
611366
611376
611384
611391
611392
611397
611400
611410
611410
611432
611437
611438
611445
611446
611454
611466
611495
611496
611498
611501
611518
611528
611529
611531
611537
611551
611562
611574
611583
611585
611594
611630
611635
611642
611649
611650
611651
611653
611689
611695
611713
611716
611730
611731
611732
611748
611750
611750
611754
611764
611773
611783
611788
611801
611814
611819
611838
611847
611866
611880
611888
611892
611925
611927
611928
611947
611958
611967
611973
611981
612027
612033
612034
612051
612060
612061
612065
612099
612112
612122
612136
612140
612143
612158
612178
612187
612191
612198
612226
612238
612250
612252
612253
612254
612254
612260
612317
612331
612334
612344
612360
612374
612385
612386
612396
612406
612411
612464
612466
612467
612470
612484
612507
612545
612559
612567
612583
612587
612591
612595
612609
612630
612633
612636
612638
612653
612668
612673
612678
612704
612704
612704
612706
612707
612719
612727
612729
612741
612763
612773
612786
612799
612802
612802
612806
612807
612808
612810
612814
612817
612821
612827
612829
612842
612856
612870
612898
612908
612909
612926
612930
612939
612946
612949
612972
612976
612981
612993
612998
613001
613004
613015
613032
613040
613042
613042
613073
613075
613084
613101
613114
613134
613135
613147
613151
613162
613162
613165
613178
613187
613206
613222
613233
613244
613248
613250
613265
613266
613278
613278
613281
613285
613297
613319
613321
613324
613364
613364
613372
613384
613386
613387
613389
613453
613483
613486
613506
613511
613519
613523
613525
613539
613545
613553
613561
613599
613605
613605
613605
613615
613618
613623
613624
613642
613645
613647
613651
613671
613675
613684
613715
613733
613738
613751
613757
613787
613793
613819
613827
613828
613837
613842
613865
613865
613878
613879
613883
613895
613898
613916
613920
613924
613945
613946
613950
613966
613967
613980
613982
613998
614004
614033
614036
614053
614055
614062
614064
614067
614073
614082
614087
614096
614109
614109
614116
614133
614144
614150
614153
614195
614199
614212
614212
614221
614250
614253
614267
614274
614285
614298
614298
614306
614351
614406
614423
614423
614428
614437
614451
614456
614456
614476
614495
614496
614502
614504
614510
614515
614519
614525
614531
614534
614550
614557
614600
614623
614625
614641
614661
614676
614699
614703
614718
614731
614754
614755
614763
614796
614811
614819
614825
614835
614837
614841
614842
614857
614893
614899
614905
614928
614930
614933
614939
614947
614952
614970
614980
614983
614991
614993
615062
615102
615102
615113
615157
615158
615168
615169
615182
615195
615211
615259
615262
615290
615291
615310
615312
615314
615333
615376
615386
615392
615400
615413
615415
615421
615431
615437
615454
615471
615481
615487
615490
615521
615564
615576
615577
615581
615582
615582
615593
615596
615600
615607
615609
615614
615637
615661
615675
615683
615698
615701
615705
615711
615723
615754
615757
615758
615759
615765
615765
615783
615790
615814
615815
615817
615832
615836
615856
615862
615863
615886
615892
615899
615900
615904
615904
615908
615910
615911
615931
615952
615958
615963
615976
615979
616002
616008
616009
616011
616016
616041
616043
616064
616083
616085
616087
616090
616110
616125
616128
616148
616158
616187
616197
616201
616207
616217
616233
616247
616251
616259
616295
616323
616359
616377
616385
616395
616397
616399
616407
616407
616407
616430
616447
616451
616463
616471
616485
616485
616500
616507
616507
616508
616509
616521
616529
616547
616554
616578
616581
616613
616617
616623
616626
616638
616642
616643
616644
616650
616659
616678
616678
616679
616692
616696
616705
616707
616726
616726
616736
616744
616750
616751
616751
616766
616779
616805
616816
616819
616822
616828
616839
616844
616848
616850
616855
616864
616865
616867
616918
616944
616944
616948
616949
616955
616959
616961
616968
616973
616989
617000
617001
617004
617005
617018
617025
617028
617030
617059
617069
617071
617073
617073
617079
617098
617120
617120
617137
617151
617151
617167
617171
617176
617178
617195
617196
617199
617209
617214
617224
617233
617270
617270
617286
617302
617312
617340
617371
617378
617379
617395
617421
617440
617442
617457
617459
617461
617462
617474
617487
617513
617516
617518
617519
617532
617533
617536
617539
617570
617595
617598
617599
617601
617618
617635
617635
617658
617661
617674
617678
617679
617684
617696
617697
617706
617712
617714
617720
617721
617727
617731
617734
617741
617752
617786
617812
617819
617851
617852
617863
617882
617890
617902
617906
617914
617918
617926
617926
617928
617934
617942
617946
617975
617979
617979
617985
617987
617991
618004
618007
618021
618022
618031
618075
618088
618115
618130
618135
618140
618149
618153
618153
618154
618168
618173
618187
618194
618195
618210
618217
618218
618219
618220
618226
618234
618245
618247
618249
618249
618257
618262
618273
618277
618278
618295
618299
618335
618355
618359
618366
618377
618402
618403
618456
618458
618478
618494
618512
618536
618537
618540
618558
618566
618599
618607
618613
618628
618635
618635
618642
618643
618660
618660
618666
618676
618683
618697
618699
618723
618724
618747
618769
618776
618779
618780
618786
618819
618823
618826
618837
618856
618864
618870
618911
618918
618927
618955
618966
618980
619007
619017
619042
619047
619058
619067
619089
619104
619108
619112
619116
619124
619126
619149
619187
619212
619221
619237
619237
619255
619260
619261
619272
619277
619302
619308
619320
619323
619327
619330
619336
619361
619373
619386
619389
619406
619422
619432
619436
619454
619467
619469
619492
619507
619514
619528
619545
619546
619547
619566
619570
619576
619579
619600
619612
619629
619631
619648
619657
619675
619679
619682
619691
619703
619713
619727
619733
619750
619765
619770
619804
619805
619814
619823
619825
619838
619844
619851
619856
619874
619880
619882
619906
619907
619916
619917
619919
619929
619930
619950
619951
619963
619968
619980
619995
620000
620000
620005
620015
620024
620026
620030
620032
620043
620058
620066
620076
620089
620089
620107
620140
620143
620149
620155
620166
620174
620193
620198
620204
620204
620209
620209
620216
620246
620253
620259
620260
620264
620273
620275
620293
620294
620297
620307
620310
620316
620316
620332
620338
620338
620339
620342
620363
620367
620371
620373
620375
620378
620399
620413
620415
620503
620516
620518
620520
620539
620565
620566
620567
620576
620596
620599
620599
620603
620620
620621
620623
620635
620638
620707
620708
620708
620732
620740
620747
620750
620779
620795
620832
620832
620843
620848
620858
620861
620865
620867
620881
620919
620923
620927
620929
620942
621003
621024
621058
621076
621081
621081
621082
621097
621104
621123
621139
621152
621158
621164
621170
621174
621183
621184
621184
621188
621193
621193
621205
621214
621239
621251
621261
621263
621263
621273
621276
621297
621310
621311
621311
621327
621327
621330
621348
621367
621382
621388
621392
621399
621401
621415
621423
621433
621435
621448
621452
621461
621463
621468
621502
621520
621529
621534
621535
621537
621555
621564
621567
621576
621593
621604
621613
621622
621624
621629
621644
621655
621666
621690
621691
621703
621705
621743
621745
621761
621779
621789
621796
621804
621848
621864
621883
621888
621893
621923
621923
621933
621940
621963
621991
621996
622000
622005
622053
622069
622081
622086
622090
622091
622101
622113
622138
622141
622144
622145
622149
622165
622166
622177
622202
622208
622228
622232
622234
622247
622266
622266
622273
622275
622277
622290
622299
622305
622305
622307
622315
622320
622332
622341
622355
622372
622383
622384
622406
622410
622410
622446
622472
622482
622483
622503
622506
622525
622526
622536
622543
622544
622550
622573
622574
622583
622593
622603
622624
622626
622626
622659
622659
622664
622680
622711
622712
622720
622728
622735
622767
622770
622774
622775
622793
622802
622805
622805
622832
622864
622865
622877
622878
622880
622882
622886
622900
622902
622908
622920
622936
622939
622942
622945
622950
622950
622958
622959
622963
622972
622974
622999
623000
623003
623017
623024
623038
623055
623086
623088
623098
623108
623111
623112
623119
623121
623122
623130
623131
623142
623143
623158
623165
623183
623190
623191
623213
623221
623227
623233
623236
623250
623250
623251
623261
623261
623289
623294
623320
623325
623326
623328
623334
623336
623338
623339
623341
623347
623387
623388
623392
623394
623413
623432
623451
623457
623467
623540
623549
623549
623552
623557
623561
623567
623574
623584
623586
623587
623591
623594
623596
623639
623651
623657
623660
623673
623682
623684
623712
623734
623741
623804
623816
623824
623829
623836
623844
623847
623852
623903
623904
623907
623912
623919
623939
623979
623984
623990
623995
623996
624022
624026
624034
624035
624042
624046
624056
624081
624090
624104
624108
624158
624159
624171
624177
624178
624201
624218
624221
624231
624232
624236
624245
624252
624254
624265
624283
624284
624287
624287
624289
624321
624336
624342
624369
624372
624375
624377
624397
624412
624417
624437
624441
624451
624460
624466
624486
624487
624535
624555
624558
624563
624565
624591
624598
624609
624638
624656
624662
624665
624685
624695
624703
624717
624730
624737
624762
624768
624778
624780
624786
624801
624803
624810
624826
624827
624840
624841
624842
624849
624859
624866
624873
624877
624889
624897
624927
624946
624949
624964
624975
624976
624989
625013
625018
625022
625022
625034
625045
625054
625054
625065
625071
625078
625081
625082
625085
625150
625155
625158
625160
625161
625161
625174
625190
625192
625203
625203
625211
625215
625219
625230
625235
625236
625250
625295
625313
625321
625322
625347
625351
625375
625381
625383
625386
625386
625389
625406
625409
625421
625423
625439
625448
625463
625498
625506
625510
625526
625528
625561
625562
625570
625601
625613
625634
625648
625655
625659
625662
625667
625667
625719
625726
625726
625734
625771
625781
625804
625813
625816
625834
625875
625882
625890
625894
625945
625952
625973
625975
625983
625989
625990
625992
626020
626028
626029
626040
626053
626086
626099
626110
626126
626127
626131
626148
626161
626170
626177
626207
626213
626215
626217
626224
626231
626233
626272
626273
626289
626294
626306
626333
626335
626336
626352
626396
626396
626402
626413
626443
626444
626449
626494
626499
626509
626513
626581
626590
626612
626622
626638
626665
626666
626671
626676
626678
626707
626709
626711
626717
626717
626730
626736
626766
626784
626796
626799
626803
626815
626833
626836
626848
626848
626848
626850
626859
626859
626871
626880
626890
626912
626921
626923
626947
626958
626959
626964
626968
626971
626991
627011
627019
627047
627053
627059
627077
627088
627097
627111
627118
627121
627137
627140
627143
627143
627154
627162
627172
627181
627181
627194
627202
627206
627206
627209
627216
627220
627220
627228
627232
627232
627233
627237
627242
627246
627262
627269
627271
627317
627319
627322
627324
627330
627337
627347
627357
627358
627358
627368
627369
627371
627404
627412
627433
627437
627465
627469
627482
627486
627496
627521
627537
627537
627543
627544
627548
627563
627566
627574
627580
627590
627593
627598
627609
627630
627663
627667
627673
627682
627692
627707
627727
627728
627744
627746
627755
627756
627768
627768
627769
627779
627802
627829
627844
627846
627847
627859
627874
627888
627889
627916
627928
627934
627935
627953
627961
627967
627974
627984
627985
627985
627995
628004
628012
628026
628038
628051
628052
628057
628072
628128
628129
628131
628137
628140
628157
628163
628165
628184
628188
628209
628231
628232
628259
628273
628277
628308
628364
628376
628382
628391
628392
628394
628411
628442
628469
628481
628481
628502
628518
628533
628551
628574
628580
628580
628590
628595
628612
628613
628647
628649
628652
628656
628671
628679
628707
628715
628730
628733
628747
628756
628759
628760
628769
628776
628787
628798
628806
628806
628813
628815
628823
628824
628826
628828
628841
628884
628896
628909
628910
628974
628977
628986
628991
628992
629002
629010
629018
629025
629029
629030
629068
629079
629080
629080
629082
629082
629095
629095
629108
629118
629137
629150
629164
629168
629170
629186
629200
629210
629215
629234
629235
629250
629258
629258
629261
629262
629270
629270
629274
629286
629286
629294
629315
629325
629345
629359
629368
629368
629370
629381
629384
629397
629399
629403
629404
629412
629421
629436
629450
629458
629460
629468
629474
629482
629488
629499
629519
629534
629537
629545
629573
629574
629577
629586
629590
629603
629615
629621
629632
629636
629645
629647
629689
629691
629692
629698
629704
629723
629728
629734
629758
629764
629768
629774
629774
629777
629780
629783
629794
629805
629810
629814
629841
629861
629864
629865
629870
629875
629911
629927
629930
629931
629941
629945
629960
629979
629984
629997
630000
630010
630040
630046
630069
630075
630087
630103
630118
630125
630161
630170
630176
630181
630182
630187
630215
630217
630224
630233
630235
630265
630286
630316
630404
630414
630415
630419
630428
630432
630457
630471
630476
630478
630494
630500
630506
630529
630534
630545
630554
630555
630559
630569
630585
630598
630610
630610
630616
630621
630627
630632
630640
630641
630642
630664
630706
630726
630730
630758
630798
630813
630815
630827
630830
630830
630834
630837
630839
630842
630848
630855
630860
630863
630874
630875
630881
630892
630909
630915
630916
630917
630921
630921
630927
630940
630944
630964
630967
630973
631002
631038
631056
631071
631080
631083
631101
631102
631106
631120
631124
631161
631161
631165
631166
631175
631178
631184
631193
631197
631264
631265
631266
631294
631313
631315
631336
631338
631340
631345
631349
631363
631388
631389
631393
631393
631394
631398
631403
631407
631409
631411
631414
631424
631427
631428
631433
631469
631469
631487
631491
631534
631561
631583
631625
631649
631653
631678
631688
631694
631699
631729
631731
631745
631752
631764
631770
631776
631796
631798
631809
631815
631832
631846
631933
631935
631936
631977
632001
632032
632049
632057
632058
632062
632084
632096
632102
632143
632149
632151
632153
632162
632175
632177
632181
632181
632183
632187
632188
632192
632213
632217
632217
632235
632235
632235
632239
632241
632265
632268
632273
632282
632289
632307
632315
632320
632333
632341
632350
632368
632370
632372
632388
632391
632401
632408
632438
632453
632468
632470
632477
632485
632501
632502
632509
632518
632534
632538
632543
632545
632565
632567
632583
632590
632598
632603
632629
632630
632632
632639
632640
632646
632650
632663
632684
632687
632691
632693
632710
632719
632734
632754
632756
632826
632838
632851
632878
632880
632890
632891
632894
632919
632922
632932
632969
632982
632983
632998
633012
633036
633037
633041
633082
633098
633113
633119
633134
633134
633137
633140
633156
633162
633166
633169
633170
633175
633180
633193
633198
633199
633200
633215
633221
633229
633238
633248
633250
633258
633262
633266
633277
633284
633285
633293
633317
633326
633326
633339
633342
633348
633352
633361
633373
633380
633385
633392
633393
633395
633404
633418
633426
633427
633431
633441
633443
633451
633456
633482
633492
633497
633511
633519
633519
633526
633530
633550
633575
633576
633578
633621
633642
633653
633656
633679
633695
633727
633728
633739
633760
633761
633787
633820
633833
633839
633848
633866
633875
633884
633906
633909
633912
633913
633916
633928
633936
633973
633974
633997
633997
634027
634048
634050
634072
634082
634094
634106
634116
634124
634127
634141
634141
634150
634161
634164
634176
634183
634200
634209
634225
634235
634267
634279
634280
634292
634337
634342
634358
634367
634370
634372
634376
634379
634386
634424
634429
634430
634435
634435
634444
634452
634454
634463
634472
634478
634486
634489
634524
634536
634569
634569
634596
634605
634622
634623
634627
634671
634696
634717
634717
634720
634727
634739
634747
634760
634779
634787
634813
634825
634832
634832
634834
634846
634857
634861
634874
634884
634905
634913
634926
634943
634946
635016
635026
635027
635030
635034
635040
635045
635056
635061
635086
635095
635119
635125
635142
635142
635151
635165
635177
635186
635216
635223
635227
635231
635236
635239
635247
635251
635252
635266
635274
635284
635291
635296
635303
635307
635319
635322
635322
635324
635326
635332
635348
635366
635406
635414
635415
635421
635437
635442
635450
635458
635461
635478
635490
635500
635515
635519
635521
635522
635522
635536
635536
635537
635543
635569
635575
635578
635601
635606
635613
635620
635627
635662
635665
635701
635703
635738
635749
635759
635775
635780
635780
635788
635811
635819
635819
635840
635842
635857
635883
635888
635894
635894
635896
635903
635911
635915
635917
635927
635956
635959
635964
635968
635971
635975
635975
635986
636002
636004
636013
636047
636058
636073
636082
636109
636109
636121
636131
636163
636183
636185
636190
636192
636203
636209
636226
636233
636236
636243
636251
636254
636278
636286
636297
636302
636318
636355
636366
636367
636381
636382
636387
636387
636400
636401
636404
636410
636424
636434
636479
636479
636488
636505
636508
636520
636532
636538
636543
636547
636547
636556
636585
636588
636592
636596
636596
636606
636623
636628
636637
636641
636691
636696
636715
636728
636730
636737
636744
636745
636746
636746
636759
636766
636768
636793
636797
636818
636819
636846
636846
636860
636866
636877
636878
636903
636912
636917
636926
636961
636965
636968
636979
636990
637027
637034
637036
637039
637043
637045
637055
637057
637074
637080
637083
637094
637095
637120
637122
637128
637128
637152
637161
637197
637200
637214
637215
637237
637239
637241
637270
637280
637285
637286
637292
637303
637307
637309
637312
637314
637315
637332
637343
637355
637390
637401
637407
637413
637431
637442
637449
637496
637500
637502
637527
637528
637561
637575
637580
637594
637601
637607
637610
637673
637683
637702
637703
637712
637753
637772
637774
637784
637796
637806
637819
637823
637830
637832
637840
637841
637852
637866
637873
637874
637876
637877
637891
637892
637935
637940
637940
637948
637955
637960
637960
637964
637984
637986
637990
637993
638035
638046
638061
638064
638070
638076
638087
638097
638101
638105
638107
638125
638137
638140
638141
638163
638165
638169
638183
638189
638190
638190
638201
638205
638212
638218
638222
638228
638266
638269
638279
638280
638285
638312
638312
638335
638352
638354
638377
638389
638393
638396
638396
638401
638405
638418
638423
638424
638428
638452
638454
638475
638479
638481
638482
638492
638495
638501
638521
638550
638558
638576
638599
638600
638607
638608
638620
638620
638627
638642
638655
638661
638670
638675
638689
638703
638706
638706
638726
638730
638736
638791
638805
638819
638820
638824
638825
638845
638854
638867
638877
638879
638883
638895
638903
638914
638921
638927
638937
638941
638949
638951
638963
638964
638982
638993
638998
638999
639027
639032
639050
639052
639071
639086
639090
639095
639098
639112
639127
639128
639132
639144
639149
639149
639150
639151
639151
639180
639182
639195
639198
639202
639203
639208
639225
639240
639242
639249
639262
639283
639285
639296
639310
639313
639316
639338
639344
639346
639347
639350
639359
639377
639393
639397
639409
639411
639416
639420
639423
639432
639440
639441
639453
639461
639495
639498
639537
639540
639561
639579
639590
639592
639600
639603
639606
639623
639628
639660
639694
639695
639698
639699
639723
639763
639777
639778
639780
639781
639797
639803
639806
639813
639826
639834
639838
639850
639867
639867
639905
639914
639929
639937
639947
639961
639964
639967
639987
640033
640035
640036
640042
640063
640072
640075
640077
640106
640122
640129
640140
640142
640164
640171
640172
640180
640183
640184
640184
640187
640205
640230
640255
640278
640280
640284
640296
640296
640305
640323
640340
640356
640393
640395
640396
640414
640438
640440
640446
640453
640454
640479
640504
640505
640505
640524
640538
640539
640548
640552
640556
640572
640577
640595
640608
640615
640623
640631
640668
640681
640683
640700
640730
640745
640753
640756
640757
640778
640781
640795
640807
640814
640820
640839
640841
640842
640846
640851
640852
640859
640860
640870
640872
640903
640914
640917
640943
640950
640953
640987
641003
641035
641047
641058
641064
641069
641070
641071
641107
641111
641118
641124
641124
641163
641164
641168
641174
641175
641203
641205
641208
641213
641226
641226
641239
641245
641250
641263
641263
641266
641277
641281
641281
641283
641283
641291
641295
641331
641333
641337
641360
641363
641381
641414
641440
641443
641447
641458
641464
641464
641489
641490
641490
641494
641514
641545
641551
641558
641564
641565
641574
641584
641592
641596
641600
641620
641622
641624
641624
641632
641643
641649
641668
641689
641706
641709
641712
641715
641726
641733
641736
641736
641742
641743
641760
641764
641769
641771
641784
641820
641823
641823
641823
641824
641849
641854
641856
641882
641883
641884
641886
641889
641891
641906
641913
641926
641937
641951
641976
642003
642004
642011
642021
642027
642073
642084
642118
642150
642160
642161
642173
642177
642183
642190
642206
642218
642219
642238
642251
642272
642294
642296
642296
642322
642333
642337
642338
642339
642352
642372
642379
642383
642397
642425
642428
642429
642437
642440
642467
642494
642495
642520
642523
642528
642544
642547
642570
642577
642580
642582
642587
642589
642591
642600
642607
642632
642632
642656
642663
642671
642673
642684
642718
642724
642730
642732
642735
642741
642750
642770
642784
642789
642799
642801
642802
642826
642831
642832
642839
642842
642845
642846
642855
642865
642871
642872
642889
642890
642891
642891
642892
642901
642929
642936
642943
642949
642960
642998
643003
643011
643031
643032
643049
643050
643052
643056
643090
643093
643098
643110
643112
643130
643144
643150
643158
643158
643160
643177
643183
643198
643202
643206
643213
643215
643217
643230
643247
643267
643283
643305
643308
643322
643327
643340
643349
643376
643400
643415
643425
643438
643438
643452
643464
643472
643474
643481
643520
643526
643527
643532
643534
643539
643560
643571
643580
643584
643586
643613
643618
643622
643633
643654
643656
643666
643666
643679
643681
643683
643694
643695
643696
643699
643702
643709
643713
643717
643728
643728
643732
643736
643750
643758
643778
643791
643793
643798
643814
643816
643839
643863
643864
643866
643870
643874
643882
643885
643924
643930
643934
643968
643968
643974
643986
644008
644011
644048
644050
644068
644087
644087
644091
644097
644100
644103
644118
644123
644134
644137
644149
644155
644167
644168
644184
644185
644187
644190
644206
644211
644216
644220
644221
644223
644226
644234
644245
644256
644293
644299
644316
644317
644323
644333
644351
644361
644366
644369
644384
644399
644412
644414
644423
644428
644435
644435
644435
644446
644457
644459
644490
644497
644507
644534
644546
644547
644572
644583
644583
644587
644593
644600
644607
644610
644614
644626
644628
644632
644640
644669
644677
644690
644698
644714
644741
644744
644753
644758
644768
644771
644777
644778
644786
644801
644822
644822
644822
644847
644847
644858
644862
644872
644873
644877
644881
644893
644908
644919
644923
644923
644926
644942
644946
644970
644981
644984
644992
645011
645017
645027
645032
645045
645064
645082
645100
645102
645104
645105
645124
645131
645131
645135
645137
645138
645144
645162
645185
645203
645211
645211
645221
645224
645240
645242
645244
645253
645256
645262
645283
645293
645301
645303
645304
645304
645306
645315
645333
645348
645352
645359
645375
645401
645402
645427
645470
645497
645502
645503
645524
645534
645558
645562
645578
645579
645590
645595
645601
645603
645613
645613
645617
645644
645657
645660
645691
645692
645701
645727
645732
645738
645740
645755
645774
645799
645811
645819
645837
645844
645865
645870
645870
645888
645891
645895
645898
645908
645909
645912
645912
645915
645920
645933
645938
646001
646007
646008
646021
646041
646068
646071
646073
646075
646076
646079
646104
646125
646125
646139
646156
646165
646168
646170
646188
646200
646208
646208
646228
646233
646237
646237
646253
646265
646266
646282
646286
646290
646295
646314
646319
646325
646329
646330
646338
646339
646342
646346
646348
646377
646390
646419
646437
646438
646441
646454
646460
646468
646479
646482
646483
646489
646490
646504
646512
646537
646551
646558
646561
646566
646566
646577
646584
646588
646593
646625
646661
646674
646676
646682
646689
646718
646738
646763
646776
646776
646784
646788
646794
646800
646803
646805
646818
646838
646850
646866
646867
646872
646872
646891
646907
646910
646911
646916
646918
646942
646948
646954
646963
646965
646967
646968
646981
646986
646989
646991
647006
647009
647016
647028
647030
647034
647035
647063
647094
647107
647112
647112
647124
647125
647130
647137
647151
647155
647161
647166
647168
647173
647175
647176
647182
647207
647215
647215
647237
647254
647278
647305
647306
647321
647333
647335
647343
647352
647352
647352
647354
647357
647363
647365
647388
647394
647409
647412
647419
647424
647428
647456
647467
647473
647477
647479
647484
647494
647502
647518
647531
647535
647557
647560
647582
647584
647594
647598
647620
647634
647637
647639
647643
647649
647651
647675
647681
647686
647690
647699
647716
647729
647738
647758
647771
647772
647784
647786
647795
647799
647811
647817
647818
647820
647866
647866
647869
647876
647877
647880
647897
647904
647915
647929
647935
647943
647952
647970
647986
647993
647997
648000
648001
648037
648040
648042
648053
648062
648067
648090
648090
648095
648101
648103
648112
648141
648146
648154
648173
648191
648195
648214
648215
648231
648232
648233
648235
648235
648253
648256
648265
648266
648275
648275
648279
648279
648280
648288
648306
648307
648309
648324
648330
648331
648333
648334
648337
648342
648366
648369
648375
648378
648398
648415
648421
648428
648428
648432
648433
648458
648459
648475
648476
648481
648483
648495
648519
648527
648537
648539
648556
648592
648610
648655
648662
648665
648667
648669
648675
648677
648696
648702
648706
648709
648711
648718
648722
648756
648757
648764
648772
648779
648787
648792
648820
648823
648826
648840
648841
648846
648846
648869
648882
648902
648905
648919
648924
648930
648939
648940
648942
648947
648949
648960
648962
648963
648966
648993
648997
649014
649025
649025
649031
649042
649059
649060
649069
649070
649076
649081
649095
649100
649114
649116
649123
649134
649146
649155
649162
649163
649171
649178
649186
649189
649194
649209
649213
649233
649260
649280
649293
649295
649304
649306
649316
649323
649331
649335
649336
649344
649356
649358
649361
649375
649381
649382
649389
649397
649407
649422
649427
649432
649432
649441
649469
649476
649478
649480
649500
649504
649514
649520
649525
649534
649543
649582
649592
649609
649614
649632
649660
649675
649679
649690
649692
649694
649699
649721
649730
649731
649734
649763
649766
649784
649813
649819
649820
649820
649847
649863
649866
649898
649898
649899
649899
649908
649922
649932
649939
649945
649948
649950
649959
649970
649974
649983
649990
649994
649996
649997
650005
650009
650023
650028
650033
650036
650049
650051
650065
650066
650068
650075
650079
650092
650107
650127
650130
650131
650159
650164
650174
650179
650186
650236
650243
650245
650262
650288
650310
650339
650353
650387
650411
650414
650416
650429
650435
650443
650457
650476
650491
650494
650506
650537
650539
650563
650575
650577
650602
650611
650618
650620
650622
650624
650640
650676
650684
650697
650715
650719
650726
650734
650735
650739
650764
650766
650769
650770
650771
650782
650794
650809
650811
650813
650819
650820
650821
650822
650824
650849
650868
650908
650947
650962
650974
650979
650980
650982
651023
651033
651035
651044
651077
651079
651088
651089
651096
651128
651150
651169
651173
651175
651178
651180
651198
651216
651219
651230
651235
651240
651252
651273
651274
651291
651293
651297
651317
651317
651329
651370
651388
651395
651398
651402
651406
651421
651434
651445
651457
651465
651473
651500
651500
651517
651523
651529
651532
651549
651554
651568
651574
651608
651611
651625
651642
651645
651648
651652
651660
651677
651679
651688
651700
651709
651727
651727
651730
651739
651744
651745
651758
651765
651776
651792
651798
651800
651808
651821
651822
651838
651844
651844
651846
651848
651869
651874
651879
651881
651884
651910
651911
651912
651919
651946
651953
651955
651957
651972
651973
651979
651994
651996
652007
652025
652059
652065
652079
652092
652123
652133
652137
652148
652150
652153
652155
652169
652219
652229
652236
652258
652272
652278
652282
652296
652297
652298
652306
652318
652322
652343
652345
652349
652353
652361
652364
652372
652378
652379
652384
652385
652393
652396
652404
652410
652421
652454
652490
652512
652514
652543
652545
652548
652555
652585
652605
652633
652636
652640
652669
652670
652682
652684
652688
652694
652707
652716
652718
652728
652766
652777
652778
652780
652786
652789
652823
652837
652840
652849
652849
652872
652878
652885
652892
652907
652920
652949
652968
652970
652995
653009
653041
653049
653051
653063
653063
653081
653105
653109
653110
653121
653152
653152
653164
653174
653180
653184
653191
653208
653209
653214
653216
653228
653231
653239
653240
653245
653278
653297
653298
653304
653313
653318
653334
653357
653359
653363
653368
653372
653380
653386
653390
653390
653393
653413
653417
653441
653446
653459
653461
653461
653464
653466
653467
653481
653538
653544
653573
653587
653591
653597
653630
653633
653636
653653
653679
653697
653699
653713
653718
653728
653730
653749
653750
653755
653758
653769
653827
653828
653838
653848
653850
653851
653857
653867
653868
653876
653902
653930
653931
653968
653998
654001
654004
654007
654024
654027
654033
654034
654063
654067
654075
654084
654085
654099
654106
654110
654116
654130
654145
654154
654171
654184
654192
654217
654223
654229
654230
654253
654261
654269
654273
654276
654276
654291
654301
654302
654306
654321
654342
654359
654367
654372
654378
654380
654380
654381
654382
654394
654398
654413
654415
654416
654430
654432
654434
654439
654458
654462
654465
654472
654474
654474
654484
654497
654502
654510
654524
654569
654571
654576
654586
654594
654605
654625
654664
654684
654689
654694
654708
654731
654735
654737
654742
654749
654784
654825
654839
654839
654860
654876
654880
654880
654902
654916
654926
654960
654971
654974
654978
654979
654992
655005
655007
655008
655013
655050
655059
655138
655165
655173
655180
655198
655205
655216
655231
655242
655247
655276
655290
655301
655304
655326
655332
655348
655353
655381
655397
655401
655410
655412
655442
655453
655454
655464
655469
655481
655495
655508
655532
655538
655568
655601
655604
655608
655612
655623
655632
655660
655684
655688
655704
655704
655709
655715
655746
655749
655767
655777
655789
655802
655809
655817
655824
655836
655841
655857
655861
655872
655879
655880
655893
655898
655910
655916
655931
655940
655945
655946
655962
655976
655985
656006
656008
656020
656041
656059
656063
656063
656083
656093
656105
656125
656139
656149
656171
656179
656186
656200
656202
656203
656205
656212
656256
656265
656275
656280
656284
656296
656297
656306
656324
656328
656336
656343
656363
656387
656398
656406
656429
656430
656435
656438
656440
656443
656444
656449
656449
656450
656452
656455
656456
656457
656458
656465
656473
656497
656532
656590
656614
656627
656656
656663
656679
656699
656714
656740
656764
656786
656788
656789
656792
656801
656819
656827
656838
656840
656841
656841
656862
656869
656870
656878
656880
656887
656903
656934
656941
656954
656958
656988
656989
656993
657018
657019
657037
657041
657057
657058
657064
657066
657068
657103
657106
657114
657116
657130
657149
657158
657172
657192
657194
657232
657244
657256
657261
657279
657294
657316
657385
657398
657403
657411
657412
657414
657422
657422
657425
657455
657466
657471
657480
657493
657493
657502
657533
657538
657547
657547
657550
657558
657560
657570
657589
657591
657605
657607
657608
657647
657648
657656
657698
657704
657707
657709
657710
657728
657729
657729
657749
657754
657755
657755
657787
657796
657806
657816
657823
657829
657853
657859
657875
657898
657903
657905
657906
657913
657913
657915
657942
657954
657964
657980
657987
657988
657993
658010
658017
658047
658062
658078
658090
658118
658120
658129
658135
658170
658172
658172
658175
658181
658202
658206
658218
658224
658243
658244
658249
658266
658304
658305
658311
658314
658335
658361
658363
658363
658371
658372
658404
658420
658460
658460
658461
658491
658503
658503
658512
658512
658532
658542
658574
658579
658581
658595
658604
658604
658605
658605
658617
658617
658620
658623
658625
658629
658640
658657
658660
658660
658691
658692
658712
658716
658722
658732
658737
658743
658752
658767
658772
658789
658805
658816
658825
658835
658848
658848
658863
658865
658872
658874
658878
658890
658927
658976
658979
658989
659002
659014
659018
659025
659033
659038
659043
659043
659048
659073
659101
659106
659109
659110
659152
659181
659185
659187
659189
659190
659194
659194
659200
659232
659238
659242
659243
659251
659268
659269
659282
659291
659295
659297
659297
659310
659317
659338
659348
659392
659397
659400
659411
659416
659418
659425
659426
659434
659437
659440
659444
659460
659474
659477
659480
659506
659512
659525
659547
659564
659565
659576
659577
659577
659607
659617
659626
659628
659643
659648
659649
659655
659663
659666
659667
659681
659685
659687
659692
659699
659716
659738
659746
659749
659755
659757
659764
659766
659797
659803
659804
659805
659809
659822
659823
659824
659827
659839
659842
659843
659843
659852
659865
659874
659878
659901
659915
659923
659924
659953
659970
659978
659989
660005
660010
660011
660020
660022
660022
660035
660036
660043
660049
660091
660108
660133
660140
660147
660154
660158
660164
660164
660188
660191
660192
660194
660197
660234
660250
660264
660270
660273
660273
660273
660277
660282
660292
660296
660338
660366
660379
660384
660386
660390
660412
660429
660443
660445
660478
660486
660488
660502
660510
660511
660511
660536
660538
660550
660555
660557
660568
660570
660584
660605
660614
660621
660635
660638
660640
660643
660644
660657
660666
660667
660671
660683
660691
660695
660713
660715
660730
660730
660738
660747
660749
660759
660764
660797
660797
660813
660838
660842
660858
660864
660882
660895
660902
660907
660907
660925
660950
660952
660961
660977
660991
660993
661003
661013
661031
661051
661061
661073
661105
661109
661113
661119
661123
661147
661161
661167
661176
661185
661208
661211
661218
661219
661225
661236
661239
661269
661289
661317
661345
661347
661372
661392
661407
661409
661422
661434
661435
661451
661451
661469
661472
661480
661484
661499
661500
661516
661531
661545
661555
661574
661582
661584
661588
661588
661596
661596
661600
661602
661633
661637
661642
661644
661660
661664
661674
661684
661686
661699
661711
661744
661749
661749
661752
661757
661760
661765
661765
661776
661782
661795
661797
661817
661834
661835
661838
661843
661850
661857
661864
661865
661897
661901
661904
661905
661906
661916
661933
661950
661956
661959
661961
661978
661986
662003
662016
662017
662022
662026
662045
662046
662047
662048
662048
662056
662057
662065
662075
662084
662084
662094
662119
662127
662135
662146
662148
662193
662200
662241
662247
662274
662285
662296
662298
662301
662302
662320
662324
662327
662333
662336
662338
662348
662355
662361
662366
662366
662369
662374
662379
662393
662404
662416
662426
662446
662451
662481
662487
662499
662505
662509
662510
662525
662528
662531
662541
662550
662555
662564
662569
662583
662584
662585
662591
662616
662616
662617
662627
662628
662644
662650
662665
662680
662682
662686
662693
662697
662699
662712
662713
662744
662759
662760
662777
662786
662792
662795
662819
662828
662831
662840
662864
662880
662909
662911
662920
662921
662925
662929
662930
662931
662936
662941
662952
662955
662956
662956
662960
662963
662976
663005
663010
663016
663018
663024
663046
663048
663057
663066
663090
663105
663107
663114
663123
663163
663171
663176
663182
663183
663189
663192
663195
663225
663226
663238
663247
663260
663273
663303
663308
663315
663316
663321
663326
663338
663344
663351
663353
663354
663361
663365
663365
663375
663380
663389
663415
663418
663422
663425
663430
663436
663475
663478
663478
663480
663482
663485
663486
663490
663518
663525
663543
663548
663554
663572
663573
663592
663597
663598
663600
663612
663617
663621
663631
663644
663649
663653
663657
663713
663722
663749
663753
663779
663780
663782
663783
663849
663865
663866
663882
663892
663894
663896
663908
663916
663920
663944
663953
663984
663995
664003
664007
664009
664052
664067
664079
664085
664095
664099
664104
664113
664118
664135
664145
664150
664159
664178
664186
664197
664245
664258
664264
664290
664321
664329
664334
664337
664340
664349
664361
664364
664364
664367
664382
664391
664396
664399
664406
664415
664421
664428
664435
664438
664444
664447
664451
664453
664454
664469
664508
664512
664518
664521
664522
664522
664540
664549
664558
664562
664567
664581
664584
664586
664586
664590
664593
664596
664600
664600
664611
664614
664615
664626
664633
664637
664644
664652
664657
664668
664677
664687
664687
664712
664719
664727
664731
664751
664763
664771
664787
664787
664793
664804
664805
664855
664871
664878
664888
664895
664915
664927
664930
664953
664955
664964
664968
664998
665011
665022
665024
665025
665040
665044
665050
665063
665063
665073
665080
665091
665101
665131
665146
665147
665152
665157
665162
665177
665183
665186
665201
665209
665210
665224
665242
665244
665253
665283
665290
665309
665325
665328
665343
665348
665363
665371
665378
665402
665432
665433
665437
665447
665450
665455
665473
665479
665489
665494
665509
665542
665547
665558
665560
665575
665576
665577
665578
665584
665592
665616
665622
665623
665627
665629
665640
665654
665662
665692
665698
665728
665740
665741
665744
665747
665756
665793
665800
665801
665802
665810
665827
665858
665858
665881
665893
665893
665895
665896
665912
665920
665933
665940
665962
665965
665984
666023
666032
666038
666052
666057
666058
666059
666060
666062
666066
666087
666097
666105
666118
666126
666129
666132
666185
666191
666196
666201
666201
666240
666243
666245
666247
666254
666281
666295
666311
666319
666328
666339
666342
666347
666348
666350
666352
666357
666373
666383
666412
666417
666428
666433
666439
666450
666453
666473
666480
666488
666493
666498
666528
666543
666546
666564
666572
666592
666625
666627
666648
666655
666655
666659
666673
666679
666689
666698
666709
666717
666722
666722
666724
666730
666742
666745
666760
666766
666789
666809
666820
666821
666833
666839
666840
666841
666856
666878
666880
666888
666891
666904
666910
666926
666933
666942
666970
666975
666981
666993
666993
666995
667022
667031
667034
667047
667049
667057
667061
667072
667073
667080
667080
667081
667085
667103
667108
667111
667117
667122
667124
667160
667187
667187
667187
667187
667201
667238
667239
667243
667277
667284
667300
667319
667320
667328
667329
667335
667346
667350
667360
667367
667386
667404
667411
667416
667419
667422
667431
667433
667443
667461
667463
667469
667476
667479
667479
667479
667480
667486
667489
667493
667501
667506
667516
667537
667538
667555
667560
667567
667581
667595
667596
667602
667609
667622
667631
667650
667652
667665
667682
667694
667724
667727
667743
667743
667748
667768
667772
667789
667792
667812
667829
667838
667847
667855
667871
667879
667885
667886
667890
667895
667923
667940
667943
667949
667963
667965
667972
668003
668011
668012
668022
668077
668098
668117
668133
668133
668186
668190
668191
668201
668205
668219
668223
668224
668257
668263
668267
668277
668285
668321
668360
668376
668382
668412
668431
668444
668444
668458
668459
668468
668473
668478
668479
668495
668506
668510
668510
668546
668550
668563
668590
668591
668598
668598
668604
668616
668628
668656
668667
668674
668676
668677
668699
668719
668725
668734
668736
668743
668749
668764
668790
668794
668799
668803
668804
668808
668815
668819
668820
668822
668825
668841
668843
668844
668850
668854
668863
668889
668894
668905
668907
668922
668932
668936
668938
668949
668952
668953
668988
668997
669001
669007
669008
669012
669016
669035
669046
669051
669055
669064
669082
669087
669096
669103
669103
669105
669109
669136
669138
669142
669165
669169
669177
669179
669179
669183
669190
669203
669210
669211
669235
669240
669251
669275
669280
669282
669283
669299
669310
669362
669390
669397
669403
669409
669412
669417
669417
669418
669421
669440
669454
669457
669466
669475
669500
669510
669514
669555
669565
669570
669575
669578
669591
669596
669608
669619
669637
669654
669672
669681
669685
669705
669710
669710
669710
669718
669721
669733
669762
669769
669781
669785
669791
669805
669807
669810
669824
669824
669832
669834
669843
669851
669872
669888
669889
669897
669900
669919
669926
669957
669993
669998
670014
670022
670023
670029
670030
670044
670061
670083
670086
670098
670099
670105
670125
670127
670140
670153
670161
670162
670185
670194
670221
670224
670231
670231
670239
670257
670270
670284
670292
670309
670323
670325
670340
670341
670345
670366
670367
670369
670397
670414
670421
670431
670433
670443
670448
670449
670466
670474
670495
670498
670513
670515
670524
670527
670532
670536
670556
670565
670583
670617
670627
670636
670637
670643
670669
670672
670689
670691
670696
670699
670703
670704
670719
670719
670720
670729
670733
670737
670739
670742
670751
670769
670809
670856
670862
670875
670890
670924
670925
670928
670928
670944
670973
670973
670974
670979
670998
671001
671002
671004
671020
671029
671046
671051
671057
671058
671060
671060
671067
671069
671078
671085
671086
671087
671097
671099
671100
671110
671122
671126
671132
671148
671171
671188
671188
671195
671201
671211
671212
671219
671231
671234
671252
671257
671264
671264
671266
671268
671269
671271
671338
671342
671357
671357
671363
671365
671366
671369
671371
671381
671404
671408
671425
671434
671437
671447
671451
671460
671467
671474
671476
671477
671477
671484
671491
671492
671551
671559
671583
671587
671594
671596
671610
671611
671622
671685
671686
671703
671705
671723
671734
671739
671749
671752
671765
671772
671788
671793
671821
671829
671832
671853
671863
671865
671880
671896
671913
671917
671941
671954
671964
671980
671989
671998
672003
672004
672032
672041
672073
672075
672105
672108
672117
672121
672145
672148
672203
672205
672208
672210
672213
672217
672219
672236
672243
672255
672291
672295
672310
672314
672317
672348
672348
672351
672351
672355
672380
672385
672393
672395
672404
672416
672427
672438
672439
672467
672472
672478
672512
672514
672536
672550
672553
672566
672578
672579
672580
672601
672607
672617
672633
672635
672637
672640
672646
672661
672667
672672
672697
672709
672779
672783
672785
672787
672797
672813
672819
672823
672827
672836
672856
672857
672871
672872
672874
672877
672902
672929
672930
672970
672974
672979
672980
672996
673016
673038
673038
673048
673052
673072
673074
673079
673117
673143
673157
673161
673179
673180
673181
673196
673212
673230
673281
673289
673301
673306
673326
673331
673377
673416
673432
673438
673446
673453
673482
673487
673503
673511
673513
673518
673519
673520
673533
673551
673561
673565
673568
673570
673572
673585
673586
673598
673626
673636
673637
673645
673657
673666
673670
673671
673674
673681
673693
673711
673717
673732
673733
673741
673748
673762
673771
673777
673777
673779
673783
673805
673816
673825
673839
673864
673866
673873
673874
673881
673956
673970
673994
673997
673999
674018
674019
674023
674030
674036
674036
674039
674048
674063
674066
674067
674108
674127
674127
674202
674203
674215
674218
674224
674242
674269
674280
674284
674289
674297
674298
674307
674363
674373
674388
674396
674405
674414
674423
674424
674424
674427
674430
674459
674478
674484
674489
674503
674519
674532
674537
674553
674563
674565
674567
674576
674578
674600
674601
674613
674641
674651
674661
674665
674676
674679
674679
674681
674704
674706
674732
674762
674776
674779
674781
674796
674796
674796
674800
674806
674810
674811
674826
674831
674845
674848
674856
674861
674882
674898
674900
674902
674925
674964
674979
674980
674987
674988
674988
675012
675018
675018
675028
675031
675034
675045
675085
675091
675094
675142
675149
675165
675175
675177
675183
675191
675194
675199
675203
675207
675214
675263
675264
675282
675287
675289
675294
675297
675312
675331
675341
675355
675355
675378
675394
675408
675410
675427
675448
675463
675469
675471
675474
675490
675495
675501
675510
675525
675536
675552
675554
675557
675585
675601
675613
675624
675637
675638
675652
675652
675665
675683
675696
675698
675702
675707
675707
675721
675732
675737
675741
675745
675756
675765
675778
675788
675798
675799
675801
675819
675821
675830
675836
675849
675850
675866
675876
675890
675891
675894
675896
675901
675906
675923
675945
675962
675965
675982
675999
676001
676012
676016
676034
676041
676042
676045
676049
676055
676059
676061
676083
676099
676100
676102
676103
676107
676130
676141
676143
676144
676159
676180
676182
676187
676187
676192
676196
676214
676225
676225
676242
676244
676268
676268
676275
676290
676302
676316
676317
676328
676330
676333
676336
676338
676347
676360
676362
676365
676370
676380
676387
676395
676399
676418
676423
676441
676444
676459
676474
676477
676494
676498
676501
676521
676530
676540
676544
676546
676552
676556
676575
676581
676587
676610
676612
676636
676639
676639
676640
676650
676656
676669
676671
676681
676682
676696
676711
676717
676717
676721
676721
676733
676756
676760
676769
676775
676776
676781
676784
676795
676804
676815
676823
676865
676865
676882
676885
676896
676908
676925
676929
676935
676945
676973
676975
676983
676994
677010
677019
677030
677041
677042
677043
677050
677070
677099
677110
677113
677133
677137
677138
677147
677182
677188
677197
677203
677240
677242
677251
677261
677266
677268
677288
677347
677355
677369
677417
677423
677434
677447
677449
677461
677476
677485
677496
677500
677516
677557
677559
677563
677568
677602
677604
677623
677636
677653
677662
677671
677682
677698
677699
677700
677722
677735
677743
677745
677749
677753
677786
677788
677799
677800
677810
677817
677838
677842
677844
677847
677873
677873
677882
677885
677892
677893
677917
677919
677919
677920
677931
677941
677943
677957
677960
677974
677981
677991
678013
678022
678040
678060
678079
678082
678098
678101
678105
678111
678111
678124
678128
678141
678161
678167
678170
678178
678195
678201
678210
678213
678213
678235
678237
678237
678240
678243
678263
678273
678277
678280
678282
678300
678305
678320
678347
678353
678355
678387
678407
678411
678412
678434
678464
678477
678483
678489
678496
678500
678523
678536
678545
678557
678571
678578
678592
678606
678625
678634
678644
678686
678687
678689
678690
678699
678702
678707
678709
678725
678734
678737
678740
678743
678747
678754
678762
678765
678777
678780
678788
678800
678812
678812
678834
678847
678851
678851
678852
678858
678858
678859
678862
678863
678866
678871
678883
678884
678886
678886
678887
678888
678892
678899
678924
678925
678966
678966
678989
679010
679011
679012
679024
679029
679033
679042
679050
679066
679069
679075
679080
679084
679089
679113
679122
679123
679132
679132
679138
679139
679142
679151
679153
679168
679180
679192
679197
679201
679203
679204
679222
679250
679271
679274
679283
679284
679299
679348
679358
679359
679359
679388
679412
679425
679439
679439
679466
679475
679483
679502
679526
679535
679540
679542
679545
679582
679589
679590
679591
679592
679598
679601
679651
679666
679669
679679
679680
679682
679689
679690
679698
679699
679733
679763
679776
679791
679795
679808
679809
679812
679822
679823
679830
679834
679838
679847
679855
679863
679868
679873
679878
679885
679923
679933
679936
679955
679961
679964
679970
679987
680004
680005
680008
680015
680020
680024
680041
680047
680052
680087
680091
680100
680101
680113
680119
680121
680137
680143
680147
680164
680169
680173
680195
680211
680225
680237
680238
680246
680248
680263
680267
680267
680269
680279
680280
680299
680318
680344
680355
680377
680388
680397
680401
680406
680412
680422
680428
680438
680440
680442
680454
680485
680494
680513
680515
680521
680525
680531
680557
680557
680558
680563
680570
680572
680575
680583
680592
680604
680621
680634
680642
680654
680655
680668
680676
680696
680734
680736
680742
680773
680777
680812
680824
680831
680835
680840
680847
680862
680883
680905
680910
680911
680917
680926
680939
680986
681010
681026
681048
681058
681076
681117
681127
681140
681173
681221
681221
681221
681250
681254
681272
681273
681277
681278
681283
681283
681321
681333
681338
681351
681356
681385
681390
681395
681406
681417
681444
681455
681469
681485
681486
681491
681515
681515
681515
681516
681522
681531
681531
681534
681535
681538
681540
681564
681573
681577
681597
681600
681608
681636
681644
681651
681664
681672
681673
681677
681699
681720
681725
681732
681735
681739
681741
681744
681757
681786
681788
681792
681801
681804
681833
681838
681839
681848
681857
681866
681870
681901
681903
681924
681935
681945
681945
681950
681970
681971
681976
681977
681983
681985
681989
682000
682014
682014
682021
682024
682029
682031
682039
682044
682047
682061
682068
682072
682075
682084
682084
682086
682099
682105
682120
682130
682131
682155
682161
682168
682173
682177
682181
682219
682223
682225
682231
682259
682262
682284
682286
682289
682294
682297
682310
682320
682325
682326
682342
682345
682346
682347
682347
682374
682382
682388
682391
682391
682396
682408
682414
682433
682451
682461
682466
682485
682486
682504
682504
682513
682517
682571
682581
682583
682588
682594
682594
682610
682611
682615
682654
682666
682666
682678
682699
682707
682724
682730
682737
682764
682764
682770
682784
682804
682812
682826
682834
682835
682842
682867
682883
682887
682902
682913
682920
682933
682935
682937
682937
682938
682941
682947
682991
683014
683022
683032
683042
683042
683042
683046
683053
683055
683063
683064
683085
683098
683115
683127
683132
683134
683134
683146
683147
683172
683173
683188
683194
683196
683198
683198
683199
683201
683249
683270
683309
683314
683316
683318
683327
683329
683333
683334
683357
683358
683366
683367
683408
683424
683437
683443
683451
683452
683457
683464
683486
683501
683511
683524
683526
683528
683531
683531
683535
683545
683549
683551
683562
683578
683585
683588
683592
683602
683613
683616
683626
683656
683689
683701
683706
683727
683734
683735
683743
683756
683760
683761
683780
683802
683805
683808
683822
683825
683826
683834
683849
683855
683869
683882
683895
683899
683906
683924
683925
683929
683930
683930
683951
683963
683968
683970
683997
684005
684016
684018
684046
684050
684052
684096
684128
684138
684141
684141
684164
684165
684190
684192
684193
684200
684205
684217
684234
684239
684249
684252
684261
684276
684304
684310
684310
684316
684326
684334
684335
684336
684343
684364
684376
684394
684396
684407
684435
684441
684443
684443
684450
684451
684459
684466
684468
684470
684482
684491
684517
684520
684532
684559
684564
684579
684580
684593
684621
684625
684638
684638
684652
684653
684654
684662
684670
684672
684685
684701
684710
684711
684739
684748
684786
684787
684801
684803
684808
684823
684846
684847
684851
684869
684871
684872
684887
684893
684899
684899
684905
684910
684913
684919
684940
684952
684957
684965
684965
684978
684988
684992
684995
685022
685035
685043
685059
685062
685068
685069
685079
685088
685096
685139
685139
685140
685143
685152
685162
685165
685167
685172
685176
685190
685211
685212
685240
685244
685266
685276
685280
685293
685297
685316
685328
685350
685353
685359
685382
685383
685404
685406
685413
685420
685438
685456
685456
685478
685482
685495
685524
685533
685537
685555
685557
685561
685564
685579
685598
685607
685624
685626
685630
685650
685651
685678
685688
685703
685719
685724
685745
685755
685763
685764
685768
685799
685799
685814
685836
685838
685846
685853
685877
685887
685888
685900
685906
685919
685921
685931
685946
685966
685966
685970
685974
685974
685975
685985
685990
686013
686029
686034
686037
686044
686044
686048
686062
686070
686077
686081
686127
686169
686181
686185
686186
686194
686207
686210
686220
686228
686231
686256
686256
686259
686276
686287
686288
686308
686310
686344
686351
686370
686386
686400
686413
686426
686429
686441
686445
686452
686453
686458
686461
686470
686473
686474
686477
686490
686498
686513
686523
686539
686557
686574
686581
686603
686626
686671
686680
686682
686682
686688
686694
686715
686733
686738
686740
686751
686753
686758
686761
686771
686775
686776
686808
686809
686816
686836
686842
686842
686846
686852
686855
686863
686874
686891
686908
686909
686914
686935
686945
686961
686968
686987
686992
687021
687027
687035
687049
687071
687075
687083
687084
687104
687125
687126
687140
687190
687195
687197
687213
687225
687234
687241
687247
687256
687256
687267
687278
687279
687286
687292
687295
687306
687316
687327
687336
687340
687375
687378
687399
687402
687405
687430
687432
687437
687470
687477
687484
687556
687559
687569
687577
687577
687581
687588
687598
687617
687633
687639
687641
687641
687668
687675
687680
687680
687687
687745
687756
687779
687784
687795
687803
687816
687818
687835
687842
687843
687843
687848
687855
687862
687871
687880
687900
687900
687900
687918
687927
687939
687943
687947
687961
687963
687975
687980
688021
688023
688080
688106
688130
688150
688167
688198
688202
688204
688209
688212
688258
688260
688265
688297
688308
688326
688332
688351
688364
688366
688381
688408
688409
688411
688450
688455
688484
688501
688514
688521
688536
688541
688544
688545
688560
688570
688590
688599
688600
688601
688602
688628
688655
688668
688678
688690
688692
688711
688719
688744
688745
688747
688753
688756
688765
688774
688786
688813
688816
688834
688849
688857
688890
688890
688894
688910
688920
688926
688928
688937
688941
688951
688972
688977
688981
689014
689024
689036
689043
689049
689078
689090
689093
689109
689112
689113
689122
689138
689138
689142
689149
689152
689172
689180
689182
689183
689194
689203
689207
689225
689226
689231
689244
689254
689271
689271
689272
689273
689284
689287
689290
689294
689298
689299
689303
689316
689317
689319
689333
689338
689364
689365
689371
689379
689389
689410
689435
689439
689440
689455
689498
689542
689542
689545
689550
689553
689556
689561
689576
689594
689595
689623
689625
689653
689658
689660
689660
689669
689683
689702
689716
689721
689726
689772
689784
689794
689807
689810
689815
689828
689830
689842
689851
689879
689882
689888
689911
689915
689916
689924
689933
689936
689938
689950
689958
689978
689989
689990
690002
690045
690053
690061
690064
690065
690077
690128
690180
690206
690208
690223
690251
690262
690264
690265
690270
690270
690279
690280
690280
690305
690307
690309
690332
690359
690366
690369
690381
690388
690389
690402
690416
690453
690467
690477
690499
690507
690524
690541
690556
690579
690611
690630
690635
690647
690657
690662
690667
690685
690694
690696
690704
690740
690764
690776
690801
690811
690828
690829
690831
690839
690855
690857
690865
690866
690867
690895
690908
690917
690917
690925
690926
690937
690954
691000
691004
691016
691046
691053
691072
691106
691106
691136
691144
691151
691151
691152
691157
691169
691182
691184
691194
691198
691222
691232
691242
691246
691254
691255
691269
691270
691282
691305
691322
691324
691330
691347
691349
691351
691355
691359
691367
691390
691390
691405
691405
691425
691430
691455
691478
691491
691491
691494
691535
691535
691539
691544
691552
691556
691563
691586
691601
691603
691617
691625
691646
691650
691651
691671
691679
691693
691706
691712
691728
691744
691749
691756
691763
691767
691769
691793
691797
691798
691821
691834
691837
691838
691839
691841
691856
691865
691875
691879
691885
691890
691896
691901
691938
691946
691958
691962
691963
692004
692017
692032
692045
692051
692061
692072
692098
692099
692121
692125
692151
692158
692165
692170
692175
692177
692177
692183
692212
692221
692242
692256
692257
692276
692297
692305
692311
692312
692335
692342
692358
692360
692363
692369
692413
692447
692448
692459
692466
692472
692482
692493
692499
692539
692552
692554
692558
692577
692580
692580
692581
692591
692598
692602
692631
692634
692648
692661
692663
692665
692666
692668
692672
692675
692677
692680
692691
692694
692696
692702
692714
692733
692738
692743
692768
692779
692791
692808
692811
692811
692813
692813
692814
692819
692820
692822
692831
692831
692836
692841
692847
692851
692852
692854
692858
692892
692895
692921
692923
692946
692946
692947
692954
692969
692970
692977
692977
692983
692994
693015
693017
693019
693030
693036
693049
693052
693071
693083
693086
693108
693138
693161
693161
693172
693195
693199
693204
693206
693206
693222
693232
693235
693237
693240
693245
693277
693302
693305
693313
693318
693349
693350
693356
693357
693361
693369
693380
693389
693391
693404
693411
693414
693415
693436
693449
693461
693469
693474
693481
693482
693500
693501
693503
693505
693519
693520
693530
693551
693558
693561
693598
693600
693610
693613
693616
693619
693619
693619
693620
693622
693623
693634
693640
693648
693648
693653
693661
693699
693717
693740
693741
693765
693768
693781
693789
693819
693819
693841
693852
693854
693856
693861
693880
693896
693903
693948
693949
693952
693956
693958
693959
693979
693981
693989
693995
694002
694039
694046
694047
694054
694058
694072
694077
694083
694096
694109
694113
694127
694127
694149
694151
694152
694153
694210
694217
694221
694224
694230
694233
694238
694243
694253
694257
694262
694266
694267
694275
694309
694324
694332
694335
694340
694353
694356
694357
694370
694392
694395
694400
694404
694408
694408
694410
694423
694430
694433
694443
694447
694461
694470
694477
694487
694488
694493
694507
694509
694510
694513
694521
694524
694528
694533
694534
694555
694561
694566
694570
694584
694605
694609
694611
694648
694676
694723
694723
694728
694737
694787
694788
694790
694793
694796
694797
694801
694809
694832
694850
694865
694880
694880
694884
694891
694892
694895
694910
694913
694916
694923
694939
694947
694951
694955
694957
694962
694962
694981
695025
695031
695072
695073
695075
695101
695101
695107
695113
695118
695127
695157
695166
695169
695186
695191
695209
695212
695248
695265
695270
695284
695295
695296
695300
695314
695321
695348
695352
695366
695369
695371
695378
695380
695391
695402
695412
695419
695420
695430
695433
695436
695447
695450
695455
695464
695476
695494
695503
695508
695541
695546
695569
695570
695584
695585
695617
695647
695658
695663
695671
695678
695680
695692
695695
695698
695704
695710
695762
695766
695771
695810
695824
695826
695836
695863
695866
695870
695878
695879
695890
695901
695919
695921
695922
695925
695928
695942
695953
695964
695988
695989
695991
695998
696010
696041
696047
696068
696073
696076
696083
696096
696102
696104
696121
696123
696129
696130
696146
696151
696169
696189
696198
696201
696208
696209
696218
696224
696227
696228
696230
696243
696245
696267
696272
696280
696282
696284
696294
696306
696306
696311
696313
696329
696335
696344
696345
696356
696390
696392
696412
696412
696427
696433
696454
696455
696463
696506
696517
696518
696521
696540
696541
696586
696595
696610
696616
696653
696661
696661
696665
696686
696692
696693
696694
696715
696715
696734
696738
696745
696751
696760
696765
696774
696774
696785
696788
696795
696797
696816
696818
696819
696819
696822
696823
696824
696825
696830
696837
696851
696859
696862
696868
696887
696932
696946
696968
696972
696976
696982
696983
696995
696996
696998
697001
697009
697011
697015
697022
697040
697043
697077
697086
697088
697107
697112
697123
697136
697146
697149
697151
697164
697168
697168
697176
697181
697228
697240
697248
697257
697270
697273
697274
697296
697298
697328
697356
697386
697392
697423
697428
697430
697444
697450
697453
697457
697478
697516
697537
697562
697567
697574
697593
697594
697607
697610
697615
697634
697635
697655
697670
697672
697676
697685
697690
697702
697705
697709
697722
697749
697770
697781
697802
697802
697812
697826
697835
697836
697838
697844
697862
697875
697888
697889
697890
697935
697974
697977
698026
698031
698031
698033
698033
698042
698063
698067
698072
698090
698092
698095
698102
698114
698116
698135
698151
698160
698165
698170
698177
698184
698211
698215
698251
698280
698281
698281
698284
698296
698298
698302
698320
698334
698339
698340
698347
698382
698384
698408
698442
698458
698458
698460
698462
698469
698472
698473
698486
698492
698502
698503
698508
698510
698537
698539
698548
698557
698563
698568
698581
698601
698614
698627
698633
698636
698656
698668
698675
698677
698686
698697
698701
698706
698707
698708
698712
698720
698727
698728
698736
698746
698752
698752
698757
698768
698809
698812
698824
698833
698838
698852
698859
698861
698865
698879
698899
698919
698940
698947
698950
698963
698973
698986
698989
698992
699013
699019
699020
699026
699042
699051
699052
699067
699072
699108
699112
699114
699117
699121
699123
699131
699149
699149
699150
699155
699165
699190
699214
699214
699226
699232
699232
699236
699242
699243
699243
699244
699265
699268
699284
699305
699317
699317
699322
699324
699347
699349
699353
699364
699365
699395
699398
699400
699413
699431
699449
699459
699465
699474
699476
699477
699478
699484
699485
699497
699503
699510
699513
699528
699530
699546
699586
699595
699595
699598
699604
699607
699608
699612
699619
699622
699628
699639
699646
699655
699659
699661
699664
699676
699683
699690
699696
699700
699704
699706
699714
699717
699722
699730
699759
699774
699807
699809
699810
699822
699824
699824
699843
699849
699850
699857
699861
699874
699879
699892
699921
699925
699927
699944
699944
699953
699959
699977
699988
699991
699997
700020
700026
700035
700037
700054
700056
700066
700072
700080
700086
700089
700118
700120
700129
700131
700137
700159
700159
700159
700171
700172
700177
700191
700197
700200
700232
700236
700244
700252
700265
700276
700277
700277
700278
700310
700326
700342
700354
700369
700380
700385
700401
700442
700453
700462
700479
700492
700493
700503
700520
700534
700539
700540
700549
700553
700554
700559
700578
700589
700618
700626
700629
700636
700653
700662
700664
700674
700674
700685
700688
700712
700718
700757
700764
700792
700805
700806
700808
700826
700828
700855
700866
700869
700912
700948
700949
701018
701037
701040
701044
701046
701050
701052
701064
701084
701085
701111
701130
701140
701141
701148
701153
701153
701163
701163
701165
701166
701167
701201
701219
701230
701234
701261
701261
701264
701271
701287
701295
701299
701301
701311
701315
701323
701329
701359
701365
701366
701370
701374
701387
701395
701414
701441
701465
701476
701505
701511
701513
701514
701524
701531
701540
701569
701573
701578
701587
701594
701599
701617
701631
701635
701646
701665
701678
701681
701684
701716
701718
701722
701724
701734
701747
701748
701749
701753
701759
701764
701765
701767
701842
701856
701874
701886
701898
701910
701922
701923
701929
701934
701953
701966
702003
702005
702010
702015
702035
702051
702053
702057
702064
702064
702071
702073
702077
702121
702122
702126
702126
702150
702152
702158
702160
702164
702165
702166
702171
702173
702177
702179
702186
702201
702208
702209
702215
702221
702235
702236
702245
702246
702249
702252
702256
702263
702264
702272
702275
702276
702278
702278
702287
702313
702318
702332
702346
702365
702366
702391
702402
702405
702413
702414
702415
702420
702435
702436
702437
702443
702445
702476
702484
702485
702488
702491
702495
702499
702516
702541
702541
702544
702546
702547
702548
702561
702561
702582
702610
702651
702674
702705
702714
702727
702728
702733
702737
702741
702758
702765
702782
702801
702810
702815
702817
702824
702863
702878
702880
702884
702931
702931
702931
702933
702935
702935
702958
702978
702997
702997
703030
703031
703046
703047
703064
703065
703113
703116
703118
703123
703128
703130
703139
703143
703152
703168
703172
703181
703182
703197
703201
703202
703207
703208
703208
703210
703215
703224
703237
703244
703247
703250
703253
703255
703256
703286
703301
703310
703324
703333
703339
703346
703359
703373
703383
703386
703394
703408
703409
703413
703435
703435
703453
703467
703468
703473
703476
703492
703494
703531
703532
703537
703541
703542
703543
703552
703555
703563
703594
703611
703627
703635
703638
703639
703657
703657
703689
703697
703701
703705
703705
703710
703737
703739
703742
703750
703758
703764
703764
703786
703787
703787
703789
703808
703811
703839
703847
703860
703861
703864
703865
703871
703878
703884
703886
703888
703889
703898
703901
703926
703928
703956
703960
703971
703978
704017
704019
704020
704029
704035
704043
704050
704066
704067
704095
704096
704127
704136
704147
704152
704157
704161
704173
704174
704178
704181
704207
704241
704246
704264
704265
704277
704284
704293
704297
704312
704314
704314
704315
704329
704339
704350
704383
704384
704390
704409
704435
704449
704452
704456
704463
704464
704484
704485
704491
704514
704522
704541
704542
704554
704568
704584
704595
704597
704602
704604
704615
704659
704659
704674
704678
704680
704700
704701
704703
704716
704736
704738
704750
704752
704762
704778
704801
704806
704807
704821
704827
704840
704851
704851
704869
704873
704873
704875
704883
704891
704894
704904
704915
704922
704927
704946
704990
704998
705026
705040
705050
705056
705069
705073
705076
705080
705080
705090
705092
705097
705099
705101
705111
705115
705125
705125
705131
705132
705138
705143
705144
705146
705147
705178
705183
705189
705192
705192
705193
705204
705210
705218
705222
705229
705236
705236
705241
705242
705245
705248
705251
705260
705279
705290
705294
705301
705343
705354
705364
705366
705388
705393
705405
705408
705412
705422
705425
705432
705462
705464
705465
705474
705481
705484
705509
705514
705530
705533
705536
705542
705542
705543
705546
705548
705552
705575
705578
705595
705600
705623
705641
705647
705672
705678
705680
705683
705691
705715
705729
705767
705771
705775
705780
705784
705806
705808
705810
705838
705849
705851
705857
705876
705879
705903
705915
705924
705928
705928
705951
705952
705952
705966
705991
705993
705999
706004
706018
706019
706025
706037
706049
706052
706076
706079
706079
706092
706092
706107
706119
706120
706130
706138
706141
706146
706153
706179
706180
706197
706209
706217
706232
706236
706238
706244
706266
706298
706300
706300
706372
706376
706380
706388
706403
706429
706431
706450
706450
706455
706462
706465
706476
706482
706510
706526
706535
706556
706568
706571
706574
706589
706603
706607
706623
706630
706642
706651
706659
706663
706672
706710
706720
706738
706743
706750
706774
706791
706792
706804
706808
706823
706823
706824
706830
706836
706837
706837
706860
706861
706863
706885
706894
706896
706912
706919
706941
706949
706964
706973
706976
706976
707018
707023
707032
707036
707053
707053
707056
707057
707075
707082
707088
707099
707106
707113
707115
707124
707125
707151
707174
707175
707182
707183
707211
707211
707215
707220
707227
707241
707243
707244
707257
707260
707267
707269
707278
707284
707286
707300
707314
707317
707323
707331
707348
707368
707368
707369
707370
707379
707381
707386
707389
707443
707456
707480
707483
707494
707518
707527
707532
707535
707540
707551
707581
707591
707595
707596
707604
707615
707621
707622
707636
707651
707656
707663
707700
707701
707712
707766
707788
707804
707815
707826
707829
707843
707847
707858
707863
707886
707904
707910
707916
707932
707934
707934
707968
707981
707982
707990
707995
708001
708031
708033
708046
708047
708052
708071
708072
708074
708077
708102
708103
708123
708139
708140
708159
708165
708167
708181
708195
708204
708210
708214
708216
708267
708325
708334
708335
708336
708353
708363
708369
708391
708400
708413
708415
708423
708437
708455
708465
708491
708496
708499
708516
708519
708532
708545
708546
708589
708615
708655
708673
708686
708705
708705
708712
708722
708725
708734
708744
708751
708752
708760
708768
708787
708796
708813
708813
708814
708818
708824
708826
708842
708848
708848
708857
708858
708864
708872
708875
708880
708884
708886
708887
708888
708905
708906
708908
708914
708921
708932
708948
708950
708953
708953
708961
708963
708991
708992
709004
709007
709016
709016
709028
709028
709030
709035
709047
709052
709057
709066
709070
709070
709075
709086
709135
709138
709140
709149
709153
709178
709182
709195
709225
709238
709252
709259
709267
709267
709271
709276
709297
709317
709324
709336
709343
709345
709361
709372
709387
709404
709410
709417
709418
709425
709430
709437
709447
709482
709492
709494
709495
709503
709503
709510
709516
709527
709551
709561
709568
709569
709587
709591
709591
709600
709602
709603
709607
709612
709621
709622
709642
709654
709658
709664
709669
709681
709684
709705
709708
709715
709728
709735
709756
709758
709763
709765
709765
709766
709767
709769
709772
709774
709800
709823
709824
709832
709879
709890
709914
709915
709919
709926
709938
709954
709961
709965
709974
709980
709993
710023
710029
710041
710047
710060
710065
710065
710069
710089
710102
710106
710138
710142
710143
710144
710148
710154
710163
710164
710168
710182
710195
710213
710219
710236
710260
710268
710281
710291
710292
710292
710301
710301
710306
710309
710338
710346
710361
710375
710376
710380
710387
710388
710394
710400
710410
710413
710422
710464
710475
710486
710492
710498
710523
710531
710542
710566
710600
710603
710612
710616
710635
710649
710650
710653
710658
710666
710667
710667
710674
710680
710690
710692
710717
710729
710734
710755
710766
710791
710797
710800
710819
710820
710821
710861
710889
710891
710902
710905
710919
710948
710973
710984
710991
711006
711038
711045
711052
711053
711058
711061
711066
711078
711105
711115
711137
711144
711153
711153
711166
711172
711174
711184
711190
711196
711214
711235
711259
711267
711291
711321
711323
711323
711330
711333
711351
711352
711356
711359
711364
711365
711381
711389
711389
711393
711395
711403
711404
711430
711432
711438
711443
711444
711456
711458
711465
711467
711469
711482
711500
711501
711533
711546
711554
711563
711566
711568
711580
711597
711620
711621
711622
711628
711635
711642
711647
711661
711668
711668
711673
711708
711714
711715
711719
711723
711727
711731
711733
711733
711736
711738
711760
711788
711792
711793
711800
711800
711800
711812
711814
711830
711851
711853
711878
711895
711895
711913
711915
711945
711956
711996
711997
712008
712020
712025
712032
712077
712084
712093
712093
712124
712152
712161
712161
712168
712188
712188
712218
712244
712246
712248
712251
712266
712268
712278
712282
712291
712292
712305
712312
712313
712319
712325
712326
712326
712327
712329
712336
712352
712366
712372
712395
712410
712412
712422
712423
712432
712448
712467
712471
712476
712495
712511
712516
712530
712561
712575
712616
712636
712637
712637
712638
712652
712662
712677
712680
712697
712697
712704
712723
712734
712742
712755
712782
712794
712798
712808
712818
712820
712826
712836
712861
712867
712867
712883
712887
712901
712902
712928
712931
712939
712941
712971
713021
713061
713070
713086
713090
713092
713101
713118
713122
713150
713154
713155
713161
713164
713171
713191
713201
713218
713220
713225
713230
713237
713247
713248
713250
713266
713281
713289
713298
713298
713300
713305
713313
713319
713339
713346
713349
713369
713370
713371
713371
713377
713384
713386
713391
713398
713399
713400
713411
713433
713443
713445
713445
713452
713455
713461
713467
713468
713474
713479
713508
713513
713516
713523
713542
713543
713554
713554
713557
713561
713565
713575
713608
713615
713618
713630
713639
713652
713661
713694
713706
713723
713727
713732
713736
713739
713748
713768
713775
713778
713782
713788
713806
713824
713831
713874
713886
713897
713905
713906
713928
713928
713942
713972
713985
714008
714013
714017
714020
714022
714022
714050
714061
714066
714072
714075
714114
714132
714139
714147
714150
714151
714155
714165
714166
714166
714170
714173
714175
714198
714199
714204
714217
714245
714257
714264
714275
714283
714290
714294
714306
714309
714312
714317
714322
714334
714342
714355
714377
714383
714395
714396
714399
714404
714417
714425
714430
714440
714447
714451
714462
714490
714492
714492
714496
714498
714499
714501
714549
714567
714567
714568
714569
714570
714570
714570
714572
714576
714576
714585
714597
714597
714617
714633
714636
714642
714650
714653
714659
714663
714663
714666
714671
714675
714681
714706
714718
714720
714720
714740
714755
714759
714763
714764
714791
714793
714798
714799
714809
714810
714824
714826
714829
714833
714843
714849
714853
714855
714857
714863
714873
714890
714912
714913
714913
714927
714933
714940
714952
714957
714965
714965
714969
714976
714989
714990
714999
715037
715065
715067
715067
715072
715093
715099
715101
715109
715132
715176
715192
715193
715202
715203
715203
715204
715215
715219
715220
715228
715238
715238
715240
715241
715245
715251
715252
715253
715253
715261
715290
715290
715310
715310
715326
715334
715337
715343
715380
715391
715398
715399
715410
715410
715413
715417
715424
715426
715428
715434
715437
715441
715460
715461
715484
715491
715506
715507
715511
715535
715546
715554
715556
715560
715566
715572
715579
715591
715603
715613
715635
715675
715691
715702
715702
715702
715703
715709
715712
715713
715726
715744
715749
715768
715776
715781
715784
715787
715787
715800
715805
715819
715823
715825
715827
715829
715830
715834
715846
715855
715866
715868
715869
715871
715873
715916
715933
715954
715965
715970
715974
715981
715990
716037
716048
716054
716060
716063
716064
716066
716078
716082
716092
716093
716107
716118
716123
716136
716139
716167
716185
716186
716220
716224
716235
716237
716238
716252
716258
716261
716265
716275
716289
716293
716296
716311
716320
716358
716365
716368
716371
716386
716404
716411
716411
716418
716428
716429
716432
716434
716443
716443
716455
716468
716474
716487
716491
716492
716508
716515
716541
716556
716560
716572
716581
716596
716606
716610
716613
716613
716615
716632
716638
716655
716689
716708
716742
716782
716785
716801
716806
716810
716819
716822
716834
716836
716837
716844
716859
716865
716889
716891
716924
716934
716937
716938
716958
716967
716985
716987
716999
717003
717012
717029
717036
717062
717064
717077
717088
717097
717118
717123
717128
717171
717188
717194
717202
717206
717215
717218
717231
717234
717235
717237
717284
717313
717323
717324
717327
717354
717375
717378
717380
717408
717412
717415
717420
717438
717449
717450
717459
717476
717494
717517
717521
717523
717526
717548
717554
717557
717565
717566
717591
717591
717603
717609
717613
717628
717652
717678
717686
717689
717690
717706
717713
717735
717741
717746
717752
717773
717780
717783
717796
717798
717807
717811
717817
717824
717827
717830
717844
717847
717859
717860
717866
717878
717882
717900
717917
717921
717929
717954
717968
717974
717979
717998
718013
718014
718020
718020
718022
718023
718057
718062
718069
718076
718086
718106
718107
718110
718114
718120
718123
718132
718132
718138
718170
718175
718178
718199
718224
718224
718228
718229
718248
718251
718251
718283
718289
718293
718300
718310
718321
718331
718339
718361
718364
718366
718373
718385
718388
718396
718406
718437
718441
718441
718448
718456
718473
718474
718489
718521
718528
718534
718543
718574
718587
718593
718595
718603
718603
718609
718613
718613
718617
718654
718676
718690
718706
718720
718734
718736
718736
718737
718744
718746
718772
718792
718798
718812
718815
718838
718855
718876
718879
718886
718916
718926
718930
718940
718944
718949
718952
718963
718971
718974
718977
718982
718990
719005
719006
719011
719037
719045
719053
719115
719121
719155
719174
719177
719186
719186
719223
719231
719250
719258
719259
719264
719265
719268
719272
719291
719299
719301
719301
719304
719311
719321
719334
719351
719353
719364
719364
719365
719366
719393
719406
719419
719451
719452
719493
719495
719513
719516
719516
719520
719528
719536
719537
719541
719543
719546
719570
719577
719578
719587
719593
719618
719635
719640
719652
719654
719663
719681
719683
719688
719693
719695
719701
719708
719709
719710
719719
719737
719743
719744
719764
719765
719774
719778
719803
719804
719805
719813
719818
719821
719829
719830
719839
719840
719844
719859
719873
719875
719876
719879
719894
719899
719903
719910
719916
719926
719933
719944
719945
719953
719957
719976
719986
719991
719998
720020
720023
720029
720040
720081
720093
720094
720094
720094
720100
720105
720112
720116
720119
720122
720152
720155
720155
720178
720192
720193
720202
720216
720224
720251
720267
720274
720290
720291
720297
720316
720337
720362
720362
720364
720398
720426
720428
720428
720431
720450
720462
720481
720486
720490
720494
720501
720522
720524
720529
720549
720550
720556
720557
720581
720602
720621
720625
720628
720652
720660
720662
720681
720685
720695
720703
720715
720730
720732
720736
720746
720757
720760
720779
720781
720783
720790
720809
720817
720817
720871
720885
720886
720887
720894
720894
720906
720906
720920
720933
720952
720970
720980
720985
720988
721002
721012
721022
721060
721061
721079
721099
721105
721120
721125
721148
721152
721158
721184
721226
721241
721255
721262
721266
721270
721313
721321
721333
721349
721352
721371
721371
721382
721382
721392
721405
721407
721411
721413
721430
721436
721442
721451
721457
721460
721465
721467
721467
721468
721474
721482
721499
721524
721545
721545
721545
721590
721594
721604
721630
721633
721644
721651
721676
721677
721677
721679
721690
721691
721691
721707
721713
721715
721726
721746
721752
721753
721769
721773
721777
721786
721791
721806
721810
721818
721834
721857
721861
721885
721886
721887
721889
721894
721896
721898
721903
721905
721917
721931
721932
721944
721947
721951
721952
721991
721996
722001
722007
722019
722021
722042
722046
722054
722061
722080
722083
722088
722090
722092
722098
722112
722127
722127
722137
722163
722175
722191
722196
722216
722222
722228
722233
722243
722247
722255
722265
722268
722279
722280
722281
722290
722293
722295
722299
722310
722318
722328
722333
722344
722347
722368
722368
722383
722409
722409
722415
722420
722423
722430
722434
722451
722476
722478
722481
722489
722493
722496
722501
722528
722531
722538
722547
722570
722578
722579
722587
722607
722607
722632
722635
722635
722637
722637
722665
722672
722688
722694
722702
722707
722715
722716
722726
722746
722757
722761
722777
722780
722794
722804
722808
722809
722812
722813
722821
722848
722869
722888
722890
722921
722923
722935
722946
722968
722970
722971
722983
723000
723004
723004
723020
723025
723037
723053
723060
723080
723082
723101
723115
723130
723136
723144
723146
723147
723170
723174
723176
723185
723193
723195
723197
723207
723232
723243
723257
723257
723282
723287
723312
723320
723321
723337
723338
723357
723362
723367
723369
723373
723393
723398
723401
723422
723428
723460
723461
723483
723483
723503
723515
723523
723523
723526
723546
723552
723554
723566
723574
723574
723588
723597
723598
723611
723617
723625
723626
723640
723648
723663
723698
723698
723721
723736
723743
723750
723788
723811
723821
723841
723862
723866
723873
723895
723899
723903
723908
723912
723919
723956
724000
724013
724034
724051
724054
724068
724070
724071
724073
724077
724081
724088
724098
724110
724111
724112
724117
724121
724128
724145
724151
724193
724202
724209
724241
724249
724267
724269
724279
724281
724289
724293
724312
724315
724316
724316
724327
724341
724348
724362
724379
724382
724386
724389
724418
724421
724431
724432
724439
724449
724459
724462
724475
724482
724489
724542
724561
724566
724566
724572
724574
724587
724619
724622
724633
724646
724663
724684
724696
724701
724707
724719
724726
724752
724755
724758
724768
724803
724804
724804
724809
724814
724817
724828
724831
724834
724849
724871
724899
724911
724912
724939
724969
724979
724987
724990
724996
725006
725011
725013
725019
725019
725037
725050
725059
725061
725062
725064
725069
725076
725093
725101
725116
725164
725169
725175
725178
725212
725213
725219
725226
725231
725243
725253
725260
725278
725295
725363
725371
725403
725419
725430
725433
725435
725436
725441
725478
725481
725495
725504
725510
725517
725523
725537
725538
725546
725548
725561
725591
725597
725619
725625
725630
725632
725646
725648
725650
725665
725673
725680
725681
725705
725710
725714
725714
725745
725746
725748
725759
725765
725767
725769
725779
725807
725816
725818
725823
725828
725828
725832
725839
725863
725873
725874
725894
725896
725913
725924
725939
725964
725967
725967
725972
725987
725996
725999
726008
726009
726012
726016
726018
726022
726034
726034
726057
726057
726059
726098
726099
726109
726113
726124
726125
726126
726131
726146
726152
726159
726168
726181
726182
726186
726187
726197
726199
726226
726241
726244
726262
726268
726276
726277
726287
726305
726319
726322
726325
726331
726346
726351
726360
726367
726375
726375
726396
726412
726417
726482
726499
726503
726515
726521
726524
726524
726537
726550
726557
726588
726617
726633
726637
726638
726654
726674
726678
726686
726714
726716
726744
726749
726754
726755
726757
726776
726793
726797
726802
726810
726813
726829
726834
726867
726873
726875
726881
726882
726883
726920
726985
726987
726997
727001
727010
727023
727030
727034
727035
727042
727066
727066
727082
727085
727086
727087
727087
727095
727096
727098
727102
727102
727108
727109
727115
727120
727120
727127
727130
727154
727160
727196
727223
727229
727237
727245
727247
727265
727267
727276
727288
727288
727289
727290
727299
727314
727347
727357
727362
727365
727367
727371
727398
727402
727406
727416
727416
727421
727433
727439
727458
727461
727464
727475
727490
727505
727534
727538
727546
727552
727573
727576
727583
727592
727595
727626
727645
727651
727653
727656
727672
727680
727683
727684
727688
727713
727723
727724
727724
727733
727751
727757
727758
727791
727797
727802
727813
727819
727826
727831
727852
727853
727855
727855
727861
727866
727867
727886
727893
727894
727906
727920
727928
727944
727947
727951
727957
727974
727977
727980
727983
727988
728021
728031
728034
728034
728044
728050
728064
728081
728090
728108
728115
728125
728126
728143
728171
728192
728211
728226
728294
728301
728309
728310
728317
728323
728325
728329
728402
728413
728416
728425
728428
728442
728444
728444
728450
728451
728485
728504
728517
728519
728527
728534
728538
728540
728544
728548
728557
728573
728601
728604
728605
728606
728631
728658
728668
728680
728683
728689
728690
728694
728708
728719
728719
728723
728741
728746
728754
728756
728759
728767
728772
728790
728800
728806
728807
728821
728834
728840
728851
728860
728879
728888
728903
728906
728915
728977
728981
729000
729013
729020
729025
729028
729037
729040
729041
729041
729057
729071
729091
729118
729122
729137
729151
729157
729173
729187
729210
729228
729239
729258
729311
729318
729324
729324
729325
729344
729345
729354
729367
729387
729392
729394
729398
729403
729407
729409
729420
729420
729420
729430
729432
729447
729451
729454
729463
729464
729467
729471
729473
729477
729480
729482
729496
729502
729507
729510
729524
729525
729532
729541
729541
729551
729552
729555
729559
729563
729575
729601
729608
729615
729632
729646
729678
729688
729694
729699
729702
729702
729713
729733
729740
729743
729753
729754
729759
729769
729779
729780
729796
729811
729822
729824
729831
729840
729852
729858
729860
729863
729871
729876
729883
729893
729908
729908
729913
729915
729923
729938
729940
729957
729962
729969
729989
729992
730014
730014
730033
730034
730037
730044
730051
730052
730057
730065
730065
730067
730078
730084
730111
730111
730127
730134
730135
730157
730164
730176
730183
730191
730198
730201
730216
730229
730236
730238
730255
730283
730288
730319
730323
730339
730354
730368
730380
730398
730413
730414
730417
730453
730454
730457
730463
730481
730487
730492
730516
730522
730539
730544
730554
730559
730560
730580
730597
730601
730623
730624
730635
730639
730650
730662
730702
730748
730759
730769
730773
730775
730829
730833
730835
730835
730839
730845
730904
730922
730929
730935
730945
730955
730972
730979
730979
730982
730982
730983
730995
730998
731013
731030
731032
731050
731073
731081
731091
731095
731104
731107
731113
731122
731144
731156
731161
731162
731177
731178
731181
731190
731198
731199
731200
731206
731211
731217
731220
731225
731246
731251
731262
731264
731266
731280
731286
731292
731303
731307
731311
731324
731330
731349
731353
731356
731360
731374
731382
731390
731410
731416
731420
731427
731468
731496
731498
731514
731516
731540
731543
731558
731560
731571
731599
731602
731618
731633
731701
731733
731744
731754
731782
731786
731793
731794
731797
731812
731824
731839
731840
731847
731859
731871
731879
731902
731903
731909
731911
731911
731911
731920
731925
731926
731946
731949
731956
731981
732004
732011
732013
732017
732017
732025
732038
732039
732047
732060
732060
732063
732067
732087
732091
732092
732101
732107
732112
732118
732144
732149
732172
732175
732199
732201
732210
732211
732220
732226
732236
732244
732262
732266
732274
732276
732295
732300
732314
732332
732335
732342
732347
732369
732377
732381
732396
732406
732459
732459
732468
732490
732510
732533
732534
732553
732601
732627
732668
732675
732682
732702
732712
732713
732737
732740
732742
732743
732744
732748
732758
732762
732762
732773
732777
732783
732788
732801
732805
732817
732838
732844
732852
732872
732873
732877
732899
732907
732912
732934
732945
732961
732973
732975
732975
732981
733010
733019
733021
733031
733034
733053
733062
733065
733080
733087
733100
733120
733133
733135
733143
733169
733170
733179
733208
733232
733249
733267
733282
733284
733297
733299
733301
733302
733311
733325
733385
733387
733401
733402
733418
733421
733455
733460
733474
733480
733501
733511
733535
733552
733554
733561
733565
733581
733585
733589
733603
733613
733615
733636
733648
733653
733664
733674
733680
733683
733695
733698
733702
733703
733733
733737
733760
733781
733791
733796
733805
733820
733826
733829
733842
733854
733856
733861
733863
733867
733867
733871
733872
733885
733886
733900
733906
733910
733910
733912
733951
733952
733980
733984
733999
734000
734014
734023
734030
734042
734043
734049
734053
734059
734066
734101
734107
734130
734156
734157
734179
734183
734199
734199
734206
734229
734233
734234
734238
734242
734246
734248
734249
734276
734285
734293
734293
734300
734305
734305
734319
734321
734335
734340
734351
734368
734386
734395
734409
734418
734432
734442
734445
734449
734455
734458
734465
734491
734513
734529
734545
734553
734572
734597
734599
734618
734629
734631
734640
734664
734666
734677
734681
734689
734713
734725
734750
734754
734808
734812
734834
734838
734840
734845
734847
734876
734916
734921
734922
734930
734950
734952
734960
734976
734979
734989
735012
735045
735051
735066
735068
735088
735103
735103
735120
735121
735123
735132
735141
735158
735165
735169
735186
735188
735208
735208
735216
735238
735262
735273
735274
735279
735284
735287
735289
735305
735341
735362
735365
735398
735400
735411
735412
735413
735415
735422
735423
735437
735456
735470
735484
735495
735524
735534
735542
735553
735582
735582
735585
735595
735598
735645
735658
735665
735669
735676
735679
735681
735683
735685
735687
735693
735704
735716
735722
735740
735751
735757
735796
735813
735813
735817
735822
735835
735854
735860
735866
735872
735879
735887
735892
735893
735913
735928
735929
735943
735943
735958
735988
735995
735997
735998
735999
736000
736005
736010
736023
736065
736066
736113
736127
736131
736133
736155
736158
736159
736167
736178
736190
736204
736215
736230
736266
736270
736290
736304
736315
736329
736344
736346
736383
736388
736395
736406
736423
736427
736435
736442
736445
736446
736460
736478
736553
736554
736556
736562
736581
736582
736584
736588
736618
736619
736628
736643
736654
736667
736669
736672
736673
736678
736678
736689
736690
736692
736693
736717
736726
736732
736738
736760
736760
736767
736769
736794
736805
736805
736813
736820
736830
736838
736857
736859
736871
736895
736914
736915
736917
736917
736931
736947
736965
736968
736973
736974
736997
737003
737004
737013
737015
737031
737037
737043
737046
737058
737061
737065
737069
737084
737125
737133
737147
737151
737151
737169
737202
737211
737222
737225
737234
737235
737239
737252
737260
737269
737279
737294
737296
737314
737316
737326
737338
737362
737364
737373
737384
737429
737437
737440
737442
737452
737476
737478
737483
737497
737513
737526
737531
737536
737548
737550
737551
737554
737560
737562
737562
737567
737579
737583
737601
737610
737634
737645
737655
737674
737676
737687
737699
737709
737709
737710
737717
737726
737727
737731
737732
737735
737739
737744
737747
737752
737757
737765
737776
737780
737781
737788
737792
737807
737819
737831
737846
737851
737851
737869
737918
737928
737932
737935
737946
737948
737958
737979
737989
737990
738011
738034
738042
738084
738111
738114
738127
738130
738134
738140
738146
738193
738194
738197
738203
738210
738228
738230
738251
738266
738275
738297
738301
738304
738310
738313
738317
738342
738354
738360
738361
738373
738389
738393
738400
738412
738415
738418
738419
738429
738433
738491
738526
738534
738548
738555
738579
738580
738581
738598
738601
738613
738636
738638
738644
738645
738649
738650
738652
738652
738662
738662
738663
738677
738700
738705
738708
738715
738718
738726
738728
738728
738730
738763
738773
738791
738804
738811
738847
738850
738857
738864
738879
738889
738936
738941
738943
738952
738962
738971
738974
738986
738999
739006
739031
739054
739069
739070
739083
739091
739097
739113
739115
739133
739139
739146
739171
739174
739183
739195
739208
739209
739209
739214
739231
739244
739260
739263
739291
739308
739310
739337
739338
739339
739362
739365
739367
739372
739382
739384
739386
739392
739407
739415
739429
739430
739431
739433
739435
739436
739445
739472
739491
739491
739496
739503
739527
739528
739530
739533
739537
739547
739575
739576
739596
739610
739624
739650
739650
739651
739665
739678
739698
739698
739710
739715
739727
739745
739749
739772
739772
739773
739783
739816
739822
739831
739843
739864
739865
739867
739884
739905
739906
739906
739923
739937
739947
739951
739963
739971
739979
739984
739995
740020
740031
740051
740058
740078
740088
740089
740111
740124
740128
740131
740133
740151
740152
740157
740194
740199
740204
740211
740225
740228
740236
740248
740250
740281
740294
740299
740308
740313
740320
740320
740337
740343
740345
740360
740375
740375
740379
740379
740381
740399
740405
740409
740413
740435
740448
740464
740468
740469
740488
740490
740493
740500
740505
740510
740510
740517
740518
740552
740576
740580
740592
740593
740614
740624
740625
740633
740645
740648
740649
740662
740667
740675
740701
740717
740751
740753
740756
740758
740768
740773
740775
740787
740806
740808
740810
740817
740817
740820
740826
740830
740841
740858
740860
740894
740914
740921
740939
740939
740940
740943
740955
740975
740992
741024
741025
741033
741050
741055
741067
741080
741104
741117
741118
741119
741128
741134
741160
741193
741210
741214
741220
741224
741241
741246
741248
741268
741302
741307
741319
741334
741338
741348
741352
741362
741367
741377
741386
741401
741405
741413
741421
741449
741451
741469
741479
741498
741517
741534
741536
741542
741555
741567
741577
741582
741592
741599
741602
741603
741608
741609
741616
741618
741619
741630
741659
741661
741666
741704
741707
741717
741729
741735
741738
741738
741759
741763
741771
741780
741789
741795
741805
741833
741837
741841
741841
741846
741848
741860
741862
741870
741874
741879
741881
741898
741916
741927
741939
741980
741990
742010
742013
742024
742029
742044
742044
742048
742049
742053
742071
742073
742076
742080
742090
742091
742103
742111
742115
742116
742118
742160
742168
742187
742190
742232
742233
742234
742235
742253
742272
742282
742301
742308
742312
742312
742323
742323
742340
742353
742419
742443
742447
742454
742494
742499
742504
742506
742508
742514
742516
742535
742543
742545
742550
742571
742601
742613
742636
742646
742650
742653
742655
742674
742679
742682
742691
742695
742703
742710
742711
742716
742743
742748
742771
742782
742782
742785
742803
742807
742809
742815
742816
742816
742821
742823
742828
742828
742831
742839
742839
742845
742847
742872
742881
742888
742896
742905
742915
742926
742926
742939
742946
742947
742948
742959
742961
742978
742989
743000
743001
743037
743037
743042
743057
743076
743077
743080
743081
743082
743094
743094
743099
743108
743119
743123
743158
743172
743192
743197
743201
743235
743245
743248
743252
743256
743257
743272
743272
743276
743291
743294
743298
743321
743338
743349
743354
743402
743403
743405
743407
743408
743434
743450
743454
743456
743458
743472
743481
743483
743502
743534
743539
743544
743546
743560
743561
743569
743573
743582
743602
743607
743608
743638
743642
743645
743650
743657
743663
743664
743664
743673
743690
743693
743736
743748
743748
743784
743789
743795
743810
743810
743825
743837
743847
743863
743870
743886
743891
743894
743894
743897
743901
743906
743912
743913
743924
743932
743938
743950
743960
743963
743995
743996
743999
744020
744024
744028
744037
744059
744071
744088
744104
744106
744112
744126
744141
744150
744153
744154
744178
744180
744209
744213
744223
744239
744247
744249
744250
744256
744266
744272
744282
744293
744293
744295
744312
744327
744332
744335
744366
744387
744390
744408
744426
744436
744437
744437
744458
744460
744482
744484
744504
744505
744509
744514
744515
744522
744531
744533
744541
744564
744570
744571
744572
744572
744581
744596
744597
744597
744627
744635
744637
744643
744649
744667
744670
744670
744672
744675
744706
744717
744722
744734
744744
744745
744757
744758
744803
744808
744809
744822
744865
744875
744886
744889
744891
744899
744904
744907
744912
744914
744925
744930
744934
744934
744950
744958
744970
744985
744985
745000
745021
745030
745042
745049
745050
745064
745095
745096
745135
745143
745146
745147
745153
745161
745232
745232
745237
745241
745241
745241
745249
745254
745254
745263
745268
745271
745289
745304
745316
745329
745336
745337
745377
745379
745400
745400
745401
745407
745429
745435
745444
745460
745478
745483
745495
745502
745508
745513
745520
745525
745535
745547
745565
745575
745582
745582
745584
745619
745625
745642
745644
745645
745647
745654
745661
745667
745668
745669
745675
745685
745695
745702
745710
745715
745717
745721
745729
745758
745759
745760
745765
745793
745797
745808
745809
745821
745838
745862
745869
745880
745896
745901
745914
745946
745949
745968
745976
745988
745997
746016
746025
746025
746028
746039
746047
746052
746055
746065
746089
746095
746099
746132
746147
746151
746157
746164
746171
746174
746182
746188
746201
746223
746223
746237
746240
746247
746255
746268
746271
746298
746300
746301
746329
746337
746372
746377
746377
746388
746411
746430
746431
746441
746444
746460
746469
746479
746480
746496
746496
746499
746504
746505
746516
746517
746522
746542
746553
746560
746564
746564
746592
746602
746639
746650
746673
746687
746688
746688
746698
746698
746699
746720
746726
746742
746745
746759
746764
746773
746778
746780
746782
746787
746801
746803
746809
746847
746877
746883
746892
746904
746909
746911
746924
746965
746988
747000
747027
747033
747050
747076
747077
747083
747090
747091
747094
747121
747121
747132
747139
747139
747143
747146
747155
747156
747169
747169
747194
747196
747204
747206
747218
747230
747258
747261
747278
747282
747299
747302
747316
747318
747325
747329
747330
747338
747363
747390
747390
747428
747431
747434
747434
747445
747464
747465
747466
747471
747484
747487
747489
747493
747503
747516
747521
747530
747532
747553
747562
747567
747571
747573
747579
747591
747606
747615
747619
747621
747631
747635
747635
747640
747642
747647
747658
747663
747668
747669
747678
747691
747719
747727
747731
747743
747751
747760
747760
747772
747773
747789
747796
747812
747818
747818
747826
747835
747840
747853
747857
747861
747863
747868
747891
747892
747900
747902
747932
747934
747947
747992
747993
747996
747999
748001
748004
748007
748008
748025
748032
748045
748061
748087
748101
748133
748137
748156
748160
748170
748200
748216
748218
748220
748224
748234
748234
748235
748242
748250
748258
748264
748278
748284
748297
748324
748325
748335
748343
748363
748374
748377
748388
748389
748396
748404
748410
748412
748414
748419
748425
748432
748433
748436
748438
748446
748446
748455
748456
748458
748460
748463
748471
748473
748489
748493
748507
748508
748512
748524
748531
748543
748551
748556
748570
748572
748596
748615
748618
748627
748631
748658
748658
748664
748697
748702
748716
748723
748766
748797
748801
748817
748831
748858
748870
748886
748888
748895
748900
748909
748923
748931
748940
748944
748948
748950
748951
748956
748973
748974
748978
749014
749020
749024
749033
749046
749046
749058
749063
749069
749093
749099
749101
749105
749118
749131
749138
749154
749179
749180
749189
749189
749191
749232
749241
749281
749283
749296
749307
749313
749323
749324
749349
749404
749436
749497
749507
749544
749552
749559
749582
749588
749600
749602
749631
749632
749632
749648
749679
749702
749702
749717
749744
749761
749788
749796
749798
749822
749831
749861
749869
749890
749892
749899
749921
749921
749928
749928
749931
749949
749952
749953
749975
749992
750012
750014
750015
750036
750043
750047
750049
750057
750070
750071
750129
750166
750172
750179
750200
750209
750209
750251
750259
750268
750275
750280
750317
750318
750323
750326
750338
750344
750352
750364
750370
750377
750381
750381
750382
750391
750405
750412
750429
750430
750432
750433
750436
750438
750447
750447
750450
750453
750453
750490
750503
750513
750535
750541
750547
750548
750550
750564
750598
750615
750620
750622
750638
750643
750647
750651
750690
750692
750698
750721
750734
750737
750750
750753
750793
750818
750820
750820
750837
750843
750852
750862
750872
750883
750888
750907
750920
750931
750932
750933
750941
750944
750961
750963
750966
750977
750995
751046
751076
751099
751103
751110
751126
751128
751132
751132
751145
751153
751158
751169
751170
751185
751187
751188
751190
751202
751205
751210
751246
751266
751277
751284
751286
751288
751291
751307
751312
751321
751327
751332
751334
751342
751343
751362
751365
751365
751371
751372
751386
751388
751397
751400
751406
751429
751446
751458
751461
751465
751468
751502
751503
751504
751522
751530
751561
751571
751582
751588
751601
751615
751625
751632
751657
751665
751685
751688
751696
751717
751722
751726
751726
751728
751736
751737
751748
751766
751780
751788
751791
751793
751808
751816
751835
751839
751861
751877
751891
751893
751898
751920
751925
751930
751933
751946
751961
751972
751973
751975
751977
751988
752022
752025
752041
752053
752053
752062
752065
752081
752086
752100
752101
752106
752113
752115
752116
752123
752128
752134
752136
752156
752171
752174
752175
752175
752179
752180
752182
752185
752195
752205
752210
752216
752218
752218
752223
752248
752259
752287
752294
752295
752296
752297
752306
752313
752313
752317
752344
752352
752353
752370
752375
752383
752407
752414
752423
752432
752438
752453
752463
752464
752473
752502
752504
752519
752617
752628
752629
752634
752642
752646
752647
752652
752653
752674
752682
752686
752688
752709
752718
752729
752771
752775
752777
752802
752805
752830
752837
752856
752880
752885
752891
752892
752900
752902
752905
752921
752921
752922
752932
752940
752942
752951
752954
752955
752969
752976
752980
752981
753001
753008
753024
753045
753055
753082
753084
753099
753102
753103
753135
753138
753141
753164
753169
753177
753183
753183
753193
753195
753201
753233
753245
753262
753262
753270
753277
753303
753313
753329
753330
753333
753352
753354
753390
753402
753404
753417
753419
753421
753431
753434
753435
753459
753466
753468
753488
753491
753502
753505
753507
753515
753517
753520
753524
753528
753543
753553
753559
753575
753587
753596
753597
753603
753620
753636
753640
753642
753658
753667
753677
753679
753693
753695
753747
753776
753876
753884
753924
753927
753930
753951
753955
753967
753969
753969
753978
753984
753985
754007
754014
754026
754039
754040
754040
754059
754062
754077
754077
754092
754111
754117
754134
754153
754159
754178
754179
754223
754227
754257
754269
754275
754294
754295
754312
754322
754327
754340
754341
754354
754361
754366
754366
754379
754399
754409
754433
754442
754455
754463
754468
754472
754472
754491
754494
754494
754499
754502
754504
754505
754511
754527
754563
754564
754568
754581
754590
754606
754607
754623
754632
754651
754661
754667
754680
754708
754713
754714
754721
754740
754750
754754
754766
754771
754776
754798
754814
754817
754825
754830
754839
754839
754845
754847
754871
754885
754893
754894
754895
754896
754916
754930
754939
754966
754982
754989
754999
755017
755018
755020
755032
755069
755081
755081
755087
755093
755096
755100
755131
755134
755147
755151
755162
755177
755188
755196
755200
755210
755224
755242
755254
755255
755273
755273
755293
755300
755311
755314
755318
755321
755322
755324
755326
755328
755338
755338
755339
755342
755342
755348
755358
755360
755372
755373
755383
755383
755409
755418
755421
755431
755439
755473
755482
755496
755520
755534
755535
755559
755560
755561
755563
755570
755582
755588
755591
755595
755599
755622
755626
755636
755637
755642
755649
755651
755661
755667
755669
755682
755685
755696
755704
755719
755730
755743
755750
755751
755755
755756
755757
755764
755767
755770
755772
755796
755802
755822
755826
755842
755843
755844
755889
755899
755908
755912
755953
755960
755965
755969
755999
756009
756033
756044
756056
756057
756059
756080
756080
756091
756121
756121
756177
756181
756190
756249
756251
756261
756274
756275
756295
756309
756312
756327
756340
756342
756358
756359
756359
756365
756375
756393
756429
756434
756440
756451
756460
756461
756480
756510
756518
756542
756542
756545
756548
756554
756561
756566
756606
756608
756627
756659
756660
756661
756664
756676
756679
756681
756698
756718
756744
756755
756756
756768
756774
756782
756803
756804
756810
756819
756846
756861
756862
756874
756902
756902
756903
756905
756932
756941
756942
756960
756967
756985
756986
756989
756999
757001
757003
757048
757050
757058
757081
757117
757142
757144
757145
757150
757150
757160
757167
757185
757196
757204
757205
757222
757245
757246
757255
757257
757261
757272
757282
757301
757302
757306
757318
757322
757338
757360
757379
757380
757402
757407
757417
757420
757432
757432
757433
757436
757440
757450
757461
757462
757474
757487
757507
757545
757559
757567
757571
757582
757586
757597
757598
757601
757607
757612
757620
757682
757695
757725
757727
757749
757765
757769
757769
757771
757776
757796
757801
757804
757805
757825
757825
757830
757851
757860
757871
757918
757922
757925
757944
757944
757983
757989
758006
758029
758030
758037
758039
758044
758054
758058
758078
758087
758108
758116
758145
758151
758155
758158
758163
758191
758198
758211
758215
758219
758259
758259
758275
758290
758292
758298
758298
758301
758301
758325
758328
758330
758352
758368
758375
758376
758378
758406
758406
758421
758425
758426
758434
758440
758448
758453
758460
758460
758461
758463
758465
758480
758489
758494
758497
758523
758525
758557
758591
758595
758619
758620
758628
758632
758637
758638
758657
758660
758664
758673
758676
758685
758694
758699
758700
758721
758741
758755
758766
758775
758780
758810
758814
758816
758822
758844
758855
758855
758866
758884
758891
758909
758931
758932
758941
758963
758965
758975
758986
758998
759006
759034
759039
759067
759070
759076
759112
759122
759136
759137
759157
759158
759164
759164
759166
759172
759203
759211
759219
759247
759251
759256
759260
759287
759309
759312
759327
759332
759359
759364
759371
759379
759383
759405
759410
759412
759440
759460
759464
759487
759492
759510
759543
759561
759566
759590
759601
759627
759627
759638
759645
759652
759653
759668
759674
759678
759694
759699
759717
759719
759730
759742
759749
759752
759756
759791
759805
759814
759834
759851
759857
759861
759867
759881
759901
759914
759919
759924
759925
759933
759957
759988
760002
760006
760036
760044
760049
760059
760101
760105
760110
760115
760138
760139
760141
760149
760150
760158
760158
760160
760161
760192
760214
760216
760237
760241
760247
760272
760276
760279
760280
760284
760285
760291
760293
760294
760301
760305
760306
760313
760332
760335
760358
760373
760414
760420
760423
760427
760436
760445
760445
760451
760453
760454
760455
760455
760461
760466
760467
760483
760506
760520
760527
760538
760539
760561
760564
760568
760571
760576
760582
760585
760596
760597
760599
760599
760601
760619
760625
760629
760646
760657
760660
760664
760674
760674
760684
760686
760691
760692
760707
760710
760711
760717
760718
760732
760757
760776
760779
760782
760814
760817
760819
760824
760856
760861
760862
760866
760877
760880
760881
760907
760912
760923
760940
760951
760957
760960
760968
760970
760972
760976
760982
760994
761004
761005
761006
761012
761014
761014
761017
761025
761027
761029
761048
761049
761051
761061
761131
761133
761141
761155
761157
761171
761188
761189
761202
761204
761217
761226
761236
761268
761269
761293
761298
761309
761311
761328
761336
761371
761403
761404
761414
761433
761453
761457
761462
761466
761470
761499
761522
761525
761531
761545
761555
761573
761578
761585
761590
761591
761592
761592
761596
761597
761598
761606
761622
761622
761625
761662
761670
761679
761681
761682
761686
761691
761695
761699
761731
761737
761744
761749
761758
761760
761765
761779
761786
761794
761794
761825
761829
761836
761841
761884
761891
761904
761910
761916
761918
761919
761922
761926
761929
761930
761942
761945
761951
761958
761967
761967
761979
761980
761984
761991
762000
762011
762014
762020
762032
762037
762045
762045
762059
762085
762085
762087
762099
762104
762122
762123
762124
762132
762133
762138
762149
762156
762160
762167
762179
762180
762180
762182
762189
762206
762209
762212
762230
762233
762238
762242
762243
762244
762261
762263
762269
762287
762288
762294
762296
762308
762311
762339
762365
762371
762375
762383
762397
762399
762400
762403
762403
762415
762421
762428
762454
762455
762476
762478
762481
762486
762493
762501
762504
762519
762526
762528
762543
762556
762562
762578
762588
762598
762600
762645
762645
762646
762653
762657
762663
762672
762690
762695
762695
762715
762735
762742
762742
762747
762762
762795
762800
762800
762813
762817
762850
762850
762866
762881
762897
762898
762905
762921
762941
762943
762970
762976
763002
763008
763038
763043
763049
763058
763061
763065
763068
763070
763079
763114
763120
763137
763150
763162
763163
763178
763207
763219
763222
763236
763249
763290
763292
763314
763337
763338
763339
763339
763343
763349
763349
763353
763357
763366
763369
763369
763386
763390
763426
763432
763437
763441
763445
763451
763488
763490
763492
763496
763502
763509
763545
763555
763559
763564
763585
763585
763595
763596
763596
763617
763626
763628
763631
763641
763646
763663
763682
763699
763708
763713
763718
763730
763736
763754
763760
763769
763781
763796
763800
763808
763811
763812
763828
763842
763850
763874
763891
763903
763906
763907
763921
763930
763932
763941
763947
763950
763954
763973
763991
764002
764006
764021
764024
764031
764036
764038
764038
764068
764117
764131
764136
764152
764217
764230
764234
764237
764244
764249
764274
764279
764280
764301
764321
764326
764333
764337
764338
764347
764362
764370
764380
764387
764405
764409
764418
764433
764437
764450
764454
764484
764495
764500
764524
764535
764536
764559
764563
764570
764599
764619
764625
764638
764651
764659
764688
764702
764736
764738
764745
764776
764780
764782
764785
764793
764797
764805
764819
764825
764840
764850
764862
764931
764934
764937
764948
764969
764971
765004
765019
765036
765051
765066
765070
765073
765083
765089
765090
765091
765113
765116
765128
765137
765151
765157
765157
765159
765180
765180
765187
765190
765202
765229
765236
765250
765252
765258
765260
765310
765310
765314
765315
765337
765342
765343
765356
765369
765383
765392
765399
765405
765425
765429
765433
765434
765437
765449
765449
765452
765480
765491
765506
765508
765544
765551
765551
765560
765593
765606
765629
765646
765661
765669
765671
765674
765693
765712
765727
765730
765738
765742
765751
765764
765766
765767
765768
765784
765786
765794
765798
765801
765811
765813
765817
765831
765837
765856
765906
765915
765922
765937
765972
765977
765979
765988
765995
766005
766012
766014
766031
766043
766085
766092
766129
766131
766132
766147
766158
766164
766165
766168
766174
766179
766189
766197
766204
766205
766210
766217
766227
766238
766247
766248
766271
766280
766285
766286
766331
766332
766332
766335
766348
766349
766371
766378
766387
766391
766396
766401
766402
766407
766414
766416
766418
766444
766451
766458
766474
766474
766476
766478
766483
766507
766510
766524
766528
766528
766530
766532
766546
766546
766546
766548
766553
766564
766565
766586
766587
766592
766594
766600
766620
766623
766633
766636
766643
766654
766660
766689
766700
766726
766742
766744
766745
766751
766758
766762
766769
766770
766799
766802
766818
766820
766836
766847
766858
766861
766866
766867
766869
766871
766901
766907
766911
766911
766914
766915
766924
766935
766936
766949
766953
766969
766973
766981
766995
767003
767032
767044
767046
767056
767063
767090
767096
767096
767098
767099
767100
767114
767118
767124
767126
767137
767153
767171
767177
767191
767201
767212
767215
767217
767222
767235
767255
767263
767268
767269
767277
767291
767300
767306
767308
767311
767318
767321
767321
767342
767365
767375
767382
767394
767395
767411
767419
767425
767453
767455
767459
767481
767494
767507
767539
767543
767550
767555
767558
767568
767578
767602
767620
767633
767636
767638
767653
767657
767678
767680
767716
767723
767735
767741
767749
767764
767766
767772
767782
767783
767786
767802
767804
767811
767813
767814
767826
767831
767852
767852
767866
767869
767880
767888
767891
767899
767899
767904
767928
767948
767972
767985
767987
768007
768048
768064
768074
768080
768106
768125
768129
768142
768153
768154
768163
768166
768166
768173
768192
768202
768204
768217
768224
768233
768242
768249
768261
768269
768276
768290
768302
768313
768336
768342
768350
768354
768360
768361
768362
768374
768387
768387
768392
768401
768401
768406
768412
768413
768417
768419
768425
768425
768432
768441
768504
768538
768557
768574
768574
768586
768594
768608
768610
768614
768621
768621
768644
768656
768666
768678
768698
768724
768734
768739
768742
768801
768801
768816
768831
768833
768837
768864
768868
768890
768896
768898
768904
768915
768929
768935
768936
768959
768970
768977
768990
769003
769015
769024
769027
769032
769059
769063
769065
769071
769093
769103
769114
769124
769160
769167
769177
769183
769184
769188
769195
769195
769196
769202
769221
769222
769227
769228
769234
769234
769268
769269
769278
769282
769285
769288
769296
769320
769320
769323
769327
769346
769351
769361
769376
769383
769393
769407
769417
769428
769438
769453
769453
769463
769466
769474
769484
769487
769489
769529
769532
769538
769542
769589
769591
769592
769609
769610
769637
769638
769639
769643
769652
769654
769658
769661
769680
769691
769694
769697
769701
769702
769712
769726
769742
769745
769766
769786
769787
769800
769802
769811
769811
769815
769816
769820
769837
769848
769863
769865
769874
769878
769884
769906
769909
769910
769928
769933
769936
769946
769954
769955
769960
769965
769966
769969
769988
770002
770013
770031
770044
770064
770064
770065
770079
770080
770088
770095
770105
770107
770115
770119
770131
770136
770164
770165
770167
770169
770192
770224
770225
770227
770230
770284
770289
770303
770311
770313
770333
770364
770398
770399
770415
770416
770426
770430
770443
770449
770456
770472
770507
770513
770522
770534
770542
770544
770554
770555
770561
770574
770593
770612
770620
770628
770637
770659
770663
770690
770709
770713
770741
770759
770761
770762
770769
770787
770793
770798
770810
770814
770833
770834
770838
770848
770854
770855
770868
770871
770883
770886
770888
770890
770892
770897
770901
770925
770925
770936
770954
770955
770973
770998
771006
771018
771022
771084
771089
771092
771098
771107
771110
771112
771113
771119
771131
771133
771136
771148
771163
771172
771225
771243
771262
771277
771281
771316
771328
771350
771351
771360
771369
771370
771396
771400
771404
771406
771407
771408
771414
771426
771428
771438
771440
771447
771449
771455
771480
771486
771495
771512
771514
771520
771523
771531
771534
771536
771582
771593
771612
771625
771629
771634
771650
771654
771673
771681
771687
771700
771712
771735
771735
771741
771749
771754
771755
771791
771805
771806
771833
771843
771843
771846
771850
771860
771870
771879
771882
771884
771893
771904
771904
771910
771912
771918
771920
771926
771933
771934
771936
771947
771948
771952
771989
771996
772012
772028
772034
772046
772049
772079
772091
772107
772128
772132
772135
772148
772168
772175
772177
772201
772211
772224
772232
772242
772267
772268
772272
772282
772309
772310
772316
772325
772327
772329
772330
772351
772371
772381
772403
772413
772423
772424
772440
772466
772472
772475
772496
772531
772533
772534
772549
772559
772564
772567
772575
772579
772582
772591
772592
772611
772614
772615
772627
772629
772639
772652
772657
772657
772663
772698
772700
772743
772754
772787
772791
772802
772815
772845
772852
772857
772863
772865
772871
772877
772888
772934
772965
772968
772973
772982
772988
772994
773006
773029
773030
773034
773038
773047
773065
773068
773070
773072
773074
773074
773088
773115
773127
773129
773133
773143
773158
773161
773165
773169
773175
773180
773198
773199
773202
773215
773227
773240
773242
773256
773258
773271
773294
773297
773304
773311
773335
773368
773376
773390
773424
773453
773464
773467
773470
773485
773491
773494
773508
773514
773515
773516
773521
773535
773549
773557
773559
773573
773573
773574
773576
773608
773628
773635
773638
773650
773673
773688
773691
773709
773715
773731
773732
773747
773757
773782
773834
773872
773875
773899
773920
773922
773929
773940
773945
773953
773968
773975
773984
773986
773991
774007
774009
774021
774025
774040
774042
774051
774071
774076
774078
774088
774097
774125
774127
774132
774137
774140
774154
774180
774180
774182
774186
774210
774210
774212
774222
774242
774271
774279
774287
774288
774293
774298
774304
774318
774329
774339
774347
774365
774379
774382
774383
774387
774393
774411
774411
774432
774448
774454
774476
774481
774487
774487
774500
774546
774567
774582
774596
774598
774621
774635
774643
774646
774651
774652
774652
774653
774674
774678
774684
774696
774697
774698
774700
774701
774704
774719
774726
774726
774728
774730
774730
774731
774731
774745
774745
774751
774752
774754
774759
774768
774787
774800
774807
774808
774821
774830
774835
774861
774867
774890
774895
774900
774922
774924
774938
774944
774948
774952
774956
774960
774972
774974
774995
775000
775034
775035
775038
775039
775047
775055
775057
775063
775071
775078
775082
775086
775095
775117
775122
775126
775131
775138
775138
775170
775186
775203
775248
775323
775326
775330
775340
775361
775370
775394
775397
775398
775403
775411
775413
775426
775434
775436
775437
775450
775471
775478
775482
775485
775487
775509
775512
775569
775578
775590
775593
775596
775597
775605
775619
775619
775628
775635
775650
775658
775664
775671
775676
775677
775684
775694
775707
775713
775723
775743
775769
775773
775774
775783
775808
775810
775819
775821
775823
775834
775836
775860
775861
775874
775897
775900
775904
775913
775920
775926
775934
775935
775952
775952
775953
775955
775956
775971
775991
775994
776000
776006
776042
776063
776072
776080
776084
776094
776109
776109
776117
776119
776135
776141
776156
776160
776170
776176
776184
776209
776222
776238
776276
776278
776285
776315
776322
776326
776328
776329
776341
776356
776361
776362
776369
776370
776385
776389
776407
776423
776448
776449
776456
776457
776467
776475
776482
776496
776503
776515
776519
776536
776585
776589
776596
776608
776609
776618
776626
776628
776640
776646
776659
776664
776664
776669
776691
776699
776719
776735
776780
776781
776783
776786
776789
776794
776800
776805
776824
776828
776838
776875
776894
776894
776899
776902
776911
776925
776970
776983
777000
777001
777026
777041
777047
777049
777061
777067
777089
777093
777112
777131
777165
777168
777171
777175
777179
777185
777194
777195
777195
777208
777216
777276
777281
777284
777289
777294
777327
777327
777339
777344
777390
777392
777429
777431
777439
777449
777455
777467
777469
777483
777492
777492
777500
777511
777565
777581
777589
777590
777609
777626
777642
777649
777650
777660
777662
777662
777680
777683
777706
777725
777743
777743
777753
777763
777770
777773
777783
777788
777789
777814
777836
777837
777845
777861
777871
777871
777897
777900
777901
777921
777953
777970
777973
777977
777979
777996
778009
778019
778031
778054
778058
778070
778118
778129
778138
778158
778164
778171
778173
778186
778194
778195
778232
778257
778261
778277
778282
778296
778307
778314
778334
778335
778338
778338
778340
778343
778359
778364
778373
778377
778378
778404
778404
778413
778413
778415
778421
778422
778423
778429
778446
778453
778456
778474
778479
778479
778487
778511
778558
778560
778561
778566
778591
778592
778599
778623
778624
778625
778654
778660
778673
778678
778685
778687
778694
778716
778720
778723
778741
778741
778747
778749
778751
778754
778766
778815
778816
778844
778863
778864
778869
778869
778876
778879
778888
778893
778894
778912
778914
778943
778953
778969
778982
779000
779007
779047
779063
779080
779086
779095
779132
779135
779137
779145
779153
779198
779208
779211
779218
779219
779235
779243
779257
779265
779280
779285
779316
779347
779359
779361
779366
779367
779398
779413
779415
779417
779427
779429
779434
779440
779443
779445
779449
779451
779459
779467
779468
779475
779481
779481
779489
779516
779524
779531
779550
779569
779582
779586
779594
779613
779620
779622
779637
779637
779641
779644
779646
779648
779662
779683
779702
779710
779716
779716
779724
779750
779752
779754
779754
779758
779767
779795
779798
779803
779816
779820
779830
779836
779850
779850
779866
779868
779880
779882
779888
779902
779922
779922
779948
779959
779969
779975
779983
780003
780004
780021
780041
780044
780059
780061
780067
780076
780081
780092
780098
780098
780102
780103
780116
780121
780132
780134
780134
780154
780156
780171
780187
780219
780232
780233
780242
780254
780256
780257
780259
780267
780279
780281
780290
780296
780298
780304
780306
780321
780322
780324
780339
780340
780352
780354
780361
780366
780385
780396
780396
780397
780413
780419
780434
780438
780439
780450
780466
780519
780525
780536
780577
780584
780600
780607
780609
780612
780621
780627
780641
780646
780660
780661
780664
780665
780689
780699
780713
780716
780720
780737
780744
780746
780763
780767
780774
780776
780776
780783
780795
780796
780800
780806
780829
780839
780841
780850
780858
780859
780860
780866
780867
780873
780875
780877
780878
780896
780902
780916
780916
780920
780923
780928
780950
780951
780966
780972
780975
780980
780992
781029
781034
781035
781039
781053
781075
781104
781105
781110
781112
781116
781130
781131
781139
781145
781160
781171
781172
781175
781181
781201
781203
781220
781221
781229
781268
781270
781276
781304
781305
781319
781329
781355
781371
781382
781401
781402
781417
781448
781449
781457
781464
781472
781476
781511
781534
781545
781568
781579
781590
781595
781618
781619
781633
781637
781642
781663
781664
781666
781683
781716
781721
781723
781725
781748
781755
781816
781829
781836
781842
781853
781858
781868
781888
781899
781910
781924
781945
781966
781967
781980
781981
781987
781989
781991
782012
782013
782028
782041
782048
782050
782061
782064
782075
782077
782080
782082
782122
782124
782178
782183
782195
782203
782208
782242
782245
782246
782247
782271
782277
782306
782307
782311
782323
782325
782343
782375
782400
782400
782401
782409
782414
782427
782436
782445
782447
782457
782489
782500
782508
782510
782516
782528
782528
782534
782543
782550
782552
782554
782578
782579
782589
782604
782613
782627
782658
782673
782674
782680
782686
782694
782695
782707
782742
782745
782756
782767
782774
782783
782786
782796
782796
782808
782822
782825
782878
782886
782890
782916
782922
782925
782926
782934
782937
782951
782971
782990
782997
783004
783010
783030
783048
783070
783074
783077
783079
783082
783104
783118
783148
783157
783165
783166
783182
783199
783204
783255
783260
783261
783263
783265
783274
783288
783316
783322
783327
783330
783350
783357
783372
783381
783403
783420
783420
783427
783430
783432
783441
783454
783467
783478
783484
783489
783501
783501
783524
783524
783539
783550
783550
783554
783558
783560
783562
783582
783609
783616
783621
783625
783625
783650
783652
783657
783670
783671
783672
783676
783698
783699
783745
783746
783752
783779
783785
783786
783786
783786
783791
783800
783801
783826
783830
783838
783865
783882
783888
783888
783894
783896
783902
783920
783922
783931
783932
783941
783947
783950
783958
783959
783960
783961
783971
783973
783974
783974
783990
783993
784008
784019
784035
784043
784044
784046
784059
784072
784079
784087
784096
784105
784117
784130
784153
784174
784187
784202
784217
784218
784224
784232
784245
784255
784257
784262
784263
784289
784305
784305
784310
784349
784363
784370
784383
784385
784394
784414
784414
784425
784439
784446
784451
784453
784455
784462
784485
784485
784493
784504
784514
784514
784517
784519
784533
784538
784539
784539
784549
784561
784573
784583
784584
784585
784592
784612
784620
784651
784654
784659
784673
784674
784688
784689
784692
784692
784694
784696
784723
784732
784743
784745
784746
784764
784767
784781
784796
784799
784802
784805
784806
784812
784817
784818
784825
784833
784853
784876
784878
784883
784898
784949
784965
784974
784975
784983
784996
784997
785006
785007
785018
785046
785053
785057
785058
785061
785063
785071
785074
785080
785081
785084
785097
785100
785103
785106
785119
785121
785129
785141
785156
785159
785174
785175
785193
785210
785221
785224
785226
785241
785245
785271
785284
785291
785295
785309
785320
785320
785322
785349
785358
785364
785371
785381
785399
785407
785408
785411
785416
785425
785429
785440
785455
785471
785475
785488
785489
785489
785489
785494
785513
785517
785531
785532
785551
785565
785568
785574
785577
785581
785612
785615
785630
785638
785652
785656
785657
785688
785705
785717
785720
785726
785761
785763
785764
785766
785767
785767
785780
785785
785798
785799
785804
785844
785848
785866
785872
785921
785926
785937
785947
785947
785956
785958
785990
785991
786000
786001
786003
786023
786024
786040
786065
786069
786082
786089
786098
786105
786123
786126
786134
786139
786169
786170
786175
786200
786201
786207
786209
786211
786220
786224
786236
786252
786257
786265
786269
786279
786280
786282
786286
786302
786319
786324
786340
786346
786378
786393
786425
786431
786432
786434
786463
786465
786479
786493
786510
786528
786548
786556
786567
786584
786585
786589
786596
786609
786639
786643
786643
786643
786656
786677
786679
786709
786731
786743
786744
786761
786763
786764
786771
786775
786783
786786
786793
786796
786812
786819
786823
786827
786844
786855
786872
786881
786903
786921
786933
786943
786966
786970
786974
786983
787002
787005
787006
787042
787042
787044
787057
787059
787069
787112
787155
787166
787181
787185
787187
787200
787206
787210
787215
787221
787225
787232
787237
787243
787247
787256
787291
787305
787306
787308
787311
787319
787324
787354
787363
787367
787389
787390
787422
787423
787429
787436
787441
787442
787448
787451
787501
787513
787522
787528
787533
787544
787552
787557
787563
787568
787591
787617
787637
787643
787644
787654
787673
787681
787683
787689
787690
787697
787698
787703
787717
787718
787725
787729
787731
787736
787739
787742
787748
787748
787771
787781
787797
787808
787809
787847
787870
787911
787921
787926
787929
787934
787972
788000
788003
788015
788016
788035
788037
788043
788048
788063
788081
788085
788085
788130
788140
788167
788190
788198
788206
788206
788212
788217
788240
788258
788259
788284
788289
788292
788300
788304
788332
788333
788344
788354
788367
788388
788421
788426
788429
788429
788461
788475
788487
788497
788503
788505
788508
788530
788535
788561
788576
788587
788589
788611
788622
788633
788637
788637
788644
788645
788653
788657
788661
788668
788677
788690
788691
788709
788719
788724
788725
788725
788727
788733
788741
788744
788759
788767
788778
788779
788785
788819
788821
788821
788839
788844
788866
788884
788897
788908
788928
788958
788963
788967
788971
788973
788985
789002
789009
789023
789029
789036
789045
789049
789054
789057
789058
789061
789089
789097
789100
789102
789113
789124
789139
789170
789173
789177
789184
789204
789236
789242
789258
789263
789273
789274
789288
789290
789297
789305
789309
789318
789348
789353
789356
789364
789379
789383
789383
789397
789399
789400
789402
789404
789417
789419
789419
789429
789433
789437
789448
789457
789458
789495
789501
789508
789532
789536
789548
789565
789589
789603
789607
789628
789631
789636
789642
789657
789666
789691
789703
789719
789736
789741
789743
789762
789773
789775
789777
789785
789799
789819
789828
789835
789864
789867
789869
789882
789885
789903
789909
789912
789913
789945
789946
789951
790014
790020
790048
790069
790076
790079
790080
790090
790100
790103
790104
790117
790135
790175
790181
790204
790208
790218
790221
790222
790230
790289
790292
790311
790331
790336
790341
790342
790349
790358
790365
790371
790389
790389
790393
790394
790410
790430
790449
790451
790451
790461
790464
790482
790488
790504
790515
790524
790526
790550
790556
790582
790587
790587
790590
790594
790595
790596
790606
790609
790621
790632
790633
790644
790647
790658
790663
790668
790669
790671
790681
790684
790691
790698
790701
790713
790720
790722
790723
790739
790740
790746
790746
790763
790765
790775
790783
790785
790789
790792
790795
790796
790802
790803
790810
790815
790833
790835
790838
790848
790858
790871
790872
790873
790875
790884
790907
790909
790909
790912
790942
790943
790947
790958
790959
790959
790974
790982
790995
790996
791020
791022
791034
791038
791070
791072
791083
791093
791104
791107
791110
791112
791118
791123
791125
791125
791129
791155
791172
791172
791181
791201
791207
791209
791209
791266
791273
791297
791304
791331
791348
791354
791362
791365
791367
791370
791384
791386
791400
791408
791410
791427
791435
791445
791473
791489
791515
791536
791540
791542
791549
791559
791572
791598
791600
791607
791613
791627
791667
791669
791690
791693
791715
791725
791730
791736
791753
791795
791796
791804
791806
791808
791825
791850
791852
791868
791873
791885
791892
791916
791934
791947
791949
791967
791971
791996
792001
792010
792012
792014
792043
792048
792090
792102
792108
792115
792138
792165
792174
792188
792194
792208
792212
792212
792215
792221
792229
792230
792250
792255
792256
792275
792276
792277
792289
792290
792303
792304
792313
792328
792361
792366
792367
792370
792377
792385
792401
792410
792426
792433
792447
792470
792471
792477
792485
792489
792504
792517
792527
792528
792537
792548
792597
792601
792602
792603
792617
792656
792663
792670
792678
792680
792685
792687
792694
792696
792706
792711
792737
792745
792763
792768
792770
792776
792803
792805
792815
792817
792828
792835
792855
792867
792868
792873
792878
792882
792884
792888
792891
792921
792923
792956
792964
792987
793012
793024
793025
793025
793027
793037
793041
793054
793056
793074
793076
793098
793105
793110
793120
793126
793135
793137
793154
793156
793158
793170
793212
793231
793235
793236
793237
793241
793259
793269
793281
793328
793355
793356
793367
793375
793375
793387
793391
793391
793427
793440
793447
793458
793474
793476
793476
793484
793486
793493
793516
793528
793533
793537
793542
793575
793576
793590
793595
793599
793601
793603
793619
793633
793640
793640
793645
793668
793681
793703
793719
793722
793732
793750
793756
793767
793779
793784
793789
793791
793792
793793
793799
793803
793824
793842
793862
793868
793871
793888
793897
793928
793944
793944
793950
793970
793974
793984
793988
794003
794005
794012
794016
794019
794022
794037
794053
794054
794057
794061
794064
794086
794106
794122
794129
794142
794143
794154
794157
794163
794175
794185
794193
794201
794209
794213
794235
794242
794246
794266
794270
794276
794277
794285
794318
794321
794361
794371
794375
794399
794402
794406
794406
794461
794474
794484
794488
794490
794500
794507
794508
794510
794511
794518
794521
794534
794536
794540
794550
794556
794565
794566
794573
794577
794578
794579
794587
794605
794620
794630
794631
794633
794634
794635
794660
794684
794690
794696
794716
794723
794735
794736
794746
794746
794758
794795
794801
794814
794814
794825
794826
794829
794837
794838
794843
794844
794869
794874
794889
794916
794921
794935
794959
794975
794999
795010
795051
795066
795067
795067
795068
795068
795079
795087
795105
795113
795125
795126
795137
795160
795176
795185
795186
795194
795202
795220
795227
795229
795238
795239
795243
795245
795247
795263
795265
795271
795273
795276
795280
795280
795288
795296
795305
795307
795333
795338
795355
795362
795366
795402
795410
795414
795423
795432
795463
795467
795472
795489
795490
795497
795498
795503
795506
795509
795510
795542
795543
795550
795568
795593
795596
795601
795610
795612
795655
795658
795661
795663
795668
795677
795690
795690
795690
795700
795707
795709
795711
795712
795714
795729
795736
795741
795752
795758
795768
795769
795774
795777
795787
795790
795802
795802
795806
795808
795814
795818
795822
795832
795841
795859
795877
795880
795891
795897
795905
795906
795907
795908
795923
795947
795967
795970
795984
795986
795987
795996
796047
796048
796049
796057
796058
796061
796074
796078
796083
796084
796092
796100
796140
796142
796149
796157
796164
796212
796222
796232
796240
796250
796255
796267
796269
796280
796285
796294
796306
796312
796316
796319
796335
796336
796341
796344
796350
796351
796353
796359
796375
796393
796394
796400
796413
796418
796435
796436
796439
796443
796447
796477
796489
796516
796519
796529
796531
796533
796571
796580
796591
796596
796604
796624
796647
796649
796656
796659
796661
796662
796668
796684
796695
796702
796706
796709
796746
796748
796754
796754
796764
796778
796781
796797
796801
796808
796835
796841
796847
796869
796873
796877
796885
796896
796909
796910
796913
796941
796969
796978
796979
796983
796985
796989
796994
796998
797002
797012
797014
797026
797070
797088
797089
797104
797113
797114
797126
797138
797139
797143
797164
797177
797184
797192
797211
797217
797238
797240
797248
797257
797262
797277
797282
797297
797298
797303
797308
797314
797337
797342
797349
797363
797383
797397
797407
797413
797415
797422
797428
797449
797464
797465
797468
797478
797497
797510
797549
797558
797563
797564
797568
797571
797583
797586
797588
797593
797613
797623
797626
797635
797647
797655
797656
797681
797688
797712
797719
797720
797727
797740
797756
797779
797795
797797
797800
797810
797812
797822
797844
797852
797862
797869
797874
797881
797892
797902
797905
797910
797911
797916
797918
797920
797927
797940
797956
797957
797959
797960
797974
797977
797978
797979
797986
797998
798014
798036
798038
798043
798049
798053
798062
798079
798116
798120
798122
798129
798136
798141
798158
798158
798168
798178
798189
798196
798201
798240
798249
798261
798278
798284
798286
798287
798297
798315
798319
798335
798351
798369
798373
798378
798378
798383
798415
798445
798468
798470
798479
798516
798537
798540
798551
798553
798557
798563
798594
798600
798607
798618
798674
798694
798704
798710
798727
798739
798744
798749
798756
798778
798779
798787
798792
798805
798835
798836
798843
798900
798904
798911
798912
798917
798918
798919
798921
798925
798939
798941
798950
798958
798973
798992
799010
799017
799026
799038
799039
799044
799047
799064
799105
799116
799120
799125
799127
799128
799129
799139
799169
799174
799190
799195
799212
799218
799238
799241
799243
799250
799260
799264
799269
799299
799299
799303
799304
799311
799312
799334
799336
799338
799341
799350
799370
799386
799389
799394
799410
799412
799420
799444
799450
799455
799469
799477
799490
799500
799502
799509
799512
799529
799539
799556
799569
799577
799582
799583
799594
799604
799621
799634
799638
799644
799650
799672
799676
799676
799684
799685
799701
799710
799714
799744
799744
799758
799760
799761
799763
799779
799781
799781
799783
799784
799795
799796
799829
799857
799860
799874
799879
799896
799897
799897
799908
799913
799924
799935
799948
799956
799968
799973
800004
800004
800033
800039
800050
800053
800072
800098
800151
800156
800163
800174
800175
800187
800192
800202
800209
800218
800219
800232
800245
800247
800256
800272
800277
800286
800314
800320
800334
800354
800362
800368
800384
800400
800409
800409
800410
800414
800419
800429
800431
800432
800432
800433
800451
800462
800465
800468
800476
800483
800488
800491
800495
800506
800524
800528
800529
800534
800540
800556
800579
800580
800587
800612
800613
800616
800627
800628
800630
800644
800659
800660
800662
800666
800669
800669
800677
800681
800682
800683
800694
800698
800706
800712
800736
800737
800753
800761
800762
800767
800800
800806
800811
800812
800842
800858
800860
800868
800875
800889
800909
800926
800956
800963
800993
801002
801015
801017
801020
801033
801049
801052
801061
801063
801070
801073
801095
801098
801123
801126
801131
801143
801159
801173
801199
801202
801219
801220
801228
801228
801228
801256
801263
801269
801272
801279
801286
801289
801291
801291
801298
801313
801314
801322
801356
801359
801373
801375
801382
801386
801394
801396
801400
801415
801418
801432
801448
801457
801465
801466
801467
801468
801484
801487
801492
801500
801508
801551
801616
801617
801622
801627
801630
801638
801640
801644
801647
801655
801667
801670
801687
801703
801711
801723
801730
801732
801743
801744
801746
801771
801781
801788
801798
801799
801810
801833
801834
801838
801854
801858
801864
801864
801876
801878
801884
801896
801898
801916
801923
801953
801956
801966
801967
801975
801987
802005
802022
802037
802043
802048
802055
802057
802070
802081
802081
802084
802089
802090
802097
802109
802121
802132
802147
802160
802170
802173
802214
802230
802234
802253
802255
802260
802265
802269
802276
802280
802290
802299
802312
802314
802315
802321
802327
802337
802358
802358
802378
802381
802428
802434
802437
802458
802460
802461
802494
802495
802504
802517
802526
802527
802529
802532
802536
802540
802557
802562
802567
802576
802581
802581
802650
802667
802704
802721
802729
802739
802740
802754
802766
802768
802772
802784
802796
802803
802803
802810
802812
802819
802828
802830
802832
802835
802835
802839
802852
802854
802854
802866
802866
802869
802878
802897
802897
802903
802912
802922
802923
802928
802954
802959
802983
802985
802998
803006
803008
803011
803015
803018
803024
803046
803050
803057
803057
803070
803076
803084
803099
803113
803132
803136
803137
803139
803154
803173
803174
803188
803200
803215
803220
803220
803228
803237
803250
803268
803270
803292
803296
803303
803304
803305
803316
803318
803318
803337
803377
803379
803381
803397
803415
803422
803425
803430
803464
803465
803474
803475
803483
803498
803505
803512
803530
803546
803548
803549
803550
803569
803581
803601
803606
803624
803627
803630
803644
803647
803667
803682
803687
803697
803718
803729
803754
803760
803776
803779
803779
803792
803793
803794
803802
803817
803821
803822
803824
803828
803847
803862
803862
803863
803887
803906
803937
803937
803950
803960
803970
803980
803983
804005
804008
804023
804027
804036
804040
804040
804044
804077
804103
804105
804124
804134
804139
804152
804160
804164
804191
804193
804206
804225
804227
804228
804243
804253
804263
804264
804269
804277
804295
804319
804319
804343
804377
804384
804395
804416
804430
804437
804444
804451
804454
804462
804472
804475
804480
804481
804488
804499
804504
804510
804520
804522
804528
804532
804535
804551
804554
804563
804567
804604
804605
804607
804617
804622
804624
804629
804634
804639
804649
804664
804666
804673
804685
804691
804694
804725
804725
804727
804728
804751
804770
804770
804775
804803
804830
804838
804888
804900
804901
804905
804914
804914
804916
804929
804936
804948
804966
804972
804974
804994
805002
805024
805062
805066
805092
805107
805117
805118
805164
805174
805208
805214
805242
805250
805254
805257
805265
805278
805278
805288
805291
805296
805309
805334
805342
805355
805436
805448
805463
805467
805493
805500
805508
805511
805517
805545
805562
805595
805627
805633
805634
805640
805644
805651
805654
805662
805678
805695
805708
805722
805732
805756
805772
805784
805809
805813
805832
805837
805842
805843
805848
805857
805868
805892
805900
805906
805912
805913
805915
805916
805935
805950
805981
805983
805990
806002
806036
806049
806055
806057
806060
806068
806077
806079
806088
806113
806117
806124
806125
806130
806141
806167
806169
806169
806171
806181
806186
806216
806222
806229
806250
806251
806253
806271
806272
806284
806294
806296
806303
806321
806322
806324
806328
806329
806331
806342
806342
806343
806344
806350
806354
806356
806359
806392
806394
806401
806401
806401
806414
806439
806451
806456
806467
806481
806488
806489
806498
806500
806503
806513
806547
806556
806572
806576
806603
806607
806613
806628
806634
806636
806643
806648
806653
806658
806659
806664
806675
806677
806678
806694
806718
806728
806774
806783
806788
806799
806802
806806
806847
806876
806881
806886
806892
806902
806908
806910
806923
806924
806938
806951
806960
806989
806991
806998
807000
807003
807022
807029
807066
807072
807080
807087
807088
807102
807108
807110
807126
807146
807150
807151
807152
807155
807169
807175
807180
807183
807189
807189
807192
807196
807200
807213
807214
807246
807256
807263
807272
807276
807280
807282
807282
807294
807326
807348
807365
807372
807382
807410
807411
807411
807412
807418
807426
807427
807431
807442
807457
807457
807462
807465
807472
807479
807485
807496
807500
807510
807521
807525
807526
807528
807541
807557
807559
807567
807569
807570
807576
807577
807580
807600
807611
807622
807628
807639
807648
807660
807663
807665
807668
807691
807695
807710
807710
807725
807728
807738
807756
807760
807775
807791
807805
807811
807816
807839
807844
807848
807851
807864
807896
807896
807908
807908
807916
807921
807979
807982
807983
808014
808022
808028
808035
808041
808042
808048
808049
808057
808058
808059
808060
808078
808087
808107
808112
808120
808137
808139
808145
808146
808149
808164
808172
808196
808198
808198
808200
808207
808209
808214
808219
808244
808257
808275
808277
808279
808283
808285
808293
808331
808333
808335
808346
808347
808353
808355
808362
808363
808378
808386
808388
808394
808397
808397
808410
808437
808449
808451
808455
808457
808470
808474
808481
808489
808506
808511
808563
808577
808578
808609
808609
808610
808632
808641
808641
808650
808650
808655
808664
808668
808673
808674
808677
808683
808685
808707
808721
808742
808747
808750
808754
808757
808771
808775
808779
808780
808783
808785
808787
808791
808798
808805
808810
808822
808823
808831
808844
808850
808851
808854
808861
808880
808890
808912
808920
808930
808937
808965
808979
808996
809003
809019
809026
809026
809029
809042
809043
809045
809055
809058
809095
809104
809106
809108
809113
809116
809134
809152
809195
809208
809226
809227
809229
809232
809238
809239
809243
809245
809282
809290
809293
809303
809315
809334
809338
809343
809355
809362
809369
809379
809395
809398
809398
809421
809427
809427
809428
809430
809435
809459
809460
809464
809503
809511
809515
809537
809540
809547
809554
809561
809564
809571
809580
809587
809605
809642
809645
809651
809660
809675
809680
809690
809695
809697
809705
809712
809714
809717
809718
809730
809730
809764
809780
809790
809790
809792
809801
809816
809819
809823
809824
809836
809852
809855
809861
809878
809882
809902
809906
809906
809907
809956
809967
809979
809993
810000
810007
810008
810017
810025
810027
810062
810094
810095
810103
810107
810115
810152
810159
810162
810164
810177
810182
810198
810203
810210
810212
810215
810228
810235
810243
810249
810253
810266
810272
810274
810282
810290
810298
810305
810316
810321
810331
810335
810367
810370
810373
810380
810397
810401
810407
810411
810423
810451
810475
810477
810481
810497
810502
810503
810552
810553
810569
810585
810588
810592
810597
810627
810629
810635
810636
810672
810684
810697
810700
810719
810721
810739
810744
810773
810783
810793
810827
810828
810829
810832
810840
810852
810879
810893
810909
810913
810915
810917
810918
810918
810934
810946
810952
810953
810974
810983
810991
811001
811024
811025
811043
811044
811056
811060
811064
811072
811074
811090
811093
811108
811123
811125
811126
811150
811152
811154
811159
811173
811176
811186
811189
811197
811206
811255
811278
811290
811304
811313
811319
811320
811330
811336
811346
811352
811355
811382
811401
811404
811406
811420
811461
811467
811475
811487
811489
811502
811513
811520
811522
811529
811541
811551
811563
811579
811604
811605
811631
811632
811652
811656
811682
811685
811694
811748
811758
811758
811780
811791
811803
811822
811850
811853
811874
811878
811898
811900
811903
811936
811950
811975
811982
811984
811985
811992
812014
812030
812039
812040
812064
812071
812092
812102
812102
812111
812113
812118
812129
812130
812144
812155
812167
812183
812210
812213
812233
812240
812251
812263
812279
812280
812284
812295
812301
812333
812368
812372
812379
812386
812391
812398
812413
812416
812424
812426
812431
812475
812481
812493
812499
812499
812503
812513
812531
812551
812569
812577
812580
812594
812614
812622
812627
812630
812639
812645
812684
812687
812689
812690
812699
812713
812714
812718
812739
812745
812752
812758
812782
812806
812825
812832
812839
812842
812857
812860
812863
812878
812882
812896
812907
812909
812910
812915
812918
812920
812940
812941
812942
812953
812957
812973
812982
813000
813001
813002
813003
813005
813026
813039
813054
813060
813084
813096
813100
813107
813108
813130
813131
813132
813134
813146
813148
813149
813151
813166
813169
813171
813193
813200
813206
813214
813224
813226
813230
813256
813267
813289
813294
813312
813314
813316
813320
813344
813347
813347
813372
813396
813417
813420
813435
813446
813466
813475
813478
813489
813493
813494
813500
813504
813507
813538
813548
813554
813565
813567
813572
813574
813587
813594
813599
813612
813614
813614
813629
813630
813631
813637
813665
813665
813697
813713
813724
813739
813740
813770
813786
813800
813817
813819
813839
813856
813888
813892
813914
813915
813919
813927
813928
813935
813936
813941
813944
813980
813985
813996
814006
814012
814020
814036
814040
814049
814051
814067
814068
814077
814080
814081
814088
814088
814096
814119
814134
814148
814153
814153
814160
814165
814176
814179
814181
814194
814195
814223
814226
814238
814248
814251
814257
814268
814273
814291
814308
814330
814331
814332
814337
814357
814357
814398
814415
814427
814432
814440
814441
814462
814464
814469
814482
814484
814513
814516
814525
814526
814544
814545
814568
814628
814636
814636
814645
814645
814652
814653
814663
814669
814677
814683
814698
814699
814704
814713
814750
814750
814779
814791
814801
814808
814828
814831
814841
814846
814857
814873
814884
814886
814892
814899
814901
814937
814941
814941
814949
814960
814967
814979
814980
814983
814984
815035
815037
815052
815058
815072
815083
815088
815093
815099
815100
815105
815117
815117
815118
815122
815127
815144
815148
815150
815164
815170
815190
815191
815197
815209
815234
815253
815266
815266
815278
815279
815296
815305
815307
815308
815311
815317
815318
815334
815341
815341
815349
815362
815365
815378
815379
815379
815384
815398
815414
815441
815449
815460
815460
815468
815469
815484
815494
815504
815525
815532
815532
815544
815562
815590
815595
815599
815612
815624
815625
815629
815630
815635
815638
815639
815640
815641
815654
815669
815685
815688
815695
815703
815708
815723
815739
815761
815769
815773
815774
815775
815776
815796
815802
815816
815821
815828
815844
815853
815853
815855
815858
815864
815869
815873
815883
815888
815895
815904
815934
815965
815972
815973
815993
815995
815996
816002
816074
816077
816084
816101
816127
816133
816145
816151
816157
816186
816188
816188
816189
816192
816201
816205
816213
816213
816238
816245
816247
816260
816301
816307
816323
816324
816327
816333
816340
816342
816348
816351
816352
816368
816370
816375
816376
816386
816389
816441
816442
816470
816476
816505
816514
816538
816543
816582
816590
816596
816598
816615
816622
816627
816635
816636
816647
816654
816660
816687
816693
816694
816704
816729
816732
816748
816751
816758
816761
816776
816782
816791
816795
816800
816839
816842
816843
816845
816876
816877
816893
816908
816918
816930
816963
816982
816998
817008
817023
817032
817041
817044
817067
817072
817115
817120
817131
817131
817133
817142
817143
817149
817158
817170
817189
817212
817237
817237
817251
817254
817256
817257
817260
817263
817284
817287
817291
817308
817319
817325
817332
817343
817364
817368
817378
817379
817394
817419
817427
817449
817455
817457
817475
817481
817481
817483
817486
817533
817534
817541
817541
817549
817552
817570
817570
817602
817625
817626
817649
817671
817677
817683
817689
817703
817727
817734
817740
817758
817780
817785
817799
817811
817811
817822
817824
817847
817858
817870
817883
817898
817917
817918
817924
817924
817949
817978
818020
818024
818024
818029
818036
818044
818080
818080
818095
818105
818112
818114
818119
818120
818122
818134
818141
818146
818162
818199
818206
818228
818235
818243
818247
818258
818281
818305
818308
818321
818326
818330
818338
818348
818353
818365
818366
818386
818387
818392
818410
818412
818444
818453
818468
818474
818490
818510
818516
818516
818520
818530
818533
818543
818554
818558
818569
818581
818589
818590
818618
818619
818620
818625
818633
818637
818654
818657
818658
818682
818705
818723
818732
818732
818733
818747
818756
818772
818776
818778
818784
818800
818805
818806
818820
818843
818861
818865
818874
818887
818891
818904
818920
818924
818946
818955
818957
818957
818963
818967
818972
818973
818977
818985
818999
819006
819006
819029
819049
819064
819065
819070
819074
819091
819135
819146
819160
819191
819198
819213
819216
819233
819236
819244
819249
819261
819266
819268
819278
819280
819282
819282
819315
819350
819353
819381
819395
819423
819431
819445
819457
819458
819465
819472
819476
819492
819499
819513
819515
819516
819522
819537
819546
819567
819583
819588
819599
819602
819615
819624
819626
819627
819640
819642
819658
819669
819674
819683
819701
819703
819712
819716
819720
819730
819742
819765
819780
819786
819792
819794
819802
819817
819842
819843
819852
819867
819904
819908
819924
819928
819929
819946
819952
819956
819976
819991
819994
820029
820038
820050
820052
820055
820088
820105
820108
820111
820123
820138
820142
820150
820155
820158
820166
820185
820199
820205
820219
820219
820226
820237
820243
820254
820258
820264
820288
820291
820306
820311
820311
820311
820317
820317
820338
820340
820346
820360
820362
820370
820381
820387
820406
820409
820417
820426
820431
820478
820509
820516
820517
820524
820540
820565
820567
820579
820582
820586
820601
820613
820616
820618
820623
820624
820665
820688
820705
820707
820711
820714
820716
820717
820722
820724
820727
820736
820739
820757
820761
820763
820769
820779
820789
820802
820802
820811
820813
820820
820836
820843
820867
820883
820885
820895
820902
820939
820949
820976
820987
820999
821000
821002
821004
821008
821009
821014
821018
821038
821041
821051
821054
821056
821079
821113
821122
821122
821130
821141
821156
821157
821163
821179
821191
821196
821197
821207
821212
821218
821220
821235
821240
821243
821258
821261
821261
821307
821309
821313
821327
821329
821330
821334
821346
821354
821363
821385
821390
821392
821413
821417
821430
821456
821462
821474
821475
821482
821506
821523
821542
821549
821560
821569
821577
821579
821582
821586
821590
821593
821600
821622
821633
821636
821644
821644
821647
821651
821652
821659
821716
821723
821725
821738
821739
821749
821765
821766
821847
821850
821863
821863
821864
821865
821884
821887
821904
821915
821927
821947
821952
821970
821970
821982
821985
821989
822024
822024
822046
822085
822091
822103
822111
822148
822170
822171
822198
822200
822202
822206
822230
822245
822247
822248
822251
822256
822259
822311
822328
822346
822367
822386
822406
822418
822423
822450
822451
822456
822461
822474
822478
822480
822481
822494
822497
822507
822510
822510
822513
822515
822515
822519
822525
822532
822537
822562
822566
822583
822597
822612
822628
822637
822657
822659
822671
822674
822681
822701
822706
822711
822711
822714
822715
822744
822747
822748
822749
822750
822756
822759
822762
822766
822766
822771
822781
822784
822795
822822
822825
822837
822844
822846
822847
822847
822855
822859
822861
822865
822868
822895
822896
822899
822906
822914
822931
822950
822952
822961
822973
822974
822990
823002
823010
823024
823025
823031
823050
823057
823068
823074
823078
823087
823090
823096
823101
823109
823113
823142
823170
823177
823178
823178
823183
823192
823196
823206
823211
823218
823233
823240
823240
823247
823254
823259
823277
823280
823284
823287
823287
823297
823312
823320
823323
823325
823330
823334
823342
823348
823360
823374
823381
823389
823408
823410
823414
823417
823423
823430
823432
823435
823450
823464
823477
823478
823519
823524
823536
823542
823550
823566
823570
823580
823582
823585
823598
823599
823603
823628
823628
823649
823659
823674
823689
823692
823701
823702
823703
823746
823748
823761
823770
823772
823779
823795
823799
823800
823823
823827
823844
823861
823865
823869
823886
823891
823892
823893
823900
823909
823913
823922
823933
823953
823958
823987
824005
824015
824019
824021
824030
824035
824067
824072
824073
824094
824105
824114
824128
824148
824153
824155
824160
824165
824174
824178
824179
824185
824199
824215
824219
824226
824255
824267
824280
824289
824316
824328
824336
824358
824359
824363
824372
824376
824380
824388
824436
824443
824446
824458
824495
824498
824509
824509
824510
824555
824565
824570
824586
824590
824596
824598
824600
824600
824605
824608
824618
824629
824630
824641
824642
824662
824666
824677
824687
824701
824733
824768
824787
824792
824797
824805
824822
824881
824910
824912
824912
824935
824949
824954
824959
824967
824970
824976
824980
824984
824988
824991
824994
825000
825005
825010
825016
825016
825025
825027
825033
825043
825051
825069
825072
825087
825090
825102
825110
825114
825147
825164
825170
825180
825187
825189
825194
825203
825208
825210
825240
825245
825279
825284
825285
825287
825287
825309
825328
825332
825334
825338
825352
825356
825360
825379
825389
825402
825408
825442
825444
825452
825452
825467
825476
825478
825482
825483
825488
825490
825491
825495
825514
825521
825534
825538
825545
825545
825555
825555
825571
825578
825593
825594
825599
825602
825611
825640
825640
825641
825675
825687
825701
825715
825727
825731
825734
825753
825756
825757
825769
825773
825790
825790
825810
825813
825827
825828
825834
825864
825870
825873
825874
825885
825892
825910
825915
825933
825951
825959
825959
825960
825967
825967
825968
825976
825977
825981
825996
826025
826025
826027
826029
826057
826065
826070
826079
826094
826133
826138
826145
826146
826147
826163
826172
826181
826186
826193
826202
826208
826214
826229
826240
826248
826249
826268
826270
826273
826306
826311
826315
826317
826319
826323
826354
826356
826363
826363
826368
826374
826379
826396
826399
826404
826430
826448
826451
826457
826465
826467
826474
826477
826505
826517
826540
826545
826550
826557
826562
826564
826565
826569
826570
826595
826597
826604
826606
826617
826618
826619
826641
826649
826666
826673
826673
826680
826685
826696
826696
826699
826700
826707
826711
826719
826726
826727
826754
826762
826774
826777
826788
826790
826806
826814
826820
826823
826832
826833
826833
826834
826845
826853
826904
826916
826919
826920
826921
826922
826926
826933
826934
826958
826962
826981
827001
827025
827031
827039
827067
827075
827075
827078
827078
827087
827107
827116
827121
827127
827150
827152
827155
827161
827173
827179
827180
827180
827187
827189
827199
827206
827213
827229
827249
827265
827271
827290
827297
827310
827319
827324
827327
827332
827333
827338
827375
827380
827454
827455
827471
827501
827503
827506
827509
827531
827557
827579
827582
827595
827615
827620
827632
827644
827651
827655
827655
827665
827695
827702
827710
827721
827729
827749
827782
827789
827798
827811
827827
827833
827838
827845
827859
827909
827922
827924
827925
827928
827934
827952
827953
827958
827981
827989
827991
827998
828011
828021
828030
828052
828054
828091
828098
828117
828123
828130
828143
828160
828175
828175
828183
828186
828208
828247
828265
828291
828299
828343
828353
828360
828418
828429
828437
828438
828445
828459
828477
828501
828515
828520
828523
828530
828533
828548
828552
828576
828579
828620
828642
828652
828659
828663
828663
828664
828670
828675
828720
828778
828780
828782
828790
828807
828829
828838
828840
828846
828899
828920
828951
828980
828981
828981
829011
829016
829056
829065
829066
829070
829075
829091
829101
829136
829153
829182
829204
829215
829223
829226
829226
829227
829233
829241
829245
829273
829282
829282
829291
829302
829318
829324
829329
829330
829332
829357
829361
829366
829369
829374
829377
829378
829428
829436
829443
829459
829465
829471
829493
829502
829506
829516
829538
829547
829559
829567
829593
829597
829651
829661
829662
829685
829701
829704
829711
829727
829771
829775
829789
829794
829819
829830
829841
829845
829847
829848
829851
829854
829865
829867
829876
829878
829900
829906
829908
829923
829924
829928
829941
829954
829975
829978
830028
830035
830039
830075
830075
830101
830123
830124
830138
830144
830164
830171
830177
830181
830197
830200
830211
830215
830218
830223
830243
830252
830256
830264
830274
830279
830299
830315
830319
830320
830326
830328
830338
830341
830343
830347
830357
830371
830381
830382
830387
830391
830402
830403
830419
830430
830433
830433
830438
830458
830458
830466
830468
830509
830541
830546
830561
830564
830581
830583
830593
830598
830608
830627
830634
830635
830636
830638
830644
830648
830657
830685
830689
830690
830701
830701
830705
830724
830751
830766
830768
830774
830817
830827
830831
830880
830889
830915
830935
830936
830944
830951
830955
830963
830973
830982
830995
831002
831002
831010
831067
831080
831084
831086
831105
831112
831114
831136
831152
831168
831168
831186
831193
831198
831202
831203
831232
831242
831282
831287
831296
831297
831297
831309
831314
831316
831328
831352
831358
831366
831367
831370
831374
831448
831477
831490
831499
831553
831557
831558
831560
831572
831576
831589
831593
831593
831598
831599
831616
831644
831646
831646
831660
831665
831675
831684
831696
831701
831718
831740
831748
831766
831788
831794
831801
831832
831841
831863
831864
831875
831878
831886
831893
831924
831939
831941
831943
831990
831998
832002
832005
832007
832008
832008
832010
832015
832022
832027
832036
832049
832050
832065
832108
832123
832130
832132
832156
832165
832170
832175
832176
832196
832197
832205
832214
832253
832254
832264
832272
832296
832310
832314
832319
832320
832325
832327
832328
832335
832367
832367
832375
832377
832395
832413
832421
832435
832460
832477
832481
832524
832536
832538
832544
832549
832552
832562
832563
832567
832595
832619
832619
832620
832621
832623
832630
832656
832666
832671
832687
832696
832697
832701
832713
832739
832743
832781
832782
832787
832790
832795
832795
832837
832847
832851
832856
832856
832877
832897
832903
832906
832908
832915
832922
832925
832926
832958
832964
832968
832970
832976
832985
833001
833022
833051
833059
833061
833066
833067
833075
833094
833097
833108
833110
833117
833147
833154
833161
833173
833177
833190
833193
833196
833198
833210
833214
833223
833245
833255
833256
833260
833275
833292
833293
833298
833316
833335
833335
833336
833337
833339
833346
833349
833378
833386
833408
833426
833442
833443
833452
833484
833485
833499
833521
833525
833532
833541
833547
833549
833555
833559
833575
833579
833617
833618
833621
833647
833649
833654
833657
833669
833684
833687
833688
833701
833705
833706
833713
833714
833729
833743
833745
833779
833789
833793
833801
833805
833816
833835
833842
833855
833855
833863
833891
833911
833923
833927
833927
833935
833958
833973
833999
834000
834015
834016
834033
834046
834053
834056
834058
834074
834077
834078
834090
834093
834105
834134
834142
834156
834190
834208
834215
834242
834259
834262
834264
834273
834292
834298
834299
834345
834350
834351
834352
834368
834370
834381
834387
834391
834394
834397
834408
834420
834425
834435
834478
834487
834508
834518
834536
834585
834598
834610
834618
834634
834665
834670
834678
834685
834691
834693
834702
834704
834705
834732
834756
834758
834758
834815
834816
834834
834837
834844
834867
834872
834877
834878
834879
834911
834911
834925
834926
834950
834960
834974
834974
834975
834982
834983
834987
834996
834996
834998
835004
835011
835024
835026
835042
835053
835056
835089
835099
835106
835112
835115
835117
835118
835133
835135
835140
835141
835148
835156
835157
835169
835170
835190
835196
835196
835215
835224
835228
835264
835273
835280
835281
835286
835293
835295
835313
835325
835337
835347
835359
835363
835384
835386
835397
835405
835409
835429
835451
835487
835506
835526
835571
835571
835572
835573
835577
835581
835590
835601
835602
835606
835612
835630
835670
835674
835674
835683
835688
835708
835713
835717
835727
835729
835737
835755
835757
835767
835768
835777
835793
835798
835798
835806
835812
835844
835859
835869
835873
835892
835894
835895
835898
835900
835906
835908
835918
835944
835953
835961
835967
835974
835981
835985
835995
836004
836026
836034
836041
836055
836063
836073
836074
836080
836090
836096
836103
836132
836135
836153
836154
836181
836187
836201
836207
836210
836213
836233
836242
836246
836250
836252
836255
836266
836270
836274
836289
836292
836293
836308
836332
836333
836365
836371
836379
836385
836386
836390
836398
836414
836416
836417
836440
836464
836482
836493
836500
836513
836515
836522
836539
836581
836614
836621
836633
836641
836678
836693
836694
836695
836718
836724
836733
836740
836740
836741
836741
836747
836748
836768
836795
836800
836803
836805
836815
836824
836824
836849
836851
836854
836858
836862
836867
836874
836882
836890
836903
836908
836921
836930
836934
836935
836954
836961
836983
836992
837004
837019
837058
837099
837112
837115
837125
837125
837130
837137
837161
837206
837206
837220
837227
837254
837254
837255
837285
837304
837311
837323
837324
837333
837354
837363
837365
837371
837384
837394
837397
837405
837406
837426
837428
837460
837483
837499
837524
837539
837542
837568
837572
837578
837586
837594
837626
837629
837629
837654
837660
837667
837680
837706
837714
837725
837727
837744
837774
837787
837798
837845
837854
837856
837871
837875
837900
837909
837922
837930
837934
837938
837967
837979
837979
837994
838002
838003
838006
838007
838009
838027
838051
838065
838068
838082
838084
838087
838088
838112
838118
838120
838122
838135
838136
838144
838154
838165
838175
838179
838184
838196
838229
838237
838244
838280
838313
838334
838338
838356
838371
838374
838389
838405
838406
838421
838425
838433
838458
838461
838465
838472
838473
838492
838507
838514
838523
838529
838537
838564
838566
838571
838573
838581
838581
838597
838598
838603
838607
838612
838616
838644
838644
838656
838683
838690
838695
838720
838729
838742
838744
838782
838789
838810
838830
838831
838837
838840
838840
838847
838848
838849
838849
838849
838862
838870
838876
838876
838884
838892
838912
838927
838977
838979
838992
838999
839013
839032
839036
839040
839044
839057
839064
839065
839072
839074
839080
839081
839096
839098
839099
839118
839138
839157
839158
839191
839193
839193
839200
839203
839216
839227
839244
839245
839253
839254
839258
839283
839300
839303
839303
839308
839315
839316
839317
839329
839329
839333
839345
839346
839353
839362
839454
839461
839464
839481
839483
839489
839493
839498
839501
839507
839522
839527
839530
839547
839548
839555
839569
839574
839577
839577
839583
839586
839592
839599
839620
839622
839635
839655
839680
839689
839698
839706
839711
839711
839712
839716
839719
839722
839726
839727
839736
839743
839770
839792
839807
839808
839821
839823
839826
839827
839834
839839
839847
839862
839866
839877
839880
839898
839901
839905
839919
839919
839926
839928
839929
839931
839969
839992
840006
840019
840030
840047
840056
840077
840095
840119
840133
840139
840147
840158
840193
840213
840215
840225
840230
840234
840237
840239
840248
840270
840271
840275
840280
840307
840316
840326
840328
840347
840359
840360
840373
840391
840396
840446
840481
840517
840533
840539
840546
840558
840559
840564
840590
840595
840599
840607
840626
840635
840640
840651
840657
840682
840695
840703
840744
840753
840760
840762
840763
840775
840776
840781
840783
840790
840800
840814
840839
840839
840840
840850
840860
840872
840882
840882
840888
840893
840905
840924
840929
840935
840940
840943
840947
840949
840949
840949
840950
840967
840969
840979
840980
840988
840990
840994
840995
840999
841000
841001
841006
841012
841028
841030
841053
841057
841064
841065
841070
841096
841097
841109
841114
841117
841121
841127
841130
841140
841160
841162
841165
841225
841239
841251
841269
841278
841296
841297
841299
841311
841316
841319
841332
841355
841367
841391
841421
841423
841429
841430
841438
841448
841459
841468
841479
841479
841481
841490
841517
841545
841570
841575
841591
841594
841611
841613
841613
841615
841632
841640
841651
841675
841693
841705
841714
841722
841723
841733
841753
841771
841772
841782
841800
841804
841806
841812
841833
841839
841844
841885
841926
841928
841933
841948
841961
841970
841972
841983
841988
842004
842006
842009
842015
842041
842059
842066
842088
842098
842103
842122
842123
842133
842139
842147
842152
842155
842159
842169
842180
842194
842204
842208
842233
842244
842248
842249
842288
842312
842314
842319
842346
842359
842380
842380
842391
842392
842402
842403
842404
842418
842429
842438
842452
842454
842458
842480
842482
842487
842495
842521
842523
842538
842538
842551
842578
842579
842587
842597
842600
842611
842611
842622
842623
842631
842635
842635
842643
842644
842655
842683
842683
842686
842697
842710
842718
842737
842755
842757
842776
842778
842783
842800
842803
842819
842822
842864
842866
842885
842922
842949
842957
842971
842980
842982
843019
843026
843029
843036
843040
843041
843052
843058
843060
843100
843103
843124
843129
843198
843212
843215
843246
843251
843262
843268
843271
843277
843289
843298
843300
843327
843327
843328
843332
843339
843340
843345
843368
843371
843371
843372
843394
843423
843426
843432
843439
843476
843477
843492
843512
843518
843519
843522
843523
843523
843531
843534
843536
843542
843544
843566
843568
843569
843576
843579
843605
843619
843627
843630
843662
843676
843678
843684
843691
843696
843720
843746
843748
843765
843767
843769
843800
843804
843811
843835
843841
843855
843859
843861
843877
843888
843904
843913
843918
843926
843932
843955
843968
843996
844001
844025
844025
844030
844052
844054
844064
844098
844113
844126
844153
844156
844177
844191
844196
844255
844255
844257
844292
844314
844328
844339
844342
844349
844372
844374
844396
844402
844402
844410
844413
844415
844439
844445
844465
844468
844483
844487
844512
844519
844527
844552
844553
844559
844566
844566
844567
844573
844577
844594
844609
844623
844623
844640
844644
844655
844682
844691
844723
844727
844736
844738
844754
844761
844771
844771
844773
844789
844789
844840
844854
844878
844884
844888
844902
844903
844906
844906
844910
844923
844933
844941
844971
845024
845033
845055
845065
845065
845084
845098
845109
845113
845123
845131
845142
845168
845176
845198
845215
845227
845230
845238
845252
845262
845276
845286
845288
845304
845306
845312
845321
845329
845329
845350
845357
845361
845387
845391
845396
845398
845442
845443
845451
845452
845456
845460
845460
845481
845482
845484
845484
845486
845495
845503
845504
845511
845523
845528
845536
845554
845563
845573
845574
845586
845587
845593
845622
845623
845623
845625
845630
845641
845649
845651
845665
845679
845692
845692
845698
845702
845712
845716
845727
845731
845732
845738
845764
845786
845792
845795
845801
845807
845813
845876
845918
845936
845966
845992
845999
846011
846031
846057
846060
846063
846070
846074
846076
846092
846096
846113
846121
846139
846153
846154
846158
846169
846170
846181
846195
846202
846202
846203
846214
846240
846262
846269
846277
846281
846296
846301
846304
846325
846336
846353
846357
846365
846369
846371
846404
846408
846421
846436
846469
846474
846485
846488
846504
846512
846524
846526
846527
846541
846551
846551
846552
846579
846582
846596
846599
846618
846626
846629
846660
846672
846684
846687
846692
846706
846712
846750
846761
846770
846775
846787
846796
846797
846808
846809
846820
846891
846893
846922
846928
846934
846937
846955
846959
846963
846963
846967
846968
846971
846982
846993
846993
847002
847024
847026
847034
847044
847048
847059
847060
847072
847084
847093
847097
847102
847114
847120
847120
847140
847148
847149
847150
847154
847173
847175
847176
847176
847177
847190
847193
847207
847210
847213
847225
847227
847248
847259
847278
847302
847338
847346
847365
847372
847391
847405
847407
847407
847411
847430
847440
847440
847443
847456
847478
847489
847507
847516
847525
847527
847530
847531
847541
847542
847542
847545
847553
847555
847562
847566
847605
847623
847625
847637
847684
847692
847704
847705
847713
847719
847726
847753
847769
847782
847787
847793
847833
847853
847861
847874
847885
847897
847901
847924
847934
847962
847964
847975
847977
847983
847996
848020
848034
848036
848055
848061
848067
848068
848077
848087
848105
848108
848109
848109
848130
848148
848150
848154
848159
848161
848163
848163
848178
848179
848192
848202
848215
848217
848241
848246
848262
848269
848269
848276
848280
848292
848296
848298
848301
848314
848327
848329
848347
848356
848373
848380
848391
848404
848418
848427
848440
848450
848452
848482
848485
848497
848508
848512
848519
848525
848543
848572
848587
848606
848616
848627
848627
848632
848637
848642
848646
848647
848670
848671
848686
848700
848703
848711
848715
848728
848741
848747
848760
848772
848780
848784
848798
848812
848814
848824
848842
848843
848845
848877
848881
848894
848899
848937
848958
848960
848960
848961
848966
848973
848976
848993
848999
849002
849006
849013
849026
849045
849052
849052
849058
849066
849070
849070
849070
849114
849123
849126
849127
849129
849142
849150
849154
849165
849166
849172
849183
849196
849209
849212
849221
849246
849266
849270
849277
849284
849292
849302
849310
849333
849341
849361
849373
849385
849394
849395
849399
849399
849414
849418
849431
849447
849461
849465
849467
849481
849499
849504
849513
849551
849580
849581
849594
849595
849603
849616
849617
849625
849636
849647
849686
849687
849696
849700
849706
849733
849736
849745
849750
849757
849764
849781
849781
849790
849800
849802
849809
849838
849842
849845
849860
849866
849872
849878
849879
849881
849886
849886
849889
849891
849900
849934
849937
849939
849968
849989
849994
850003
850010
850021
850027
850049
850058
850060
850064
850064
850073
850075
850087
850108
850132
850134
850139
850149
850160
850161
850166
850196
850196
850200
850214
850220
850223
850227
850255
850256
850256
850258
850281
850285
850288
850294
850303
850303
850308
850321
850339
850346
850354
850358
850361
850364
850374
850409
850409
850415
850421
850424
850445
850450
850488
850503
850504
850512
850526
850532
850544
850556
850562
850568
850580
850580
850590
850611
850615
850617
850621
850623
850634
850641
850664
850668
850669
850671
850688
850697
850703
850704
850704
850711
850715
850738
850742
850744
850744
850751
850760
850776
850786
850799
850804
850821
850822
850825
850827
850838
850893
850897
850900
850904
850911
850915
850926
850926
850926
850937
850941
850944
850956
850965
850974
851000
851000
851017
851026
851034
851046
851049
851062
851069
851077
851079
851080
851081
851093
851102
851122
851123
851125
851167
851169
851196
851205
851214
851221
851228
851243
851245
851293
851306
851316
851323
851328
851335
851352
851357
851361
851365
851366
851374
851385
851419
851432
851453
851466
851483
851487
851489
851493
851497
851498
851498
851514
851517
851523
851524
851538
851541
851560
851574
851579
851584
851587
851603
851609
851611
851617
851623
851643
851659
851684
851687
851705
851718
851718
851723
851724
851727
851729
851731
851732
851739
851740
851746
851752
851756
851764
851764
851782
851786
851790
851794
851796
851803
851803
851822
851825
851832
851839
851846
851847
851861
851865
851868
851887
851890
851891
851902
851919
851933
851955
851965
851976
851981
851982
852007
852010
852011
852012
852015
852020
852023
852039
852040
852044
852050
852050
852084
852085
852094
852114
852122
852124
852129
852131
852132
852136
852140
852143
852144
852147
852148
852152
852166
852166
852167
852177
852183
852187
852202
852216
852224
852232
852237
852238
852258
852259
852260
852273
852273
852279
852288
852302
852308
852309
852310
852313
852318
852323
852330
852334
852349
852356
852360
852360
852370
852379
852390
852393
852421
852434
852450
852452
852460
852478
852489
852494
852497
852498
852504
852507
852521
852529
852534
852537
852538
852548
852563
852569
852598
852599
852608
852613
852614
852631
852664
852672
852673
852690
852714
852715
852723
852726
852729
852730
852731
852762
852768
852777
852782
852790
852797
852802
852807
852811
852824
852827
852848
852867
852867
852882
852884
852899
852926
852935
852946
852947
852951
852961
852964
852964
852971
852988
852993
852994
852995
852998
853011
853035
853042
853044
853047
853051
853068
853078
853085
853090
853107
853120
853134
853137
853142
853157
853171
853193
853219
853226
853236
853255
853267
853286
853288
853294
853309
853321
853333
853334
853336
853342
853348
853366
853378
853399
853405
853424
853433
853435
853444
853473
853474
853481
853482
853502
853517
853521
853523
853526
853571
853573
853576
853582
853588
853609
853616
853617
853618
853620
853625
853637
853645
853651
853654
853667
853673
853701
853706
853720
853762
853767
853782
853794
853803
853810
853811
853823
853825
853843
853844
853852
853852
853856
853857
853865
853866
853887
853890
853903
853905
853908
853915
853926
853941
853965
853967
853971
853983
853990
854004
854007
854007
854008
854030
854039
854040
854043
854046
854059
854071
854081
854082
854087
854136
854138
854140
854143
854154
854197
854197
854215
854216
854220
854229
854230
854239
854241
854242
854249
854262
854302
854329
854332
854353
854360
854363
854390
854399
854402
854405
854422
854443
854446
854466
854496
854525
854534
854537
854548
854557
854565
854570
854572
854574
854577
854583
854605
854605
854612
854614
854623
854631
854632
854634
854638
854649
854653
854654
854657
854668
854676
854682
854699
854761
854773
854785
854799
854800
854804
854822
854825
854842
854845
854866
854869
854888
854892
854897
854902
854907
854911
854926
854938
854953
854959
854965
854966
854972
854982
854990
855014
855018
855019
855022
855025
855032
855046
855047
855051
855064
855095
855098
855101
855101
855130
855146
855153
855155
855155
855161
855162
855173
855192
855212
855261
855278
855281
855286
855306
855307
855321
855326
855331
855332
855344
855366
855373
855379
855385
855394
855394
855402
855402
855418
855446
855449
855451
855459
855468
855486
855490
855518
855531
855539
855559
855573
855574
855577
855593
855607
855632
855660
855670
855675
855680
855687
855700
855717
855721
855722
855732
855735
855738
855739
855755
855757
855760
855764
855785
855794
855807
855818
855819
855829
855831
855836
855870
855876
855889
855898
855903
855913
855915
855924
855926
855929
855963
855973
855979
855988
855991
856033
856033
856072
856078
856083
856090
856112
856116
856116
856146
856152
856159
856168
856218
856232
856241
856242
856242
856246
856248
856254
856284
856302
856304
856315
856317
856317
856327
856333
856340
856350
856356
856362
856385
856390
856390
856399
856451
856457
856480
856513
856539
856549
856555
856565
856573
856575
856588
856590
856592
856608
856620
856636
856636
856655
856657
856669
856675
856680
856684
856713
856723
856728
856728
856737
856749
856752
856768
856786
856786
856817
856829
856832
856834
856836
856857
856869
856878
856895
856930
856932
856935
856935
856956
856958
856976
856984
856996
857019
857029
857029
857045
857059
857059
857062
857063
857075
857078
857088
857090
857092
857106
857109
857132
857137
857147
857148
857149
857166
857171
857184
857197
857198
857206
857206
857208
857208
857210
857216
857252
857252
857257
857259
857262
857262
857283
857291
857307
857335
857342
857346
857348
857362
857367
857380
857383
857389
857393
857395
857395
857410
857413
857426
857435
857445
857450
857450
857452
857455
857458
857458
857459
857459
857470
857478
857509
857526
857544
857565
857584
857587
857592
857596
857605
857608
857622
857626
857648
857654
857655
857669
857673
857678
857689
857702
857736
857743
857758
857783
857790
857792
857797
857811
857858
857892
857901
857914
857918
857965
857980
857985
858003
858007
858022
858027
858031
858061
858062
858066
858076
858080
858081
858089
858101
858117
858127
858135
858144
858151
858151
858154
858156
858176
858177
858180
858187
858192
858200
858216
858218
858234
858247
858251
858255
858266
858269
858277
858286
858307
858329
858333
858336
858348
858366
858375
858410
858413
858425
858430
858430
858447
858470
858502
858508
858522
858522
858537
858557
858563
858566
858571
858576
858577
858582
858586
858596
858599
858603
858612
858623
858632
858639
858656
858659
858673
858682
858682
858682
858716
858718
858721
858723
858749
858757
858778
858779
858783
858785
858791
858802
858836
858843
858848
858864
858888
858914
858915
858928
858936
858960
858968
858985
858986
858991
858994
858997
859014
859016
859017
859024
859059
859065
859068
859077
859083
859085
859092
859099
859110
859118
859148
859156
859158
859166
859171
859196
859217
859222
859237
859242
859249
859254
859256
859262
859276
859281
859303
859316
859318
859330
859337
859345
859359
859372
859372
859384
859391
859394
859407
859425
859438
859449
859453
859475
859487
859488
859504
859518
859522
859524
859537
859553
859558
859559
859567
859578
859585
859589
859606
859615
859620
859634
859644
859647
859655
859667
859674
859677
859678
859683
859690
859698
859699
859723
859726
859730
859739
859741
859742
859748
859751
859758
859819
859839
859842
859861
859891
859893
859935
859957
859960
859966
859970
859971
859978
859994
860005
860007
860024
860030
860035
860041
860041
860045
860048
860055
860069
860084
860089
860090
860092
860106
860126
860150
860157
860157
860178
860181
860202
860220
860245
860269
860270
860276
860281
860286
860287
860290
860294
860309
860318
860336
860337
860339
860342
860344
860348
860353
860362
860364
860367
860389
860408
860420
860425
860444
860461
860462
860476
860492
860518
860519
860531
860538
860541
860572
860573
860597
860599
860600
860600
860604
860607
860629
860668
860671
860673
860700
860711
860726
860751
860759
860780
860789
860793
860794
860794
860797
860806
860810
860818
860824
860837
860839
860841
860841
860851
860855
860858
860869
860871
860881
860895
860898
860900
860903
860929
860972
860996
861004
861012
861023
861036
861047
861048
861066
861069
861101
861101
861102
861103
861109
861113
861135
861138
861142
861142
861154
861167
861172
861183
861186
861188
861193
861213
861226
861227
861253
861259
861260
861283
861283
861290
861302
861309
861315
861319
861322
861326
861361
861370
861374
861378
861381
861392
861394
861411
861415
861417
861419
861448
861457
861468
861474
861494
861503
861507
861508
861512
861540
861544
861549
861557
861566
861575
861585
861614
861614
861626
861639
861669
861679
861692
861697
861701
861715
861718
861719
861719
861747
861752
861754
861759
861766
861768
861770
861785
861787
861795
861808
861833
861849
861856
861857
861866
861897
861909
861916
861923
861928
861929
861929
861933
861935
861953
861967
861981
861988
861989
862006
862010
862016
862028
862034
862037
862037
862051
862064
862071
862073
862087
862104
862157
862164
862170
862200
862210
862225
862227
862244
862261
862264
862265
862267
862285
862285
862312
862313
862328
862335
862356
862361
862383
862402
862427
862428
862429
862442
862462
862471
862478
862482
862489
862491
862499
862518
862526
862529
862531
862562
862571
862581
862618
862620
862629
862633
862640
862641
862642
862691
862697
862713
862728
862737
862738
862756
862761
862772
862773
862778
862786
862792
862798
862799
862809
862820
862823
862857
862862
862886
862892
862892
862900
862911
862936
862940
862941
862945
862962
862963
862965
862977
862983
862989
863005
863024
863025
863039
863046
863058
863058
863079
863109
863118
863120
863137
863140
863141
863150
863166
863202
863204
863205
863206
863213
863237
863241
863242
863250
863260
863297
863297
863303
863314
863318
863320
863329
863336
863345
863346
863357
863369
863379
863385
863395
863424
863425
863426
863441
863457
863459
863466
863493
863495
863519
863529
863550
863562
863568
863571
863580
863582
863582
863589
863590
863601
863616
863624
863634
863636
863671
863673
863677
863690
863698
863699
863710
863723
863737
863751
863759
863783
863805
863807
863808
863825
863839
863849
863856
863859
863861
863866
863872
863887
863897
863902
863911
863912
863918
863939
863950
863956
863962
863969
863970
863984
864014
864025
864045
864057
864057
864063
864072
864075
864089
864100
864103
864104
864120
864125
864128
864147
864158
864164
864165
864168
864176
864184
864198
864200
864202
864223
864225
864231
864233
864236
864242
864255
864271
864273
864274
864281
864308
864313
864322
864326
864344
864348
864352
864361
864371
864390
864396
864404
864404
864410
864414
864421
864435
864445
864449
864451
864471
864477
864495
864502
864527
864534
864545
864549
864555
864560
864582
864588
864588
864591
864602
864613
864624
864626
864631
864641
864678
864688
864697
864699
864699
864719
864726
864728
864747
864760
864762
864768
864780
864784
864788
864801
864806
864814
864826
864832
864836
864839
864857
864907
864909
864915
864923
864924
864937
864943
864948
864950
864952
865008
865061
865072
865077
865081
865094
865097
865110
865144
865158
865185
865199
865223
865246
865249
865252
865252
865256
865263
865271
865281
865300
865302
865352
865363
865377
865390
865395
865402
865429
865432
865444
865445
865450
865459
865471
865497
865498
865498
865529
865553
865596
865601
865602
865604
865606
865607
865607
865623
865628
865631
865640
865641
865662
865664
865675
865702
865714
865726
865727
865739
865750
865758
865805
865844
865852
865859
865862
865868
865876
865884
865885
865895
865923
865934
865939
865970
865993
865999
866002
866002
866008
866014
866016
866028
866033
866041
866041
866055
866092
866108
866140
866143
866175
866189
866198
866224
866227
866261
866279
866283
866287
866306
866325
866337
866345
866350
866364
866377
866383
866390
866399
866401
866410
866415
866416
866420
866434
866436
866440
866457
866500
866502
866507
866530
866537
866545
866567
866569
866577
866581
866586
866594
866594
866609
866615
866621
866623
866666
866667
866685
866686
866696
866722
866734
866738
866749
866750
866758
866765
866767
866770
866779
866792
866806
866821
866822
866822
866823
866835
866838
866844
866845
866852
866856
866881
866889
866903
866919
866928
866964
866965
866973
866977
866987
866993
867000
867002
867012
867012
867020
867061
867073
867096
867101
867110
867113
867116
867117
867118
867118
867118
867124
867127
867136
867149
867181
867186
867187
867203
867210
867233
867249
867260
867261
867272
867274
867277
867279
867297
867299
867307
867308
867313
867316
867326
867328
867343
867362
867370
867374
867385
867444
867447
867453
867472
867473
867502
867511
867517
867522
867523
867534
867546
867550
867553
867580
867584
867588
867594
867594
867596
867598
867600
867605
867606
867609
867625
867625
867627
867645
867661
867663
867666
867668
867671
867692
867697
867701
867714
867721
867730
867741
867741
867746
867747
867757
867772
867805
867809
867810
867813
867819
867826
867827
867830
867831
867841
867882
867898
867907
867909
867922
867941
867942
867954
867956
867967
867992
868007
868018
868030
868048
868059
868071
868075
868078
868089
868105
868109
868119
868137
868137
868138
868138
868151
868184
868202
868202
868211
868223
868229
868247
868256
868260
868265
868320
868321
868336
868350
868356
868360
868360
868369
868391
868408
868409
868415
868424
868435
868437
868443
868463
868465
868467
868473
868476
868485
868506
868522
868524
868527
868529
868567
868568
868570
868578
868585
868590
868591
868598
868607
868627
868639
868651
868653
868655
868670
868678
868682
868685
868687
868693
868698
868713
868723
868730
868735
868742
868769
868770
868773
868813
868818
868821
868853
868854
868864
868920
868921
868932
868961
868970
868975
868987
868994
869004
869051
869052
869062
869071
869073
869076
869079
869083
869085
869108
869116
869118
869126
869132
869141
869146
869155
869169
869209
869217
869226
869234
869236
869238
869238
869315
869343
869384
869411
869420
869439
869459
869476
869479
869487
869487
869502
869509
869513
869515
869538
869541
869549
869565
869576
869584
869586
869586
869587
869599
869604
869607
869609
869625
869629
869636
869646
869650
869656
869661
869677
869698
869720
869725
869753
869755
869763
869765
869770
869773
869785
869789
869793
869807
869825
869828
869858
869862
869869
869871
869876
869889
869894
869901
869904
869909
869910
869914
869930
869933
869939
869954
869958
869961
869968
869990
869995
869995
870006
870010
870015
870045
870075
870076
870088
870088
870089
870090
870112
870133
870142
870154
870158
870168
870169
870183
870222
870231
870232
870241
870246
870290
870291
870298
870327
870329
870332
870335
870353
870357
870362
870367
870372
870372
870406
870406
870409
870428
870442
870447
870458
870459
870470
870486
870492
870504
870509
870536
870548
870553
870567
870570
870571
870577
870592
870606
870619
870636
870637
870648
870649
870650
870651
870652
870662
870671
870675
870688
870710
870718
870720
870732
870738
870738
870744
870746
870748
870761
870766
870774
870803
870810
870814
870828
870847
870851
870853
870864
870870
870880
870880
870882
870884
870892
870902
870918
870919
870937
870956
870958
870959
870969
870979
870980
870986
870999
871026
871085
871089
871091
871103
871122
871127
871129
871141
871153
871167
871168
871168
871221
871226
871237
871241
871248
871250
871251
871258
871258
871269
871271
871277
871280
871288
871289
871292
871293
871298
871340
871343
871353
871370
871401
871410
871410
871412
871421
871436
871441
871469
871515
871532
871538
871540
871542
871546
871565
871567
871584
871588
871590
871593
871598
871623
871639
871656
871658
871659
871663
871693
871695
871702
871762
871771
871804
871808
871819
871831
871834
871849
871870
871883
871890
871890
871892
871903
871908
871936
871940
871941
871955
871962
871962
871994
872007
872014
872019
872027
872038
872039
872040
872046
872053
872053
872055
872066
872067
872089
872098
872104
872129
872134
872143
872149
872162
872170
872187
872191
872194
872209
872225
872226
872236
872258
872277
872293
872297
872307
872329
872350
872350
872359
872363
872370
872370
872377
872380
872397
872421
872424
872428
872430
872430
872435
872437
872446
872458
872460
872504
872514
872531
872539
872547
872551
872563
872597
872600
872618
872625
872634
872645
872647
872656
872660
872691
872696
872707
872708
872710
872710
872719
872765
872768
872785
872799
872802
872808
872812
872817
872819
872824
872827
872828
872850
872850
872851
872855
872857
872878
872901
872906
872921
872953
872976
872981
873019
873036
873054
873058
873081
873083
873087
873094
873103
873106
873131
873133
873136
873149
873157
873160
873164
873172
873180
873191
873218
873219
873220
873232
873241
873241
873244
873245
873252
873255
873262
873265
873296
873298
873299
873311
873329
873338
873348
873349
873361
873390
873399
873424
873438
873450
873456
873459
873466
873484
873495
873499
873502
873535
873552
873555
873560
873560
873564
873579
873589
873589
873591
873591
873592
873617
873624
873651
873651
873655
873678
873689
873689
873735
873737
873740
873750
873753
873765
873766
873766
873770
873774
873780
873780
873784
873791
873794
873813
873831
873832
873836
873858
873900
873910
873919
873919
873930
873933
873933
873937
873942
873951
873970
873973
873998
874020
874028
874049
874051
874061
874063
874076
874080
874081
874083
874085
874095
874107
874110
874114
874118
874120
874123
874129
874143
874147
874152
874155
874167
874172
874199
874206
874209
874216
874219
874239
874244
874258
874267
874269
874271
874276
874298
874328
874330
874341
874343
874344
874348
874350
874354
874359
874360
874361
874392
874395
874404
874409
874422
874431
874432
874434
874452
874456
874458
874467
874474
874483
874495
874497
874502
874526
874552
874557
874572
874582
874583
874586
874592
874596
874598
874623
874623
874630
874639
874646
874656
874656
874659
874683
874684
874686
874690
874697
874698
874705
874706
874707
874718
874722
874726
874728
874768
874775
874775
874813
874814
874823
874840
874862
874871
874871
874883
874885
874897
874902
874902
874906
874938
874961
874965
874980
874989
874998
875004
875006
875025
875025
875031
875055
875065
875069
875082
875084
875086
875090
875099
875148
875159
875188
875193
875194
875195
875196
875199
875199
875207
875210
875217
875219
875232
875235
875240
875256
875257
875258
875264
875269
875285
875302
875303
875305
875321
875322
875326
875346
875353
875358
875367
875393
875397
875399
875415
875415
875420
875436
875443
875446
875449
875473
875485
875502
875511
875513
875513
875516
875524
875535
875539
875597
875600
875617
875626
875629
875651
875656
875657
875661
875666
875670
875687
875700
875702
875706
875711
875725
875751
875751
875756
875760
875774
875807
875841
875869
875871
875893
875897
875907
875928
875936
875936
875944
875963
875965
875969
875976
875985
876017
876030
876041
876069
876071
876097
876109
876129
876156
876157
876169
876170
876173
876208
876210
876230
876235
876251
876258
876263
876272
876277
876280
876281
876287
876301
876318
876324
876331
876335
876360
876367
876375
876385
876396
876398
876413
876417
876456
876462
876464
876465
876472
876473
876484
876487
876488
876502
876503
876513
876519
876524
876529
876542
876546
876550
876554
876559
876564
876571
876589
876595
876597
876598
876620
876624
876631
876632
876637
876674
876676
876679
876680
876700
876718
876720
876734
876740
876759
876759
876771
876772
876773
876781
876790
876797
876807
876809
876815
876817
876817
876821
876834
876848
876850
876874
876877
876926
876928
876931
876945
876953
876959
877013
877024
877047
877052
877067
877068
877078
877080
877084
877116
877125
877128
877148
877153
877160
877165
877180
877184
877209
877220
877228
877239
877242
877254
877278
877283
877323
877329
877346
877351
877357
877364
877365
877375
877378
877380
877395
877410
877435
877467
877481
877483
877485
877488
877504
877509
877511
877511
877516
877521
877525
877540
877542
877544
877548
877563
877564
877566
877568
877568
877573
877574
877588
877604
877618
877622
877631
877637
877639
877649
877653
877660
877663
877705
877708
877718
877727
877732
877738
877742
877748
877751
877773
877795
877796
877799
877801
877812
877823
877833
877843
877848
877859
877867
877878
877889
877895
877900
877901
877903
877912
877912
877928
877932
877940
877946
877956
877968
877972
877977
877991
877993
878017
878021
878042
878059
878062
878067
878080
878080
878088
878104
878106
878110
878113
878133
878135
878140
878180
878199
878208
878241
878246
878248
878250
878254
878259
878260
878266
878314
878343
878365
878377
878386
878389
878406
878406
878408
878415
878422
878431
878432
878435
878473
878488
878502
878505
878505
878507
878514
878514
878518
878522
878529
878535
878536
878561
878572
878581
878582
878587
878594
878619
878634
878643
878646
878656
878681
878683
878684
878693
878705
878711
878717
878730
878762
878764
878778
878780
878783
878784
878811
878831
878843
878844
878874
878883
878899
878907
878951
878953
878954
878980
878982
878982
878988
878988
878994
879001
879023
879032
879042
879067
879093
879099
879114
879125
879125
879136
879142
879155
879164
879168
879175
879176
879191
879195
879201
879208
879212
879219
879223
879225
879226
879227
879241
879242
879243
879253
879254
879280
879300
879306
879316
879325
879327
879335
879339
879346
879348
879379
879404
879408
879444
879450
879456
879483
879484
879499
879522
879527
879534
879556
879558
879560
879565
879575
879577
879580
879584
879586
879589
879589
879594
879599
879603
879605
879626
879638
879653
879662
879679
879680
879683
879689
879701
879728
879739
879760
879772
879773
879808
879841
879842
879844
879874
879881
879890
879894
879897
879907
879917
879929
879935
879938
879939
879943
879947
879949
879960
879969
879972
879981
879988
880007
880026
880037
880040
880042
880043
880056
880070
880074
880082
880084
880112
880118
880129
880157
880168
880168
880200
880209
880219
880224
880236
880241
880252
880253
880272
880276
880280
880282
880301
880301
880318
880320
880326
880328
880343
880350
880357
880379
880380
880382
880383
880384
880387
880394
880429
880446
880460
880469
880479
880492
880493
880497
880511
880512
880565
880567
880584
880586
880611
880613
880619
880627
880629
880647
880664
880682
880693
880726
880729
880736
880740
880760
880773
880779
880797
880836
880844
880854
880858
880864
880867
880875
880880
880882
880917
880917
880938
880947
880958
880964
880966
880987
880989
881002
881008
881032
881047
881051
881110
881112
881121
881122
881149
881164
881185
881192
881197
881207
881216
881225
881266
881290
881304
881313
881319
881329
881336
881343
881368
881391
881394
881400
881409
881416
881431
881437
881438
881439
881447
881448
881462
881479
881500
881508
881518
881531
881536
881575
881582
881582
881591
881601
881608
881619
881644
881646
881670
881673
881686
881713
881725
881735
881738
881761
881770
881774
881776
881811
881812
881854
881866
881867
881875
881879
881893
881911
881911
881916
881924
881943
881962
881981
881990
881990
882023
882029
882030
882034
882035
882058
882070
882077
882082
882088
882092
882098
882103
882114
882122
882122
882123
882123
882154
882158
882165
882173
882174
882183
882184
882187
882193
882216
882220
882234
882253
882256
882258
882264
882270
882289
882292
882292
882304
882307
882316
882331
882332
882334
882337
882351
882352
882354
882363
882370
882385
882385
882408
882422
882424
882432
882437
882440
882452
882452
882452
882452
882456
882465
882494
882502
882504
882529
882547
882548
882554
882554
882557
882558
882567
882570
882570
882584
882594
882630
882652
882664
882666
882674
882675
882691
882704
882728
882747
882757
882772
882779
882784
882789
882794
882801
882803
882826
882835
882835
882840
882854
882855
882857
882862
882869
882872
882909
882910
882912
882926
882932
882934
882942
882953
882954
882964
882967
882968
882977
882977
883001
883051
883062
883065
883083
883085
883087
883094
883100
883111
883112
883118
883134
883150
883187
883190
883202
883266
883273
883275
883282
883283
883306
883318
883323
883353
883359
883375
883384
883388
883410
883411
883429
883458
883462
883490
883495
883510
883524
883527
883527
883531
883537
883539
883568
883576
883586
883600
883604
883611
883611
883612
883645
883662
883664
883672
883684
883706
883708
883727
883730
883732
883738
883755
883756
883757
883757
883761
883767
883773
883777
883810
883813
883814
883815
883816
883825
883830
883871
883874
883884
883895
883904
883906
883913
883938
883943
883946
883962
883968
883981
883999
884017
884028
884052
884065
884066
884069
884090
884091
884094
884097
884102
884113
884117
884118
884121
884138
884140
884141
884164
884187
884190
884192
884196
884245
884261
884273
884288
884306
884307
884309
884315
884327
884355
884373
884384
884398
884409
884418
884465
884470
884479
884481
884484
884488
884492
884493
884494
884497
884504
884506
884530
884536
884544
884549
884561
884571
884573
884586
884617
884617
884634
884646
884647
884658
884660
884662
884668
884683
884693
884694
884696
884710
884713
884728
884732
884739
884743
884755
884761
884804
884805
884814
884817
884818
884823
884826
884836
884840
884846
884850
884888
884890
884891
884897
884898
884900
884931
884933
884946
884950
884974
884989
884995
885004
885023
885029
885037
885039
885050
885054
885055
885063
885067
885069
885085
885114
885115
885120
885120
885139
885171
885196
885236
885249
885260
885311
885320
885331
885331
885334
885336
885343
885357
885363
885364
885370
885377
885380
885391
885400
885419
885420
885423
885428
885430
885455
885465
885467
885472
885493
885506
885517
885530
885558
885562
885568
885583
885588
885599
885608
885623
885623
885624
885636
885638
885648
885653
885660
885673
885675
885691
885692
885707
885710
885710
885722
885730
885731
885731
885734
885760
885767
885771
885782
885792
885793
885804
885830
885838
885842
885863
885876
885883
885904
885912
885917
885922
885924
885927
885934
885944
885970
885979
885981
885988
885988
886018
886019
886020
886022
886022
886024
886050
886058
886095
886119
886146
886181
886193
886193
886213
886221
886236
886243
886252
886255
886268
886269
886278
886281
886306
886307
886317
886323
886324
886325
886351
886369
886385
886398
886403
886415
886420
886423
886448
886450
886464
886469
886477
886478
886483
886489
886513
886519
886534
886564
886587
886606
886616
886625
886626
886654
886665
886674
886702
886704
886714
886719
886722
886735
886735
886744
886758
886759
886770
886772
886773
886776
886777
886782
886785
886802
886811
886839
886846
886850
886859
886862
886874
886882
886893
886907
886948
886954
886964
886976
886982
886986
887007
887014
887026
887026
887036
887046
887048
887053
887060
887078
887096
887101
887107
887144
887144
887156
887174
887196
887203
887218
887260
887268
887278
887291
887291
887330
887348
887385
887405
887406
887414
887415
887416
887416
887416
887427
887428
887431
887442
887443
887452
887477
887493
887495
887499
887499
887507
887511
887513
887515
887518
887524
887548
887570
887575
887576
887586
887591
887595
887598
887613
887641
887651
887653
887664
887666
887681
887685
887685
887717
887726
887738
887766
887773
887779
887780
887780
887797
887800
887808
887808
887815
887837
887837
887849
887922
887936
887951
887974
887982
887983
887986
887999
888006
888011
888019
888032
888037
888040
888053
888059
888064
888073
888073
888102
888126
888165
888182
888210
888242
888250
888270
888282
888283
888284
888300
888310
888314
888316
888320
888320
888330
888333
888334
888335
888363
888370
888397
888399
888402
888417
888418
888420
888433
888449
888467
888468
888473
888489
888502
888504
888549
888549
888549
888551
888553
888565
888577
888579
888588
888605
888618
888633
888645
888661
888678
888682
888694
888697
888702
888708
888713
888720
888753
888770
888775
888776
888789
888793
888817
888825
888835
888836
888837
888840
888844
888847
888896
888899
888904
888904
888939
888942
888947
888956
888969
888999
889005
889012
889012
889024
889026
889046
889057
889079
889084
889100
889102
889112
889112
889121
889137
889141
889144
889149
889154
889162
889165
889167
889170
889211
889214
889246
889248
889276
889295
889321
889329
889333
889373
889382
889401
889406
889408
889408
889448
889449
889470
889482
889486
889495
889497
889512
889529
889541
889565
889576
889584
889589
889591
889592
889596
889609
889610
889613
889634
889644
889649
889649
889679
889721
889725
889733
889737
889752
889754
889761
889779
889779
889781
889787
889792
889796
889802
889826
889836
889837
889863
889864
889871
889875
889882
889894
889900
889900
889915
889923
889931
889940
889944
889959
889965
889976
889976
889982
889997
890000
890003
890004
890006
890038
890051
890060
890068
890068
890069
890083
890084
890109
890116
890116
890116
890123
890134
890147
890156
890175
890184
890188
890197
890211
890215
890227
890240
890241
890242
890251
890253
890261
890271
890283
890295
890296
890310
890320
890320
890324
890331
890334
890335
890339
890378
890381
890382
890407
890409
890409
890412
890421
890456
890458
890470
890475
890476
890488
890495
890522
890527
890529
890555
890561
890583
890601
890608
890613
890615
890625
890630
890658
890658
890671
890673
890690
890703
890708
890724
890728
890737
890738
890743
890752
890796
890796
890827
890840
890871
890880
890891
890894
890915
890920
890922
890922
890938
890963
890963
891005
891016
891039
891053
891054
891066
891089
891094
891094
891099
891113
891127
891138
891146
891156
891163
891177
891204
891239
891278
891279
891281
891287
891288
891296
891302
891355
891369
891383
891389
891393
891395
891407
891407
891415
891418
891432
891434
891436
891441
891445
891449
891496
891499
891509
891516
891537
891544
891551
891564
891566
891582
891587
891593
891608
891617
891626
891629
891631
891641
891650
891652
891653
891666
891678
891691
891694
891703
891706
891708
891720
891734
891757
891759
891767
891777
891781
891800
891827
891869
891882
891885
891902
891904
891906
891912
891920
891937
891956
891974
891981
891994
892008
892009
892019
892039
892050
892069
892070
892081
892090
892098
892099
892122
892134
892141
892145
892147
892148
892150
892171
892178
892190
892200
892258
892301
892313
892314
892324
892332
892338
892339
892340
892341
892351
892352
892357
892358
892365
892401
892402
892403
892423
892438
892450
892453
892457
892468
892495
892501
892503
892509
892527
892532
892544
892544
892560
892567
892569
892572
892580
892582
892598
892608
892618
892631
892636
892639
892649
892672
892681
892709
892731
892742
892757
892761
892763
892768
892796
892810
892810
892812
892813
892819
892825
892839
892862
892865
892866
892869
892876
892879
892882
892884
892887
892891
892901
892903
892914
892936
892940
892962
892980
892993
892995
892996
892997
892999
893000
893007
893030
893040
893044
893061
893063
893080
893080
893081
893101
893121
893123
893132
893144
893152
893173
893173
893196
893210
893225
893236
893241
893265
893268
893300
893301
893311
893335
893349
893358
893365
893370
893376
893386
893396
893428
893428
893435
893441
893453
893464
893470
893479
893489
893498
893500
893505
893523
893546
893550
893550
893563
893564
893570
893575
893576
893579
893587
893590
893591
893605
893614
893618
893622
893632
893645
893646
893647
893658
893701
893702
893733
893756
893756
893758
893759
893763
893770
893789
893791
893796
893811
893830
893834
893841
893847
893868
893915
893922
893931
893934
893957
893960
893968
893976
893978
893989
894013
894015
894023
894027
894037
894054
894066
894081
894082
894082
894082
894093
894095
894098
894099
894118
894122
894124
894128
894129
894134
894138
894148
894149
894154
894161
894187
894188
894189
894192
894204
894210
894213
894216
894223
894224
894231
894232
894239
894248
894254
894260
894276
894290
894306
894308
894309
894310
894313
894326
894342
894343
894352
894353
894367
894374
894377
894382
894384
894396
894396
894400
894431
894432
894446
894465
894489
894495
894498
894514
894533
894552
894590
894592
894598
894612
894627
894631
894637
894647
894651
894700
894702
894708
894723
894732
894738
894738
894769
894771
894781
894795
894798
894802
894805
894809
894829
894833
894835
894835
894845
894847
894858
894859
894863
894890
894892
894892
894897
894907
894908
894912
894913
894945
894963
894966
894975
894980
894981
894984
894989
894990
895021
895022
895029
895038
895040
895048
895053
895066
895071
895072
895094
895099
895114
895130
895151
895162
895164
895169
895172
895178
895180
895182
895182
895187
895192
895201
895216
895216
895229
895233
895261
895264
895266
895267
895277
895295
895316
895336
895339
895340
895341
895347
895351
895367
895372
895376
895379
895382
895419
895426
895433
895452
895455
895457
895464
895517
895527
895528
895530
895536
895553
895561
895566
895570
895572
895591
895593
895598
895602
895607
895612
895615
895624
895636
895637
895644
895644
895657
895666
895670
895678
895689
895693
895702
895722
895733
895741
895745
895750
895756
895757
895788
895793
895807
895809
895811
895814
895817
895821
895828
895850
895853
895854
895859
895883
895886
895908
895916
895917
895920
895923
895937
895956
895957
895969
895981
895987
895988
895991
896004
896005
896005
896029
896033
896037
896039
896046
896061
896074
896080
896094
896103
896136
896152
896160
896168
896168
896190
896190
896207
896214
896216
896219
896224
896236
896240
896245
896263
896294
896302
896322
896327
896357
896361
896375
896385
896389
896389
896391
896391
896393
896399
896415
896426
896430
896434
896434
896438
896441
896441
896447
896453
896462
896474
896476
896496
896505
896511
896515
896515
896523
896536
896536
896546
896552
896571
896574
896584
896585
896589
896603
896609
896613
896630
896630
896638
896669
896676
896679
896681
896681
896682
896693
896702
896704
896709
896715
896728
896740
896748
896781
896788
896791
896798
896805
896814
896818
896819
896839
896841
896849
896868
896881
896908
896908
896918
896932
896932
896946
896972
897001
897001
897018
897021
897041
897055
897055
897064
897067
897073
897079
897087
897097
897114
897114
897120
897120
897131
897133
897150
897153
897158
897169
897178
897219
897224
897244
897256
897259
897266
897286
897293
897301
897308
897324
897344
897349
897360
897363
897370
897383
897389
897392
897406
897408
897410
897424
897426
897437
897443
897443
897454
897455
897460
897502
897505
897514
897514
897517
897526
897550
897576
897583
897593
897619
897622
897627
897632
897635
897637
897642
897657
897659
897664
897679
897683
897709
897716
897742
897743
897744
897759
897773
897780
897782
897788
897790
897804
897824
897824
897827
897834
897858
897871
897890
897891
897896
897899
897901
897913
897926
897947
897955
897984
897987
897991
898007
898009
898062
898083
898093
898099
898117
898134
898144
898148
898149
898160
898175
898186
898203
898218
898223
898224
898230
898244
898246
898248
898252
898261
898269
898271
898285
898290
898295
898297
898306
898331
898344
898346
898354
898364
898365
898377
898392
898396
898400
898406
898411
898412
898438
898440
898444
898456
898466
898493
898494
898503
898505
898510
898534
898546
898548
898551
898555
898557
898576
898579
898588
898612
898620
898626
898641
898651
898680
898684
898687
898718
898722
898725
898734
898746
898753
898762
898767
898775
898790
898838
898848
898858
898860
898869
898902
898909
898925
898926
898927
898935
898944
898951
898955
898957
898963
898964
898966
898968
898970
898981
898987
899017
899034
899037
899040
899065
899092
899105
899105
899105
899122
899125
899133
899136
899137
899142
899151
899173
899173
899182
899186
899194
899198
899199
899202
899213
899217
899225
899240
899254
899255
899277
899294
899297
899308
899343
899356
899378
899388
899391
899394
899395
899396
899404
899406
899422
899437
899453
899454
899458
899464
899468
899483
899491
899503
899515
899553
899555
899571
899589
899603
899609
899644
899655
899671
899673
899678
899697
899702
899710
899732
899735
899746
899752
899754
899771
899788
899809
899826
899841
899863
899864
899866
899868
899894
899903
899909
899915
899942
899944
899957
899961
899968
899982
899995
900000
900001
900015
900020
900043
900045
900063
900072
900077
900102
900105
900115
900133
900138
900139
900140
900143
900145
900147
900150
900160
900184
900187
900189
900194
900204
900216
900216
900251
900276
900286
900294
900296
900296
900312
900322
900324
900333
900334
900335
900368
900387
900400
900401
900402
900431
900437
900439
900459
900483
900491
900503
900516
900538
900539
900541
900556
900559
900566
900570
900573
900583
900591
900591
900601
900619
900622
900632
900637
900647
900662
900683
900692
900723
900731
900732
900735
900736
900740
900755
900764
900765
900773
900777
900813
900816
900818
900819
900831
900833
900834
900872
900884
900888
900889
900892
900913
900956
900960
900964
900986
901002
901033
901044
901056
901058
901102
901105
901108
901139
901149
901160
901191
901192
901207
901213
901219
901232
901236
901241
901253
901254
901257
901266
901269
901273
901273
901279
901317
901321
901330
901338
901363
901371
901376
901384
901386
901396
901415
901428
901433
901464
901487
901500
901502
901512
901514
901518
901529
901534
901542
901554
901557
901564
901571
901579
901581
901595
901633
901638
901648
901652
901652
901677
901683
901711
901713
901730
901741
901742
901742
901752
901756
901761
901770
901787
901807
901821
901830
901831
901849
901859
901862
901864
901871
901877
901891
901901
901908
901914
901928
901938
901951
901954
901965
901979
901982
901989
901992
902013
902021
902022
902034
902040
902045
902058
902068
902071
902071
902091
902107
902107
902109
902113
902127
902133
902163
902165
902186
902190
902197
902207
902213
902239
902243
902243
902259
902271
902285
902292
902298
902320
902324
902335
902336
902345
902351
902356
902359
902359
902376
902378
902391
902399
902412
902416
902430
902446
902447
902455
902459
902476
902481
902487
902490
902504
902525
902540
902548
902571
902572
902594
902600
902604
902627
902653
902655
902662
902668
902676
902680
902687
902699
902700
902706
902710
902713
902738
902739
902741
902743
902749
902764
902776
902777
902806
902814
902828
902838
902844
902846
902848
902850
902851
902858
902867
902868
902872
902873
902880
902902
902905
902907
902908
902928
902955
902958
902977
902982
902991
902992
902992
902995
903035
903051
903080
903107
903112
903115
903116
903124
903154
903160
903169
903176
903181
903204
903214
903219
903233
903243
903257
903263
903267
903279
903280
903292
903307
903346
903355
903386
903396
903423
903426
903431
903433
903434
903437
903451
903459
903467
903470
903471
903482
903483
903491
903513
903520
903533
903544
903569
903575
903576
903584
903591
903608
903623
903634
903640
903641
903643
903652
903662
903693
903702
903708
903720
903749
903767
903779
903781
903790
903793
903795
903806
903810
903821
903822
903826
903830
903880
903881
903885
903891
903892
903895
903907
903913
903923
903943
903945
903971
903994
903995
904006
904032
904035
904057
904084
904104
904108
904112
904123
904166
904167
904171
904198
904203
904235
904239
904281
904284
904297
904303
904335
904339
904339
904353
904357
904359
904362
904384
904412
904419
904425
904437
904443
904444
904446
904447
904455
904457
904478
904495
904497
904498
904516
904517
904519
904527
904531
904533
904538
904552
904557
904562
904575
904584
904603
904605
904611
904618
904622
904632
904634
904638
904643
904673
904682
904700
904706
904710
904754
904760
904763
904769
904771
904773
904792
904793
904833
904836
904840
904844
904852
904857
904865
904868
904869
904885
904891
904927
904934
904935
904941
904944
904951
904952
904954
904974
904979
904980
904993
905010
905031
905047
905059
905070
905088
905115
905130
905132
905134
905136
905137
905139
905141
905142
905147
905162
905169
905187
905189
905195
905228
905229
905230
905261
905265
905274
905286
905290
905308
905322
905346
905352
905355
905358
905368
905392
905401
905401
905411
905411
905419
905438
905449
905452
905453
905456
905460
905462
905469
905484
905488
905490
905494
905505
905517
905525
905527
905554
905563
905565
905589
905590
905591
905597
905597
905610
905628
905659
905696
905699
905711
905732
905752
905754
905768
905780
905784
905791
905794
905811
905813
905833
905861
905870
905883
905892
905896
905911
905917
905942
905970
905971
905971
905976
906000
906005
906010
906010
906014
906024
906036
906042
906048
906050
906061
906069
906079
906080
906110
906116
906124
906138
906154
906164
906180
906196
906197
906230
906230
906263
906269
906282
906338
906340
906341
906342
906353
906354
906362
906364
906364
906379
906393
906395
906411
906430
906448
906457
906463
906481
906493
906503
906524
906540
906563
906568
906620
906633
906635
906650
906657
906664
906665
906673
906674
906703
906704
906705
906714
906719
906722
906742
906788
906793
906796
906810
906812
906825
906826
906844
906845
906884
906886
906922
906931
906933
906934
906953
906978
906978
906995
907019
907046
907058
907061
907079
907081
907106
907118
907131
907161
907167
907174
907174
907197
907198
907218
907218
907239
907256
907308
907322
907327
907339
907342
907349
907351
907353
907353
907364
907369
907372
907375
907384
907392
907395
907396
907410
907412
907412
907428
907437
907452
907460
907461
907471
907480
907510
907514
907533
907544
907547
907553
907571
907577
907580
907591
907635
907639
907647
907649
907655
907662
907670
907683
907701
907707
907715
907715
907721
907732
907737
907748
907757
907797
907820
907821
907828
907845
907860
907861
907864
907866
907870
907883
907904
907924
907925
907926
907966
907974
907976
907980
907984
908015
908017
908028
908035
908040
908041
908051
908056
908060
908070
908128
908149
908157
908187
908194
908198
908201
908204
908219
908241
908266
908267
908275
908281
908286
908297
908306
908312
908325
908345
908370
908374
908412
908420
908425
908428
908436
908446
908455
908475
908477
908482
908487
908487
908488
908503
908506
908531
908534
908537
908546
908553
908562
908563
908564
908569
908576
908582
908602
908603
908605
908611
908613
908623
908628
908631
908634
908641
908707
908711
908714
908718
908738
908743
908753
908756
908761
908761
908770
908772
908791
908793
908802
908804
908813
908820
908828
908831
908836
908845
908878
908885
908891
908896
908900
908928
908947
908947
908993
908998
909072
909076
909080
909085
909105
909107
909108
909111
909118
909126
909130
909147
909155
909163
909172
909174
909176
909184
909189
909200
909204
909210
909217
909222
909222
909225
909230
909236
909236
909239
909253
909255
909262
909269
909270
909272
909279
909282
909284
909290
909321
909335
909359
909382
909385
909387
909404
909432
909447
909454
909458
909458
909472
909479
909499
909507
909509
909522
909526
909526
909539
909567
909581
909595
909600
909604
909624
909632
909642
909645
909650
909660
909666
909675
909676
909676
909681
909687
909693
909717
909724
909729
909747
909749
909752
909791
909797
909808
909834
909840
909848
909850
909853
909854
909883
909912
909915
909928
909938
909939
909950
909958
909968
909970
909980
909984
909992
909998
909999
910003
910020
910029
910037
910058
910071
910073
910110
910111
910111
910115
910140
910149
910153
910162
910186
910196
910197
910217
910223
910235
910238
910242
910254
910272
910280
910282
910287
910288
910290
910293
910325
910345
910352
910360
910364
910368
910386
910389
910391
910393
910410
910411
910414
910415
910423
910428
910446
910448
910457
910462
910478
910480
910482
910496
910506
910535
910537
910546
910551
910562
910573
910575
910579
910580
910589
910598
910604
910608
910609
910612
910620
910638
910643
910653
910654
910711
910712
910723
910730
910733
910740
910757
910777
910786
910788
910790
910808
910813
910818
910884
910900
910902
910904
910917
910920
910923
910929
910934
910945
910954
910975
910983
911014
911017
911020
911026
911080
911081
911109
911110
911127
911147
911148
911158
911185
911194
911207
911208
911212
911218
911223
911225
911232
911234
911245
911259
911264
911284
911294
911320
911320
911337
911354
911375
911384
911388
911391
911393
911405
911406
911436
911442
911448
911482
911494
911502
911508
911512
911526
911539
911542
911546
911586
911587
911595
911605
911605
911612
911612
911628
911639
911649
911650
911664
911675
911684
911740
911742
911743
911753
911764
911781
911783
911784
911814
911819
911827
911836
911844
911870
911889
911890
911946
911952
911962
911966
911971
911987
911988
911991
912016
912026
912041
912050
912062
912088
912093
912097
912103
912124
912128
912132
912135
912141
912142
912149
912160
912161
912169
912191
912193
912194
912204
912208
912225
912231
912241
912252
912265
912268
912276
912327
912358
912364
912364
912382
912391
912396
912432
912452
912459
912474
912480
912485
912487
912493
912498
912498
912508
912517
912517
912522
912542
912553
912589
912599
912642
912655
912658
912659
912666
912679
912707
912731
912731
912736
912745
912761
912766
912767
912775
912783
912798
912807
912809
912853
912856
912865
912866
912872
912875
912876
912881
912898
912904
912911
912913
912927
912938
912944
912969
912972
912973
912980
912989
913011
913019
913021
913026
913028
913038
913046
913057
913060
913084
913087
913092
913108
913111
913125
913126
913168
913205
913227
913254
913258
913262
913264
913287
913310
913335
913376
913378
913387
913402
913419
913453
913482
913491
913493
913506
913508
913516
913537
913540
913541
913582
913585
913589
913595
913679
913693
913727
913741
913748
913776
913779
913781
913800
913819
913832
913842
913861
913886
913900
913922
913926
913934
913942
913950
913959
913983
913986
913988
913992
913998
913999
914011
914020
914022
914023
914027
914029
914037
914051
914059
914063
914078
914087
914087
914099
914105
914120
914149
914162
914182
914185
914194
914241
914248
914253
914269
914277
914292
914292
914305
914325
914342
914358
914367
914382
914393
914405
914407
914427
914448
914453
914464
914467
914467
914473
914501
914503
914521
914524
914526
914540
914579
914585
914626
914634
914639
914642
914645
914650
914651
914652
914653
914655
914680
914723
914731
914761
914762
914764
914765
914772
914795
914824
914831
914834
914835
914850
914853
914864
914877
914879
914880
914893
914911
914911
914931
914974
914989
914993
914997
914999
915002
915025
915033
915042
915042
915046
915048
915050
915053
915054
915055
915061
915069
915080
915086
915091
915104
915116
915120
915120
915134
915134
915141
915142
915166
915168
915188
915194
915197
915199
915200
915225
915229
915249
915265
915321
915349
915353
915362
915363
915366
915378
915381
915383
915387
915391
915398
915441
915442
915442
915445
915446
915459
915465
915484
915485
915500
915505
915509
915517
915519
915534
915541
915544
915552
915558
915562
915563
915569
915570
915570
915579
915591
915598
915600
915611
915633
915640
915654
915663
915683
915683
915700
915719
915726
915728
915729
915731
915733
915735
915738
915738
915746
915754
915767
915776
915780
915791
915818
915856
915870
915876
915879
915922
915932
915940
915960
915964
915977
915990
916000
916006
916025
916075
916076
916087
916095
916099
916105
916113
916122
916123
916132
916144
916150
916156
916172
916174
916177
916188
916198
916199
916229
916233
916246
916277
916297
916302
916302
916331
916342
916349
916352
916392
916461
916467
916479
916485
916487
916511
916514
916521
916525
916555
916568
916581
916582
916593
916603
916605
916613
916631
916631
916653
916662
916670
916671
916672
916678
916679
916707
916727
916728
916730
916730
916745
916746
916754
916764
916772
916792
916803
916812
916814
916829
916833
916840
916842
916847
916850
916852
916870
916892
916896
916903
916912
916945
916955
916955
916957
916958
916967
916974
916979
916991
916992
916998
917005
917030
917041
917082
917083
917099
917104
917111
917152
917153
917193
917201
917204
917205
917206
917214
917245
917259
917274
917290
917292
917293
917312
917333
917346
917358
917376
917381
917397
917415
917437
917442
917465
917472
917472
917481
917486
917490
917513
917518
917526
917529
917530
917535
917537
917537
917544
917564
917564
917608
917635
917637
917662
917664
917669
917682
917694
917700
917721
917727
917727
917738
917755
917757
917764
917771
917773
917776
917777
917777
917784
917785
917794
917806
917820
917828
917829
917832
917845
917864
917886
917901
917906
917909
917919
917924
917963
917973
917981
918001
918005
918014
918017
918032
918038
918040
918060
918098
918106
918111
918112
918132
918135
918156
918214
918231
918253
918255
918273
918274
918300
918318
918331
918331
918332
918346
918375
918409
918410
918416
918427
918433
918455
918457
918466
918473
918489
918489
918492
918507
918509
918515
918527
918542
918546
918546
918547
918557
918560
918581
918592
918606
918609
918627
918638
918641
918654
918666
918668
918684
918690
918709
918752
918764
918768
918776
918797
918819
918843
918849
918882
918889
918896
918900
918906
918938
918940
918947
918954
918955
918959
918971
918982
918992
919002
919008
919025
919033
919034
919038
919045
919048
919066
919069
919075
919079
919084
919086
919107
919111
919113
919119
919144
919169
919170
919172
919175
919189
919192
919196
919213
919216
919219
919239
919242
919245
919270
919287
919289
919294
919301
919316
919320
919331
919337
919354
919384
919391
919416
919417
919426
919455
919457
919459
919487
919487
919496
919507
919508
919510
919519
919523
919524
919540
919583
919589
919599
919600
919606
919622
919627
919644
919648
919654
919660
919690
919691
919698
919713
919715
919741
919755
919767
919773
919788
919815
919817
919821
919834
919836
919838
919881
919893
919916
919921
919933
919934
919937
919959
919971
919983
919991
919992
920009
920019
920025
920049
920052
920090
920091
920098
920108
920119
920141
920149
920199
920231
920250
920287
920290
920290
920297
920309
920320
920325
920340
920349
920355
920363
920370
920384
920413
920423
920434
920437
920439
920444
920450
920476
920476
920482
920520
920521
920524
920526
920540
920546
920547
920558
920566
920571
920576
920580
920610
920611
920611
920623
920624
920633
920639
920643
920660
920663
920663
920695
920718
920721
920726
920731
920737
920737
920760
920790
920796
920811
920819
920848
920861
920863
920873
920887
920891
920902
920907
920914
920918
920929
920947
920957
920969
920982
920984
920991
921009
921011
921023
921038
921054
921056
921069
921076
921091
921092
921094
921124
921136
921140
921149
921177
921198
921198
921201
921207
921227
921236
921249
921250
921259
921275
921306
921309
921331
921346
921356
921370
921373
921376
921379
921397
921407
921416
921425
921426
921431
921469
921473
921490
921494
921497
921502
921512
921525
921529
921531
921533
921546
921546
921559
921562
921568
921586
921598
921603
921606
921616
921637
921645
921667
921691
921708
921714
921727
921730
921745
921753
921760
921773
921778
921782
921782
921787
921793
921811
921811
921853
921861
921863
921868
921871
921885
921889
921894
921896
921898
921900
921902
921910
921915
921937
921942
921948
921949
921949
921950
921954
921966
921972
921972
921981
921983
922002
922017
922019
922041
922047
922059
922090
922102
922128
922129
922132
922142
922144
922145
922148
922159
922172
922202
922215
922227
922230
922242
922245
922264
922264
922268
922273
922276
922278
922280
922290
922293
922294
922320
922344
922364
922370
922379
922392
922406
922422
922427
922437
922447
922450
922455
922457
922463
922467
922472
922475
922475
922493
922507
922521
922529
922532
922559
922566
922566
922580
922593
922594
922609
922616
922628
922633
922663
922669
922677
922682
922692
922702
922705
922713
922729
922730
922736
922740
922742
922766
922769
922784
922798
922808
922817
922818
922823
922829
922847
922853
922859
922870
922877
922878
922887
922914
922917
922929
922939
922944
922950
922964
922982
923024
923030
923039
923048
923060
923067
923067
923086
923093
923118
923124
923128
923171
923189
923204
923222
923232
923247
923252
923253
923262
923269
923280
923291
923297
923308
923316
923339
923345
923391
923391
923405
923407
923410
923413
923414
923416
923418
923424
923448
923451
923468
923474
923487
923494
923503
923510
923514
923520
923526
923530
923538
923553
923560
923583
923590
923597
923597
923620
923621
923623
923632
923655
923656
923656
923663
923677
923693
923709
923712
923716
923726
923736
923751
923769
923791
923798
923802
923826
923832
923835
923841
923849
923850
923858
923867
923879
923900
923901
923907
923932
923932
923961
923962
923973
923977
923977
923978
923981
923986
923991
923992
923992
923993
923996
924012
924045
924049
924057
924062
924072
924076
924088
924102
924102
924109
924145
924147
924161
924166
924183
924194
924200
924222
924239
924243
924250
924266
924273
924276
924284
924301
924317
924323
924333
924335
924345
924370
924401
924403
924426
924452
924458
924494
924508
924513
924521
924529
924545
924548
924573
924578
924581
924582
924593
924596
924597
924605
924616
924617
924620
924630
924637
924641
924654
924662
924670
924685
924698
924703
924709
924710
924713
924720
924742
924749
924757
924764
924770
924778
924791
924793
924799
924807
924810
924826
924831
924844
924872
924874
924875
924878
924898
924909
924917
924921
924941
924946
924951
924951
924972
924987
924991
925009
925036
925056
925058
925065
925095
925108
925112
925151
925158
925158
925187
925193
925217
925230
925233
925236
925237
925243
925254
925285
925287
925298
925307
925325
925330
925351
925375
925380
925402
925414
925423
925424
925426
925426
925433
925435
925436
925437
925448
925457
925462
925465
925467
925470
925473
925480
925486
925486
925494
925499
925519
925519
925552
925556
925565
925570
925571
925579
925596
925600
925608
925609
925615
925617
925625
925631
925669
925685
925687
925699
925714
925722
925725
925727
925728
925738
925748
925765
925773
925781
925791
925796
925818
925818
925836
925838
925839
925844
925858
925865
925867
925869
925876
925885
925892
925900
925932
925944
925993
925997
926011
926017
926024
926031
926039
926055
926070
926070
926089
926090
926091
926115
926118
926119
926134
926135
926152
926153
926158
926164
926170
926179
926207
926213
926215
926218
926268
926280
926288
926288
926310
926318
926332
926343
926345
926363
926385
926398
926407
926408
926416
926424
926431
926435
926446
926448
926457
926458
926458
926461
926461
926466
926469
926484
926488
926500
926505
926521
926532
926534
926557
926575
926576
926581
926604
926604
926613
926615
926626
926652
926654
926661
926681
926695
926716
926719
926720
926744
926784
926818
926828
926836
926844
926849
926862
926878
926882
926894
926898
926910
926922
926938
926956
926958
927003
927032
927034
927035
927061
927064
927069
927069
927071
927072
927101
927104
927115
927116
927120
927125
927137
927138
927161
927164
927165
927170
927173
927184
927198
927200
927208
927216
927217
927229
927231
927238
927240
927243
927251
927257
927263
927275
927283
927286
927302
927308
927345
927350
927358
927382
927383
927398
927399
927409
927434
927442
927455
927458
927477
927478
927479
927493
927496
927499
927536
927549
927555
927571
927587
927594
927603
927612
927613
927617
927627
927628
927629
927646
927656
927672
927675
927695
927695
927695
927720
927744
927753
927755
927770
927787
927810
927816
927830
927852
927853
927854
927855
927879
927885
927931
927941
927942
927943
927961
927963
927981
927984
927987
928001
928003
928051
928055
928061
928063
928082
928101
928131
928132
928139
928162
928173
928180
928184
928195
928202
928212
928222
928225
928251
928258
928282
928286
928287
928288
928290
928294
928295
928311
928334
928340
928342
928343
928350
928353
928371
928378
928391
928394
928410
928412
928413
928423
928427
928481
928487
928488
928500
928539
928553
928554
928555
928576
928584
928587
928593
928595
928596
928605
928610
928617
928622
928637
928651
928663
928666
928688
928702
928704
928726
928740
928752
928761
928794
928794
928800
928808
928814
928819
928844
928846
928855
928864
928873
928880
928881
928903
928909
928911
928912
928927
928927
928940
928988
928991
928999
929004
929008
929010
929023
929034
929036
929041
929063
929083
929083
929095
929105
929106
929127
929130
929190
929191
929193
929203
929207
929233
929234
929258
929259
929261
929286
929288
929294
929297
929297
929312
929312
929313
929326
929341
929348
929353
929362
929368
929373
929375
929389
929392
929394
929399
929423
929425
929439
929442
929468
929468
929468
929509
929514
929522
929533
929539
929549
929586
929593
929595
929612
929617
929618
929625
929627
929672
929689
929689
929694
929713
929716
929722
929728
929731
929745
929747
929748
929757
929757
929763
929774
929807
929841
929841
929844
929849
929875
929879
929884
929915
929921
929938
929940
929942
929947
929953
929960
929963
929967
929972
929995
930004
930041
930044
930049
930053
930057
930058
930069
930076
930098
930102
930114
930116
930132
930155
930160
930174
930196
930215
930219
930224
930229
930231
930231
930247
930247
930257
930258
930258
930273
930287
930303
930311
930317
930327
930327
930328
930336
930336
930337
930349
930353
930357
930360
930368
930371
930380
930382
930390
930392
930392
930407
930411
930434
930442
930455
930464
930467
930468
930490
930496
930503
930518
930530
930532
930538
930541
930543
930547
930551
930558
930560
930568
930571
930576
930583
930585
930592
930598
930601
930609
930615
930617
930625
930634
930638
930639
930643
930647
930655
930664
930669
930672
930680
930692
930730
930756
930760
930785
930794
930796
930807
930838
930853
930854
930855
930893
930910
930919
930928
930941
930992
931003
931006
931007
931012
931020
931025
931029
931036
931050
931052
931065
931105
931119
931124
931129
931136
931146
931153
931154
931164
931168
931183
931184
931215
931223
931228
931231
931263
931277
931282
931289
931300
931303
931305
931311
931317
931357
931361
931370
931378
931388
931389
931391
931392
931395
931430
931439
931447
931459
931468
931474
931481
931484
931490
931501
931512
931519
931533
931559
931561
931574
931585
931585
931590
931603
931605
931608
931620
931635
931641
931665
931687
931688
931692
931696
931697
931701
931702
931703
931717
931736
931758
931778
931783
931802
931813
931828
931841
931844
931845
931848
931858
931888
931889
931898
931946
931951
931951
931953
931980
931986
931987
931988
931995
932004
932076
932079
932122
932133
932141
932155
932160
932164
932168
932171
932177
932181
932195
932211
932213
932236
932240
932246
932270
932308
932353
932383
932385
932386
932390
932394
932407
932408
932412
932413
932429
932443
932443
932452
932457
932465
932467
932489
932491
932517
932524
932534
932542
932548
932576
932605
932615
932640
932658
932685
932696
932721
932754
932756
932759
932761
932763
932764
932764
932767
932779
932788
932807
932813
932814
932815
932822
932824
932830
932830
932832
932846
932848
932850
932874
932877
932884
932886
932887
932887
932894
932916
932928
932958
932989
932993
933000
933005
933024
933032
933038
933059
933060
933066
933092
933097
933110
933120
933128
933158
933159
933188
933188
933194
933194
933203
933204
933205
933215
933264
933283
933284
933289
933289
933291
933299
933300
933303
933305
933313
933314
933317
933323
933329
933330
933350
933356
933361
933362
933362
933369
933374
933379
933384
933401
933405
933408
933416
933433
933436
933457
933457
933463
933464
933488
933496
933497
933509
933513
933520
933525
933570
933667
933678
933687
933708
933740
933742
933745
933745
933768
933774
933791
933810
933811
933816
933825
933829
933831
933840
933848
933860
933863
933872
933876
933884
933890
933891
933901
933902
933915
933925
933934
933936
933945
933953
933954
933961
933973
933995
934004
934024
934027
934034
934044
934046
934053
934068
934087
934090
934094
934105
934109
934133
934153
934158
934167
934167
934172
934179
934188
934206
934210
934226
934230
934235
934237
934252
934293
934309
934328
934334
934344
934346
934368
934368
934392
934398
934398
934398
934446
934454
934456
934457
934473
934486
934486
934521
934529
934534
934535
934537
934546
934550
934551
934552
934556
934566
934567
934571
934576
934578
934582
934604
934610
934615
934618
934620
934628
934630
934656
934661
934664
934666
934674
934679
934704
934713
934717
934719
934723
934735
934737
934749
934756
934763
934772
934808
934833
934876
934882
934894
934898
934900
934936
934949
934951
934954
934962
934978
934983
934987
935021
935038
935045
935054
935080
935095
935099
935148
935154
935205
935206
935227
935229
935236
935253
935284
935290
935294
935313
935322
935329
935332
935335
935341
935345
935381
935382
935392
935410
935411
935421
935444
935448
935450
935454
935464
935470
935471
935490
935511
935528
935528
935585
935593
935613
935618
935623
935625
935627
935636
935652
935655
935656
935659
935663
935668
935692
935702
935713
935720
935726
935731
935735
935751
935805
935817
935817
935822
935829
935833
935846
935860
935862
935882
935914
935919
935927
935936
935941
935946
935951
935953
935966
935989
935989
935989
936005
936040
936046
936050
936063
936078
936100
936102
936102
936117
936123
936141
936155
936164
936171
936171
936173
936186
936196
936207
936210
936210
936217
936229
936241
936258
936263
936263
936269
936280
936281
936281
936288
936289
936291
936303
936310
936312
936347
936348
936364
936375
936379
936385
936395
936407
936411
936411
936415
936416
936432
936442
936448
936453
936458
936461
936469
936472
936477
936483
936484
936488
936524
936537
936540
936548
936552
936553
936574
936576
936590
936599
936611
936640
936640
936642
936649
936649
936660
936674
936683
936688
936700
936705
936716
936728
936732
936737
936745
936754
936763
936782
936782
936783
936787
936802
936802
936804
936811
936829
936836
936840
936856
936858
936863
936873
936883
936885
936900
936919
936921
936931
936933
936972
936973
936974
936979
936979
936988
937000
937013
937043
937056
937064
937074
937085
937117
937120
937132
937150
937151
937168
937168
937171
937179
937194
937195
937207
937210
937214
937216
937220
937222
937238
937239
937239
937241
937280
937291
937301
937312
937317
937323
937328
937329
937335
937348
937348
937357
937371
937384
937385
937388
937405
937413
937421
937427
937430
937434
937445
937461
937470
937471
937475
937490
937490
937492
937513
937522
937522
937527
937560
937563
937567
937571
937588
937590
937618
937621
937636
937643
937643
937653
937656
937673
937676
937680
937691
937723
937730
937730
937731
937737
937739
937741
937753
937758
937764
937775
937794
937827
937834
937838
937854
937863
937889
937892
937894
937913
937918
937927
937929
937945
937949
937950
937967
937974
937976
937978
937981
937984
937987
937989
937991
937998
938003
938009
938013
938021
938031
938032
938034
938036
938043
938066
938071
938073
938078
938081
938092
938131
938132
938133
938133
938149
938160
938173
938173
938188
938199
938204
938204
938204
938211
938220
938271
938274
938283
938315
938331
938333
938340
938342
938368
938386
938398
938422
938423
938424
938426
938459
938471
938476
938489
938493
938495
938498
938503
938515
938520
938531
938535
938548
938556
938565
938577
938584
938589
938597
938597
938621
938622
938623
938631
938637
938640
938641
938652
938663
938664
938667
938688
938708
938718
938728
938741
938747
938755
938790
938810
938810
938811
938818
938860
938869
938878
938881
938885
938886
938891
938915
938916
938918
938922
938927
938929
938934
938957
938967
938968
938980
938995
939018
939019
939026
939028
939037
939039
939051
939056
939063
939097
939106
939109
939111
939119
939124
939137
939140
939142
939145
939145
939151
939157
939162
939207
939222
939225
939228
939231
939236
939243
939250
939258
939264
939280
939292
939297
939298
939299
939305
939309
939335
939356
939365
939374
939374
939388
939419
939427
939431
939436
939440
939461
939469
939478
939506
939508
939522
939538
939552
939562
939588
939590
939591
939615
939621
939629
939636
939640
939646
939666
939686
939701
939703
939717
939726
939731
939735
939736
939775
939777
939781
939787
939794
939808
939822
939826
939830
939837
939840
939846
939858
939877
939884
939886
939890
939925
939930
939932
939950
939951
939953
940001
940024
940039
940058
940059
940063
940074
940080
940096
940100
940103
940145
940162
940171
940182
940199
940208
940208
940213
940218
940222
940258
940282
940283
940291
940298
940303
940303
940307
940354
940358
940371
940387
940393
940459
940459
940482
940494
940555
940565
940578
940582
940589
940598
940622
940626
940626
940634
940634
940638
940660
940674
940678
940684
940691
940705
940735
940737
940743
940746
940748
940754
940763
940773
940790
940804
940805
940808
940811
940829
940839
940858
940859
940863
940876
940881
940886
940902
940903
940909
940940
940951
940967
940974
940982
941003
941006
941009
941014
941019
941023
941037
941056
941064
941064
941082
941085
941094
941111
941118
941121
941133
941139
941166
941180
941182
941195
941205
941207
941216
941228
941237
941239
941240
941257
941270
941276
941278
941298
941298
941300
941313
941333
941340
941354
941358
941358
941370
941385
941389
941389
941410
941420
941420
941421
941422
941444
941450
941452
941463
941471
941472
941472
941489
941491
941517
941529
941530
941533
941538
941545
941546
941554
941556
941564
941579
941592
941596
941601
941612
941615
941640
941651
941655
941669
941684
941691
941697
941705
941711
941729
941735
941749
941755
941762
941768
941796
941797
941797
941798
941798
941812
941829
941837
941851
941854
941866
941874
941882
941887
941893
941899
941910
941915
941921
941937
941950
941960
941971
941974
941983
941993
941995
942019
942032
942035
942062
942065
942085
942088
942091
942091
942114
942135
942143
942150
942150
942155
942175
942188
942191
942198
942199
942205
942212
942213
942214
942233
942236
942236
942249
942251
942268
942270
942275
942277
942278
942300
942303
942310
942324
942329
942334
942354
942355
942371
942392
942392
942451
942459
942460
942463
942494
942494
942536
942556
942598
942601
942603
942613
942623
942627
942636
942638
942639
942652
942658
942658
942659
942666
942698
942704
942708
942709
942740
942755
942769
942771
942772
942790
942795
942796
942809
942866
942867
942889
942917
942920
942922
942933
942945
942952
942972
942974
942996
942999
943004
943008
943022
943025
943032
943037
943044
943049
943059
943064
943068
943071
943075
943077
943092
943097
943104
943105
943113
943126
943127
943139
943148
943159
943162
943164
943166
943178
943184
943187
943194
943214
943217
943218
943222
943226
943237
943240
943242
943243
943260
943265
943293
943300
943344
943352
943356
943361
943365
943401
943405
943412
943422
943434
943440
943441
943448
943460
943479
943489
943521
943548
943549
943556
943557
943564
943568
943588
943598
943602
943603
943603
943624
943640
943645
943650
943661
943664
943671
943683
943690
943696
943697
943699
943736
943744
943754
943754
943777
943781
943803
943829
943839
943870
943870
943903
943906
943907
943918
943926
943930
943940
943945
943956
943963
943968
943976
943988
944007
944043
944059
944090
944094
944101
944102
944105
944117
944157
944166
944168
944192
944209
944210
944262
944265
944271
944274
944279
944281
944294
944297
944298
944300
944308
944320
944326
944333
944344
944345
944361
944367
944368
944369
944371
944382
944393
944398
944401
944407
944431
944450
944462
944474
944483
944487
944492
944495
944497
944497
944501
944514
944560
944565
944565
944595
944601
944605
944611
944640
944647
944648
944649
944649
944654
944656
944672
944672
944690
944690
944691
944693
944739
944752
944785
944806
944817
944822
944846
944851
944853
944858
944870
944874
944921
944924
944936
944937
944982
945003
945023
945055
945061
945072
945083
945084
945115
945139
945141
945143
945155
945163
945169
945174
945175
945212
945219
945221
945221
945231
945254
945276
945282
945292
945298
945300
945305
945306
945348
945351
945361
945366
945372
945385
945403
945411
945441
945446
945446
945447
945449
945450
945451
945458
945477
945485
945488
945491
945497
945500
945539
945540
945547
945552
945572
945573
945589
945590
945600
945617
945619
945622
945630
945636
945641
945648
945650
945660
945673
945707
945750
945751
945754
945787
945811
945814
945814
945832
945844
945866
945887
945931
945936
945939
945955
945992
946004
946010
946022
946022
946026
946034
946049
946061
946069
946075
946075
946110
946112
946118
946126
946138
946156
946164
946167
946170
946176
946196
946204
946215
946219
946233
946244
946248
946250
946250
946260
946292
946303
946309
946309
946313
946369
946383
946388
946396
946404
946410
946418
946423
946428
946442
946445
946449
946459
946460
946464
946474
946477
946485
946505
946511
946523
946558
946568
946582
946611
946612
946621
946625
946626
946630
946630
946640
946645
946656
946660
946667
946677
946682
946711
946728
946731
946743
946745
946764
946772
946773
946776
946788
946792
946797
946811
946832
946876
946892
946894
946898
946941
946944
946958
946966
946967
946984
946994
947005
947024
947025
947031
947032
947055
947061
947066
947068
947081
947082
947086
947091
947092
947106
947110
947127
947129
947150
947174
947192
947203
947211
947212
947216
947224
947227
947229
947232
947242
947259
947273
947287
947294
947323
947336
947337
947338
947364
947367
947369
947374
947377
947389
947396
947421
947426
947462
947466
947474
947480
947491
947503
947516
947517
947529
947541
947558
947576
947581
947581
947586
947587
947602
947611
947625
947639
947645
947648
947671
947686
947687
947693
947694
947701
947717
947736
947743
947757
947765
947773
947774
947775
947779
947782
947794
947800
947809
947826
947842
947843
947851
947854
947860
947873
947898
947907
947935
947949
947963
948008
948013
948014
948017
948018
948029
948033
948038
948053
948057
948058
948067
948074
948076
948088
948089
948103
948106
948143
948143
948148
948152
948174
948176
948181
948181
948188
948220
948240
948264
948277
948291
948294
948302
948357
948369
948372
948374
948381
948395
948396
948401
948435
948442
948452
948463
948478
948500
948514
948529
948544
948545
948553
948576
948598
948599
948604
948607
948609
948617
948619
948623
948668
948676
948685
948690
948691
948696
948708
948721
948750
948760
948775
948784
948787
948799
948801
948803
948824
948825
948833
948836
948852
948873
948874
948877
948884
948901
948938
948961
948962
948963
948980
948987
948987
949015
949018
949036
949057
949063
949065
949081
949098
949118
949126
949138
949138
949146
949159
949162
949174
949192
949194
949213
949215
949217
949242
949245
949251
949257
949278
949279
949281
949299
949300
949300
949306
949327
949332
949334
949335
949340
949340
949355
949371
949374
949376
949377
949385
949393
949399
949411
949413
949420
949423
949424
949434
949436
949448
949448
949458
949467
949468
949472
949483
949496
949507
949531
949556
949578
949588
949613
949617
949619
949638
949640
949652
949664
949667
949672
949696
949754
949754
949760
949766
949772
949785
949786
949789
949797
949812
949825
949837
949840
949847
949898
949917
949921
949940
949943
949951
949962
949968
949969
949973
949975
949986
949999
950000
950009
950026
950030
950052
950063
950063
950074
950078
950084
950085
950095
950116
950116
950120
950124
950128
950134
950135
950135
950140
950149
950174
950194
950201
950224
950226
950237
950252
950271
950304
950312
950318
950323
950325
950327
950343
950371
950381
950388
950395
950402
950419
950420
950452
950453
950466
950484
950495
950496
950497
950521
950523
950526
950545
950549
950550
950557
950569
950578
950579
950598
950615
950616
950620
950624
950632
950638
950642
950648
950653
950653
950662
950663
950673
950673
950700
950701
950719
950740
950746
950757
950758
950778
950781
950801
950814
950816
950854
950856
950861
950885
950886
950915
950955
950956
950958
950976
950983
950983
950987
950989
951008
951022
951022
951031
951049
951058
951059
951062
951064
951071
951081
951092
951133
951135
951144
951150
951162
951189
951195
951205
951208
951231
951236
951236
951255
951263
951264
951265
951278
951279
951281
951307
951315
951316
951323
951329
951336
951337
951340
951362
951367
951373
951391
951392
951393
951420
951431
951434
951436
951444
951445
951459
951490
951499
951503
951503
951503
951517
951537
951538
951551
951555
951567
951572
951573
951597
951599
951605
951606
951609
951633
951640
951650
951658
951660
951661
951663
951672
951678
951682
951687
951711
951725
951726
951733
951741
951748
951749
951752
951753
951772
951776
951790
951792
951800
951831
951839
951841
951843
951862
951870
951872
951877
951884
951885
951893
951893
951894
951929
951941
951941
951942
951943
951944
951957
951960
951973
951984
951985
952001
952006
952008
952017
952037
952048
952055
952060
952062
952063
952073
952083
952088
952098
952103
952109
952112
952113
952116
952116
952130
952134
952142
952149
952153
952200
952203
952258
952259
952263
952265
952268
952274
952281
952323
952330
952331
952354
952361
952407
952411
952418
952429
952475
952482
952491
952498
952510
952526
952526
952534
952546
952555
952562
952577
952578
952579
952604
952611
952637
952654
952656
952660
952660
952668
952669
952677
952678
952681
952693
952696
952701
952707
952711
952724
952725
952754
952765
952768
952775
952789
952790
952795
952800
952813
952822
952827
952858
952859
952864
952881
952899
952906
952915
952936
952952
952953
952973
952980
953010
953019
953034
953040
953043
953051
953067
953075
953085
953089
953093
953103
953110
953116
953117
953129
953137
953142
953153
953188
953205
953213
953228
953230
953240
953250
953251
953276
953277
953280
953292
953309
953312
953313
953315
953316
953320
953325
953327
953337
953352
953359
953360
953362
953368
953370
953380
953393
953407
953431
953438
953452
953452
953468
953478
953483
953484
953501
953530
953533
953538
953543
953551
953556
953558
953570
953581
953590
953601
953630
953642
953649
953649
953664
953669
953695
953700
953708
953732
953742
953765
953772
953805
953815
953828
953831
953840
953842
953843
953846
953866
953880
953882
953920
953924
953925
953959
953968
953973
953996
953999
954002
954008
954010
954011
954016
954021
954027
954029
954030
954039
954046
954050
954071
954071
954087
954107
954110
954115
954120
954133
954134
954141
954141
954166
954168
954173
954173
954198
954201
954205
954205
954229
954243
954248
954259
954284
954286
954300
954334
954353
954386
954387
954408
954415
954425
954443
954447
954448
954449
954458
954464
954467
954467
954480
954482
954487
954487
954495
954496
954505
954513
954522
954545
954565
954575
954595
954597
954599
954601
954606
954609
954632
954635
954639
954660
954663
954699
954709
954713
954715
954719
954734
954741
954748
954757
954772
954777
954777
954783
954785
954790
954796
954799
954814
954819
954833
954846
954850
954852
954853
954860
954866
954888
954910
954927
954934
954943
954944
954945
954946
954947
954948
954952
954965
954972
954974
954974
954990
955011
955017
955024
955025
955036
955042
955054
955056
955062
955064
955096
955099
955105
955107
955121
955147
955151
955191
955194
955204
955227
955236
955237
955255
955258
955261
955273
955275
955286
955287
955317
955330
955333
955334
955353
955356
955374
955387
955396
955410
955410
955413
955419
955424
955433
955441
955450
955457
955462
955476
955477
955494
955511
955512
955516
955536
955551
955552
955560
955565
955573
955594
955615
955619
955643
955648
955669
955672
955680
955682
955691
955704
955716
955724
955743
955752
955754
955770
955772
955783
955803
955809
955818
955819
955822
955823
955856
955866
955885
955894
955898
955903
955907
955931
955933
955935
955978
955989
956006
956026
956030
956056
956057
956059
956088
956112
956115
956117
956120
956122
956159
956171
956176
956176
956181
956191
956198
956199
956215
956241
956251
956270
956280
956294
956302
956304
956328
956341
956353
956366
956380
956390
956391
956396
956399
956412
956418
956421
956425
956438
956446
956456
956456
956458
956466
956468
956470
956493
956514
956526
956556
956565
956566
956567
956585
956599
956605
956607
956612
956627
956630
956636
956640
956644
956647
956656
956664
956694
956706
956710
956716
956721
956732
956734
956743
956745
956764
956773
956775
956786
956802
956803
956805
956824
956824
956824
956840
956840
956846
956869
956873
956896
956899
956908
956914
956937
956947
956961
956965
956974
956982
956986
957003
957011
957019
957021
957047
957050
957077
957086
957094
957102
957107
957109
957125
957134
957141
957144
957151
957164
957167
957179
957229
957233
957256
957268
957274
957306
957308
957317
957319
957321
957328
957336
957337
957352
957356
957384
957384
957396
957409
957419
957426
957432
957442
957445
957458
957465
957470
957470
957480
957480
957482
957499
957516
957517
957519
957529
957531
957543
957548
957571
957574
957575
957589
957594
957598
957616
957623
957630
957630
957636
957642
957667
957682
957689
957696
957709
957722
957737
957755
957766
957770
957780
957807
957815
957824
957832
957836
957837
957838
957856
957887
957895
957944
957959
957963
957967
957978
958004
958005
958027
958034
958042
958054
958073
958092
958097
958100
958102
958151
958168
958174
958186
958186
958188
958195
958202
958205
958244
958245
958266
958277
958283
958286
958286
958297
958298
958301
958304
958304
958310
958327
958346
958350
958351
958353
958370
958379
958384
958404
958417
958421
958436
958437
958441
958455
958455
958465
958466
958467
958505
958520
958523
958524
958525
958535
958557
958575
958616
958621
958622
958643
958646
958649
958681
958687
958687
958695
958698
958737
958737
958739
958778
958778
958791
958820
958822
958823
958837
958846
958849
958852
958865
958876
958885
958886
958887
958892
958894
958900
958905
958909
958911
958912
958914
958943
958952
958969
958971
958994
958994
959013
959016
959027
959036
959039
959048
959050
959064
959069
959081
959097
959103
959105
959106
959127
959132
959141
959151
959153
959155
959170
959172
959177
959181
959186
959190
959194
959223
959228
959237
959257
959264
959284
959348
959377
959378
959383
959385
959390
959391
959421
959422
959425
959436
959453
959453
959454
959507
959510
959517
959524
959539
959549
959556
959580
959588
959621
959627
959640
959680
959686
959699
959708
959712
959721
959749
959819
959824
959831
959851
959857
959859
959869
959890
959893
959913
959916
959922
959922
959948
959968
959970
959980
959989
960018
960023
960024
960024
960024
960030
960035
960037
960040
960049
960056
960065
960068
960075
960085
960092
960104
960124
960126
960135
960137
960150
960158
960181
960185
960190
960227
960233
960252
960257
960268
960287
960301
960308
960313
960314
960335
960365
960398
960401
960402
960405
960406
960419
960426
960431
960434
960447
960475
960481
960484
960495
960518
960519
960519
960523
960524
960527
960551
960560
960562
960565
960566
960569
960593
960603
960610
960637
960643
960649
960684
960685
960686
960693
960700
960704
960705
960706
960717
960723
960733
960737
960740
960744
960745
960786
960801
960801
960810
960810
960819
960823
960829
960832
960845
960849
960879
960896
960923
960953
960963
960982
960991
961002
961021
961042
961042
961043
961055
961069
961103
961107
961111
961136
961136
961142
961161
961161
961161
961173
961184
961202
961212
961223
961224
961241
961256
961256
961257
961279
961284
961286
961294
961298
961370
961386
961393
961396
961411
961419
961420
961421
961422
961450
961461
961463
961465
961486
961510
961521
961523
961534
961542
961560
961572
961580
961589
961623
961660
961673
961683
961705
961707
961720
961733
961735
961747
961761
961766
961766
961772
961783
961796
961800
961809
961818
961826
961830
961846
961854
961862
961864
961872
961879
961880
961899
961934
961937
961940
961941
961975
961986
961995
962036
962040
962046
962048
962059
962071
962093
962094
962119
962122
962139
962140
962163
962164
962176
962182
962197
962199
962253
962259
962263
962280
962291
962292
962301
962314
962334
962349
962358
962378
962384
962387
962396
962416
962447
962478
962480
962495
962517
962522
962531
962544
962562
962568
962580
962582
962594
962599
962615
962620
962629
962638
962650
962654
962679
962683
962685
962690
962691
962691
962692
962705
962710
962730
962732
962756
962766
962800
962821
962853
962876
962881
962881
962888
962888
962909
962917
962920
962922
962923
962936
962944
962954
962956
962959
962960
962967
962982
962996
963018
963022
963027
963039
963055
963057
963064
963088
963106
963123
963126
963130
963130
963145
963156
963156
963167
963180
963195
963207
963207
963208
963210
963223
963227
963251
963253
963259
963274
963278
963287
963309
963316
963318
963336
963337
963342
963354
963367
963371
963382
963386
963393
963411
963427
963430
963439
963443
963448
963461
963494
963501
963524
963528
963537
963540
963546
963550
963551
963561
963571
963584
963586
963593
963600
963608
963618
963637
963659
963663
963711
963712
963728
963735
963736
963745
963748
963776
963782
963783
963787
963829
963843
963854
963856
963879
963891
963891
963905
963906
963913
963921
963932
963936
963946
963960
963965
963980
964015
964035
964037
964040
964044
964059
964078
964103
964125
964140
964161
964179
964180
964181
964187
964190
964199
964217
964222
964236
964241
964245
964267
964274
964276
964283
964293
964307
964317
964319
964322
964361
964362
964363
964367
964368
964377
964387
964390
964398
964414
964422
964445
964446
964457
964462
964470
964471
964474
964497
964502
964512
964552
964557
964566
964586
964591
964605
964638
964648
964662
964664
964672
964682
964688
964720
964729
964730
964743
964743
964765
964770
964772
964787
964789
964807
964854
964856
964906
964912
964948
964973
964976
964996
965001
965008
965019
965024
965033
965039
965040
965042
965054
965079
965094
965096
965104
965107
965127
965129
965131
965144
965158
965161
965181
965186
965196
965197
965245
965246
965275
965299
965302
965306
965308
965313
965320
965322
965343
965356
965367
965388
965390
965401
965402
965405
965412
965414
965415
965440
965453
965471
965480
965486
965487
965493
965520
965534
965540
965551
965569
965572
965579
965582
965586
965597
965616
965616
965625
965630
965634
965635
965636
965646
965647
965651
965666
965671
965676
965695
965700
965707
965734
965738
965756
965763
965769
965797
965797
965799
965799
965818
965823
965829
965841
965845
965847
965863
965864
965879
965884
965887
965890
965897
965911
965917
965931
965936
965939
965951
965980
965987
965994
966017
966019
966051
966072
966079
966091
966092
966105
966114
966128
966128
966211
966225
966235
966244
966262
966268
966275
966284
966288
966296
966311
966327
966335
966350
966350
966369
966372
966379
966383
966383
966389
966415
966417
966423
966434
966453
966459
966479
966485
966489
966494
966502
966527
966534
966562
966584
966593
966598
966602
966606
966606
966631
966649
966659
966667
966677
966678
966683
966683
966685
966688
966744
966747
966767
966771
966773
966775
966782
966802
966832
966833
966859
966860
966863
966871
966883
966884
966886
966887
966896
966907
966913
966924
966925
966937
966939
966959
966966
966981
966982
966998
967005
967008
967011
967019
967020
967023
967025
967025
967041
967043
967054
967059
967062
967063
967068
967080
967083
967088
967098
967107
967114
967118
967128
967157
967178
967187
967198
967199
967204
967222
967255
967262
967264
967267
967269
967288
967291
967296
967303
967303
967308
967311
967329
967334
967337
967338
967350
967351
967359
967361
967375
967395
967402
967410
967443
967447
967450
967484
967489
967489
967498
967523
967529
967536
967548
967553
967558
967585
967585
967587
967595
967600
967601
967602
967615
967618
967627
967643
967672
967675
967701
967707
967713
967720
967722
967739
967751
967758
967761
967765
967798
967814
967818
967829
967831
967834
967846
967851
967858
967859
967860
967872
967877
967901
967913
967913
967922
967928
967929
967958
967975
967983
967986
968000
968005
968006
968017
968018
968025
968029
968042
968043
968045
968056
968089
968090
968106
968111
968127
968128
968129
968133
968143
968181
968188
968189
968190
968206
968214
968216
968217
968224
968230
968234
968236
968237
968244
968258
968262
968271
968279
968300
968326
968332
968334
968340
968342
968356
968365
968366
968385
968388
968402
968402
968403
968433
968434
968457
968459
968473
968487
968497
968497
968506
968516
968523
968528
968537
968547
968556
968575
968615
968616
968619
968621
968624
968625
968639
968647
968656
968665
968674
968678
968697
968699
968718
968727
968731
968733
968736
968762
968766
968779
968784
968796
968806
968812
968830
968854
968864
968864
968866
968883
968888
968892
968904
968907
968921
968921
968923
968931
968938
968999
969006
969008
969014
969040
969051
969070
969099
969125
969128
969129
969133
969139
969149
969171
969173
969181
969197
969204
969225
969275
969309
969322
969324
969333
969338
969343
969346
969359
969364
969385
969397
969399
969410
969418
969451
969470
969481
969529
969530
969531
969534
969537
969565
969624
969626
969642
969658
969680
969692
969709
969713
969716
969739
969753
969766
969771
969774
969775
969777
969787
969794
969808
969816
969827
969829
969839
969852
969857
969861
969866
969866
969881
969909
969911
969943
969947
969955
969955
969972
969980
969983
969997
970015
970049
970053
970065
970068
970093
970134
970134
970174
970178
970188
970192
970193
970207
970213
970219
970220
970250
970258
970263
970274
970285
970288
970313
970319
970326
970356
970390
970411
970415
970426
970448
970462
970477
970490
970520
970531
970538
970543
970558
970568
970572
970573
970574
970586
970595
970618
970627
970630
970631
970632
970648
970658
970664
970667
970687
970689
970693
970707
970715
970715
970726
970733
970774
970775
970781
970813
970814
970818
970836
970868
970870
970871
970880
970922
970928
970933
970947
970954
970958
970965
970995
971001
971001
971006
971019
971029
971052
971056
971056
971058
971062
971068
971069
971070
971078
971092
971098
971101
971114
971120
971124
971136
971140
971143
971143
971151
971164
971169
971186
971187
971188
971188
971202
971213
971250
971250
971275
971276
971276
971288
971295
971296
971331
971345
971355
971357
971359
971373
971374
971375
971404
971417
971423
971454
971458
971481
971482
971507
971516
971516
971544
971546
971580
971605
971607
971610
971632
971663
971663
971672
971685
971686
971686
971687
971733
971734
971747
971770
971778
971799
971816
971839
971842
971858
971858
971872
971879
971888
971888
971891
971909
971917
971941
971963
971967
971995
971996
972004
972020
972038
972041
972043
972051
972059
972116
972117
972140
972161
972168
972172
972172
972174
972187
972199
972207
972211
972214
972218
972228
972229
972238
972243
972252
972256
972261
972266
972274
972275
972289
972302
972314
972329
972338
972340
972347
972356
972366
972368
972377
972381
972385
972390
972391
972394
972399
972431
972431
972437
972441
972446
972450
972460
972466
972467
972468
972471
972481
972512
972516
972528
972556
972568
972572
972575
972576
972582
972587
972596
972604
972615
972620
972632
972643
972677
972680
972685
972700
972702
972703
972707
972710
972712
972718
972725
972770
972770
972775
972790
972797
972804
972828
972842
972844
972855
972885
972914
972920
972932
972950
972951
972952
972961
972967
972980
972982
972990
972990
972992
972997
973009
973044
973061
973065
973108
973126
973138
973175
973177
973178
973185
973199
973212
973220
973229
973229
973231
973233
973236
973237
973247
973257
973261
973264
973303
973308
973309
973309
973333
973334
973335
973347
973351
973356
973360
973369
973369
973382
973385
973391
973391
973392
973395
973457
973460
973471
973483
973485
973486
973487
973497
973525
973525
973532
973536
973547
973623
973629
973636
973641
973647
973672
973678
973683
973695
973710
973717
973724
973733
973748
973776
973780
973781
973783
973799
973806
973811
973818
973846
973852
973871
973878
973882
973884
973903
973911
973912
973935
973942
973955
973960
973968
973973
973974
973981
974017
974030
974031
974069
974073
974073
974073
974093
974094
974096
974115
974128
974131
974161
974169
974171
974172
974187
974192
974199
974210
974215
974222
974224
974225
974235
974243
974248
974251
974268
974271
974273
974274
974289
974296
974299
974308
974315
974323
974325
974329
974331
974350
974372
974397
974410
974420
974431
974434
974434
974443
974444
974453
974458
974466
974473
974474
974489
974490
974498
974512
974521
974522
974528
974536
974543
974553
974557
974575
974585
974592
974598
974599
974607
974618
974626
974632
974640
974643
974648
974651
974661
974663
974670
974692
974693
974721
974730
974734
974743
974752
974761
974762
974770
974789
974794
974797
974800
974809
974813
974817
974825
974848
974848
974854
974858
974896
974914
974916
974926
974927
974946
974967
974969
974974
974983
974996
974998
975001
975008
975023
975030
975036
975040
975059
975062
975091
975096
975100
975110
975116
975125
975143
975150
975156
975163
975170
975171
975190
975201
975207
975211
975231
975236
975241
975242
975258
975261
975265
975282
975283
975314
975350
975355
975367
975378
975384
975388
975392
975413
975422
975425
975425
975447
975448
975459
975479
975505
975511
975522
975526
975547
975555
975569
975591
975605
975609
975638
975643
975644
975646
975663
975669
975678
975687
975694
975699
975705
975725
975734
975743
975756
975764
975768
975770
975773
975779
975791
975805
975811
975835
975836
975846
975860
975869
975893
975896
975899
975907
975942
975943
975943
975946
975951
975955
975957
975970
975971
975972
975975
976001
976018
976027
976032
976036
976040
976044
976050
976054
976060
976078
976082
976095
976107
976107
976108
976123
976131
976141
976150
976161
976185
976186
976192
976207
976214
976229
976234
976237
976273
976305
976319
976321
976323
976327
976340
976342
976342
976355
976357
976359
976363
976368
976380
976386
976408
976415
976415
976432
976439
976455
976459
976486
976489
976491
976498
976514
976524
976529
976529
976531
976534
976536
976569
976569
976574
976589
976592
976604
976658
976659
976671
976672
976698
976710
976714
976728
976729
976741
976760
976774
976778
976778
976784
976826
976841
976846
976856
976869
976872
976873
976883
976900
976905
976909
976935
976944
976964
976972
976972
976972
976978
976983
976986
976995
977005
977008
977023
977043
977043
977078
977088
977093
977095
977101
977118
977119
977145
977184
977188
977205
977207
977214
977220
977231
977236
977264
977272
977274
977285
977299
977313
977327
977327
977328
977333
977351
977355
977356
977360
977403
977406
977431
977435
977476
977487
977489
977492
977495
977515
977527
977527
977534
977534
977578
977581
977595
977600
977605
977606
977607
977624
977633
977687
977698
977699
977700
977706
977707
977722
977769
977776
977783
977783
977797
977801
977818
977839
977841
977847
977848
977860
977874
977875
977892
977909
977911
977940
977968
977969
977972
977973
977994
978002
978004
978007
978017
978018
978021
978024
978029
978030
978045
978052
978077
978078
978081
978083
978088
978097
978132
978149
978158
978165
978168
978169
978173
978178
978179
978192
978195
978208
978223
978241
978242
978253
978264
978277
978285
978286
978288
978296
978299
978331
978341
978384
978397
978401
978409
978421
978438
978441
978441
978469
978477
978515
978527
978529
978533
978552
978553
978570
978607
978616
978626
978663
978664
978666
978680
978685
978695
978704
978708
978722
978728
978734
978749
978753
978754
978773
978784
978788
978789
978799
978806
978820
978821
978832
978835
978873
978876
978900
978945
978955
978956
978959
978983
978984
978994
979005
979010
979020
979041
979046
979050
979076
979082
979083
979085
979106
979129
979137
979172
979178
979185
979191
979216
979216
979217
979221
979240
979240
979246
979255
979268
979293
979293
979298
979304
979308
979309
979313
979316
979377
979377
979390
979391
979408
979423
979441
979446
979447
979473
979497
979498
979502
979515
979553
979584
979589
979604
979607
979634
979648
979654
979661
979669
979675
979700
979706
979715
979719
979723
979733
979733
979749
979752
979761
979772
979789
979842
979845
979849
979866
979880
979891
979896
979904
979910
979910
979914
979922
979944
979957
979959
979972
979972
979982
980003
980006
980036
980045
980052
980055
980057
980059
980067
980074
980077
980083
980086
980105
980111
980123
980123
980127
980133
980154
980155
980168
980169
980175
980176
980200
980211
980216
980219
980219
980232
980240
980243
980248
980261
980268
980271
980276
980286
980305
980315
980329
980340
980347
980352
980354
980361
980364
980367
980373
980377
980381
980398
980407
980418
980425
980474
980475
980480
980506
980518
980520
980533
980540
980542
980543
980546
980556
980562
980577
980585
980588
980616
980631
980638
980645
980658
980660
980663
980688
980701
980727
980748
980752
980775
980788
980852
980859
980863
980876
980881
980905
980948
980954
980969
980980
980982
980994
980994
981016
981017
981041
981047
981055
981058
981071
981075
981077
981081
981095
981111
981121
981121
981125
981146
981175
981200
981249
981265
981268
981274
981289
981291
981310
981320
981327
981329
981350
981356
981366
981373
981374
981380
981398
981410
981418
981419
981452
981455
981458
981468
981471
981472
981483
981498
981517
981523
981540
981546
981553
981570
981579
981591
981619
981629
981630
981638
981642
981651
981656
981670
981680
981689
981694
981698
981724
981737
981747
981755
981764
981770
981784
981786
981792
981795
981819
981820
981826
981835
981837
981838
981843
981849
981863
981866
981872
981877
981880
981888
981893
981898
981939
981946
981958
981967
981980
982012
982012
982033
982040
982042
982055
982063
982100
982106
982109
982109
982158
982160
982165
982182
982189
982195
982200
982202
982240
982245
982253
982261
982266
982268
982275
982276
982286
982286
982295
982314
982318
982327
982373
982393
982395
982400
982410
982427
982427
982446
982457
982463
982480
982480
982489
982502
982515
982536
982538
982555
982565
982566
982574
982579
982583
982604
982611
982612
982614
982627
982628
982636
982644
982652
982664
982684
982686
982687
982688
982693
982699
982701
982707
982722
982726
982729
982739
982746
982751
982763
982767
982768
982775
982778
982779
982780
982787
982787
982806
982811
982812
982842
982849
982863
982864
982870
982876
982884
982890
982895
982902
982902
982911
982917
982925
982935
982936
982937
982942
982959
982966
982981
982995
982995
982995
983002
983006
983006
983034
983036
983040
983041
983041
983055
983056
983065
983070
983072
983113
983119
983123
983145
983154
983162
983195
983203
983221
983231
983236
983239
983251
983252
983256
983260
983277
983278
983289
983295
983304
983312
983315
983340
983344
983360
983361
983383
983416
983421
983426
983438
983439
983447
983453
983470
983474
983484
983493
983510
983528
983534
983534
983539
983548
983580
983585
983587
983614
983617
983619
983622
983626
983634
983637
983640
983644
983659
983661
983663
983689
983700
983706
983707
983715
983726
983735
983751
983757
983760
983763
983778
983778
983793
983794
983804
983818
983824
983846
983851
983857
983868
983872
983895
983906
983928
983937
983939
983939
983940
983958
983965
983976
983983
984010
984037
984037
984050
984054
984055
984065
984065
984068
984074
984084
984109
984113
984118
984120
984126
984144
984149
984158
984161
984168
984176
984180
984180
984192
984192
984195
984208
984209
984219
984242
984263
984268
984282
984297
984297
984299
984320
984321
984327
984329
984338
984351
984352
984353
984354
984410
984430
984437
984438
984450
984456
984459
984468
984474
984479
984495
984531
984568
984570
984573
984590
984592
984597
984637
984637
984659
984667
984668
984684
984706
984744
984744
984745
984764
984773
984794
984809
984809
984816
984818
984824
984825
984829
984831
984834
984838
984846
984867
984876
984880
984891
984896
984910
984926
984934
984936
984942
984959
984972
984975
984989
984996
985021
985028
985031
985035
985038
985039
985041
985049
985050
985072
985079
985094
985095
985109
985129
985155
985160
985167
985170
985180
985185
985187
985188
985193
985194
985203
985205
985218
985223
985227
985228
985251
985269
985274
985283
985291
985314
985315
985319
985333
985356
985361
985368
985370
985377
985386
985409
985410
985413
985421
985439
985442
985447
985462
985464
985477
985486
985493
985503
985509
985514
985515
985530
985531
985538
985539
985562
985567
985568
985580
985582
985589
985597
985600
985609
985622
985630
985645
985655
985669
985679
985689
985702
985704
985711
985717
985724
985731
985740
985740
985742
985743
985753
985754
985757
985758
985778
985778
985820
985821
985833
985834
985868
985870
985887
985891
985909
985910
985925
985961
985962
985971
985974
986000
986027
986061
986089
986096
986096
986098
986100
986114
986122
986145
986156
986162
986175
986185
986190
986231
986234
986252
986262
986311
986324
986330
986332
986344
986346
986357
986361
986362
986365
986374
986376
986382
986388
986417
986427
986447
986447
986449
986464
986467
986527
986529
986535
986540
986543
986545
986546
986560
986568
986598
986600
986607
986610
986612
986613
986625
986637
986652
986652
986659
986674
986689
986695
986698
986725
986727
986740
986788
986824
986835
986842
986856
986858
986887
986899
986901
986908
986946
986948
986949
986953
986962
986963
986984
986990
987004
987035
987068
987070
987081
987083
987084
987112
987114
987115
987134
987149
987155
987156
987171
987171
987179
987181
987183
987201
987204
987219
987226
987228
987238
987258
987266
987281
987296
987301
987326
987330
987341
987345
987348
987355
987384
987411
987447
987455
987458
987468
987471
987474
987490
987500
987543
987558
987562
987566
987578
987603
987611
987618
987635
987649
987651
987654
987675
987678
987682
987706
987732
987747
987769
987770
987772
987776
987780
987783
987783
987783
987791
987791
987791
987813
987820
987829
987832
987833
987861
987868
987871
987877
987903
987904
987919
987919
987920
987944
987949
987958
987987
987991
988020
988035
988039
988039
988048
988049
988052
988060
988061
988070
988078
988083
988090
988092
988101
988114
988128
988130
988159
988170
988174
988227
988228
988230
988244
988250
988274
988287
988290
988306
988318
988321
988336
988364
988374
988384
988389
988397
988399
988401
988402
988410
988424
988444
988452
988453
988454
988460
988478
988497
988510
988516
988553
988559
988568
988579
988582
988586
988605
988613
988617
988622
988627
988641
988652
988667
988681
988688
988689
988690
988695
988697
988706
988737
988738
988771
988772
988774
988776
988779
988786
988811
988818
988836
988846
988848
988853
988873
988876
988882
988884
988908
988936
988937
988968
988968
988970
988972
988975
988982
988982
988991
988996
989009
989020
989022
989037
989093
989117
989122
989128
989145
989148
989163
989184
989189
989195
989195
989200
989201
989208
989226
989231
989238
989245
989256
989262
989277
989278
989278
989283
989298
989300
989317
989324
989332
989337
989341
989342
989344
989368
989382
989383
989404
989407
989418
989419
989452
989465
989466
989467
989474
989490
989499
989506
989510
989533
989544
989571
989575
989586
989593
989604
989613
989615
989617
989644
989648
989666
989706
989711
989712
989720
989722
989722
989748
989759
989765
989768
989788
989798
989800
989818
989828
989828
989830
989834
989844
989846
989846
989912
989917
989918
989936
989956
989956
989984
989988
990004
990012
990015
990025
990036
990059
990067
990072
990076
990083
990089
990107
990113
990131
990162
990168
990212
990220
990230
990232
990233
990238
990248
990252
990266
990269
990279
990283
990299
990317
990323
990323
990362
990376
990381
990385
990407
990421
990430
990448
990451
990461
990479
990487
990499
990518
990530
990540
990544
990544
990555
990579
990580
990583
990599
990627
990643
990645
990660
990664
990690
990695
990698
990705
990709
990714
990743
990751
990763
990768
990775
990784
990794
990812
990818
990826
990830
990834
990844
990846
990862
990884
990889
990917
990944
990947
990977
990980
990981
990985
990991
990998
990999
990999
991000
991015
991017
991031
991043
991051
991053
991063
991071
991084
991154
991163
991172
991185
991189
991221
991226
991245
991263
991269
991272
991277
991293
991293
991309
991310
991321
991323
991336
991342
991358
991361
991371
991388
991403
991405
991414
991428
991433
991437
991442
991443
991463
991474
991486
991508
991511
991513
991518
991518
991523
991527
991531
991553
991563
991565
991566
991571
991578
991581
991594
991596
991600
991607
991629
991646
991663
991667
991676
991682
991731
991743
991749
991754
991758
991780
991798
991812
991815
991817
991836
991839
991842
991847
991880
991890
991891
991895
991898
991903
991908
991917
991927
991929
991934
991937
991939
991944
991954
991976
991977
991981
991985
992038
992043
992060
992076
992077
992100
992147
992154
992157
992160
992162
992167
992167
992184
992206
992207
992217
992218
992229
992233
992234
992244
992249
992267
992272
992284
992287
992299
992308
992310
992311
992312
992316
992319
992341
992355
992360
992361
992363
992365
992390
992393
992404
992408
992411
992421
992437
992439
992441
992459
992460
992481
992488
992489
992501
992502
992567
992569
992571
992573
992587
992589
992600
992606
992617
992630
992631
992633
992642
992644
992650
992655
992655
992690
992702
992708
992721
992743
992743
992743
992769
992792
992804
992810
992828
992831
992852
992882
992883
992885
992931
992939
992963
992968
992973
992986
992994
993003
993020
993035
993064
993076
993130
993130
993135
993172
993179
993188
993189
993199
993204
993210
993222
993229
993232
993239
993255
993258
993260
993290
993303
993307
993307
993310
993324
993336
993340
993343
993368
993374
993374
993403
993409
993409
993429
993435
993485
993487
993512
993514
993522
993534
993542
993549
993553
993563
993568
993594
993599
993606
993608
993611
993614
993615
993649
993651
993667
993700
993703
993722
993735
993737
993750
993754
993755
993824
993846
993875
993886
993890
993922
993922
993922
993924
993930
993958
993975
993991
993995
994003
994003
994014
994014
994022
994045
994067
994070
994079
994093
994114
994138
994141
994142
994143
994151
994177
994197
994206
994207
994209
994214
994214
994221
994251
994257
994261
994312
994332
994334
994340
994352
994370
994379
994384
994398
994401
994403
994423
994424
994439
994441
994467
994483
994494
994495
994503
994507
994509
994546
994577
994577
994585
994644
994650
994653
994671
994677
994680
994685
994689
994690
994693
994701
994703
994706
994720
994724
994732
994734
994740
994752
994761
994779
994810
994815
994824
994830
994833
994838
994840
994849
994851
994861
994891
994894
994907
994911
994929
994931
994936
994960
994976
995002
995008
995039
995042
995044
995063
995063
995069
995082
995107
995109
995118
995120
995138
995174
995174
995178
995194
995196
995204
995214
995216
995224
995231
995243
995244
995250
995254
995263
995268
995283
995285
995292
995303
995304
995322
995323
995330
995343
995355
995370
995375
995381
995387
995387
995391
995395
995404
995405
995407
995433
995439
995440
995442
995447
995451
995464
995480
995485
995494
995495
995495
995504
995520
995525
995537
995550
995573
995588
995603
995604
995607
995610
995631
995634
995647
995649
995653
995663
995665
995665
995666
995681
995691
995708
995721
995732
995738
995747
995748
995782
995791
995824
995839
995852
995888
995893
995896
995904
995931
995934
995947
995950
995956
995963
995966
995997
996000
996008
996011
996014
996018
996023
996038
996043
996049
996050
996099
996102
996103
996123
996131
996135
996153
996153
996156
996172
996173
996177
996201
996205
996214
996214
996222
996225
996232
996246
996246
996248
996251
996271
996272
996275
996275
996278
996282
996288
996297
996306
996320
996325
996330
996336
996346
996350
996360
996364
996365
996370
996374
996374
996381
996384
996385
996389
996390
996395
996396
996416
996418
996429
996445
996445
996450
996474
996493
996525
996526
996527
996543
996554
996556
996556
996575
996578
996596
996597
996603
996610
996618
996625
996626
996628
996636
996644
996662
996680
996681
996685
996689
996699
996702
996716
996719
996721
996726
996731
996740
996746
996751
996752
996758
996765
996767
996768
996777
996788
996800
996801
996806
996829
996833
996837
996844
996853
996853
996865
996874
996890
996911
996921
996931
996933
996934
996939
996941
996955
996955
996958
996960
996985
996996
997006
997018
997021
997041
997044
997048
997070
997076
997095
997115
997116
997122
997126
997130
997131
997141
997205
997212
997215
997220
997236
997238
997250
997264
997275
997282
997293
997314
997331
997332
997351
997373
997395
997416
997425
997458
997463
997470
997474
997475
997482
997490
997506
997511
997539
997558
997559
997559
997560
997565
997579
997592
997625
997626
997627
997631
997631
997663
997669
997672
997680
997699
997703
997705
997711
997738
997743
997748
997754
997761
997787
997788
997803
997815
997819
997837
997839
997846
997847
997854
997860
997865
997865
997882
997884
997892
997901
997927
997932
997947
997952
997953
997979
997981
997989
998001
998002
998014
998021
998034
998036
998061
998061
998111
998126
998137
998138
998139
998154
998167
998176
998177
998180
998186
998186
998194
998203
998219
998226
998245
998255
998274
998281
998287
998299
998302
998365
998380
998385
998398
998407
998426
998445
998445
998446
998466
998466
998491
998494
998505
998506
998510
998518
998521
998537
998553
998563
998574
998580
998593
998596
998597
998609
998612
998617
998629
998656
998664
998675
998690
998696
998696
998697
998702
998722
998730
998750
998751
998752
998759
998760
998761
998766
998777
998786
998793
998841
998844
998854
998854
998863
998896
998934
998939
998943
998954
998957
998961
999003
999026
999031
999039
999045
999064
999084
999102
999108
999110
999111
999124
999147
999173
999174
999174
999175
999189
999192
999192
999227
999232
999234
999234
999245
999251
999265
999266
999269
999276
999279
999299
999305
999330
999333
999374
999376
999379
999394
999418
999419
999420
999428
999436
999442
999454
999462
999467
999470
999477
999478
999479
999487
999487
999519
999536
999542
999561
999564
999568
999571
999573
999573
999575
999576
999581
999585
999595
999603
999604
999624
999627
999629
999636
999638
999643
999651
999652
999664
999665
999665
999666
999671
999677
999684
999687
999701
999706
999714
999715
999737
999740
999742
999756
999763
999770
999780
999795
999802
999812
999816
999834
999866
999882
999893
999905
999906
999913
999947
999951
999952
999954
999958
999959
999960
999964
999986
