100000
122458
391845
490025
902278
555561
673564
346530
521768
129468
59428
62547
878473
852334
87197
951064
313842
60895
164945
785331
926104
446102
253756
940612
364173
623649
868899
68668
757681
795237
819199
186853
917696
211044
193230
336326
282957
866794
199209
804725
512614
258637
383624
391087
627323
470822
342151
941165
48069
507096
242849
974173
469551
496605
914785
833724
636606
300036
902392
910639
611625
237943
613844
529321
965339
807074
382000
248297
190220
581209
53022
702834
839846
952999
610273
467169
940173
952425
924687
988242
975873
167536
962415
445424
664141
393552
279148
817099
209940
697892
727738
821565
452187
341582
867239
417527
665008
249239
665824
855228
830448
235198
74414
186646
188197
684687
170167
128370
637112
94854
116612
129338
262390
595379
574762
442883
505283
370263
776334
715223
68155
504072
53141
36695
845654
920380
454222
27014
169619
120046
882242
516419
355244
473008
703065
59794
674048
389584
704516
827512
791
337481
956850
779533
932860
47965
738769
954496
418228
515103
186071
2735
19176
239212
39430
381182
675944
493652
408197
845563
130050
806791
878334
1647
796152
97751
61441
470200
487336
765957
297712
488127
103438
770915
267660
552651
818880
522781
507147
237108
37885
693218
756195
57061
448783
795626
954595
124727
805630
879144
486643
935681
685936
364977
937328
998440
462729
515121
468640
950065
281078
282704
954544
384517
53619
738556
453520
388851
261338
960667
142311
299223
170237
898507
872636
135372
210485
343583
260100
16115
222728
263095
468148
425016
628072
405476
423456
90801
920597
408448
557218
718028
207504
28114
618897
777476
283023
72417
166327
60713
549436
308639
359936
236025
723498
748924
371398
933983
608859
147850
950098
831587
410945
934599
772955
39017
340075
712763
646171
777025
121211
719741
11405
845068
747856
630302
622544
547231
702719
788871
607944
252155
613862
484232
488180
337360
233156
375930
271343
358367
523780
737794
189955
451077
188745
479262
6447
45172
192026
652618
822197
829589
888711
833602
674657
152919
980256
813553
700150
682975
602425
308094
451482
216287
792326
456015
70000
541834
348297
857695
900202
872078
111841
606509
323155
300586
85771
845954
345759
794149
498572
167956
140091
387284
517911
331100
540203
498167
144654
756706
697495
747079
64800
665329
479718
857127
637696
66070
398961
985994
923766
815515
374424
35607
422024
213931
336194
24148
59886
681953
334649
74810
366261
474740
978446
400524
805841
35002
415044
950495
791708
112539
213926
856508
294220
209996
229987
448269
276067
145301
950615
199833
960816
325039
751792
899193
55322
87986
439693
631560
769939
774342
706371
652553
249083
201169
53077
571276
236171
468121
38123
27879
97012
252049
400740
907585
978397
147079
355854
254464
292380
306469
970649
769549
147860
722442
668742
719534
326780
108435
351095
613072
882777
573818
265625
648212
774987
318702
219488
11159
303176
257611
555390
400188
26012
956130
307773
4410
103210
179979
775226
911942
486448
745876
681491
150660
984670
866585
870195
311450
975020
737642
924522
374150
311460
706499
538714
86447
25202
758203
613958
844730
532166
169349
244918
74531
641831
69044
595293
261393
249023
370519
173336
251824
632747
371179
918836
617417
237765
305383
445220
729137
43025
886094
619639
870837
592594
158354
957285
134148
432909
87595
978878
481427
256944
223796
555958
415128
809192
151251
676521
58216
521771
366209
826392
670870
253741
745228
288288
491506
50612
249860
736995
609989
135954
356635
480827
728548
514989
954464
862696
464250
42059
841574
945677
299004
581723
501636
714132
907267
169239
907005
965483
691010
789567
308227
361881
43308
53456
166521
51166
620420
416381
788161
230409
552335
661148
227588
280884
176137
182052
659932
156739
224112
17859
102417
39468
115934
604053
269952
23201
773292
176957
505037
980655
482876
813264
858888
526184
383072
541761
577350
3492
474494
365512
750254
26829
26660
977842
824065
719150
676247
350
875889
900359
18209
494658
456179
134143
615063
726131
157344
904708
419440
662381
401715
902317
991998
260603
944853
375070
318716
522204
894915
793210
404068
645169
336391
947080
139363
160457
182582
815610
677159
58472
232321
695368
69482
204852
345863
684546
930983
503207
589254
866776
681941
507321
285445
673939
767924
230298
49009
602992
268854
460276
396202
672922
105445
732593
136355
761161
409402
318937
576771
86561
893761
325445
298281
963244
530297
644144
164142
977633
663704
753396
360761
345645
260717
646206
535936
544993
392856
101297
664337
661711
561574
60539
850985
183371
309484
987340
944532
235239
306278
37656
321800
200039
363101
136434
679635
409750
780578
843777
903735
960634
113525
264496
822631
374242
427054
358567
435587
819911
459865
99924
997974
537791
676815
365311
721162
502652
352652
665695
737891
175282
219703
576043
891673
99156
712477
571309
508906
9408
415086
928994
970042
528612
193490
792674
419206
620545
667593
371146
956808
643810
987422
471134
181601
664238
836445
419116
166890
705449
601163
421133
880731
820866
997176
772405
920022
709654
860066
945280
235414
275152
874274
721808
803764
67765
30834
739323
204662
698428
110469
677822
858590
97891
148956
556544
278481
501753
975660
961723
207203
93175
382856
604286
914041
380033
893043
834063
606039
753109
295695
357805
544614
169970
79613
864730
237735
626800
604053
958749
325228
230874
152923
700170
328766
818231
256714
123599
319984
748726
85323
43539
841901
468179
647826
272294
364564
57221
622709
486955
810331
918405
844760
871297
88375
924374
736027
842462
551174
340081
317563
392754
87307
470486
609276
416073
288717
382343
56025
125053
647421
141348
168593
5675
125879
816419
277969
6796
389992
417031
493751
200323
335436
338512
71620
940163
779238
324000
298977
846764
180433
132892
755870
267740
119730
365146
683814
924799
263841
739839
49852
911263
397539
218445
916938
39770
551216
194907
46566
941209
128290
56670
657884
980078
395182
245857
920241
690772
569857
735570
53888
750290
868462
809758
18030
988192
691256
218196
429343
955098
474387
479196
866361
388278
213993
299651
428049
765210
10910
990967
222771
139201
47637
397007
119279
959171
642864
555873
649943
729073
291443
703831
479363
676258
29941
13746
180802
237550
748294
610146
192648
222682
89342
575361
610960
303335
875012
555361
584897
885922
546329
324020
541475
593966
721028
660755
553138
880244
216628
203081
609318
24423
423265
605033
700681
969558
618779
397836
207108
367074
7982
916108
106108
613676
7821
717068
433363
399185
788782
534613
285108
335111
858633
342935
929077
96013
3690
482215
976258
220318
201649
101928
761094
141266
706961
461775
627176
325741
859611
834285
209167
383945
266745
315275
997621
274567
548695
947337
673752
337477
481950
475212
672588
856935
818148
601666
952949
338190
600233
445559
558509
318234
547487
835955
975852
254448
297730
603029
96541
673694
953666
305708
57639
220411
620983
571613
11330
169679
518950
201435
23508
900
676647
696097
857835
11147
814115
327136
349338
930700
772695
424199
248935
320182
260154
741139
574631
557884
344168
671172
747930
297834
493233
321922
34598
114216
893535
562280
800247
412485
763715
823756
929737
440363
36205
303924
451510
850320
631061
317200
297372
403756
741399
62659
240291
1553
803799
331274
75790
147967
518798
340072
962154
12031
661994
513104
642600
555529
75384
442847
484366
839100
782955
414103
795815
819160
234380
247325
185832
865441
80878
999557
785549
822277
62216
25840
340183
866015
357114
932325
13983
875913
272397
492489
887944
934392
5593
530544
6273
80977
489744
490640
436429
789051
421095
232244
124564
655475
995922
826748
37268
76800
826305
822818
899077
888522
848658
755612
754537
205773
687937
284872
598038
960335
777361
2334
894727
299306
49231
417352
380284
538975
907992
816713
844378
845440
48958
968942
17267
44880
795691
54536
638032
621996
877354
53461
510518
242364
809074
781408
964489
497011
66280
562527
457346
359994
564862
868425
659300
614093
285778
555936
669420
710122
889002
513798
71914
454312
999093
89182
15544
794784
660070
653576
933132
53776
707037
960003
296140
516111
741411
260630
529475
324043
823157
503173
684037
904371
371599
343338
518464
173729
415626
704236
400203
304628
734387
472118
758940
733480
77652
774484
528264
737722
428060
977748
791498
651450
937751
87638
167561
679162
348268
697036
3206
687778
200210
203595
592149
88161
63285
626966
778242
478912
331202
178445
783540
65589
166915
58833
799069
244567
833317
843685
982289
777730
337786
290139
429180
275537
377778
113093
471052
242398
810130
990610
446528
526692
194205
555030
131205
257491
181996
909447
252755
29550
604244
552647
611492
771160
611480
410561
532079
444798
770599
514369
738880
108385
320860
168060
900274
698638
281153
371326
457389
607635
361936
903917
650679
72494
458947
781884
846337
157295
207683
99092
186846
811928
168091
798338
99440
779572
725251
631519
740722
12202
662240
479602
636939
983101
647662
537214
198091
445167
424892
655480
569155
303181
75750
219834
892027
51049
518071
738364
724697
725754
353808
911543
54034
521899
226233
669826
301471
467836
301346
42193
480039
479938
38147
633330
463039
685809
686896
661131
647329
111789
832963
216484
414970
425065
436318
306997
992467
470741
561713
717164
196496
431873
145059
766882
470124
887644
436709
771596
355480
254407
330141
351871
734345
368289
985202
713737
570450
672098
891220
734131
300239
724183
950615
715209
665601
903286
538558
658068
374027
616623
891584
86875
48496
36643
853758
518621
924287
806819
806569
279767
61226
653062
147991
311923
537703
133193
25660
624506
321643
916880
358637
621883
157416
825605
853444
823017
728891
908355
997437
619270
524978
889021
706146
89827
925664
76256
124800
366303
883075
447721
162422
460653
617135
310413
772576
671191
959958
798237
295697
281602
715117
170686
903485
872533
996291
273281
211902
725182
181636
209339
860805
222967
614712
566951
829146
540376
643207
953946
423031
42634
918019
585454
503287
51506
895867
275863
722697
855826
74100
18394
137428
305570
705433
557265
694455
701724
830546
906358
943259
528535
632049
804064
751502
246762
887367
580648
303490
530574
50946
726522
89560
485317
828328
592847
536823
724195
868710
259521
96373
459163
794267
750153
281085
16052
823770
975540
717777
654317
398250
661036
699204
546652
981452
450706
309766
868819
547706
613256
915745
598652
856130
5305
600321
684458
598152
137144
925006
983214
913017
21379
958729
223637
287885
239814
239689
111655
731707
473818
282324
646309
651206
981528
192961
632658
432234
502727
17829
496292
632336
449926
611296
4818
455231
211617
205629
569735
865114
130635
69302
294483
668366
544383
34472
956251
784198
274162
67907
32257
264332
866583
678566
915539
848112
387880
64549
796698
890607
598731
292991
39295
48657
904287
560466
20241
115905
766095
106328
497371
413082
175630
791854
81448
720014
826327
554052
20564
616841
138311
52821
881173
4894
731387
313064
853006
119267
893966
649705
526227
492697
459048
81874
57706
363335
642340
77947
995592
408435
184276
492963
821517
876258
284818
419318
596272
627497
489722
133188
760690
628033
186009
158215
149279
433749
471280
518638
553016
881598
684695
595595
890647
143743
677470
948353
507078
836162
542653
19023
760950
726929
511986
98819
603187
313156
518137
715812
457005
524211
849000
217695
152244
35010
375911
817876
985111
363543
336514
54479
245141
21209
650075
135788
681304
843897
600493
188382
196411
143146
207405
957361
386427
235744
56181
989615
548900
90670
221779
5906
614882
70779
739953
283478
622141
115864
101354
607252
479407
954220
178084
240900
975429
828159
893040
656733
188408
9886
361468
384819
153032
85225
858533
539460
320969
914714
45427
386222
521736
267206
908480
136618
854337
648433
936449
992831
764298
37803
116435
760057
992024
294519
958
483805
639030
410350
656891
827438
420236
534711
728610
89621
619936
587143
629081
457258
18209
190860
843480
56297
974418
751960
192916
828755
916745
129365
337938
681043
683520
454374
957453
191896
748893
474763
675702
387924
885113
848945
731714
821702
383656
460324
911323
519944
563819
56756
977202
98380
247616
337034
154678
222034
605346
863946
567141
522092
509663
905080
203135
193183
359454
676940
901432
108347
151703
577134
12623
36817
942431
744338
858519
842439
204662
286194
362383
284834
342950
339586
383214
590566
192972
537892
328952
798319
401838
896093
320411
427853
317525
39898
621037
676979
716839
522469
301679
868542
615955
830654
421711
74738
574992
796582
917177
296007
82776
279560
580841
425726
135498
480407
532644
328471
18300
861596
126790
936490
274042
963553
364344
591567
3451
501733
784899
236642
540554
86578
105185
672861
917232
43248
747599
8577
839831
664776
304584
922607
460688
401777
864686
596187
882184
397330
441010
900484
258927
567800
353327
49321
47705
234023
640888
51156
252108
425787
287799
792662
28717
909336
465523
462302
952584
729474
470879
308767
394250
291815
231375
854938
693592
612413
967477
92128
9743
408487
508965
785022
492639
862292
834343
540344
612667
991584
107853
864775
417371
395652
657437
962441
821340
639312
941095
290276
368786
928326
599044
279388
220141
346771
650678
430085
959184
618156
522213
968927
542995
31178
270302
35635
409822
104645
92331
22489
96229
200184
887264
29953
112188
61053
508746
933528
216717
449841
740157
101855
378167
339201
381243
114660
202324
31922
61097
161508
166430
583310
646787
225777
130841
917089
777764
57015
538087
870096
79505
150668
70280
483121
180621
698821
60527
205719
148701
277244
655560
888858
379100
550079
228059
276695
181091
946735
824969
242188
108243
507751
341851
755031
733529
989044
188472
27645
46059
726559
897741
641916
877228
484374
125038
574201
183195
701917
296273
331896
495513
951833
737107
390965
18265
481518
667661
199356
428254
492630
957897
536497
516734
816100
807880
250263
805144
996353
277908
851203
239264
692002
493120
632844
692728
134510
207046
875923
836427
503319
724171
848292
971504
461278
239258
506121
942797
906919
221830
371051
915901
179727
423900
432635
995827
231781
199250
317323
744486
993511
168526
983750
201865
177998
616595
894593
828860
339993
286868
181639
359664
11039
29932
331168
988670
269190
837290
931467
692461
575472
818870
124714
271551
242770
73702
267378
990903
789304
101053
735389
782815
269579
235492
501032
963930
368439
395625
792790
224784
682493
490782
584448
209885
520714
915616
198555
306256
269258
646374
998717
361082
465244
123431
632633
224366
713485
900011
215270
502790
517416
467011
285605
786996
218855
302990
267278
587294
698615
576420
812078
897461
67202
396526
623698
587916
828495
822253
894172
614105
984979
409241
975188
450223
49025
607821
674589
762510
24185
406211
265300
541601
873223
67258
844949
608430
370248
628579
195725
585215
205000
524155
999028
272202
437034
622726
376471
781881
961331
786995
395986
946310
712589
887526
912885
761614
495348
103827
524124
35885
510038
305777
93838
899613
373035
938788
508044
259635
567367
220121
361202
288719
260628
876583
560922
697662
499309
453745
479543
976993
240740
391882
923303
953329
279408
836189
231295
291108
940016
271772
326993
966406
577549
937184
382372
466936
392324
890416
242923
959691
626889
604125
764763
887517
480708
842037
585180
496370
295782
581075
473363
52874
972957
913018
6204
768718
265559
753851
59826
721927
25623
903172
204686
603172
840356
587058
586460
232680
477474
829383
708723
620715
949861
473486
508232
946921
831875
609764
959643
127657
707192
433006
180532
680149
862377
703088
965219
644288
456939
25046
366216
482563
444570
570902
602087
284926
157960
188548
33958
151786
534283
259033
288853
484144
248872
797085
947418
80747
923202
907061
208405
630394
856420
905289
826895
718797
608377
792115
363085
65316
333513
245653
64231
778083
332907
666319
579361
490867
854867
613319
159005
905502
388704
447858
389647
637576
761296
853417
718324
684498
760478
443081
831244
133250
348370
174491
368399
473099
482958
247837
54767
332823
493490
118999
110906
826398
785318
690267
833617
156537
819938
992623
62039
208643
956833
968038
362571
718129
337807
597247
918979
98286
40328
266575
747888
905050
957419
116288
378149
440377
364125
949269
773201
373967
68268
400459
200365
369938
607079
550335
42827
943369
59310
104866
152012
16143
589257
30936
734273
443416
628183
169604
58054
184864
436180
805943
89914
393599
922231
984416
350328
802708
933685
123529
176675
518305
40341
893393
888243
647420
443728
931070
590789
503038
552288
259154
519181
657897
290090
769806
101314
434625
939411
159368
619489
891943
965311
225756
801894
403894
210172
152222
206602
660209
792104
899630
178514
832445
793023
583109
479865
753103
514179
587006
256141
582819
846160
291674
240717
652602
577833
858383
87228
33596
17751
223069
925539
499415
448825
727433
903309
175349
879655
626264
835558
188111
525894
530424
20556
835269
629885
16773
588372
660416
603780
360865
243236
966292
652539
305
135247
230372
858688
222475
780320
876439
445544
705859
892206
410722
949644
311868
586071
345652
938132
937982
533763
980378
468406
554320
815647
614644
87445
920371
275060
207577
281236
518296
690222
450127
34953
825469
196852
893641
564296
977172
286433
526192
683032
178639
936914
149028
490507
522986
494680
944991
460968
28444
925369
445726
99116
257368
60370
702913
177739
851783
910491
458975
886431
600713
425455
921385
426182
622307
815026
506830
599479
617811
33022
798863
796451
969937
947892
286958
9275
442572
231950
470243
987368
673671
432321
602836
931040
9044
305750
625131
860827
216241
600459
263610
333306
25914
184995
275840
648221
516374
782670
247700
134185
332044
562916
930636
301981
510808
733947
827608
469732
482249
297851
973453
155920
246525
576289
603312
255569
882039
228444
632748
614632
828903
896358
947938
854817
597706
740130
503038
114080
522800
267090
764617
854845
830006
695254
673178
857166
945553
500787
326899
427802
314990
300352
100074
77867
876641
703387
849788
275033
931831
482536
889665
760734
895247
353956
615551
492953
94086
634941
123385
133239
902031
888002
504436
248390
99608
693966
105556
45161
194753
948807
989315
26096
249159
89390
103963
642153
792777
953752
433538
724608
952640
839555
485342
847887
193511
617245
857192
803950
252186
496929
453541
670569
384932
957977
918959
892
651943
540868
562406
363049
489675
68073
905497
255187
157463
9460
897340
466592
479564
847230
191200
432205
686785
192894
796444
396649
326491
653637
200599
95029
150566
170492
765599
51850
128469
200910
569095
296764
741778
647853
176165
231454
715926
81662
486641
873390
607475
900333
339982
87039
747563
47535
519244
950700
756781
315689
347349
599625
485678
547948
694654
152596
718440
460253
720799
363261
661164
289894
176378
919294
937747
868895
667100
653673
950558
670093
43415
74385
570426
899750
161424
834341
463637
680669
785042
220418
512710
648743
336395
998388
196692
31050
150984
431484
7655
388135
311098
668819
678029
3828
104466
132128
872723
771566
302154
339633
441660
861921
414018
528438
761671
575443
879132
225308
772464
180526
962079
285174
829269
298474
799914
542313
329524
467250
973798
337180
855386
801248
522351
49767
805076
143169
181896
677799
914736
402
17433
872748
862323
947803
401186
623995
523246
796670
365655
295710
977196
844086
97236
806466
142561
897150
348779
988437
364401
838929
841969
219787
640177
880673
785906
961605
23842
967802
639405
454930
484556
173190
844030
346880
637345
245217
487227
160592
558239
369234
972654
535436
213321
586243
858254
872234
483393
723385
377023
364146
562315
735345
100285
718844
616018
886192
680450
156212
370346
836207
127495
854903
525749
971525
718135
163094
733094
721714
840038
291334
90948
329045
826770
820621
915288
201376
692855
915033
924761
69879
279180
3428
805224
895817
722273
937594
298361
919075
610158
668708
755282
737653
39963
797383
709179
274450
960477
442273
996164
800516
733607
603464
129561
76729
424086
561201
278105
116941
476234
719219
703172
271766
722647
24748
167584
961272
478694
982297
880347
88853
167357
151981
826506
723672
949364
535685
998122
426194
977959
994286
226710
227918
597751
872623
304648
538189
433824
99105
655130
426410
818324
874655
698177
540972
415755
382113
502244
894450
364410
898944
499655
48120
50925
326161
771792
516642
378199
769915
942836
872510
280553
685898
100428
394656
558521
405076
932845
508697
20534
104328
935107
838858
495335
149636
896182
911090
48101
914779
321892
928864
813723
821547
976984
381000
664061
748776
897642
42260
518691
840478
914770
315597
42728
531550
710253
601249
936627
643099
626298
473513
263779
77758
312371
759114
743746
208554
186556
791848
123333
508449
720712
453408
846348
697696
834408
26761
446472
248403
69021
481516
88881
500143
797113
131610
31694
507366
249211
484673
666817
391862
958186
446948
985972
786909
206062
729718
511815
392619
521566
635148
417420
758630
604908
780120
456326
439317
806882
419151
204072
392255
417019
809305
892399
214132
457267
440445
237850
706479
441470
421020
614693
916008
867968
600665
702917
590383
330383
214733
499354
368302
366233
433126
126932
487494
213246
583259
443163
20128
518762
647235
412384
935781
456540
821135
149913
913808
777932
904115
136639
735754
325135
751332
651762
709456
351997
871031
299839
198732
602116
315545
567034
968350
748671
693967
972196
961917
793578
415359
498398
312340
62594
427134
248121
519134
764621
914386
949294
542553
334853
85933
278307
659989
353617
446421
885797
705614
317452
185636
420699
919569
501181
987733
404271
766204
198052
376467
728121
991630
308178
742871
303970
370772
170005
68443
406258
934626
499181
355553
993531
834035
957838
788190
10376
311456
234611
896173
533422
68416
598161
954121
504337
615694
941855
424960
381898
139907
317779
626371
647890
625957
369243
468212
996729
539248
53008
919339
990227
552189
791244
983758
902576
749083
771949
912952
60539
522912
325477
593961
107680
923638
548083
612017
55684
6290
36977
437582
662549
871108
580306
310439
497065
949549
778652
10146
488797
831660
929486
479024
900201
720730
979135
802778
469813
267436
232082
46704
790348
557560
640666
898029
997550
705101
26398
569587
711391
579728
523521
373940
450836
103827
200732
464254
53376
979384
474400
58526
327396
403886
53902
227597
640969
33037
546727
627134
300473
778810
673839
607174
852722
830857
21555
366624
535958
564305
936211
763701
144033
459733
653993
111222
563560
854725
575476
133289
834109
49876
708167
677857
970115
762069
905455
127436
311459
968534
270922
128284
747344
944761
735458
116418
291970
273365
483043
344280
837671
419254
107981
498056
395339
761975
125630
475252
616700
701106
124893
967162
267335
833060
645019
753802
595129
66826
881238
906588
35361
152160
34873
299057
613274
286683
415476
421596
76401
414871
765877
430424
350477
390210
444832
745817
152185
570463
737421
285238
271569
862314
768752
55256
695374
930123
809058
806855
996950
206648
229796
548663
875161
781021
364072
4787
67704
779548
426383
660457
194419
192260
90881
61249
98823
535714
807066
251008
106177
60839
52598
894098
923153
821350
465707
134879
751474
274765
458086
264776
997766
687882
813439
872927
468903
693863
877714
52960
989764
820449
713417
700535
529062
804299
761784
627885
856365
568850
878893
962542
629689
447844
372992
69194
269194
838699
720425
20668
629817
178512
285444
627583
382746
615235
16862
851650
309099
410928
420962
298863
231377
134379
999398
760439
455030
761183
904676
827747
846385
299922
306641
992427
747766
679634
577973
16960
34685
298399
37629
664502
993263
839425
808437
376009
454661
825299
744011
280112
236227
681325
578975
983957
332057
94725
260748
303439
372260
165425
131187
218646
465347
437828
727425
213113
117462
305398
746425
152148
120149
784054
333002
629764
139832
141440
522126
110845
483091
782489
390957
719319
463815
486284
219628
795872
97361
480376
99311
469622
162153
746850
204620
627500
184679
932045
356965
818493
753795
103391
970641
390297
403797
819996
536413
543629
961436
58539
654474
960879
841029
561783
196550
821196
48067
416178
617068
145429
412907
232731
131403
575060
979582
336023
718913
164261
784420
75878
982754
54567
695621
469748
961216
99419
806096
497630
159400
283884
556169
330227
244763
913550
892010
441314
734746
456430
857492
351814
118211
270399
100898
249614
361812
80480
101989
80725
761093
886409
156603
260199
457328
368577
246299
418545
984348
52395
916175
143748
852631
472344
990327
97395
902247
398690
538709
636993
855120
396201
988808
489683
182953
606058
739297
544765
202890
841286
625490
480335
244047
298445
740534
217727
667022
503186
636272
167722
71933
552447
827823
924565
541144
818150
21960
443391
216840
77021
596736
588312
473222
101896
77995
172527
707954
333644
717292
910844
691282
859134
391179
451681
673932
648066
669409
857306
667604
305681
25029
255889
374481
852852
180454
431977
671002
718766
391720
404195
795787
988456
508859
785362
90353
103207
957889
314659
436851
191534
225504
644486
567020
133035
96167
240952
297453
765576
614611
481409
587610
639640
737299
962091
492492
434105
910420
679846
152872
302140
600393
465011
806948
625605
766725
413653
728812
240967
728313
682015
948853
953817
326501
515873
603204
939021
273178
417010
220949
887789
898419
808559
527429
635718
287002
536273
69824
197422
732471
739048
15914
332865
204059
339215
958470
970785
752868
203634
728104
481181
885649
676957
951350
728503
192830
554555
667524
982360
971565
888473
870149
869984
697033
913930
22055
500387
450203
91879
214162
699027
830927
230076
31892
551338
85643
506714
38475
838512
226700
766579
319693
112349
959888
271044
840852
152719
825599
24728
135079
313516
913202
521581
699852
126587
435511
721907
143326
402067
813786
357488
101094
161065
103917
649338
228756
189560
672404
783583
28072
899104
66515
347766
527805
26403
135162
885010
695474
477113
909738
830554
790629
339292
868487
490481
982231
820350
728741
125558
222417
542527
483046
839863
219945
586963
5553
965053
776524
194309
748636
804596
609765
331503
668714
137571
357907
803876
22581
53381
280989
932319
400287
587970
787964
785126
594804
770195
605477
323545
895753
344246
382424
378800
184110
118721
482115
706015
83774
258639
900325
348763
579588
26442
196618
764654
164013
554525
84883
702946
124259
882224
635266
40898
470195
939582
826025
581351
709777
431502
904896
605531
775748
803672
500683
476210
438746
982798
698578
38872
757790
115255
903987
853730
141697
100606
618384
305711
171483
703267
8657
295742
585492
160275
852993
572039
99857
679018
153390
325987
626872
574638
447870
918972
894662
948553
395183
333408
447703
610113
372281
205493
725368
276268
59223
867065
376874
193960
689128
548358
897227
214138
360452
999071
890765
213445
571110
990623
408815
240852
832962
35687
331842
280832
954660
226505
745737
866195
76265
193440
476308
448546
915286
718028
241167
490861
585093
618041
684821
790574
682751
98401
4712
559556
613824
895477
773001
701287
402452
698169
942139
751766
733856
790334
32598
204868
16839
778335
71063
609456
488128
63723
58003
403414
781751
299170
894275
883197
433563
95449
673771
632667
710202
194835
708575
324026
90312
997928
25313
9117
696097
967453
760883
429954
757787
309834
634822
290978
604521
222238
900434
92649
285961
474789
12415
67713
290311
423043
950910
240227
518492
141033
389246
228694
335868
97821
69072
942532
95749
94386
951649
791847
61839
228885
738153
335978
55071
889327
143308
659592
111565
560094
268594
397527
551236
281009
981592
357899
220404
448854
598126
255248
589887
503724
294
925755
601545
69367
868287
213647
163753
336289
5494
741944
565174
259999
594274
136597
149326
253934
796189
260892
814028
64783
174771
881616
862145
672715
239516
598901
121569
353994
854150
711456
857719
854444
637211
975616
923811
21850
705615
603916
358139
711109
345860
439665
487460
940134
576262
636787
194068
888804
414031
524449
469939
105154
406065
848436
294221
161933
447338
415790
32280
301488
643598
406351
672284
797161
381967
596096
819011
87583
716364
693503
315044
62225
649520
318857
518711
225783
471996
229132
630939
886027
753581
100878
507533
675998
465667
801754
354284
913005
217544
386564
730845
861142
792915
403129
174655
691234
515577
993666
295169
231942
687169
126566
810519
336690
445423
329230
78825
917419
558362
226116
319798
828295
843346
827331
20646
309013
145437
374930
222018
362981
761494
469215
740475
554409
872345
915130
245643
387922
425148
57165
136216
628670
183731
946735
481712
629154
275966
560537
546573
350680
786653
382723
178976
629999
210054
199622
455365
355491
90904
193735
234824
852398
662951
491651
923159
535296
923133
685154
439570
864633
742319
575787
493303
926050
38874
975015
71556
314840
51904
134481
181873
354909
517204
360849
501261
243610
76823
956626
115453
167727
150361
350277
536477
329664
358280
459636
381312
797765
661142
820883
662399
403462
913022
155702
845864
468248
647070
433773
783089
698974
568254
481314
53884
85459
358515
555145
845421
435338
28123
960875
119417
694836
311152
172246
24501
185785
148234
405813
983550
809376
743048
645949
729190
656070
318004
575055
640671
965074
8828
423760
180400
93434
421426
234284
695245
779941
305781
540667
731631
333904
501542
851048
28741
329046
539646
569594
31183
687880
975407
14734
497256
718456
177035
742799
890878
495039
834206
531549
976465
359386
471661
156866
452820
893087
907502
148066
673028
729636
205085
404659
579892
706627
772059
608633
552025
828057
694579
583209
515937
669987
114295
529546
388443
807682
272345
795673
819074
106551
327223
795539
465937
315236
468757
918757
208324
892612
583175
397704
622248
788260
318716
202140
11239
607127
327126
79617
435185
21705
179178
951122
208044
809825
480668
596487
617507
269365
908513
436581
892268
752088
748473
358205
67324
733582
793315
792000
626194
892842
189705
248442
197455
508421
966935
208694
631900
810413
804663
67085
832118
983841
18208
40163
310018
15228
153002
927526
284594
577867
880459
176862
329955
628932
51420
397280
362515
361087
189280
505061
253929
895337
269856
451384
920110
236791
176431
552011
563556
981094
619096
395674
481288
153656
952189
791306
168885
621544
235184
969831
199411
115644
663045
529367
260928
230817
442999
139795
591904
148631
644857
845834
43969
431065
813570
480431
184208
990001
32442
747764
487448
651539
143438
485088
321547
611980
792746
490432
233524
27931
976615
949287
659927
639661
995006
437207
870478
438005
577003
462383
586637
738212
824569
146958
169277
638139
627389
353485
628141
659832
101249
631941
827723
761039
117029
149270
889371
909775
156055
639247
454058
132670
588535
113985
288683
583541
551193
159162
537899
644548
137897
124536
899112
478818
787846
68389
116957
415235
938226
261450
591419
555827
893391
935494
833218
526772
601117
722590
436548
757172
878189
890606
406194
466724
520944
211230
566618
588489
886744
104517
233037
24641
745405
132149
503459
533251
716890
136768
948486
171468
398219
56258
727295
807962
991752
76865
334735
592869
315807
287635
866393
193997
694593
788940
177073
215537
170
743691
804026
886914
364560
553415
427907
109965
201916
447718
643216
918806
584486
108055
90274
499057
164313
333921
823372
672417
927139
674459
265287
242946
478446
648032
436943
173039
953324
130369
388577
469846
874060
708955
873112
238621
778723
301019
864938
980639
265089
508155
415798
849576
132562
22424
864985
296875
356346
204709
969292
799837
879168
750931
42783
357614
915316
996079
47006
384992
126448
435583
854839
508
660890
727951
755481
439613
545323
620420
936605
810412
644927
352403
176340
777489
374827
557678
590716
247525
762387
76360
47362
641556
343644
90146
515522
258960
86225
562528
643952
729025
514463
15143
245885
691706
259447
1367
131319
804770
138139
584276
131534
299418
936679
307875
593259
311507
865553
183975
75384
144292
776687
122747
785848
120331
212893
817723
379291
815470
896603
539596
544495
411067
71091
790380
102773
330538
308099
750444
135308
962590
334721
266843
778360
787752
91070
371619
615611
472975
71946
690996
617267
848634
813743
919468
968965
542988
253543
864609
358458
150146
920557
419305
561213
991648
726037
180338
322187
550489
447135
973847
513079
298208
757042
807792
85960
848112
179411
701572
837439
767710
392568
971059
616344
206311
890527
101661
265651
144070
966270
624109
294216
886827
559766
371782
878476
802155
68472
717015
352644
515607
690862
382076
813815
447905
189868
899776
812369
885631
117700
649809
653341
510268
620868
786037
232931
27747
887699
498582
688169
370321
639043
498737
773501
715161
870519
168329
517316
938992
885344
386313
970951
576206
284741
784767
540463
990961
200895
352833
392944
318595
2642
46286
345215
139862
348675
94498
167609
236374
593080
855778
606696
748475
354515
896549
463636
741387
64878
497304
196731
950222
399969
167682
42780
684710
468801
583244
675671
186048
936077
68616
20995
455071
631254
366210
594933
979929
460708
278894
732656
570140
651024
855704
834967
521891
752253
814955
263278
817131
312260
976361
283705
712229
660396
842837
913292
129197
942433
105315
831598
394862
173931
852593
849933
321537
218804
961218
817819
195864
756464
550475
282357
407488
406179
117324
929380
158432
932280
709010
491915
760892
685372
291972
989473
345768
134809
902765
991317
593595
8081
822915
988457
698364
675509
354743
19902
410665
315961
837721
122881
72426
904548
921590
996266
310727
555267
925646
985511
487547
634657
993778
764791
320029
285750
754264
182149
936911
657030
689818
530506
665111
29086
518964
363475
220947
873707
899729
631612
706020
253802
270845
294798
158350
192436
291065
469077
747703
216711
970940
751602
367720
964718
32745
204101
250468
787009
386250
703732
444039
592421
750590
625502
621507
269554
505330
842454
659613
405059
990418
881986
658862
261263
176784
817212
970051
984201
802642
234106
200913
773582
502060
84985
738301
534805
289087
505121
838167
191689
208853
798558
784110
959444
424061
921969
745350
445743
764423
921316
850802
754841
319654
26016
532457
496438
359581
18860
996992
162223
252967
714257
452157
271379
799242
706810
806185
88329
211932
160704
796371
937137
959262
96833
412933
383323
18803
674636
829066
299578
112304
196221
570772
431958
738589
103229
444748
98170
638441
441740
776745
407760
155997
745255
679140
955240
452065
1677
559921
663997
162381
356292
117487
121643
969478
530420
21319
988281
721408
366737
287859
833712
562958
858631
265670
301548
478212
710419
916070
116654
152159
209168
524414
824509
954423
719906
779749
406488
237935
856022
70486
400316
728667
704325
38312
698145
751097
59631
202778
472506
426368
490637
306218
989327
865621
88241
807227
860185
798660
239649
976839
467171
448817
17606
291680
403240
253864
587781
809729
491800
443804
396567
892116
172471
617244
930428
386968
368341
506411
589746
840847
932780
80383
663418
438459
462356
751659
762038
322542
66671
1687
815733
533842
966857
349691
341875
370097
603556
929656
696178
95356
889812
609097
503824
578635
226341
950605
965603
111035
457016
555349
951882
906148
152085
615300
344607
130793
366959
622997
453335
949982
624685
785421
483825
591542
135112
342052
477991
738668
788060
690522
350376
677873
299619
370553
772860
42313
321158
738464
153348
294526
810165
621582
200675
962250
753235
61634
93044
636546
684632
62731
586529
825669
848152
586706
933563
983265
928758
411554
238285
716818
102076
105014
911043
918048
475567
683904
476713
313077
938720
146413
607603
748885
767995
324630
227488
521230
902617
836884
157777
103601
899615
744306
929270
747768
331012
862833
247385
776122
790739
2022
492940
409168
107036
920336
843568
98955
120592
320281
412032
59312
466694
535988
324549
751041
376970
552037
272272
795939
388921
946401
899540
804889
690707
828810
69009
538071
207995
316394
314193
515087
834768
323485
924255
458157
243821
767823
557112
880765
604456
485497
940077
587502
537837
780979
338543
431159
333016
127167
227099
238290
73568
126639
43179
280627
471802
112188
335050
679797
944934
649243
194884
296054
489081
635491
754211
732902
919666
827676
130020
524122
313173
70097
111624
367362
367428
966520
798521
216797
93687
541972
455087
683608
668612
14618
480587
656766
643158
815638
852915
104444
464881
47800
400498
953962
199643
154710
203217
119310
982386
333237
159784
811911
919686
787761
695625
287115
754281
10498
20264
364320
552471
475351
564280
737435
6321
44868
394201
165831
860506
247116
270275
841739
811268
187125
795702
527264
341835
515271
646574
840573
364860
806358
168836
284546
110471
864461
88013
864752
874960
108277
745425
427431
99980
309705
164866
622653
354573
75419
788484
215079
838887
575111
56819
650156
762237
368873
177420
620424
884144
340346
460998
765356
663056
146186
49902
773528
10648
654268
638280
885608
278897
900057
829391
895230
209763
510609
517883
564336
586028
822720
295768
941267
397831
868939
591423
676420
237812
285195
296845
638308
141893
274195
403664
804950
420381
969918
578478
947381
140538
733110
832989
419436
633168
178732
314666
359283
689341
348901
439971
791721
687973
735739
732989
602157
604678
840764
278577
358842
642312
91774
513502
784205
365969
433518
589155
302703
403437
683985
250084
60327
933448
599426
479763
566616
294510
310781
442251
983852
176035
882222
291925
864008
134314
541266
466165
255344
898383
261095
614187
540695
352869
127689
324900
718839
77560
430408
537894
480997
114393
304330
541324
47841
903756
537440
130809
714619
364573
89412
214823
540608
971635
506748
920969
105949
564367
903486
361293
462750
164581
491832
3445
517451
135874
844697
752642
213434
275105
290536
694431
905851
594866
752107
470044
14975
805899
117206
729594
686825
206618
944417
743785
178253
967517
664754
800554
531884
568241
678200
510986
732822
170032
514431
250273
305906
875481
519267
519340
666938
809803
730123
89141
921022
998583
559186
452349
804482
192744
698295
7659
399362
159064
751445
93968
126581
416199
410874
174818
500792
89074
685804
233615
259107
716588
240
565013
108421
519508
600706
775359
845663
330829
380853
283037
845764
456391
735386
166599
649135
433681
174258
564849
592745
925703
175169
235679
341903
586044
926849
842695
675118
129005
592662
934225
845593
109255
15591
470366
145115
616297
762078
990778
463478
142931
273816
309243
599322
525554
475842
248457
475588
650100
329658
584685
92156
504828
820364
434059
90872
263565
793106
765990
392571
902121
216568
754516
527728
748511
224883
672843
364808
986961
179973
344638
646244
453789
170233
245566
495696
646075
10375
971284
812528
340033
555969
904684
844861
892686
855095
452085
156251
164553
734428
548822
583026
950996
819691
110754
215859
44574
783597
97019
547887
963571
441657
194131
933712
611891
956049
945760
774318
966424
917044
103198
822809
989366
524234
184023
882052
379329
152460
554655
60235
886888
619830
159613
354236
439521
270368
570095
447
570317
667114
548334
50240
108772
258817
500305
237015
214866
446065
11333
697642
879462
630884
36803
385180
155118
737178
267232
50800
889639
338239
627387
776527
958069
787000
130764
913942
57368
217211
914389
144038
884326
979075
194278
509450
754244
210935
262817
485462
173353
790502
699456
52815
421386
736260
437995
576505
473438
221579
627305
363077
76170
254692
655957
550592
558044
786721
464534
131765
520284
895276
275803
404610
874351
986433
430412
628596
197369
693229
630410
887074
483732
329867
939889
421470
66127
894236
997975
55917
632167
141632
418995
708337
912676
74952
258929
470721
378025
239816
602486
414661
135092
394641
819272
9443
381074
766036
154391
94795
975618
784802
981869
975702
114669
438110
397172
697148
332346
911500
753065
480865
569484
688412
189203
482161
279716
964484
469234
657741
204300
588072
72403
339392
982713
408027
865188
880139
690415
535931
491287
666033
837085
473156
158087
468106
427619
555260
165254
276317
983112
434672
757183
552596
123084
946386
551109
402801
910870
20343
576894
631523
608415
165649
970915
107480
90028
352455
987620
780444
888387
478907
962829
725472
468415
637269
193579
412386
192529
875185
688704
691993
309857
445887
244589
949294
908625
795699
352095
335847
332394
445341
967370
940810
610991
454638
564642
217371
807093
68614
514167
695480
63873
993349
937305
532289
630618
130884
461027
339499
6069
149731
31492
832279
595618
276081
781573
20595
588132
650020
356443
920527
95361
840165
377689
222704
294803
942331
956428
101897
10946
470595
313729
74819
463944
251034
123460
610914
381918
584488
950413
904340
250571
981905
252971
846190
774339
34544
383137
362471
200916
739580
799350
812629
579746
177039
551686
390901
635723
508114
492798
646669
495061
322880
237840
475358
573914
877653
86272
472185
978493
36686
376525
229064
534943
145848
75254
825634
180392
974744
188106
897660
714324
503808
710289
810422
680848
261975
717676
832923
286441
726826
479592
781503
49706
233784
256861
623621
111437
859485
95806
89930
412523
988683
835347
947467
134531
426953
773101
831275
401697
477559
728935
632374
497720
955576
959148
178568
733904
676824
11491
20345
403651
7435
318200
453357
757571
91413
593330
385361
950899
205488
991643
363422
194171
826990
827241
845054
253944
116695
676329
655641
110606
921616
288015
608326
877193
247164
303246
611097
440340
831089
147794
843991
838524
465995
813701
112448
557408
923383
497809
508307
128872
489452
388082
839395
832795
215323
684450
86739
848370
877131
258732
958977
798748
63100
567303
192293
826616
870550
803390
266956
217991
951184
627300
572868
933531
957353
685316
490940
880736
183125
515599
525960
188929
903681
365356
538076
635357
566158
624815
483727
443289
399900
442704
242037
463000
526360
434330
289616
913262
754072
556572
131253
221609
700224
704121
155140
657577
389437
646080
54666
88914
161680
580626
794196
581713
945982
332272
217070
28492
473440
217150
471782
873340
659854
230171
336340
702566
664502
142308
615828
934926
215232
263434
156535
915457
967555
311676
89386
873345
474108
144052
478611
152140
724679
789159
250206
187013
637784
467276
215506
111224
684426
687288
500916
860633
917459
353608
79551
98313
12268
211732
549592
227500
475166
706127
659309
959073
534155
748696
348770
524616
892748
343734
193108
133779
132893
443314
837145
287029
426943
52651
914605
111369
256291
415521
488354
690102
285481
84258
304768
297749
295990
854360
41602
287508
76839
700911
246581
610995
965959
111704
651963
858708
455438
845071
508839
104683
288386
345984
391713
715329
914987
822670
343050
171278
238192
347757
861381
40025
432015
682501
854127
244357
536861
895729
531865
613700
596640
294798
741047
562600
922854
393010
937660
378292
754434
962851
999328
42820
308836
907393
274501
740175
730063
133903
911454
484607
998012
289187
524633
946379
971688
378760
190736
508549
274489
238953
638601
387481
50104
379649
466433
972958
772659
920445
867603
527093
883297
866931
86265
708485
774324
877118
448660
20739
527374
360114
505347
525386
165653
29980
471766
137341
925092
662502
162242
715933
417808
800844
103414
467912
696845
86200
440870
985856
6645
308473
29302
889942
691756
631919
598427
466080
509038
47088
3172
36412
923554
508519
561798
89208
54851
549916
742901
979943
212419
421496
212228
630227
738692
831994
614491
435537
918194
55361
937745
924840
880187
967047
814782
571943
598967
929562
38024
624357
493002
557548
177121
416556
66067
255271
22116
120918
805188
281370
617213
17607
219218
345793
164186
957910
177787
295029
909799
95982
350390
847544
537174
230577
330944
351956
802521
446263
797870
356897
70620
290872
914445
247741
223781
496864
19364
762249
134134
824552
43619
267699
358511
262837
613492
39049
737099
791279
334078
163250
403613
684469
10795
940787
431398
858091
809096
750271
304354
606966
623520
891326
897839
54317
655419
637972
551181
674783
400221
685315
499336
443841
953014
857847
223030
566506
896897
960130
874138
747327
123380
794103
948148
650527
734891
379547
24970
543987
646170
845676
667305
269691
737002
81496
324008
908773
719468
391542
583557
119690
76857
599245
563531
546224
973444
302913
629082
386693
779395
19572
134021
419128
813676
82169
69655
548567
978068
94626
608906
140591
456654
276211
410282
193657
357708
250642
102430
593528
642184
202339
713218
235394
317936
793101
781618
291381
96015
927052
678074
875410
946625
328447
294538
760301
926969
880546
308868
421389
491524
434126
561980
948178
226689
488614
658187
100749
255609
276970
694278
414145
479309
407496
649539
797246
716950
947509
604979
812965
874562
799405
204727
821187
644205
15618
581488
571174
896164
406708
992563
904040
357186
70896
368570
583875
559510
26758
200977
331471
303728
895255
745617
299389
819103
395156
96635
536053
859018
217966
349018
733580
17372
70098
71119
661577
85716
168959
749103
498232
92019
258018
918624
449205
328914
287194
549432
404777
830304
750409
736248
134032
645664
481865
433422
464768
393374
46409
517173
768744
264376
382544
18676
798100
452642
89795
976029
54710
775106
725132
69294
867125
983150
987918
316330
828417
791464
382114
233194
621769
132524
969442
272153
294540
967660
705575
275660
877386
268337
792834
646130
49065
175378
664806
847165
144372
270953
339546
199082
46059
64678
784728
913184
564180
288998
745866
392597
80462
127980
625791
218583
260504
111586
490737
555045
79246
196312
830705
956632
981001
139891
119114
30066
315269
783920
393583
975993
54873
733129
175075
617284
797807
476155
530468
878340
765153
276334
270937
845616
404314
413081
580551
664819
524667
71288
736216
120265
783953
83273
593249
764954
223165
712363
311373
54786
12635
704956
30780
583860
438086
722207
201144
752245
198363
731612
630585
963516
524298
417875
325484
928612
830956
906036
109783
355623
493676
362351
475888
277629
445625
69137
558936
185142
297852
870309
239928
310487
575265
787060
894347
529703
509268
611843
281949
223983
343455
912534
703851
867753
330409
545688
312717
161365
968076
938853
33340
461752
301204
25580
255734
746829
611069
814670
448323
908921
201331
204604
735760
776596
991664
146459
306300
17284
758302
104601
241267
101757
17135
461471
485862
863897
7159
314932
541614
975235
253785
91307
436987
554989
116887
209073
818171
727957
23743
782846
153230
225074
987450
888991
518023
979115
35450
340675
996399
793753
445276
754019
411862
978763
215490
414077
842660
222649
245361
900627
714236
499146
991934
151223
570487
625173
876649
905010
869482
900392
687857
22713
641819
675307
911704
676194
654422
463506
16869
167174
773611
978497
437545
701826
957260
653035
632255
316273
392036
877616
216900
106272
893114
725186
773847
463601
350359
650496
884964
219842
550889
572821
758907
709060
248128
186963
901606
418903
650469
918475
102429
940433
413324
539974
158611
370584
709361
790866
686857
101397
184834
420109
207669
77948
145295
981516
57901
12007
632013
942865
748201
699254
515686
507108
924666
280167
694071
826272
215422
860892
261099
317851
317677
674423
374177
476288
561359
83538
267154
248217
701287
968340
184678
908956
46288
846326
406824
104190
858333
555189
563407
122886
770795
79094
629994
211813
875613
840417
554437
91035
217661
815536
925238
535339
6311
299415
11627
84023
899305
795134
332240
600592
763474
33270
25900
326115
879596
432724
946657
737929
504266
510064
377167
791413
105510
523513
3227
981123
363930
557664
72158
97944
889553
513748
633283
412216
329515
161262
496239
228820
956396
344831
345764
236223
378102
371664
562338
257698
320741
508995
511980
341359
535411
889147
132772
640922
412661
135999
622045
292943
693664
210556
390887
99569
724304
24170
511785
570172
701785
8025
798992
658181
352856
661109
410756
247310
32773
489446
505009
869866
514793
16989
211225
50205
422488
343998
691127
835149
996349
313172
644445
206365
40080
35332
305934
280737
575855
334072
850909
277640
858449
649901
452173
211305
827362
379282
974968
860136
868728
479977
246354
383522
13318
973932
433727
435806
834282
641206
787308
830631
954378
431753
36997
510811
983437
859283
791548
559292
193355
642457
353284
568156
808710
321810
779462
636073
701092
270782
12561
569820
750759
258915
953342
764077
232847
903421
716235
67129
544627
503543
414113
15358
451648
967462
526169
435086
826745
834069
510730
536453
476526
864015
104609
801588
185825
400423
437661
403269
671205
966574
973089
938316
225490
442784
218745
974689
862557
934981
558171
407185
954876
972284
938895
406525
939746
981416
841611
282843
815485
868693
335648
808363
732708
956610
126303
434885
873385
563965
838154
60943
46891
327596
999259
788733
770380
218005
763423
149289
669338
837946
556474
624214
810230
11721
30739
266328
993137
388702
65523
324974
257396
917524
649689
990104
390486
775993
941342
263871
856310
295848
324814
903201
623444
840426
691935
910176
574783
971710
59466
244121
809656
132292
868335
136238
144014
899075
918918
653503
287777
500793
494830
545173
418317
144519
51630
808803
436864
509324
589027
293174
805172
913841
712728
944969
270619
921015
855145
845402
892725
430963
89523
218733
563256
957859
871323
223622
373286
790241
393477
177415
807386
404659
238941
742056
65531
806923
550859
502395
316247
656238
311922
637771
86432
24650
582740
357051
945665
954238
202454
354742
385201
808329
573475
464809
766188
961150
204783
655826
751391
114613
833242
75129
519272
72183
817185
584803
879106
884397
603551
711705
540635
915473
349476
627067
940123
448569
984119
402140
402807
702925
756882
304360
511254
846709
285522
793795
807859
6657
449621
75602
121270
282863
667083
640543
871398
484269
741698
750504
368666
345249
462209
425653
777074
328038
52721
233549
776607
553192
635689
695766
772469
908923
516478
800075
271984
802000
593870
79843
808658
559844
671797
446280
359059
338881
603175
230458
339502
344874
497314
708168
206475
475876
133821
983550
803914
702894
217099
96873
772438
369141
792639
61259
278064
825469
861335
550049
627470
455205
146244
952480
531401
334394
398760
890461
673275
1936
120919
12777
863162
618233
237297
69637
94109
887470
569539
414375
106717
302991
511248
879155
672132
820239
940415
466548
645709
318102
16597
789531
289659
679194
742011
821061
13588
657123
711522
203215
175411
832441
732344
38573
967026
485993
624563
577488
373463
194102
991863
996532
13445
503112
392040
685577
839703
848807
152126
485412
166909
685075
274943
456568
880621
533306
277629
894209
190430
989151
613776
365841
337944
346120
404415
821323
348465
545330
398811
721929
739432
907026
718461
752878
926490
626853
954807
766194
475660
623285
251606
642569
824713
42902
615490
705334
576208
893119
115896
766638
398623
729672
648832
252919
592145
53247
74242
940610
598577
989405
178891
854361
896432
413705
123591
339274
40558
594751
105468
516219
218036
873427
675140
42749
916329
290630
748084
8889
700102
380332
775528
98725
110004
424360
351644
218501
993959
942239
675464
108888
931644
854355
479601
344428
784412
603193
683703
824971
197944
305523
857542
932332
178950
49034
975082
611631
339665
239518
620521
39767
619850
912401
654844
246206
336761
522840
981060
847072
465079
656524
955960
913076
510879
951913
257504
295292
555106
457559
636615
269402
763083
494157
718087
458385
59543
209521
70017
399208
449039
206890
955327
585241
119291
610171
347799
972404
133012
328859
819476
114443
985383
291788
27519
12615
243701
801376
824259
315160
258935
977226
100914
538370
471383
335353
996756
47278
544874
583125
446487
510265
790015
918166
611858
909306
528338
959658
398062
177702
288517
217538
292145
790253
25678
836017
319220
785731
637393
143479
617243
896328
120705
718158
434699
108440
53511
947807
155718
114738
530932
118557
625003
837299
36724
236862
262957
81414
712872
661019
775468
1389
394909
583965
307994
420587
419982
143566
206318
57375
287045
339914
470056
924102
58072
421107
548894
627935
368914
220965
259025
416198
855874
884029
253497
408950
637243
516454
490364
350115
177473
782184
867856
572382
366150
175851
509321
786132
319417
231991
359860
122815
571905
346268
563269
146329
767375
628516
290617
652641
365833
549642
68839
221707
950023
322336
630658
587266
355142
637374
937381
532615
419559
805238
621349
302061
497441
647022
88193
333210
395365
964405
972377
967271
310673
51999
629952
594400
196867
920569
247041
562700
986564
315880
300759
936587
154568
447769
523854
509710
85144
977587
558677
21055
782825
696378
323116
796618
859752
927661
646181
255118
408419
618558
738741
719092
670557
885045
829845
867424
321967
76886
946476
308531
909119
247236
245118
63687
695005
285324
89750
296501
262912
164779
317556
562089
861158
157024
358708
237262
84686
4889
492380
493105
139799
747473
728549
326709
632519
558394
710485
954486
151633
656962
263017
60752
420550
24487
640791
115555
826164
730541
928409
89076
895321
245965
167517
272831
919342
42577
26445
4028
563818
518826
13485
703618
266299
258386
546679
415170
333133
257164
369656
484766
430478
149025
545518
367380
173513
186309
999288
516029
433203
927697
605105
844876
690014
288974
634059
609356
331552
660504
129736
895370
695682
659573
115340
961982
917960
662019
893504
251093
435536
263161
252211
382366
412186
797729
749747
102051
500390
749035
618080
449945
193084
739537
294821
883098
28512
928880
8807
876416
105737
138543
771786
801419
314469
403479
279753
232429
65498
173258
999874
17386
436419
252085
399753
364957
566166
665852
983361
66556
931239
601441
516502
124323
857331
327675
523773
402195
772908
532580
278611
878645
187476
566749
680064
501945
970228
959818
250726
552079
133076
766952
569465
85847
19037
485570
967156
585203
667774
950517
168111
599013
551959
200965
239688
925642
528641
763462
327837
301549
812394
122800
180194
516222
689549
376610
534519
176130
852780
301597
728209
502208
68549
814026
588055
603938
299597
555212
705493
967371
505729
873605
82737
574040
74570
322425
16034
119563
602239
343871
421112
930986
983023
117658
963560
672573
10621
498080
365055
863401
316029
93264
365610
384579
907290
470017
988517
723239
541581
694011
206963
563663
83968
806052
654055
674890
128477
670090
794454
247069
530313
731918
694407
513337
365929
657967
702262
376550
672399
67317
756303
988429
676933
638265
889360
100575
108283
877877
823815
166216
88240
547130
729879
172208
353182
383935
363451
998011
570377
674257
761432
100690
922527
455839
130379
288456
630159
832641
181358
302558
899958
937662
807339
576891
575927
696699
677467
200562
90929
17634
366779
179169
81116
613010
867730
950650
513297
231181
465013
83674
421790
226446
700717
344317
198637
831096
632774
345148
663738
330484
164059
80048
268146
971398
173292
360426
668098
367111
77340
759027
901097
960471
454548
982213
573482
322278
449215
86779
69811
914228
686806
7953
657026
903875
352271
372016
734971
501397
717164
915061
831881
881223
511462
616380
368974
684754
976806
37072
568217
570498
312451
469314
530970
766999
967879
104452
605630
933446
707583
191793
847674
910741
199747
21053
814616
552018
393069
65940
53415
626585
981001
401648
24161
8815
18028
393135
693569
511186
430207
778138
81685
259010
763804
612655
542361
731683
233459
664343
665129
457394
856137
29156
368136
572236
566561
182752
640606
959630
248692
210373
102567
746046
612021
126728
754861
630050
519863
964783
141236
466422
259273
739273
241784
23078
868280
784146
271113
101739
448489
936243
75486
820978
481751
443622
393214
48312
142726
33820
524294
907771
244193
626861
653817
856215
269942
925030
2617
306157
406165
660205
288932
181791
399479
530716
204869
784111
831214
475982
402203
279704
928577
477689
100682
410328
921311
10249
458640
64037
560421
982934
971808
804615
126148
141977
177182
396090
583360
696151
218599
505877
356356
507531
687668
272187
38248
892537
56299
385814
884872
458502
665518
813449
936191
282553
223778
373854
809154
198770
954243
369575
698057
442404
690542
824205
584381
384076
736647
684093
80227
471598
706323
436584
979130
393991
225123
533730
802881
281422
919544
687753
256276
101415
501202
708819
900320
241332
599025
709474
440103
553269
79049
138160
995673
285944
478717
96406
670020
731716
780500
750248
203314
486823
703184
182444
397166
928307
232526
200047
726082
152071
404152
498710
769838
905355
207530
670158
663039
806555
379632
103142
359824
975033
757654
871849
260977
752723
968256
447350
484439
265108
197598
687754
268283
900782
386550
665449
345441
135429
381849
71523
803852
786001
570234
573690
207708
294116
243848
387100
100671
139832
490242
976848
631217
764249
365049
408547
516972
333305
855897
517764
114765
569847
205518
383048
986981
108420
564850
332422
243849
463051
403946
47701
765404
490532
137743
973113
784648
897943
876565
401671
554127
883159
378519
701697
647408
259921
110244
680733
593226
482493
198497
224344
52340
920367
607392
555673
545139
688594
888095
788989
151645
292041
353042
917050
782573
7138
406515
83573
905081
283080
485245
459209
166239
380116
160906
330000
640037
787502
10733
749616
786347
725582
973960
355039
645949
97704
910712
191088
786299
798807
496429
937944
607201
365824
371346
906126
372962
777861
989700
278043
60941
474945
253604
743533
371413
930862
589885
11451
718364
600618
761067
504711
842552
251379
859750
488501
349083
770462
195941
651734
569270
208723
589679
176471
574547
961025
598949
463861
255239
588649
258256
832532
579946
511861
576065
951360
442723
165950
962811
677440
282920
240230
698503
125472
7961
558254
130325
357044
845068
842619
8779
930690
51342
114810
623513
142241
592187
222463
122454
847426
811112
380710
679959
391059
408923
772376
858771
367999
454679
821582
45439
253951
578164
743942
895776
586125
818548
542453
459521
179969
385072
984652
627011
952766
615814
250525
611359
208002
989340
733813
571780
316804
114524
768091
224215
523447
540468
82986
891446
511499
420920
453237
281802
999084
713532
177578
101561
48432
236384
77435
228401
621456
62087
855413
90575
677902
622290
701934
402256
127982
435748
974036
444786
66624
742128
669002
590071
798948
751988
997870
826799
689261
451107
108601
688345
164639
802532
306259
729424
38916
383694
957825
176724
962133
329590
267299
640035
468232
485586
42291
596214
921334
532680
41001
987958
274808
226355
94381
73756
978343
608603
900555
667604
59711
525508
872302
740702
328040
694913
470126
883308
78607
944304
60033
40740
273894
843684
197128
258479
329270
755771
854693
766956
288451
412046
271266
79611
638401
365648
153367
133097
974251
570274
317053
550314
612135
705707
807369
456527
400620
277495
339836
995579
738151
916221
36320
528398
276257
749800
786877
605528
21923
157922
372484
310375
569969
643751
389986
208370
525751
59706
857819
16354
146332
174873
83021
758467
880580
890390
731347
281201
684237
71183
276780
422389
503756
829452
950787
780013
95604
737664
901893
117528
895586
274378
944255
981907
434481
334241
190278
476584
910299
564449
9290
56632
739322
92311
331451
136255
982701
62798
933808
666939
650333
726940
89328
670441
72745
556467
450455
168349
294131
868700
802229
706069
659430
746484
687977
610263
597078
394607
86847
507377
959056
96138
80361
698379
704801
928165
350986
687503
990963
284794
870794
157649
11734
476474
828090
600831
32941
794897
769181
843424
663598
87762
549493
323028
834247
237470
449644
431325
632077
536491
455054
107486
148981
535416
322217
853783
463581
673203
57638
970896
957997
928432
128545
486083
921258
472988
86915
954199
784237
372448
797623
447835
460210
863468
287216
810809
617291
736860
758486
249368
789703
213541
873206
455037
265309
195423
308820
245242
868626
882810
732490
342975
327594
377388
345411
248852
850376
948678
719403
634613
837478
33378
598801
297688
896846
402369
624850
514137
655581
383336
279858
961636
113229
153064
416673
378538
348488
241845
140132
733466
124655
872623
76442
452249
250011
938205
701101
616739
886883
936856
251352
724361
970234
366505
538401
867081
285226
163251
897570
940807
546588
177428
902444
659817
846845
835469
554708
195333
77315
694840
445151
201970
567463
521593
654220
333826
459798
871673
950565
863033
324882
718270
587394
295116
84775
125796
678549
886354
289047
576120
827161
351987
753548
245957
528157
600393
81427
82865
312078
158742
294057
757230
877064
377873
795175
47636
711699
254974
919310
662265
634359
244192
380535
221754
55660
981662
863902
734210
868016
669301
310330
211530
21289
580230
973839
65798
180624
55266
665015
9054
730360
959072
766284
607425
336945
561460
655061
48645
332786
90723
227262
967145
851267
124149
705251
906928
105811
569153
157490
490180
238455
467820
218062
776096
48050
191901
358246
745026
763520
23261
754081
10232
982333
520365
134009
835631
598177
789071
400628
447315
396146
627890
414461
763766
752039
636064
187046
374202
205218
344536
380734
960025
328708
598796
252473
376758
790698
610719
638137
70570
633980
392218
80802
132665
428935
214812
968296
543465
520235
885276
990780
916381
513166
921593
196499
781557
557658
383545
672112
279228
244433
569198
755605
573141
167995
8078
466252
475045
618797
620741
545615
252777
12959
626417
385442
958246
841229
870091
18063
361464
755367
8844
794198
784886
446789
507049
82795
520799
406947
271259
316379
651380
840458
71984
740874
524805
80062
723478
999850
698859
344219
545465
467988
873530
688234
853431
348128
45816
239874
366192
407280
511593
891388
717830
812831
854529
741232
411979
375329
148179
683238
691708
315911
40048
763693
56785
564853
360107
296615
564703
58967
640834
626520
526955
30716
831107
896738
378845
876923
136612
261389
800555
164558
152777
518386
977389
523658
259618
389368
898987
924149
588959
107048
240060
629007
387093
813198
710213
747200
109813
274916
806167
267000
417789
849475
297716
248896
746213
676561
125819
399178
454302
442726
563736
123431
961112
57477
647090
737082
963198
546077
177583
552157
169477
417644
697516
556570
230842
407729
303771
857007
198998
626290
124007
616787
475765
421724
382035
738331
614637
24206
137509
68940
466932
217597
192371
944397
275074
839461
197831
754624
901891
375415
306781
587720
309411
4298
144291
56605
412027
964414
913612
127377
590704
37620
744164
582822
459344
642551
321153
590333
666757
458662
659273
650042
676259
367997
594439
467685
723810
308622
222310
142053
684037
45443
729774
509800
566093
874065
566405
494473
838479
480018
621850
945535
517638
882367
528357
493334
524918
849510
83667
708028
308172
259293
358070
500783
627290
468861
484821
867452
777483
223483
9506
977873
785278
739280
487673
351372
613345
54079
362197
968176
50449
984047
913711
568087
866414
958421
577773
907685
807931
177792
615713
632456
437085
973783
649591
580727
442644
650764
448180
220127
390599
457686
714352
175878
713318
202026
43602
843015
256105
922151
811191
306554
906198
241254
390993
288965
199675
485118
713002
523959
662910
328715
156415
99996
818850
322358
680723
261494
973123
645255
997973
363722
619293
228678
55952
848963
430704
615906
691978
203161
538057
19521
26067
960608
260776
417060
249573
976803
902178
962575
17114
565088
807642
689881
181436
626492
12240
378512
404338
501715
540119
918663
381789
159413
147341
437742
8376
94397
570000
216707
297558
108058
236228
323625
68666
13356
257037
834591
506512
675567
313518
523626
757008
637512
213508
938444
264004
225748
833308
184694
727463
373428
619709
109252
49193
767051
63346
573921
861448
633347
790628
675359
257757
26857
998984
326423
556565
772374
677366
63077
447941
507236
586704
204949
144748
800212
659746
925104
25960
9406
109798
269775
382834
729507
895379
948379
12910
958726
522301
390711
108425
829281
66070
366182
372490
581406
208957
929056
353780
886323
992133
318074
393559
578837
39375
54659
895401
215473
979763
437713
224880
605913
707488
124066
335420
602868
72446
864683
77946
111099
771746
186371
940380
837816
68905
312871
935574
277862
241927
289355
680537
750412
123781
590448
329250
163156
645107
224651
378630
624870
662365
603510
230783
886205
727576
82555
5425
316374
463590
83371
427473
235336
786094
884206
589504
854999
197077
525079
132861
955356
330786
813398
705768
454567
403846
551370
617723
565305
292374
996353
706527
954739
116215
453662
357296
360144
536218
362722
192870
516160
962445
620344
751497
748540
20902
857353
119891
734331
382432
769105
689687
713218
98855
911807
684137
19054
979530
301861
584359
271904
814566
290887
742995
447134
744549
100291
323630
797119
979365
516500
829632
941811
136844
97481
206703
157746
954834
842946
892077
337267
612051
98116
566837
710907
526276
250975
246313
505806
69188
830672
294062
400106
637911
37057
363592
382461
653700
687222
695932
633066
203723
525564
91229
856919
623045
814284
14666
577880
657230
423095
431499
269282
37564
514688
496541
80192
282015
259206
585998
867555
89878
880060
267662
244142
433469
631254
142955
87169
834829
838887
236587
38552
880804
327816
895471
503849
658452
426489
598081
315683
365937
545932
101317
403501
60621
114210
483693
858988
373416
586043
726544
979646
982455
510558
223788
415924
658164
366743
19445
492993
721983
256033
531545
602787
100201
427017
622988
758654
369858
737422
590689
735795
283354
692006
655648
860327
322568
655693
719316
695984
241736
962212
191982
740543
472770
415771
156467
130934
298866
692265
140280
537201
464650
188177
139988
564851
131546
279329
839857
501405
16751
946898
237200
300105
155256
892849
160433
477824
548542
396101
690160
306631
358313
882143
47174
831083
814266
719994
478369
629484
412259
135001
166686
393261
323179
823026
474464
454725
102355
314322
956130
119106
777572
709683
419212
932829
602532
95997
410653
667426
492098
100814
490409
366763
499309
537584
197846
829927
773930
192567
459411
702541
327569
626097
95802
167100
449124
570266
621825
67831
400940
577956
186938
178513
287639
122502
627694
406523
218499
38347
590301
226949
655513
80711
593712
671174
134647
307910
501101
908577
16829
960513
127470
860750
102962
739624
27850
68438
309890
649676
136270
227183
227632
323208
922048
31623
445710
549742
438146
180561
104441
28447
407510
759955
625510
517574
431129
760157
825484
932231
185086
842313
409096
312556
703064
28410
52180
730914
96849
878423
896942
233119
621958
640926
72679
544006
672549
34741
93748
627047
731654
198189
171847
655516
474496
797357
173090
421978
73867
998574
870561
258953
357239
279657
87862
576655
308067
656394
823922
921268
534817
720864
670739
156775
361791
743418
217133
34340
294511
310881
177740
26165
25423
349587
198033
16271
663296
371123
438249
737163
886049
308810
512469
243289
104819
116683
336296
929239
773077
160218
850507
307895
881083
521247
981022
242874
781017
198156
793566
591881
25389
971306
134398
567164
837245
332432
583436
16894
219907
21685
270409
105957
846848
782878
865598
951667
899561
201894
880906
188991
878465
247766
13238
759548
285365
994260
518774
582734
708768
312340
174615
734158
799999
825366
817674
153596
674150
401110
170490
894057
939148
440900
14
785996
740130
381964
254015
156044
100211
651274
345035
978676
899040
358273
738224
700757
868885
773350
283491
577654
602042
974459
828164
402041
799825
645838
71990
473975
563301
242480
884384
502449
199732
400751
288445
456215
782715
58812
612259
882926
710086
473646
377954
609126
831919
632530
309883
217156
405880
109727
311162
7923
84186
139326
926316
884011
301517
998306
874338
864818
757139
275074
883619
956871
675825
688416
413086
458541
747228
541697
857819
457315
15343
235774
582793
363614
384656
409029
580771
790537
518756
408285
314812
602942
547612
241128
3305
365481
239435
393995
746651
996574
669069
146622
469797
344895
835038
399236
319788
582266
940933
693959
555933
956277
446085
138727
836243
830742
547756
933366
621279
582864
341652
936091
185806
405616
693571
189111
771097
449358
99458
34100
962284
768527
180722
432082
113422
15760
831318
949562
114378
288603
643522
186664
761232
89607
841743
597476
920349
905851
530842
57980
488715
388846
510423
674521
794462
203995
379984
81911
653353
479442
116011
615638
764321
813085
564072
394096
345197
395390
343658
459576
200345
987180
162592
961578
593140
4335
75406
513489
910186
122600
87822
398901
511447
598245
589774
822261
802240
969758
904173
971946
965552
536536
587584
729873
349622
151656
123969
694819
63398
467628
670747
263743
971160
833339
741673
564300
837674
333431
594142
264212
456032
681964
179465
483831
280209
769239
306092
598802
255349
210265
570748
737253
263154
158332
467127
612776
826340
107448
307595
406090
91428
494695
669833
62589
328034
927859
143241
682061
261290
253735
462625
233674
935699
642091
717505
732261
927682
539950
847415
183032
750215
418163
920285
13369
92847
903764
142497
435539
11213
966445
841629
102641
461140
27814
681582
789174
955673
341176
987587
733316
594911
450213
483342
46963
92304
200848
295576
536338
740798
142991
719370
7365
77506
156008
537087
686705
59772
679584
122244
587337
646029
963873
689979
623521
508039
887913
412696
980065
745441
916635
713381
856705
366848
196723
420020
975504
913923
715596
511843
171073
374939
747565
694791
452445
903573
231878
655502
479698
427814
777746
67035
590196
257971
273366
213717
766010
677632
142765
746075
423073
59401
975808
279778
942601
172532
216150
918106
602807
931746
946301
290233
823037
693866
985024
791834
113792
216902
447336
593490
161068
225082
660525
267616
483053
933892
481334
765416
611524
140451
511491
550949
199852
487300
830728
658806
176184
563230
93264
295343
494977
39565
585576
834366
249783
570600
626201
363575
303854
73537
957065
981275
814972
133943
248891
814377
67835
246577
579793
195711
387029
607637
746660
103233
94937
93740
762039
787473
656971
855303
82816
151948
411220
668393
502666
661004
755345
128867
540931
575552
718757
497997
556827
533729
631940
805718
348106
216127
52296
444252
411838
439325
51889
158498
58910
663178
252239
820950
450651
909210
192605
533467
577510
603826
718212
80176
781182
989910
725396
322113
565462
444153
336462
122289
494234
484754
928007
842340
700881
496655
802944
112719
452332
854833
787570
511243
518011
39809
332193
485014
465371
41150
18482
42881
161328
253046
639409
942510
242956
364805
780976
808418
325310
117438
930707
819544
602193
375067
661885
303074
871722
981181
932146
324055
836015
719716
835298
870378
759525
683843
355393
224896
241345
890227
784129
402674
659625
423538
861536
902582
304696
642512
227352
630006
759951
158060
449551
878496
49479
627788
181570
437553
608969
630068
761608
961336
349784
113258
348067
625661
313453
219812
366909
554799
626391
667390
957473
286016
90929
819009
188598
911977
977874
932303
541983
737825
606715
507886
616321
656194
135674
314243
93747
260996
944312
371708
738684
810448
484966
86751
952462
798420
306563
319371
869571
932954
986762
827044
735323
594043
162405
923921
506020
140279
372576
564355
394456
979291
72242
527129
635485
724268
357725
245585
501616
818389
617293
240301
628837
618611
327052
581299
933383
149968
417023
802954
599274
403785
146350
334597
514180
825108
774871
536552
481739
147447
100907
876196
126739
689501
919677
278576
930122
277402
524161
431738
95791
657806
672039
240981
276418
515444
822280
726153
665412
755655
529108
264686
675792
191810
599284
189972
16918
374155
242876
498658
37954
343784
891206
164693
549637
810883
443270
479759
88286
483783
427850
700429
657942
616241
941410
450712
131685
280043
176865
313449
35698
222325
578136
711491
414136
693772
417815
431054
584279
660692
446064
622233
520828
337270
303279
586817
664506
262901
582929
269144
263036
10779
969573
920978
627020
427336
371690
275058
707379
64908
588507
259429
287233
682995
487272
701369
893119
421440
648776
993750
82132
611192
132336
119312
948463
435615
706129
129321
698516
289058
398465
477904
816189
884390
398883
443210
311726
286925
234620
535457
351833
823127
794887
155419
506123
282159
856788
915594
703599
21916
909345
302083
633109
41681
937747
97924
477296
643877
743597
692164
449287
658414
686420
265477
542804
85303
225039
370883
888581
459659
906340
756766
282786
217579
912185
305261
16091
285326
737208
236042
823594
646553
54478
456703
204586
992225
70979
681882
636102
814576
890398
85390
472990
576818
867219
532147
178474
92258
903030
583407
551917
325722
340173
351055
59654
768711
172669
75745
570389
909877
828139
910335
72782
882617
367039
277368
874843
954370
475602
510945
285299
366000
112687
758289
459170
979906
290436
153996
588516
709818
253755
140433
551893
110281
7841
611547
878992
180510
203644
965733
606739
31783
876068
679521
914401
759459
956889
789244
230182
432491
816541
515481
314843
929229
273770
290365
425487
80559
960714
14004
306729
214469
670789
858622
324750
194982
986521
720094
891844
190165
685827
498583
221949
78248
694456
136350
354059
167697
925594
584241
116540
742135
99722
431383
187716
889845
238101
129556
486756
198815
659912
793485
413284
847053
168460
254387
42036
154981
974481
933880
345147
176661
948816
567096
254909
159624
703446
125320
327322
145392
709562
443862
403879
325636
391598
591596
215481
629699
721152
702237
344866
381064
12075
274502
228117
180535
528889
786505
335516
19723
236738
197015
196384
185554
764111
967645
861530
983909
609317
188852
129301
318879
149067
533181
644516
540665
641129
376349
686716
878633
594939
547934
776049
607014
822436
4166
303901
867678
307024
639417
403753
543762
836433
116489
245668
116896
600486
107198
100806
209803
812403
746459
45035
961470
795992
205903
18487
437121
582252
705203
315754
177191
769489
91803
300557
108277
612322
604458
975955
435698
760228
896060
979460
113013
12549
741480
229909
129387
365030
847067
339191
177433
593527
900578
655255
389519
106481
673742
342993
688733
378945
658747
382277
664786
266903
199186
773064
395577
803645
265371
831275
80225
161432
327087
193238
690333
584919
423147
819721
949949
270215
675264
643735
863742
575842
298990
769613
682323
972733
112606
887408
868030
287706
786037
532817
70961
985224
305881
466538
305221
571252
814165
385446
249036
657604
578684
939370
242523
518183
275443
192472
788398
950707
836207
168492
42901
651550
454458
725224
624283
567064
128984
8665
371122
915022
541482
442083
416598
363715
424973
238171
451320
755490
623617
700356
413094
718653
156078
655617
236836
431521
364442
25235
898580
717001
710079
941481
368551
164537
183057
992834
247954
828394
517852
619076
259768
59334
577512
192718
939402
518837
430889
390722
274328
54506
607430
687422
773159
763509
859392
526347
711382
223834
551582
126315
940835
778014
584148
309387
942551
283558
818573
706857
111952
336425
842286
888072
912112
419798
80790
851514
454987
511679
758588
729315
82537
366018
933090
372048
645879
792482
898395
357262
16316
449978
483577
473503
744344
67725
299242
203247
351283
117816
910105
979587
970593
752391
867659
882705
688541
948449
250571
143528
976480
525511
389196
59017
891530
322286
431065
537409
114768
329461
411023
647436
295791
410952
637291
556487
995030
936534
759734
862665
570702
669839
842253
541295
422230
226264
940353
627123
174714
707276
770652
667546
232788
159848
242916
640670
998486
673981
694431
113254
519794
105455
277042
331937
516407
914333
404776
27789
367219
164511
890455
937921
834350
732708
479217
772933
475324
935922
916408
166390
643198
687060
833937
875986
363260
76853
516656
361746
267186
211088
991352
303333
832895
784746
635270
865654
215432
40047
893444
582651
720910
300251
520573
71612
549311
516142
844545
24635
452064
277306
191026
611614
964366
24963
3953
843979
101816
520609
722077
885354
248049
713430
188687
597296
498176
340310
979303
713608
896709
872747
812612
617619
172998
333185
689231
722309
365679
50129
263296
817743
327435
454322
945709
808153
479285
949662
652132
97453
986624
374210
982808
234673
603992
687847
348322
618520
28157
327625
332129
924866
716724
661093
542485
406074
994278
231717
644735
876309
798198
908031
210404
125633
362354
156113
450138
357991
105776
102271
455445
92400
992833
954605
843425
596825
642452
191747
215345
670610
35724
63826
595476
752448
724919
654314
158522
235549
402383
319609
111858
200581
227641
322262
842566
106347
478376
292704
464338
100504
911327
919783
192904
904160
390740
36329
17337
33193
744429
749035
220155
780153
329213
331983
532602
570485
986297
207476
806034
905032
43438
434245
105613
271079
272859
464531
377426
267587
273588
358116
368091
184915
277900
77347
605428
184992
113677
139117
218185
858106
888152
954692
154611
733718
286676
203565
304203
789325
411042
626589
694358
970832
577186
316323
241911
850046
780855
135689
633985
54443
493805
518429
755710
288057
595776
361138
473050
225805
16608
207587
83911
904760
678632
238523
154830
965308
958440
459033
270985
885834
601975
965343
856666
179161
798019
614929
545559
95226
750618
179545
149669
760776
214326
421731
565185
326454
299222
554587
552260
315830
762175
152523
736942
957159
907398
891773
922467
865839
350806
709804
751673
952781
675148
608340
648295
989519
223269
193854
84745
490240
889751
750766
251016
104077
172497
332553
430532
471719
887141
499144
787549
649316
651667
524492
606475
559066
416265
45294
424905
283423
271450
692930
752557
462950
301270
400852
452469
40892
111058
537214
531132
810
287980
298500
621239
460478
631053
568123
448549
518194
67267
236099
683862
718935
276943
806689
794353
209560
368335
735610
9335
639786
428540
761892
102736
246163
679096
555206
287055
790155
92420
818187
307317
380401
116687
928556
357231
264092
13032
805780
782287
80299
558231
466149
315586
351526
272839
626291
561086
157526
361901
570422
797312
306794
848666
900049
552957
44115
971607
840012
350622
64027
174551
657939
960780
807590
102847
834363
71682
115879
640144
370321
712531
714727
836471
28117
66254
625662
654409
627340
783188
532662
714114
96853
839456
79133
996902
392413
123248
968509
232425
473870
548888
923328
648161
509669
730918
267360
344032
802601
383240
500528
172922
95771
731608
525745
640240
797862
667759
294649
941554
450948
827312
172021
64153
666768
251154
577407
575534
890754
545916
807959
364624
611156
731288
529137
637177
978558
796497
497562
781159
696089
998090
470434
791860
729698
996179
948453
43912
663939
243102
985467
631239
586766
157488
211744
769887
924994
789151
345421
815748
335067
669732
696724
462575
917372
225861
99753
895931
538710
597315
677090
234800
111757
663876
543012
357808
660056
491465
401720
840347
734568
903539
987938
837686
577379
199682
607573
502373
988833
952994
318121
840252
139079
14845
302827
56451
757058
918932
952382
295769
32599
145825
530569
144357
809701
589933
18517
986109
81399
936589
342808
332319
840129
847098
170005
933860
46780
777579
436234
551965
246925
270707
908569
902356
801905
727749
958808
558963
646681
911190
371084
679281
573367
418005
339990
383069
7939
358507
885530
89338
811448
228339
421657
167929
75437
591662
101790
638570
885593
54376
706887
648871
325083
615457
551227
126988
343206
26387
202304
989887
453930
573388
185520
27297
991394
41862
410366
515685
400369
812249
605023
728170
40588
543032
896099
632377
134694
997889
787299
536640
52265
494187
701863
893701
109644
769442
537041
452850
795830
739345
959089
249760
829086
144610
793409
820480
702824
720128
336165
103194
532377
457540
347716
89317
572
243815
721694
651618
758057
508994
704610
326674
3181
922825
220375
112825
692268
273769
82027
4450
13114
41116
770562
842200
702078
563971
179032
404903
284099
31549
24449
332828
5441
888517
422145
6013
132332
143840
173984
406741
169186
878594
733416
172367
801420
470143
801544
10040
743912
399923
530842
273379
441039
301404
631931
659470
381727
327316
580725
182179
875217
121526
515007
880659
10043
937153
403024
658727
597345
577008
65469
766531
971955
315237
455250
289727
301732
256794
816119
561997
656717
346961
835376
614108
164717
983659
789930
546444
827327
887007
244975
702545
524885
759983
99556
534928
213488
502580
710008
810833
595941
291829
577364
84248
607066
32614
373975
425150
805760
190094
987147
978829
53407
338875
592937
218124
322535
899220
280920
149862
786227
525896
368759
311113
802231
468315
362393
15719
487248
72401
826552
599541
880582
920268
683789
4000
469234
574116
429151
274994
280562
416298
253823
333969
755174
363112
68445
77709
262332
349365
743923
48560
875261
112683
876025
677492
580998
238418
693211
584598
827172
36115
184139
707754
472735
384280
711755
941969
958396
657258
733315
755310
73556
987138
605631
828730
866603
674076
422791
128935
23442
166715
693847
415055
795750
86224
92548
893100
840995
302111
477699
668167
854579
661838
892273
327314
562471
120380
785636
520867
777638
518951
792530
367547
22442
398161
196277
889045
588590
135421
534332
612032
818488
744532
27087
614238
830756
635987
23690
671751
454451
501389
856270
309030
679580
748544
152696
242051
385276
454684
279270
679267
973636
588152
46814
512430
986314
759443
917827
574904
411216
452159
703288
229704
196691
246727
360294
543800
399067
383985
215551
853518
401726
71822
678900
81306
336718
347948
839709
238346
802633
635332
433965
776269
223484
480779
805051
726150
756575
722878
301054
684143
175037
520694
913848
888081
767422
790494
431881
166489
174479
163784
536359
92558
235606
215259
690216
88676
563207
529926
327023
365840
681610
760988
658461
905094
758120
979864
631245
31047
702742
448651
715190
394132
969346
145390
282213
253120
935885
230446
935961
626716
394230
472320
719274
146189
687579
925843
234865
767138
455769
78240
649331
653731
355581
307792
558825
630053
287657
706422
661100
506751
671426
892642
900883
640772
38033
183096
410244
490270
929894
346205
116986
324125
818525
352613
470314
22456
278456
221531
789594
250577
299772
438925
904308
171705
263070
979485
801758
67079
685908
979210
573830
873686
871852
991066
30810
909885
690514
441054
916507
620409
303611
33494
944534
122136
902459
931200
660944
180915
669083
450538
947844
485207
405816
368504
656912
668886
347989
458670
252317
550249
954232
342499
423935
826085
333565
454745
252322
24080
412151
168830
644489
715762
718676
105375
837898
621135
552927
498842
318402
222010
465733
782598
707218
871549
151102
364130
56787
499091
339153
825456
565693
293385
167955
505980
635822
17873
960726
888145
41953
372877
573327
202794
88640
292003
308169
442890
429490
861096
458085
264244
599458
923818
46842
306676
311719
197944
187159
884858
213387
526312
710314
295432
336049
394621
801413
971872
412494
762139
376369
970799
651368
466048
173593
256360
758051
998114
699251
703893
375562
673688
968137
975021
113858
531331
281697
941929
729275
985208
826787
459014
511520
53453
754447
363922
964426
555860
852146
893273
834351
744867
864072
485719
210915
554018
742080
485318
552132
957683
189211
927695
631371
673700
419068
261581
205031
217117
203510
450658
202326
30297
426024
230198
600102
180471
594120
564528
252683
962618
974153
87034
707485
838226
572754
918400
392244
831186
920070
460728
305221
109281
904775
452944
299333
323843
714525
20716
540961
918035
471374
743287
464684
897399
973485
64786
594222
83958
145666
846906
46576
119820
933940
270414
474398
23046
705166
866642
370584
625237
843722
675805
250870
748498
645101
550204
72341
359626
570920
129654
277661
558647
872941
258697
456046
362779
323483
50268
963089
985502
413526
526017
621674
347467
796431
96072
886865
17950
479066
773802
643187
322788
449607
894057
71286
611061
960613
659980
970687
531534
789634
764701
90181
178928
23398
62579
541707
863234
629199
21148
848736
42726
547165
986762
906545
859949
82834
309762
877899
561900
83564
521086
401040
49524
931495
988679
660585
892109
648659
147624
939995
954645
912325
30176
133573
935724
609107
191632
315310
754658
212780
680398
313736
276298
667160
736633
136247
749994
46396
14146
828246
646312
535232
229286
212188
466727
217965
872773
875188
382976
536750
815183
337622
449075
361711
987547
901151
970818
695532
216461
241829
424664
896859
555565
700962
564019
292199
837209
830365
854947
851355
658611
501259
902939
887898
713448
886019
105863
102573
277559
5192
155675
92743
342814
604751
454454
846713
505902
941625
542245
238716
699806
966910
135575
255371
184224
215947
63922
21434
46312
918869
389141
704924
936481
808433
109174
166281
210804
215037
785206
488363
736581
940882
581106
79395
545633
551913
442461
567887
9890
984706
322955
709696
467968
974883
481419
652193
190830
545342
673627
753494
980563
579120
458418
917044
903905
83944
83325
114709
815334
868532
603073
551915
325766
700531
631311
871399
768796
73772
955638
295038
574830
278594
521086
42799
253477
2506
694992
960659
64200
884971
714153
44763
464091
688924
478160
367997
772868
561485
999058
588202
946369
118483
140118
272135
819015
287781
659886
104163
877905
615525
399202
452735
410471
920288
495534
663948
439146
706878
624607
19698
591849
855112
64462
572293
544036
542622
456642
316905
620459
972052
905107
83181
90536
561577
355316
425903
849358
531555
530066
727263
663432
445620
696351
73903
882261
708237
254203
321407
415116
395162
857458
523317
250274
921920
611962
794311
980894
584956
627568
117705
557009
49027
200886
647545
610605
556203
73448
976315
604110
119866
703579
267542
565487
916282
341445
447748
624519
112000
285507
555987
507162
142965
595657
757436
581237
723971
551747
562131
308928
179315
679837
382289
228343
880723
29834
355300
953278
619634
331615
557388
739500
551546
824930
304987
467828
682727
269087
608700
794727
554595
681039
301889
697560
276696
575678
278798
668
127425
357281
825948
823093
37118
208237
567788
434194
754423
923088
903824
374057
771055
461213
629909
838954
802495
451249
306782
1575
720336
431834
312654
791283
112874
130896
5196
905922
706574
283994
422942
833999
157627
248890
173444
711098
973479
257584
661644
727902
697024
565468
101959
468080
543033
731869
307034
345529
699470
130168
863456
419806
78355
176110
727442
191229
307006
732638
613503
13580
532984
552798
363932
690611
801688
537376
401709
775168
311313
63353
503070
8337
145174
121382
476417
688207
369603
299803
33736
69073
429972
413544
5231
508327
589655
732673
215908
413013
981663
345763
942946
514647
898561
306878
205259
216602
360606
123320
508122
671919
703026
11192
680257
848200
648926
673026
536407
534881
972830
86496
603954
919154
500040
125538
427481
606047
374563
159741
19061
356227
21856
962007
870874
920418
785237
592485
653372
145843
232158
161494
334115
935184
689038
530724
299736
337965
203750
352495
872846
176580
438991
993153
95734
455384
635043
39567
577783
9606
715660
596844
882185
737517
75203
269412
174287
376792
861897
827659
522636
610407
989153
373103
61943
678191
903827
361679
532508
107577
714175
921707
800510
669518
914860
412596
641254
549903
968516
219038
75861
684176
332234
958047
938045
407438
227459
628684
784230
605708
456343
823218
216116
961848
712673
278059
156392
616500
156091
205252
240430
386618
126959
40940
56136
558171
969888
213743
624426
938404
432781
700288
138933
765015
174687
76978
688805
918498
222015
473036
40558
678358
812606
256674
156559
41632
51086
829303
658132
723529
34555
414914
110147
161515
455854
682635
719686
942095
412730
344113
880499
845511
560753
19432
610527
735440
612763
299332
170290
834778
288720
210848
29488
617679
983875
702399
659311
551313
531702
833795
274842
566258
248710
901341
727773
220916
100328
963811
163011
513059
307924
43511
358570
385029
579295
485449
120469
192058
784782
290759
543188
589854
501608
572677
207533
1835
275076
383196
553148
806779
216992
827990
889389
465702
245683
133514
202970
346011
97325
365982
375422
921602
925845
250345
306631
505140
735794
427101
213551
36928
234212
273091
626783
252172
845768
350668
254007
637197
733865
807155
960328
467209
151497
849717
449263
397180
983231
652233
259544
596908
18215
634966
518510
460412
885311
825142
481905
137458
768595
211808
174386
2807
484899
317521
771332
330668
184542
25339
484217
918407
348847
444545
901968
500344
810614
351231
413877
310197
3464
189773
907105
538032
341091
425616
514796
742755
767110
996701
880213
535705
208509
570951
54864
693409
888473
826196
540429
73015
367888
540998
507774
716735
501895
409742
733431
312509
277325
663660
139058
280789
853433
46163
335173
194525
988131
849970
937280
271593
363023
817493
807298
571533
388444
862163
781294
793269
204711
838075
866284
572599
379073
890410
289334
880968
816504
539118
709829
93829
202778
848887
890971
56212
411402
226144
250737
915886
592466
704369
187479
955490
521862
511130
43375
426658
373293
824669
219928
94356
179096
602564
666956
558169
492975
472642
955489
309479
11760
665318
919661
730891
30557
810632
787103
441959
553128
554192
357845
145595
258561
61677
617437
296775
572807
660812
723433
462452
1833
459713
556808
180929
578630
223764
255450
587957
212759
210939
897436
224519
392609
333449
471762
423166
144081
258865
865125
697210
329409
739323
359157
104322
317352
976594
401097
890159
637406
640883
352611
155591
616948
425771
852872
195578
165888
108322
783535
378647
835613
197324
119518
228222
530773
591281
167740
191207
366498
32865
888417
695908
288540
763926
316582
605892
740520
234032
12403
894278
874915
365014
49869
8215
307138
419093
720146
473026
527415
503681
851673
879380
217357
971191
623954
264483
78824
791694
455690
445323
340911
860459
657583
145804
624385
974165
751696
881257
208197
764100
775535
599464
645466
341756
124032
952604
760849
844178
941982
804616
864211
793655
683996
81569
281199
824302
862404
360023
615996
834446
805346
473259
694905
462929
619063
835642
953447
370760
716899
677996
651212
492434
793813
813030
834190
917845
281987
111391
762023
223969
916007
142586
17625
116355
740507
298824
940657
602911
175199
556653
437357
980546
546264
648614
959827
165328
484256
429626
52440
717507
107623
703652
209941
901436
516682
560483
335633
798669
671874
614008
538991
104233
756594
556616
220588
497102
371792
161245
616365
546991
234250
570075
43889
780515
218689
3717
945843
219298
949695
998283
936805
57318
218287
663099
475106
251321
739934
327091
566343
928161
941099
105334
32394
214046
178302
252983
227500
550094
930580
360217
613437
164831
930292
657327
945346
148982
177396
407541
884632
127091
922176
821437
700762
140463
888
692220
908136
740823
19312
474479
668984
476763
579813
217730
207161
274467
470713
434661
824561
401294
794879
954351
82477
241523
128030
544175
390505
821778
951716
275137
465221
390244
612927
165983
47059
613815
374556
955195
870990
393868
946027
539974
386983
42192
757705
594145
316660
744770
545158
657573
662416
856389
611924
744893
97913
256306
289068
4770
78084
757136
796260
543306
147380
409187
709289
710791
539354
600197
182339
410345
510417
128366
466671
897401
170558
740728
7898
3570
485499
69408
661144
147915
442150
789420
409161
56415
45727
698229
577537
123811
971718
373797
667117
635450
299336
892759
346242
355043
492956
528581
765388
3374
173299
748411
417127
860209
489140
941377
863780
974639
527137
524924
638906
969287
314344
48067
25702
360071
262649
119592
483883
234367
493389
667352
869817
309078
560111
732411
664121
569420
260992
945861
89146
950643
694272
506273
810853
183412
964002
674633
158051
491139
715909
313310
460427
30253
361377
2481
906677
140378
122073
906912
374745
131815
574264
244563
440893
650728
976974
621366
736500
754319
567227
825646
704962
261499
848271
32167
444912
812273
706800
119315
303412
422709
948977
280191
969315
826707
799025
875992
967085
437450
299256
341831
569265
389872
102746
526510
40600
596072
147876
293452
866743
231455
119098
88058
9307
483721
120225
970571
812346
343378
606238
632111
766087
555216
912302
251754
381923
227679
644098
349008
665130
943354
207191
234395
333227
309937
277258
890179
422362
941486
183632
289105
689294
819082
377163
698601
302804
497389
669172
631502
840767
275410
263613
123206
830626
175916
374961
728901
403595
535411
594262
585077
478766
801453
335825
328345
627743
613083
218524
50105
70921
918508
339210
760215
737591
716374
458816
556747
213763
644340
188249
570882
919751
451863
694088
266729
144131
585401
995631
64078
120813
589893
649156
115931
907698
984981
444276
535441
598064
662800
585546
185337
97661
924757
945553
835252
157483
404369
908351
887598
565062
96600
458480
484813
64815
152568
267894
208946
254322
263525
789377
375135
369770
438533
491066
793821
423514
935342
329262
537930
114494
431161
723267
212155
872270
668820
563759
29753
589542
472110
917351
154604
85063
892183
155769
666230
44751
423663
391529
299073
203541
180906
190560
89663
619439
197978
883484
559305
133320
729099
97235
764167
676612
336854
492674
548882
522027
572786
94987
111569
44896
528690
782525
646311
420873
454646
828894
465624
878309
220423
281050
598202
917681
987962
687866
53472
185941
87702
612777
835613
816801
226364
116132
9765
563218
608807
558647
601597
181593
653634
713166
742841
698676
12043
905505
119549
466689
734399
101526
861351
471174
898928
459553
388855
886890
663771
442327
72831
751474
571456
424797
84627
314172
540929
610745
393742
666088
169392
995340
847681
339379
224858
106875
38055
236902
12380
157605
219943
263131
775483
597646
734305
674411
573552
639512
561301
237323
598191
150485
505149
169647
91634
106129
171
632563
716874
393913
298652
402618
389253
662685
741997
614112
769560
296405
367366
298292
970362
103661
561423
745845
701308
812080
420256
274860
451592
497909
28535
49783
164746
50037
735782
256380
156166
735953
888944
389392
646219
703948
792010
551824
366633
50360
682288
652546
863117
49654
467190
833479
669668
28614
95676
887328
357046
515932
162188
808639
530193
707075
374774
694940
757112
626909
951320
429630
362862
356616
819022
525433
576916
127385
77258
459902
694097
759546
112448
557214
325553
579638
390693
511573
124604
486369
398901
481651
518653
561089
806642
48846
784516
181416
260138
541629
808325
211459
487611
687540
84427
822986
212973
661344
950371
806583
637598
644468
82482
750046
201682
408035
846036
108727
435960
486993
111448
834861
968644
630101
912302
775286
195299
696818
473054
455438
754799
281380
183249
242411
485272
267676
65397
214597
445372
532120
21181
82970
176588
103663
349368
894622
28050
711757
3349
464010
198750
114797
298871
683746
261250
727525
975384
456549
424343
448438
911987
179143
246170
611588
937906
731442
395617
519655
946040
357341
51775
483573
440312
744715
103588
306032
155689
647990
17789
675390
628352
732891
790187
927223
416637
567789
654748
392021
24338
595443
356812
452678
290938
602982
580618
745196
850777
976235
264851
313169
333577
832978
313094
290241
94045
416682
596273
249734
64672
130415
925124
693024
863306
231663
136599
796296
799452
307699
704669
340143
419494
61481
309173
710433
180816
889791
455629
547945
866027
236833
377466
715956
69811
690560
6197
680209
623594
118822
929943
688266
249237
855068
897642
628896
86731
550593
425192
402536
374644
646213
742679
794138
707695
568204
20923
404863
457995
992905
952808
840374
229738
330274
556330
815901
537186
78879
496110
160780
197702
942406
365398
446939
797474
779392
592187
400557
329985
533731
319445
220981
179945
578476
531471
887640
146680
552395
808855
121028
545300
761663
961402
291390
608289
34085
623643
145475
112964
636106
822607
827018
578512
188005
790310
892338
967397
382497
809247
813734
916229
128693
34715
96174
223521
566186
500166
370202
634933
309021
491230
696585
587036
968984
504327
711677
519421
127971
373504
632386
280429
196111
975756
858941
384116
766066
267631
867865
148564
593230
681599
581145
238275
232666
677319
461797
315204
693837
348351
950138
2858
355933
163075
106246
324917
667403
817923
844339
795374
191427
993077
75803
387538
485185
451096
288006
251252
235079
155871
399816
828309
837470
980961
66585
586488
174632
44734
901692
868469
393085
851830
387679
749018
14906
493925
590287
198661
828200
950978
994035
19627
460407
586190
923517
945593
553638
211523
196845
305069
367394
113013
133378
721216
610326
716315
307704
784958
277401
209396
169779
670486
577579
73810
935856
108837
84087
526144
307498
912287
477122
817885
448266
453882
920427
371783
399475
474065
99658
596320
779134
983404
225685
428864
704620
836011
661532
528676
137321
938933
254424
823452
609420
348355
897262
61628
973544
497701
587772
281042
409988
581247
615279
374606
35129
535706
746389
950956
526123
362399
63628
821609
345803
289313
250474
566775
641676
428358
95451
778997
367291
866227
602449
493063
214583
16063
554692
704479
513764
658816
501874
923752
240063
117153
298358
791544
169212
561099
258852
695335
923498
322480
33297
785653
128145
800123
352428
769821
228481
964231
548818
595772
346810
151267
605188
77745
683682
159880
782225
197446
818696
284099
637550
575112
401252
452260
883008
570464
13359
141861
782152
453209
464341
815449
755214
592487
615572
107642
362308
844053
588225
427479
956177
935036
95098
561365
12781
778781
237597
795006
976227
56294
79105
613778
147758
996710
66038
30766
83526
595750
172627
865678
565311
636969
197479
320526
745808
329403
944520
108116
173456
532746
51947
645986
467782
147046
723703
996915
925827
961301
791922
902054
533947
387379
32184
681705
384089
98223
712471
983968
210325
401451
849646
775636
554772
563478
612514
300580
892881
557035
925048
582690
89781
976996
745028
73915
124042
468731
70830
49869
430032
862752
468275
963979
766484
500460
162036
666925
115035
874508
650893
325360
792311
16892
617348
347083
580370
229863
647663
989603
786898
89063
572293
393031
66059
317321
466946
706453
302405
537776
272674
732437
916881
740950
212769
199717
757762
374805
866642
872797
765665
517536
714509
557976
50780
848209
421411
631150
78072
69074
137105
381322
158138
225751
774353
740549
59424
241299
447003
361829
295428
236029
610619
728661
976979
823388
928378
734741
714545
311372
123890
996563
345260
354751
70891
396040
202961
492303
543542
281033
77729
680648
178708
752219
906399
953061
492769
965823
710713
456124
327653
522493
692153
454624
767506
185485
278012
212236
436578
508909
523608
560469
21824
868869
915220
92716
264909
634533
585019
808452
431919
179100
5452
610627
931320
911851
563688
940441
394026
790753
912917
238031
313246
121422
692655
80752
306907
487019
292988
743486
995929
816597
820307
534105
201818
251879
626821
983079
886413
728192
307883
318332
907293
313335
445311
354965
741538
8999
295406
135565
799753
724675
373596
629351
846097
66252
710104
153005
69623
519444
412843
581904
336041
749502
116010
54211
517733
742831
37291
920498
987376
345174
755182
411021
174862
200493
765986
916400
209493
577744
51965
525598
302419
941914
154949
148516
524518
381405
817873
594141
900850
747068
176046
753243
496570
808408
807455
530656
67591
361098
451154
54967
222624
206337
982340
397486
406830
748326
313887
132675
842422
882204
658273
144841
824118
813223
809710
864988
194628
143935
459130
611830
891004
151528
365074
903926
476288
172529
434582
543879
533627
402089
115199
272603
608426
97539
670090
15256
362218
500329
147932
204640
382533
322557
865834
723004
652132
191896
587992
363113
335831
563474
974943
226835
715002
340017
647114
191290
28898
598048
251522
78877
137
366721
351481
608563
464260
21571
140172
826478
521900
288104
31119
904433
610661
413305
143789
262794
605201
731782
625907
941032
295256
117202
684220
526611
457220
331334
234253
486118
929382
485775
564996
445872
852496
916477
54435
316757
454400
194607
659587
492652
999063
207058
913437
126077
620363
57227
905223
225564
789009
47482
682949
600617
164684
367169
127228
621904
214855
361482
624375
660589
847257
705723
106461
699754
138552
677249
532863
592952
388208
192450
85604
387272
399509
999041
29701
536224
572620
934924
761789
361629
982406
961090
962247
663442
844611
605827
801699
575818
967309
426074
236407
330919
648149
859221
547025
786701
536470
79888
896005
441030
788690
497961
828302
704551
13354
858003
240776
585975
309279
518917
947604
291685
480007
426203
955128
840970
32031
273179
416788
515692
699253
169547
846611
347402
28768
909988
650455
81590
989876
546460
522621
294919
44421
867275
999470
57775
725279
240246
643750
550910
759163
107707
842596
755522
50262
314076
596492
598645
587255
13280
114338
802860
182828
477301
666614
727948
387290
317069
325891
893518
863529
848512
704789
424302
232139
704260
482077
473770
460858
642180
24681
220022
749887
867277
491896
800149
697705
88389
915147
801312
618021
545837
604172
317201
23138
270786
45150
926780
104207
887393
336651
484088
735905
41440
908390
484396
262052
390467
958167
722911
32647
982848
459285
298886
366477
951181
615388
64182
555922
530535
865494
690296
76372
986018
7497
615862
773156
568999
58995
877363
972744
395646
361451
708649
953438
269841
193046
215491
176660
667565
454754
725660
650413
914039
24546
16890
381572
639934
81072
453847
686821
462918
144143
279545
448936
667992
895408
738444
753344
954403
615807
726088
866401
493610
951090
819839
279803
660488
551682
456463
328053
6436
698475
978466
436827
723022
511708
818400
879308
109132
272247
82482
572050
932742
362027
537338
600734
773787
275782
870430
244542
407941
596519
110943
417903
63961
447135
697706
724449
515169
670521
568854
521606
368997
63672
958433
608371
575380
293185
4031
684512
565432
86513
772914
498174
448541
310252
615261
738680
102386
2043
983223
510327
598562
610518
444582
178875
574005
142288
419676
89175
812809
504882
610781
698158
568554
85566
306529
660286
378752
310561
861150
460536
913426
634064
475063
878319
460668
606676
617000
563054
608719
116575
589733
723634
727093
34315
902509
301099
692955
838538
906626
22117
343420
33759
720275
911975
119325
543157
88613
14429
370070
949764
991318
283496
583828
466381
161816
44497
73057
295168
123903
198128
411743
229989
921762
138836
264304
824272
956287
957260
179162
862913
979377
522582
896672
216004
434557
532350
275513
523171
63131
645583
989287
54449
445432
573115
520830
607248
133964
110239
418768
774220
308368
830511
4209
746482
485699
268513
87106
441987
742125
266268
821252
237854
788851
234277
970211
739760
282979
245724
779283
346110
891308
768570
916912
336740
341686
954094
460340
992002
64334
879108
766222
889054
709619
770431
635536
711670
555297
722643
670009
813774
988911
491262
51629
294114
241891
21840
33875
41222
783916
813158
903684
675224
581729
820596
528316
439767
774691
988656
948121
355377
384116
714344
760783
610087
1127
396319
321758
556424
635314
991767
370199
140578
999381
938180
951044
757624
476372
984919
798846
260288
314430
702531
451865
412511
523127
980181
368630
814170
485190
316751
169547
869306
547447
930330
995746
548575
843002
317504
621351
994668
309271
991550
651598
825005
446082
602643
582629
922454
587562
381476
699095
418344
84007
150960
830855
123486
131141
199485
937657
132683
32589
623556
518342
580036
70239
514088
128611
913241
347944
749963
424261
173567
257865
75860
998572
220300
678503
581202
142754
782417
479030
841849
200762
79389
509161
31617
202875
156655
747455
656884
289338
780044
280441
324032
876432
350680
838120
521396
780273
186064
787711
204534
875984
45576
280394
874556
782228
958897
455758
924983
257667
451140
283184
458429
530529
792346
6398
733405
949001
270205
390289
754691
50249
187082
78724
443034
54114
433196
964430
834387
135613
752141
38922
11597
797717
835668
402505
96298
310918
858264
21281
568585
309404
820817
27014
839934
129515
549764
89691
594868
819970
996332
349560
386571
183415
944636
829605
753881
894184
794035
588269
546149
546176
143543
557746
860246
979211
960252
956544
290129
334868
494177
858714
160624
314994
402080
516910
960862
468197
122953
555730
288167
119286
421642
674738
819053
882630
504344
572934
776815
814731
677555
322964
360908
821098
397063
221154
800310
873667
694050
606791
724887
188227
981858
885511
19573
383938
918774
980435
368487
41727
52518
656654
677365
474160
847745
12770
356791
868441
585705
649958
683172
779612
972922
44080
600711
886337
781586
401021
760004
991988
524164
484891
180215
506022
886755
716141
406313
805529
696576
774800
363608
749094
431455
40974
739607
279200
53744
96398
147641
155801
746356
347165
935414
235630
391246
52477
121968
689184
969850
398324
681173
494014
883216
377740
37
286323
93881
406350
91852
306810
181150
971812
572256
128957
12786
311863
408157
582883
924613
72150
255036
670969
419316
190450
422952
326914
759279
61272
532450
729129
459596
213623
223144
859164
107716
223181
145487
201597
629531
753691
24759
810681
725504
597016
939639
254642
908879
864148
837525
833493
452651
92562
20814
388319
799364
960118
231585
558644
21390
764035
287773
480987
494011
27269
856503
601727
250450
1991
319676
396333
755682
344436
723367
997538
941452
663006
252181
366683
43506
89706
716528
12509
698620
253695
917180
14337
213813
148765
572981
235204
912801
377106
232543
406812
404376
89046
524891
171178
607389
844567
567512
879424
705355
290879
876962
646807
470237
645495
529843
30095
735202
246371
42605
950174
500066
959785
964511
713880
108551
53844
465436
537704
430951
214331
460868
351679
819729
985759
522857
427119
346678
90369
306543
52034
381248
699857
215193
851485
345353
745036
881581
596907
991408
440538
547081
7826
400323
27945
238058
25226
81789
219846
79282
29092
434177
540150
380771
253907
42261
419981
681026
905292
510350
503921
957326
407951
203778
688871
775788
549131
433908
173721
146038
941668
614259
209472
465846
530935
237417
703905
556161
835558
923751
635444
864651
357929
691946
761774
128188
734208
181755
325566
639500
692106
829487
113178
616409
33265
802049
392197
98749
752309
565919
761139
210329
180178
486963
676176
711113
724380
896433
783627
76291
820184
935423
940942
694465
143721
702716
822653
877929
884472
664571
33781
92930
494058
663311
709339
43676
981713
101536
142425
734022
183807
419916
460704
363986
906880
136880
591451
147612
33313
891430
223903
369849
826853
164845
580667
486927
383914
403320
364856
784738
584244
914990
394020
78302
94653
103359
121978
76366
721247
780755
326741
905055
717024
787445
785393
623904
440677
893196
287868
990342
784627
511772
360191
127832
192969
940858
614759
93235
860531
495968
877973
444775
927310
271993
39429
21963
891704
161408
98330
129304
458515
941423
34359
175539
245220
336104
315795
685897
229300
603664
676239
13927
115436
552782
658112
824757
493641
272871
917993
870524
768839
795966
315299
696149
584312
354728
234465
992368
32488
849147
121672
7356
790570
672383
182895
35790
8487
15043
721687
237788
618707
914278
768067
250495
467060
426179
75252
477053
215403
509597
347577
500594
821916
662876
713096
406228
533957
947561
398596
82797
796708
36621
90153
587278
709004
789401
139420
717492
320796
861107
471632
939503
291737
756051
706350
758797
182231
297954
235851
913986
807552
583428
414580
629468
762657
127676
552048
812966
75237
950644
895763
871945
503617
502269
975575
212622
808022
114995
446466
128818
492454
918098
584673
784191
674149
807375
59341
372732
105329
295192
286718
912881
394972
701299
58701
157629
345327
610749
486947
420565
77746
899063
808862
581363
401332
300790
793985
725706
415785
240451
854524
424592
674901
955549
208783
865403
762924
268124
238135
868253
79668
41206
297487
474641
258857
872540
148622
604184
483290
635570
541101
77388
534633
349964
658751
452317
650754
969089
178023
582891
725892
548899
7483
917146
20800
732619
782549
783724
743
537036
168329
80412
578242
982168
71405
353451
854709
220027
957636
337999
855597
498737
415387
906582
365053
590490
358899
532159
559579
53274
115051
801824
602173
638886
718970
139325
371505
501519
923049
372249
38555
607731
969013
133150
589899
40418
486601
444608
260445
444237
298959
632395
459327
230698
538977
340732
821189
897877
872892
897120
467503
504295
215296
69677
143181
934266
725354
514687
435785
648404
403288
990693
772487
888653
640195
362386
445423
126796
323347
222220
87386
622306
854615
63065
369357
393593
403797
706898
807822
276689
604018
275325
780984
819315
861354
924166
269933
586709
955205
222071
751465
874845
212764
523952
763498
369311
402690
208921
496107
726037
431141
583493
864696
285757
646558
234053
195702
566708
457303
519876
843397
577673
795201
140734
913340
172908
581252
183274
275969
536457
405345
27434
411302
134461
67738
691152
503772
470428
900073
516231
196466
847566
99725
61162
133323
262635
811567
845377
829343
268870
365253
189093
846543
676807
329827
759884
366067
911079
459510
642036
963888
864855
185822
891542
515668
253560
582694
19440
723988
482767
535671
920454
330333
151748
497968
980009
930736
825887
341738
276431
611109
223344
465524
457653
900151
311703
733889
782570
739134
193399
424606
219374
574606
610428
110916
90274
380340
693610
626066
104328
176377
678089
541135
23063
346190
555455
519424
793278
897695
861162
69709
508804
84506
51586
482809
501009
879641
216698
283579
618776
926449
224537
838150
17407
351317
949067
107681
731657
159029
250099
352338
851759
444541
893473
874822
790731
965280
910598
584009
862975
771760
170070
371780
372619
221656
854589
873628
101298
587640
157208
236426
30441
898097
590928
47849
249415
56347
671882
981072
215377
438334
849762
67136
882875
743235
458310
189958
224868
368908
773967
87843
140668
944037
975975
29639
682046
346917
903268
299696
934557
576828
536122
481350
474925
127050
529199
240692
183398
717434
221765
915127
155768
71527
982263
38643
331115
440573
228601
72335
325833
518920
160178
982853
979309
136154
12493
661355
483071
432113
961051
933980
8941
13525
415330
218
140576
460882
240911
840326
178316
979028
271805
850436
566907
254068
405431
414374
210993
150384
486709
536826
669304
646888
36031
164965
299394
48524
826321
298817
480637
303724
749149
5930
317250
164479
6149
974178
141713
247060
330856
836381
742440
602661
203169
309347
373081
608600
723722
100426
758984
210431
153604
944640
373671
189635
109606
189417
754512
452279
488234
235149
272355
237383
757432
589605
918215
763581
80135
576280
526993
927343
412662
785785
530004
615831
95132
419437
740784
335206
519863
16120
61990
673467
960761
952013
863103
586719
141431
617615
555350
146017
369116
827705
899753
126548
933663
817968
406481
530150
910600
449826
457494
323262
235611
503850
455446
847096
923288
712582
182302
443151
728702
760644
116619
205815
712658
496074
308886
370441
630041
380588
516458
999157
208294
416211
642058
658309
750531
564891
704811
661132
14718
162305
500746
766681
182508
472544
613777
105796
185126
312432
65299
430181
589428
698270
635996
302086
194344
461235
188879
340737
841823
705338
856247
566469
637901
498305
741130
904785
579548
445942
565917
110618
124599
583015
877300
307107
571912
7429
929255
273390
319861
994555
703571
909290
209177
855920
727728
403522
317155
432960
260611
158978
654650
116858
241800
292551
131515
982930
197336
711064
428872
279605
821682
69824
378973
215334
376931
950885
222764
822539
224275
58977
817094
444199
484619
26271
300119
728700
946145
133626
161660
723109
808956
816310
839967
50756
625213
971483
33687
338902
198899
978911
134859
536933
48735
513832
752268
425667
981069
491384
248206
721697
550361
581652
165896
551333
124275
982367
280033
586773
115993
958045
309882
441301
774355
149849
492058
915920
637684
525745
254822
836583
504656
389682
373517
69744
903514
642137
11763
400936
133521
259969
122633
200234
357973
288529
751567
998600
787248
547952
585373
419593
22349
411607
860894
796704
77809
352952
228977
715493
395049
483799
68429
416058
873481
958298
485802
293348
600435
497565
694284
250308
273886
816917
450542
631859
621798
718462
146811
409046
782766
732185
828639
805116
660144
689533
118172
737953
558838
347149
969799
953887
830949
554580
369945
704430
29230
855747
514130
629665
353312
208414
879973
143550
25331
846867
291761
163481
565329
438573
572527
348096
687110
917518
153212
347254
123404
787736
601560
682242
134886
87711
636129
965835
158643
6075
186617
187873
378174
700748
817538
247839
909162
213863
391389
450846
577082
683151
614327
142412
638076
703207
6860
325186
137077
676424
672440
260481
464160
790352
942723
599046
878063
95205
81233
553058
617632
267851
740931
995806
484951
558469
759997
910465
288684
667739
877663
865767
867242
8343
524531
505318
711550
531391
830504
848627
724167
19296
625461
188327
326001
568184
303726
720416
663389
384959
273475
281021
169162
14406
793180
654113
89228
553177
564579
377912
737268
958594
760031
604510
966937
284562
109828
194839
332305
456684
559819
572824
992333
185280
761152
318334
753464
581230
38750
933206
966189
312225
730579
135352
326632
523759
305817
415860
593289
386748
310124
330557
345343
70156
451420
312280
871070
77600
23472
719728
534285
583291
292552
526618
768571
53704
361304
38387
151286
400054
971593
117476
712280
702173
769180
38912
742284
74997
971124
335573
978098
281248
182483
323441
867756
633903
152073
738827
711503
175545
974907
762140
758836
267459
805110
43759
837516
166414
82147
988802
566469
53740
622630
278749
272265
391810
834013
14550
983160
321489
350123
961258
602737
532606
801051
986846
682861
953124
242025
910717
645022
216932
672857
920210
484391
477968
963970
838259
160734
46117
827062
727203
99857
449692
522304
372123
357855
872669
386673
341015
194158
253148
302273
313248
302107
103324
300094
501320
572800
542119
412037
217822
275403
84895
138033
759794
79215
102003
114406
756301
664472
941468
483505
764329
907512
522161
652804
265367
911183
555829
606382
105341
808978
908655
934941
627437
528331
235035
128757
101132
293506
540795
835306
568909
142042
973339
845056
737609
591694
959462
493910
256166
417282
493767
536848
324794
532281
189652
590162
443464
745482
712896
548805
70812
137904
483747
698249
666235
235134
343358
283719
44993
884153
119026
130254
542547
608717
491662
280156
200412
451124
290419
972930
384758
784186
509778
709553
316467
215783
816067
759931
477617
45315
825089
64781
183219
825188
279382
365807
576674
622740
649526
621667
23246
768552
268274
565793
377270
759936
362302
94034
727413
652721
66964
112171
953259
93095
821724
269727
308878
154143
546010
302847
199459
887451
367628
382678
712639
647010
264837
805666
269750
914364
943685
809348
199268
211959
375142
92890
971896
253796
186924
215661
906517
770241
327832
859776
863336
665909
645855
688566
820052
708218
507765
535863
595669
875393
434894
824661
522403
699731
146679
308505
614095
90364
117854
813364
818676
9348
422606
306924
263144
609531
522585
686013
896124
850417
62141
275812
516326
224349
480730
852731
932567
988495
388594
44588
863888
823488
385601
902643
523220
532280
727500
653667
138997
845354
983383
957673
371054
405990
264597
150550
531873
787182
836563
427997
153951
415057
703809
670278
639406
184539
523009
88325
689386
427955
649265
553274
251444
551219
455917
291016
599851
183417
461035
255200
545124
960771
212873
432530
366761
993822
583081
414986
297356
935996
359335
451308
867405
579496
637938
23163
280387
677299
627840
969773
105254
277106
523047
873050
344677
495316
680418
460880
195085
657806
716081
740209
618577
928954
689092
501690
439129
788525
916676
736485
240873
276011
704145
108279
855507
342083
647794
135894
535734
275635
105667
640989
69093
145066
30391
413770
640382
227162
874650
835467
884968
590731
92029
503545
36038
781121
5235
475167
85998
921911
728004
326871
714274
432150
951502
569781
290585
599297
222027
826320
874932
327694
983661
944025
989112
530404
874147
629494
757566
265149
981313
642534
855881
73342
146079
408271
370815
667666
399790
456813
589577
127794
300037
303851
76296
251539
389984
366882
367188
128363
709554
242120
456057
693215
702497
961521
739971
92996
591015
497538
358146
572329
140072
730379
162023
802504
138650
532839
470170
538440
989652
576100
182586
806041
396303
258883
57581
786288
142117
424769
914651
851671
183242
887061
61238
402091
848582
801209
11440
955950
298747
369586
44631
955172
616317
206654
757676
271319
739493
227846
326111
245498
803946
508697
51539
200250
283932
625472
502890
426049
566594
933893
794072
266188
337306
371662
184631
185889
172872
196071
658191
987971
82009
702822
459495
698326
909476
217171
969645
165322
961370
295756
927172
281668
320806
495063
998270
604738
120536
17512
547140
203482
951406
341212
469670
288712
712875
170653
990953
402099
366725
165496
390070
448734
868318
849566
147061
294147
583089
633058
975821
60811
445167
902993
342480
765973
914408
857102
887063
551296
874615
434203
754778
342373
775416
740800
147437
488291
911454
654743
406742
794531
820239
796812
243265
204910
162730
906678
15409
262172
539737
991230
322983
501256
410575
181815
267229
841335
555270
154292
392632
429885
588496
663762
288610
880264
920915
436047
884907
832369
90790
291649
143252
911030
604813
386517
632292
767544
809548
647701
546068
865637
155283
385403
366893
565858
567219
634122
407193
122489
304766
316177
68726
409614
979940
357336
289878
900855
309735
174785
249576
400526
466434
392828
827908
587600
295697
460200
355144
105245
624253
417564
487234
779536
802967
854127
861746
886538
4601
785291
525379
825720
101469
110457
235334
597761
467793
41565
498616
293881
216350
748192
210759
199137
657372
38667
786737
953069
15219
658233
574667
155824
592149
61901
935360
395116
432381
797106
798007
436982
98749
323386
262702
200218
433844
14389
797979
417989
55954
812947
711870
788656
77491
922629
504145
734863
477648
290882
204285
9219
465467
295304
165043
57616
873557
100403
969085
305938
413861
767092
259273
512611
90478
38327
229181
40674
569068
543513
458664
625022
356460
686886
413679
950304
609516
917824
685167
603516
725059
405804
612736
706878
217460
777779
764495
91018
394535
249932
913308
324748
17024
688933
837359
623854
727261
582893
180881
812681
126406
639545
437704
999218
842783
367735
949522
452299
801911
151042
572168
43322
73198
184904
750201
290659
479035
31048
898029
389922
280980
327689
714671
814356
16623
68382
954562
260236
651275
135443
72917
294033
291340
510621
293252
134124
394708
759126
102775
712972
910168
674943
756294
499719
376199
506495
790378
371587
53895
204759
761509
851227
532448
992532
665583
549071
60915
136498
809307
228542
271941
882225
522576
79634
909198
332180
213758
820259
607658
832885
533231
517827
507829
289525
17546
400380
312373
324276
771967
882620
529035
49829
733848
61483
558713
915783
126907
619628
52281
936214
364523
840575
334791
887099
920209
760342
735631
650319
96953
343289
483204
630184
377468
507385
436061
911366
907766
264786
751994
196085
663759
281029
762266
397607
858865
320980
313390
985772
456960
365672
438338
821483
722599
289482
224934
159160
566176
476917
809479
663129
820207
809035
809665
714027
316421
762078
625394
740539
543217
377388
452976
206976
174770
215243
604583
549987
52575
434325
535759
25887
316349
490449
847371
38948
779931
588657
198108
862459
65575
7587
525588
885782
816623
851605
599809
649396
613684
741555
389935
156901
635296
359263
880229
810066
574506
484812
360053
143433
435489
412164
169321
751839
418965
533044
790787
198897
121701
505248
577708
187276
29187
103297
73058
362162
471254
189220
11558
84938
447127
917845
758191
82423
277109
638420
408841
367967
639584
285246
511401
591426
213762
197074
343265
632728
730118
134052
347977
851819
155652
925685
555448
184840
545334
144858
547002
16589
334078
558561
617879
297558
476406
376071
896333
269867
530843
821527
637835
686780
106773
665588
278206
320536
379014
621471
469616
109132
271875
817593
477303
427528
259630
32751
128720
804965
177610
675722
337906
28040
750635
955785
841950
227042
331856
738284
13261
379052
559811
651096
65832
182936
833036
860390
19824
212050
998213
489440
837534
786440
823385
831190
730320
83016
863941
859040
404333
557903
534763
742239
102296
285398
698024
944246
28792
546233
682530
42054
441637
242341
209502
23821
425278
558891
884211
445102
770941
882424
450895
124828
185216
274280
956018
915537
873648
336311
774577
277981
894215
309340
536572
996511
111091
750949
940757
139883
297182
139640
698289
738819
381981
424144
762640
323611
983035
163203
285066
270328
561979
252313
395156
747195
526593
351174
662732
916594
687486
437310
710927
98053
263002
247500
94564
890445
514801
551673
546681
328335
691313
244970
583506
589647
185466
346146
429610
168501
25701
231028
955182
587680
483341
350338
851227
526287
217865
30312
442881
421703
983974
153808
36108
246976
917660
130672
653774
432461
198697
200455
760796
406363
961777
344302
996010
147244
206800
941972
832097
232501
173001
787279
336533
656342
653970
704113
182629
388187
734425
141862
326242
718399
295671
362350
481727
729683
9374
135501
162145
208071
335956
922941
614434
297734
783596
126796
961330
990396
68769
793427
739250
758122
97059
592135
930816
751029
812600
629798
655568
547025
771660
981810
781776
583683
344160
779856
313367
353534
915357
475512
77957
767666
914805
208744
581752
214753
335540
543082
205150
920661
852861
460752
678783
949920
569239
125952
217301
381840
755750
872869
445217
527410
371031
226994
111094
715191
6850
940813
585077
438559
932677
179387
722577
847482
388131
304329
62236
723671
363763
783738
160685
216625
760842
355820
682897
330081
481772
900199
228273
237522
289420
673491
281285
660452
416837
908731
891995
423687
849544
993425
378598
782221
172812
101176
146055
560943
921857
724643
800966
285621
24733
478003
502246
785575
833824
185143
632009
315596
601694
860282
69471
891115
50125
867108
67919
466962
775839
476266
407001
141735
469691
785600
923956
158855
403128
586363
719798
324985
311007
37117
610606
852092
515120
629204
637668
348944
814348
786029
180893
932394
646311
766716
823509
696437
633824
407780
679751
926015
884047
86753
67750
870090
388705
508058
28946
791833
610773
265096
116818
921780
302213
243777
773873
817334
872981
927893
682630
203681
713922
379875
136076
876585
662943
475937
89374
296767
883718
769126
739134
284117
855879
323236
154207
244584
831294
183153
552769
958420
448250
185939
880200
266815
429716
170425
84149
819050
614670
283132
22731
844944
663007
675159
721530
842303
151097
810904
655422
34815
580030
394557
318932
952261
717793
989491
713197
65440
172645
265966
23860
137247
451906
420412
404062
397974
107190
4564
217024
721860
287696
239756
566805
467055
914915
804687
309358
582364
615591
964781
133531
711974
875690
452463
180587
109835
958307
893785
691627
130952
159751
715487
268199
128009
652252
188613
525984
275794
193177
743008
997654
480873
499116
80811
464281
930384
401850
773639
512748
17442
254772
646280
245768
646814
615095
426355
756650
573402
836492
448277
220706
512596
680117
5257
640605
332369
193871
682941
608163
387048
942302
122169
384274
957770
719333
848555
888154
121183
138546
917255
654977
909671
563535
417097
556485
694982
843453
313135
784737
196297
761413
5443
708893
957882
10701
865851
290251
720924
548792
414766
624324
7446
53287
8598
965217
772620
373505
853371
410156
512052
770626
581485
938075
850513
998583
494560
61848
358388
324048
846585
554685
85461
852028
263579
43343
379081
129430
849946
616357
194574
781064
240682
202021
834351
249280
167238
123324
139138
536961
49832
651190
823940
631317
105617
190805
629900
600177
252653
988288
924225
99238
59326
526038
467619
322905
85733
846700
968687
452031
463058
679613
233095
220092
881634
583799
469372
565224
223475
608510
102186
273307
776052
926126
904624
398021
116931
50877
998199
885937
555517
438776
985175
614843
481167
452794
454100
83252
815847
939139
535284
795257
618753
284731
15349
500387
384882
1073
65612
608357
125936
684150
881664
418340
126628
302641
816362
759911
869870
814561
645848
425387
769689
631024
40231
250856
600170
10683
334109
932369
949823
385745
727626
568576
670476
259327
585315
55359
260401
167279
663716
902689
851429
61733
321029
978057
880726
137391
737969
750596
951952
900169
175983
237994
531193
732566
488850
647716
259602
339311
96437
209425
725056
340416
294353
911885
599743
879668
967244
376496
563300
147312
279185
414729
209045
600215
909139
606123
737606
163460
356719
205911
63629
49055
960257
111175
781621
965459
275243
557575
304771
371680
767000
546179
712096
577705
458064
828192
457374
425308
204688
537026
88973
226
468107
814370
116793
377246
420494
370751
57058
777213
93014
120688
826268
53271
231863
124242
18731
507106
681817
839854
395138
965170
386033
107235
542875
844098
451779
516601
785758
172819
53627
874731
173045
38087
689102
806190
415333
109596
176942
472392
403161
269956
109432
745782
839580
857647
386376
858311
881105
584545
698165
276243
549715
84198
899830
608943
444648
351609
641896
230407
524429
211876
105138
213826
249963
310592
20017
181648
420188
196959
654040
339702
983267
279824
85484
822847
137471
988212
197510
18576
572757
412027
811172
638825
12578
711002
764120
457226
62612
406016
203985
103393
617892
309124
317219
867855
136068
337236
49504
72609
50547
219896
412311
33815
16073
14147
373014
153544
2359
570525
688473
575116
982552
499645
730293
511482
210647
494413
968709
789611
900430
172694
893004
34674
998170
210224
418882
134239
547460
984738
723200
598008
720986
135511
148175
737059
666010
521189
890604
668369
608066
95429
759837
106971
595074
490131
618453
322073
984544
103514
111685
401326
276209
521041
436001
790731
731265
371235
441322
795078
355973
164522
909438
76959
816385
573965
814019
482395
95154
220975
150764
219573
316404
426954
326544
427830
917085
461349
749903
417981
564864
377940
335660
357425
898982
288013
664508
146599
659248
105831
458029
15221
786705
883819
608532
603091
457784
422551
85486
69291
159878
752603
288864
476282
695909
131760
420464
612994
593109
170368
547327
674325
64660
882987
548102
963642
687352
212611
626594
346600
318442
84623
878173
621499
968443
486706
224590
426227
909257
826429
495518
69136
95384
300734
61770
791293
432494
482235
920639
541956
168955
984318
732633
233615
867306
280736
713610
71010
493347
340204
417611
328141
424827
295784
949640
909622
782490
690583
335850
208100
33364
347720
793588
128748
164807
371710
436393
113653
853945
873384
171961
539252
857702
904595
772868
241360
185331
486478
312371
678678
343034
729982
523171
767861
542118
472811
193836
840961
679746
46038
49061
713110
910110
842649
358210
74917
730711
794603
188571
584657
184339
360532
123909
42042
265127
413129
283402
966810
415959
112125
161840
758993
358459
685011
43207
900578
157823
237043
741539
837569
283081
306952
67032
193191
665953
425242
784461
396664
736198
489384
497673
920537
849916
137935
478931
631396
551064
278686
598206
483376
390811
760047
242369
749271
445058
801928
166201
119233
555323
424092
473155
838404
247396
540187
547948
913349
965429
848761
826365
701627
338145
324039
138517
704413
978326
617448
335809
529390
896134
450368
529118
286946
726767
287840
552569
688177
89768
718770
807411
645092
659214
796918
999848
906610
337105
64148
336311
818886
912909
162676
36866
767406
486715
175383
471820
465041
309183
807629
510784
721670
774349
556254
8616
501116
844094
77537
189294
450215
312659
513057
611659
971873
826327
127859
394835
163432
192008
731146
498670
621269
893822
535536
905028
896890
227271
376848
878283
536455
700829
905419
258125
475179
461674
783093
492647
822120
376982
198293
272335
689641
227702
883994
177866
54029
11854
89053
217461
720214
820199
716132
857835
714021
768020
762863
127263
995292
139711
5547
48099
840541
910966
822576
832072
888992
605669
324719
711113
499003
523013
983448
188644
750715
383795
882862
804745
912001
971915
538558
148567
792114
771042
6402
22487
55415
285618
666103
50707
425329
671650
615158
782222
98968
437734
130646
987961
43403
455366
215426
542406
494731
198874
247402
761798
99021
646616
82895
527374
618531
621454
675941
926997
908848
198696
465836
964263
484314
131939
531322
425995
319941
146480
724570
418910
584214
855216
923223
143969
826934
138649
202727
838017
853875
966481
599816
952897
613097
682711
996623
747980
820517
188917
191329
245718
387613
657166
726333
388279
305457
257656
330626
625399
920488
571548
44309
21055
426765
967532
165024
770051
622533
884104
608069
476408
850585
724237
945657
463683
923300
942281
211663
743818
131198
402993
989536
35163
576511
232221
423442
881968
489877
270420
507367
926718
841969
68028
947773
785086
551912
629149
555137
174445
513253
679558
167206
363839
920147
112863
827522
843448
55144
555537
587266
702694
474882
93154
737857
51393
325375
161299
933362
331605
431720
957081
258323
273689
541462
206096
575127
609726
351597
130264
300524
864851
326175
467730
228690
246322
580593
572564
89770
152090
128101
193388
854784
602984
286542
592642
654377
128270
270293
104091
459875
218365
577525
234550
8406
635339
956998
583533
761417
308595
713798
61941
173446
556325
529671
402136
802647
626617
491052
408770
778707
619154
602158
149843
738490
405053
742485
909219
533323
12779
529663
509550
231144
107188
744100
755903
258879
701098
339436
20296
526045
569586
598590
699492
125911
644613
617980
444911
271230
109033
853681
566289
244539
972191
716133
983029
377244
974970
892248
426919
504101
421911
936469
251598
45451
680569
7501
820682
898019
346937
840979
424065
916524
439569
639909
42435
600534
774241
3698
871765
399626
857379
954406
644165
829571
186891
143546
206815
161862
552147
150087
665963
974058
86556
433913
535862
283478
441414
356544
697849
788352
713875
638266
221228
669796
278175
780015
270331
568769
783714
658448
968395
641093
129206
128913
987016
316098
272459
710184
994312
824606
860271
660275
315017
946827
610541
850879
746657
51955
723775
444507
356659
954003
82773
577887
623799
877301
357903
410482
446070
141617
68930
930817
299062
714489
59730
286079
30587
332190
512615
24899
673148
372886
201526
988165
836065
812067
355396
582723
380375
595524
27230
737034
549527
626355
314922
689678
503656
189177
100161
466078
847146
685443
396896
146208
399932
456626
948639
946871
305168
461254
971770
978317
350492
689649
482834
186558
501716
838231
769281
882091
433755
312863
135478
983282
939218
966752
672960
442875
155929
289473
908953
519427
974917
822201
665635
891201
278828
130627
838073
583996
108233
326195
78665
975078
15844
561500
161636
33913
399731
447269
432356
349838
760132
567834
849472
699350
534586
38784
658577
690515
328258
83883
209942
819527
906084
391930
710728
701264
38909
65153
801613
663494
391349
880278
638572
407193
441778
316560
441106
357861
763829
873463
707699
40313
957649
557171
256016
492236
595956
914593
699103
440566
514828
425398
260093
937265
333680
487173
638529
888941
68679
440142
552435
460028
320421
707360
383573
278551
23920
341032
636413
787750
730847
860464
828063
688496
933988
600431
180732
46296
31377
879836
486862
546205
821586
263307
483470
155266
266832
122000
44207
335511
78494
112994
311891
398915
820354
695465
193819
844275
552849
346584
148377
283696
207048
492792
972192
141036
93224
152925
703684
124601
549113
190546
670806
887051
970205
670629
42317
237038
308981
602876
88901
387475
715870
400793
302743
536225
612610
496562
380500
165459
843146
528877
449155
566546
538021
937699
223935
631245
606976
927619
755846
672441
634518
943005
559492
121075
613634
601809
874465
922615
204685
963367
310090
436908
880512
129185
973133
9474
142099
869985
174933
985245
915214
140440
68144
453235
594491
292079
84481
201468
736050
356679
873909
886920
299684
433402
7996
913318
551563
882461
352285
272601
362180
178728
709509
242692
307913
682642
252166
450013
68979
943451
951610
984193
600243
536106
953780
711087
828185
38261
912555
80588
911293
786464
967508
210977
736218
491856
124296
287782
374318
992933
560383
252850
171661
786244
495543
995927
985238
264061
445940
54217
723865
913902
554762
840460
450009
508542
67899
794546
63156
980454
391486
974449
283271
358995
701778
19489
367203
342426
823623
257873
335360
900358
510724
507021
686602
522619
502948
671840
303032
465240
726057
543249
895495
797171
900062
345504
822066
967961
140050
885222
948416
531537
376023
748039
406884
77801
283880
290439
420228
107504
548313
755588
524214
575389
778961
210817
98008
798262
399009
917392
779854
125067
460642
675349
438590
360704
20853
260656
845017
677256
662230
793433
725145
38253
57824
648381
632407
341705
455172
52635
965561
3485
324575
489775
95226
619888
216944
193234
934502
615954
626979
714357
257373
87621
389706
695963
964677
926912
472972
809694
120520
135202
119480
362017
173456
177304
10398
805863
35361
981922
374850
922
985408
215777
7050
596986
835665
740346
790221
770168
356300
933552
484525
130025
21173
390583
342341
985850
833847
815313
311896
954367
950515
431376
316384
123971
125033
843134
446186
160394
825057
821036
677669
326817
553165
684719
923803
388831
425065
230376
675351
297718
163928
159876
427743
701453
66811
286436
203655
900659
101749
515552
855026
52265
463280
687763
692588
588313
530897
655127
748708
872306
992515
426377
199123
545681
627448
639279
934512
568865
869655
609863
866583
549936
286091
810679
251389
352902
97115
971397
769913
715217
486949
624940
767482
950229
312703
976422
54895
359952
631549
319955
232259
624065
746332
947734
169746
890132
587013
104258
458997
973021
230473
841933
39309
516564
168964
290698
385818
266079
262095
155732
981296
265396
297024
265130
731978
126079
241553
786873
2383
873102
106828
234642
497167
369512
698729
666913
259644
285742
287523
234993
775115
34348
76926
814424
550912
245890
621475
453083
28322
399922
125167
525970
181671
938543
307453
913649
64622
549006
216874
67005
938460
323702
818000
951980
209566
33081
135245
985562
835175
422769
220555
610291
457117
813834
941067
524382
576076
562542
493817
120750
478817
135336
163073
660488
73879
470526
90489
654853
535884
307363
238210
474344
147417
572562
426324
356983
605643
77922
858897
440819
500691
595804
51110
474160
409638
992177
514894
502067
71072
8711
622817
66241
660399
785890
726729
734278
256416
333570
389131
792300
640933
627342
782997
788350
199904
725673
661685
805548
803595
36934
246367
820638
632738
813829
294799
42377
322358
326045
544444
909782
851109
683613
976023
511508
469504
219104
245787
242272
552674
151270
34573
709959
778612
333922
14661
494869
575947
192698
816769
379543
229632
579488
200181
862371
393317
11332
421100
232027
853730
481896
141810
704839
165509
634185
216347
635013
369642
978486
877286
438668
129757
428211
148628
908369
278485
679641
919590
854432
872340
736359
233975
618324
315847
950509
480695
225516
478193
418147
457544
331923
900043
115706
36762
65553
749891
769462
216918
635885
747948
94204
74554
877705
38767
739534
302427
317252
935527
222017
688037
807867
958377
922012
942544
790576
388873
939591
16093
867067
357739
473637
715342
257782
589343
752105
839687
855586
37919
56606
491472
785867
667162
82378
663573
222282
338264
482352
55886
273791
704369
743923
598011
179098
665936
540555
969675
571161
480146
985768
954580
837885
975757
669923
612020
565100
938380
968059
937038
976299
24665
944862
762166
208180
543592
942091
430462
881856
424443
2700
155648
645165
746624
270011
824263
928912
810566
793938
500073
290712
296058
454654
644950
271815
124577
256970
353267
579309
225029
290306
555608
766047
751520
834126
490579
295113
292570
437393
176969
717013
440093
848969
878530
186717
118980
702794
115629
445898
13084
132055
736611
825495
586709
381561
97310
227638
154883
966930
806947
896264
773588
878907
662311
525108
713033
152890
820221
521955
106635
513543
238969
546729
362512
117499
733446
997845
336645
365428
443743
866082
497483
696706
691577
600544
78267
788887
828182
749502
272169
151481
645767
45757
30388
308078
570866
259773
977321
391087
781729
83956
420982
537050
147037
299847
170901
880484
297692
23899
762264
257787
889981
259747
954494
581558
860291
549113
886797
204825
298616
158967
356306
944383
204724
903046
768813
775590
679171
262486
683030
977252
862795
104012
30654
9832
403859
201556
406668
701551
225455
168932
475691
115436
945031
430185
213346
805322
495650
100143
526499
794266
259110
882805
255001
463835
302203
540167
239425
981375
319005
438807
474979
181800
542820
505634
707985
946679
707190
114653
164583
448997
799938
640274
80785
744969
586811
294131
66644
598813
394274
593143
909432
169737
992301
680785
633572
294504
220952
389349
792231
56310
828157
267211
754462
370977
289197
462447
834008
512739
93453
514943
961736
409743
671569
558873
154712
258380
369356
737708
373546
279982
330852
282978
449719
839505
963763
83291
650361
701068
988993
442593
757378
817150
226156
511840
704479
515353
490640
54839
28092
100445
569783
506180
26540
241352
581405
697604
16085
950761
435313
389631
230743
282517
672609
680463
122022
636372
280106
772383
337440
269099
731328
611170
602601
473836
639363
823432
989189
646355
878272
533633
263152
448055
556165
289692
205759
137570
987296
738196
88331
422609
127827
319075
221478
316788
515890
343500
469513
795996
632236
323305
581448
879916
934476
700401
353753
573839
523834
859294
736546
918458
909280
999698
882865
465445
289390
88624
603016
276686
826821
691347
215648
471000
526774
437126
787789
559016
296979
773654
871365
445567
96959
452813
325483
31435
669566
195588
121626
193400
54883
858172
628210
964163
857870
511075
945960
147260
116052
548976
940299
942873
756676
155947
930225
799802
593073
234366
358819
890052
8020
230184
335619
104980
199349
177455
652767
868915
373043
774394
578668
944278
148918
206878
424793
6789
717954
370754
670401
834006
436082
610700
293231
192758
282999
223456
992561
876073
974175
351380
282477
982195
97916
134449
603527
297265
311904
256295
166180
201299
30689
744848
661930
695959
468079
86723
702748
186033
973829
889502
536391
409912
500202
829622
119022
783202
569430
111583
175627
543605
979315
974456
42153
593583
108905
645680
890848
937161
418327
573381
654813
965368
318229
316743
661328
302660
403466
364076
488693
893648
769930
25084
303560
786485
371058
938934
86039
456841
566870
261666
516798
546185
236122
558951
139769
861380
720984
546969
798541
139311
120350
453354
104680
954932
770097
766008
257592
689916
646436
262638
583564
416367
804074
403476
202852
175133
342410
288891
631974
909280
66909
148772
971818
819383
224076
627939
680763
945060
691260
479305
84371
811611
449011
705403
766543
735461
987763
540487
425377
634200
803125
525293
566919
607200
445121
286123
782333
303883
91366
930659
213164
158275
595783
701334
977658
819859
845625
174774
281271
536885
654079
881995
348496
619442
587398
631391
354903
575162
171879
296632
725714
491356
821925
292633
98556
783398
95108
397241
87282
186474
844252
300446
861101
440036
518132
838759
776247
363757
13533
57519
900642
183964
455866
249139
803407
43264
396882
674662
134778
85113
971295
376844
576470
309572
185829
675026
92971
280937
588620
180253
983763
432872
997051
844864
389260
515183
199976
681860
878940
213509
739379
295934
913826
711597
61425
233585
271213
458308
908247
405992
543421
395894
299188
119891
705467
485018
311270
798438
282307
899890
495043
266071
849114
492094
110935
238375
523629
310911
920235
918921
40773
175966
214855
954599
403915
276281
704536
675128
250941
129135
597472
794362
525030
896661
430606
746849
898031
258228
61639
180338
158118
556682
446409
523584
565128
557345
278311
88757
384608
714898
7678
425381
407216
222533
896332
811131
15166
117220
486260
266107
246356
600084
60470
287738
496745
7428
550939
911128
265656
612578
91467
940126
169260
537876
463710
250740
611573
258374
339497
512534
973272
347175
937915
380489
86060
350600
191620
101227
467820
194232
367334
230528
310669
944156
518266
807414
467936
69205
234895
733592
198135
326362
190070
883747
380590
653781
134487
508516
428507
473984
21050
401779
337511
475317
782268
423572
825917
490241
524799
293738
200825
408485
40618
511494
868994
558885
835261
336930
144442
70156
70523
858930
912870
260593
742677
809812
430726
393517
318328
859233
867501
855730
777365
205013
331048
75985
144937
156965
82578
669736
967055
283404
594573
7674
311250
463567
82911
662863
800498
743705
249371
387373
602635
162241
164318
861665
972054
111397
255182
806734
486982
639035
662465
264347
360400
993513
340333
505337
666830
422911
691425
150238
222667
285999
674264
50270
749566
757175
713133
66416
17232
962505
453789
136220
124746
618108
514237
613152
245857
769419
419887
732839
924806
598704
513539
285207
108569
853872
790544
775399
793135
481970
441989
532155
767969
116253
582425
33887
389780
295558
100304
407013
774415
554093
59585
415514
688553
573822
28666
934410
343241
964905
183602
268047
563609
697141
69606
188530
67365
860151
963930
376852
858473
922271
909007
142794
38525
491432
176681
428305
303343
276985
351670
594110
347431
411255
9624
552336
985077
38291
486747
844670
519548
186701
629070
599510
400194
698676
788040
467559
75179
268322
844411
450004
190594
753419
592798
745471
761203
769480
173776
580898
562817
41799
175009
910248
969406
184633
462585
954484
739276
465684
315506
775177
168737
460928
374687
568931
675957
162727
36490
267488
431050
397253
717493
137996
667024
310291
883467
428228
596123
573595
525478
158941
615394
216839
69189
584801
401473
48126
55637
657101
30162
887495
432278
198899
348424
806965
767830
540733
486045
320672
808221
433447
717926
525714
571443
384950
352358
971262
329530
948481
544857
855009
107422
676604
71848
692964
777757
989673
257442
349746
163127
287605
237241
595405
486504
102017
918723
770687
642750
404768
91359
967324
354567
809285
493038
442362
194236
361748
413624
523766
310230
474833
378775
934004
667789
966976
143320
445546
473001
400763
311644
636128
688368
65238
231534
691224
167255
666609
461911
326358
587729
553271
810034
942296
878908
819424
384658
73144
181173
314634
596911
7755
305819
492038
941759
973609
975366
85080
935507
448368
2195
247152
84496
206915
828742
832382
898139
512349
498991
876403
355059
86720
946026
165093
545368
824934
984518
446378
898079
682043
277364
11342
689798
583184
19732
631557
556793
511451
232989
8652
959819
235184
772156
560667
442099
600898
393050
856591
113248
408393
732994
468307
11466
195372
633401
73186
20306
134271
519565
434737
816314
796929
962431
506112
380113
982164
654021
453258
493615
887011
978263
969786
122195
750419
530453
80647
351318
439855
937238
980918
364601
186584
449225
892419
381956
598978
965605
402262
733249
485170
353352
549563
798452
315783
572027
694917
814299
226049
148176
824266
113060
642791
794052
751607
393210
840858
832254
260880
797065
285844
758150
678018
472428
207376
570437
854384
806354
536043
772999
55956
537565
642703
121871
336017
958486
693899
30935
772786
436300
695463
113404
549360
338254
907457
817319
247816
264667
165926
25049
61732
451770
783199
256103
440551
990575
826540
811287
313282
362583
100638
885590
900149
743341
7461
752518
701828
217712
783453
990966
654012
478916
104370
719724
333522
528179
537044
581339
309198
219322
122740
887283
671092
905939
143386
627995
412867
969926
439283
242501
332510
539921
128091
749011
283263
135552
501529
501443
353265
801335
8761
7277
796603
629483
243354
130126
674015
780398
227817
983213
999720
350557
870496
187164
772848
13882
815160
185715
983809
254443
428216
832671
310716
72659
98034
110331
208212
115915
128126
77829
917250
653239
601458
713854
282723
844812
360332
956738
141562
104501
939951
657634
971410
810448
844799
744258
824330
176311
446326
324491
430754
390894
157162
257822
463554
771548
884506
671766
887464
12632
265947
321066
665872
383757
551272
464947
228570
911604
421685
370132
532457
877988
27767
503867
688436
388918
764478
29119
565229
210804
869962
512335
601698
543477
770157
65252
315025
171015
253370
202489
183648
35669
523556
365872
419427
74828
830819
647997
502785
252504
534481
35242
130492
78600
55462
335281
983870
819940
880752
549099
547096
750714
61434
665146
294191
347944
246751
125569
518959
16473
844410
218959
52143
884318
584831
471570
959147
415650
635919
978284
184506
686752
529878
831351
281705
585340
166632
265575
921632
563736
331027
985080
830802
908813
650227
124994
256757
896978
766915
292069
913451
611325
27380
481946
495644
612212
469868
971143
27862
622139
465779
728721
308892
995657
560072
106949
97350
726704
888876
535334
806792
219903
520415
637594
128717
170642
278940
901826
583972
45855
193895
13775
173533
221276
495722
669177
349840
965590
156672
894054
587730
622451
622775
412974
618108
182847
36275
231810
425903
925151
767145
749047
661407
803912
386642
790124
490906
665582
691950
74878
227790
402198
88653
401323
139826
100727
70500
6018
582670
227172
900072
686752
849623
39200
616078
984083
738399
652353
732246
164303
93856
499391
913350
755263
303303
816344
61739
310561
481927
270042
385439
709717
188592
990444
627392
844770
607524
697892
850788
190194
441416
267212
876946
807391
306412
9376
307826
44812
178081
40072
725467
271937
55815
155169
543553
875470
971514
121644
186031
969793
391686
571470
195862
580278
78267
823254
425048
685791
37498
792188
392337
478914
59401
785635
802657
365813
795011
110483
410625
973092
666908
652444
761381
722723
807614
821286
598194
779128
942931
784225
748921
334617
872048
944783
431248
950315
284389
372648
152458
321887
164837
544795
317153
224238
330430
636162
106403
125441
262997
33381
614885
929905
685825
892618
652629
493439
713905
767175
788919
656836
551400
54192
507805
939800
515327
455405
890115
799716
828054
42573
637955
509243
587368
955108
249833
917798
107622
356236
559591
370620
905969
690828
300525
591795
583447
469506
601586
297352
236681
390506
470540
304434
444698
494697
244234
960026
950103
650702
276094
294509
693275
914050
320104
796996
385510
86289
231146
493133
958877
307090
863753
864847
997918
164278
972994
581365
150137
574580
395069
903170
481438
381961
723956
926137
876659
484543
402515
343114
135245
678609
153975
344872
592659
474079
658220
978170
76720
889367
471303
35597
712809
851408
900444
710727
532038
873438
808445
682175
448019
203514
585346
929457
101828
825654
371946
978487
310197
290813
837953
445442
969423
991928
790315
78434
982359
964887
572956
59079
854254
560611
94676
83415
412019
995121
794143
944058
384911
118940
142585
349282
838806
727931
795092
940634
69938
167038
919121
380135
457852
757074
825578
943627
265354
132245
538413
247713
97132
111370
306792
467739
188333
917821
551154
600353
429294
861649
60763
814205
980589
203348
163488
819396
447632
474932
276382
517570
158322
195504
897705
132526
468930
239635
76153
734285
888232
614567
498350
501717
242289
321495
969456
430622
239316
36962
547327
668610
414964
608090
999167
395553
811439
679007
731301
259071
153939
7684
292993
312262
719540
190698
444788
704822
946686
37294
439107
834918
168213
937458
336635
410502
258953
822443
357476
14621
859406
904804
683231
274370
512894
198750
186275
840685
877758
433929
616108
548049
441613
909101
860311
677505
616152
821452
382327
562838
858746
337787
397756
26959
275245
734392
953813
50550
556835
311289
581523
932593
732445
781106
206963
761692
979856
909591
602377
857614
343520
218486
405664
301485
643939
782327
978990
260091
603779
361317
822929
978877
699104
220686
522188
490701
471430
476001
57603
28265
303643
639126
960859
36088
936584
684174
797780
916441
593765
400158
290407
453637
134996
212423
755122
778935
994751
734112
555379
114882
611782
378308
93760
827238
115346
132300
317940
586776
608302
891895
615042
911945
47374
92253
464385
983958
292779
262166
900399
402897
178676
190807
856534
830024
919582
611657
608959
914333
862121
680690
545568
473903
58999
155680
301142
174345
287980
135434
277474
896282
27329
408868
324579
591055
501121
788965
575014
310252
567483
991765
713149
746159
698924
569684
576183
618507
697693
701494
49192
559814
382185
594760
550070
957536
750440
851212
648233
38421
502998
925707
451055
46679
850927
775635
637735
868400
80952
729101
178653
648435
720866
891802
910946
419791
977838
3481
554650
675531
221327
603842
751698
119864
198603
301768
593752
465395
152980
241986
20168
172330
684045
471224
219009
534973
763211
856744
919725
360515
585845
98378
525302
823064
506533
436248
242855
484371
956081
797505
676255
177408
917699
427953
813625
116302
729721
407377
581698
399053
649363
118218
571383
849761
589442
306744
901086
869005
679841
820811
229520
782038
435542
754822
605102
942075
707422
364309
942798
663503
678166
619053
357264
595866
563358
170889
228520
809431
578266
326570
208484
743982
444789
296219
110095
34231
602964
11181
903237
799157
348344
132757
581195
783886
403932
702650
242313
111354
66959
185112
291210
261478
320517
648474
857344
400228
335715
85864
209659
430333
412435
418144
174315
857224
230715
800762
407807
350031
811943
311044
149188
676640
960154
246736
976878
880438
949386
219192
991792
532697
920656
283002
794175
241173
447828
651519
641401
783543
253736
851061
213877
666171
785557
904544
39747
16272
705307
447554
882656
33602
274951
31844
710242
751457
278580
687121
631895
744318
422665
623687
277016
343321
423042
71191
100846
387222
239063
258600
687118
492799
626013
417347
158970
411570
838243
715069
944194
543550
162623
826850
93505
437574
375047
320099
189031
169979
523572
337278
914298
946237
477318
191314
289558
900360
778857
906757
803934
17920
165357
7404
27071
791370
424751
186041
719292
262995
901110
179838
322897
580086
523041
932754
534012
898088
252854
239396
584419
776426
576674
498717
239016
53992
206383
44926
470704
501593
951683
274639
35865
633392
282043
62937
941114
223147
765330
176758
2494
666441
356597
325391
762879
395990
774498
296891
810430
27352
536287
394849
320130
629314
409919
559146
683306
132654
604073
154011
634247
72108
945002
670113
705501
743397
249402
162967
966544
14732
339726
969038
197525
212675
810782
960404
608665
585280
257296
935447
612632
309935
330296
449114
939249
256567
524613
622556
389222
128686
292919
23469
717146
237921
209934
938999
981318
459336
101967
464215
474069
958045
433253
671594
170720
760387
148351
295737
345667
921999
231184
474651
231934
561480
923766
687536
818048
448379
826444
723622
93417
635715
747091
326915
389988
473378
265915
887658
449066
884234
351873
439487
842279
301479
627434
529351
61866
775785
825088
923886
697784
56272
398537
446070
134104
838655
649958
468504
803386
992754
192126
413155
628469
455570
740071
18457
928948
522338
906116
894366
922924
257989
333854
281555
559468
961288
810906
137687
253425
152346
61573
467561
724970
976462
429983
859074
331470
79942
327579
134856
72696
36057
64364
701166
491627
320787
235975
936927
359477
142091
831294
282401
400081
681500
80308
475901
159140
891214
129940
412565
559912
707865
396478
284882
684328
826461
660308
15798
422755
504239
667006
495452
540297
731370
712970
548276
52157
948945
485204
927986
607389
832850
210387
523822
514350
290695
516075
673490
698261
646016
602407
774525
353881
998885
59407
554561
825346
719716
86711
248102
223955
753718
259906
280604
1440
489228
828881
569950
954525
830437
497936
561914
663287
224676
602088
177637
515371
118164
367479
729985
280532
969886
504510
634413
485123
80270
705327
310469
316338
792038
74923
56645
62108
851181
337250
63549
856761
682483
633499
327639
512920
647787
405905
176207
872463
7994
870196
904187
126158
754027
634172
406690
723913
655034
557455
209036
735304
262782
35857
567994
571173
627133
624640
633281
994666
478242
696830
851428
160725
846681
179067
673645
494469
584972
366204
883284
109318
752752
787471
235476
506779
937995
158518
747044
593030
715974
956080
844686
495108
508289
412681
66281
651774
553673
699563
646441
31915
912745
14221
192640
759427
193288
382637
770248
294612
265193
653532
403931
17945
441004
155759
41076
378999
314278
788120
488381
546604
260552
849420
41712
768841
262101
624346
420616
332126
323909
583409
364041
753006
597630
73033
28785
307270
972022
799033
118234
237215
968918
522165
771512
926274
194277
328940
821625
508555
117060
310007
55159
377612
159427
613223
662805
937880
237569
599773
270006
77830
183182
150399
830837
297164
223432
859622
604434
711806
175008
722669
465373
143926
761186
236885
586552
955463
82177
408177
980370
199237
234536
35529
93201
393963
165105
272358
848195
402674
388484
634553
480505
571666
301304
311342
385183
524736
687316
989617
752894
862324
228638
218267
522602
506177
971504
109154
461640
53681
517332
442011
769270
751868
993892
862471
662184
158997
651182
26731
78024
39666
661285
558529
127684
962589
386223
512867
3678
589891
18837
756572
452216
247475
491192
491170
753652
462696
600325
731645
516378
634009
690008
285648
902229
683900
664472
80765
359250
315654
107497
953626
355320
285134
28507
483004
764075
931082
995872
284105
520973
531061
557030
489541
778536
48222
980712
48541
510918
97389
780186
543648
247750
986546
345649
666331
186798
10121
747097
62400
842127
370946
16026
713799
172432
44533
196803
936507
975615
709027
736965
12941
240088
293995
502482
534977
858569
999546
583518
885839
613287
880056
945840
861037
866602
291489
43721
53400
817962
307170
115801
660089
678116
648179
373888
850548
692713
87043
303407
184680
312423
556724
713973
552511
850719
732808
603840
225640
732354
187358
111480
861994
583766
57320
239383
966720
348809
283104
536473
683123
590274
168626
859564
784742
816805
749804
151642
25870
836847
455050
726903
149270
11774
440876
218134
378846
173684
821974
604486
422391
525685
232318
284385
625803
289638
40120
592524
154799
323225
645349
837922
429851
813975
697486
214594
630780
447290
366236
173003
800490
337638
899906
466112
865765
857134
200598
244611
547171
22573
365449
969562
64610
597768
770299
206765
403758
810419
799289
558558
649996
960990
912832
79848
774965
126671
810794
922098
90313
177030
95101
890803
31021
511359
873268
896786
368493
73866
657749
915664
612791
23198
401578
677401
137318
688229
884167
541077
15001
199808
99635
664997
160799
528819
261197
452116
655490
588343
890566
262156
765374
985667
669311
312747
13378
542579
209533
898224
616446
867282
813888
745589
890480
731819
422991
27799
420048
823510
85228
435049
539670
701215
616399
216821
230034
393948
668938
401877
982292
75856
664033
264018
577876
333344
576765
591254
392276
786298
489478
525074
169932
819719
270663
576764
551538
693654
120915
487938
33516
206143
439340
573187
907358
55739
306360
137393
449687
491650
55622
948331
567507
719655
212349
145383
569351
789114
252989
961627
91764
742468
486701
778048
78539
757365
354813
146429
967371
475728
634367
517240
198224
73707
606779
105582
645798
913139
759327
611838
404790
814949
560169
972297
50956
288871
634032
620308
594337
887021
98287
202454
145841
584989
980502
224380
858706
335315
370809
826077
327396
5177
343317
525620
595236
950096
147554
757387
379588
906882
369225
784378
238183
445746
273027
289140
250969
423411
425800
845307
310432
524087
47761
456274
109076
544615
197006
967782
879931
567816
310212
723679
89345
169881
249299
200933
636330
913205
958320
15918
820087
843897
316648
58271
805996
106027
863763
56965
529438
289563
418624
356222
813650
466385
328848
439079
527353
525855
923213
923636
93671
749777
647315
699368
919659
412966
900301
555989
326171
374974
88259
662611
735223
404907
720882
541219
510934
100997
598185
556724
906912
533161
912946
720562
999547
241795
675993
43252
767650
599207
966888
377673
865336
614203
593393
784995
543521
493694
857336
869692
385020
945595
532303
120244
866854
769537
177815
894140
870534
292352
450864
777446
825514
363811
14361
341413
121958
206706
384665
889608
322265
351553
783633
187602
482108
377026
488949
25629
387072
346286
895321
772093
808233
943977
408689
675088
713514
586504
85580
100401
395209
536445
394199
220723
416608
408560
562136
538566
131619
463153
428174
453884
814706
211807
641486
296814
105185
130436
322443
492257
993074
734116
780702
801307
678093
705743
992747
907960
808600
78328
8361
203809
131125
402560
424532
547733
327473
503020
86299
975444
966173
514473
429328
297231
242632
587167
110397
864169
717603
949192
356426
710677
683308
653481
28336
877754
359224
537436
785714
684176
615764
310427
887985
746889
229339
828869
810974
73164
848241
897273
48608
330766
928098
477937
627997
170730
65104
254746
551251
299059
203938
424029
526088
403599
77510
70776
797705
953087
608212
99771
637263
740328
410198
41601
3569
155889
870470
814543
229054
718712
711816
794014
49478
639914
271951
193828
326996
853407
448574
878247
668818
652513
302277
711258
572464
896139
782035
370169
365578
906599
469940
2842
646928
396490
44443
650497
552379
431265
981393
781433
149977
693209
575448
715808
849476
363751
909636
176472
733511
874562
571072
918681
43427
389701
629940
615891
285840
928327
502412
167771
834926
488704
170613
481854
885194
731408
648704
437574
162673
630097
735359
829003
839658
827159
61163
689134
707263
487151
381959
440774
361713
469383
875807
405141
859084
505747
537384
661276
434074
556149
829047
785353
44853
516012
267207
446400
247420
432263
883974
926446
578712
135685
271801
418371
962845
332964
623857
670108
820115
5816
627234
698180
475199
503041
619673
850635
525141
673410
511912
475567
229559
340959
260920
790764
373324
44480
237164
620744
476743
637490
63542
55456
773176
335343
990179
252373
668307
614036
438833
4774
136205
66067
219307
611404
85460
838980
462040
610601
512390
490304
86169
258301
347615
347089
49066
720939
391569
286230
858036
384665
923721
921578
956473
213249
256922
463004
465622
441581
77040
904455
962708
213245
970522
182015
341002
572334
537347
319394
182936
566090
809698
269105
824391
673665
132546
873457
394605
40468
676040
252641
941485
599761
174219
897958
813010
947493
360962
794984
389075
954354
699439
351783
167600
186313
50150
24954
758647
587497
344348
457935
153587
670398
727040
494331
860415
375939
884140
255020
416407
560180
24013
357892
676293
714585
772202
5655
662078
133164
800639
567505
87518
16430
919288
771470
719095
485790
312776
994095
589640
173476
452030
259579
360226
695423
753910
220642
71362
638051
992014
487769
198231
16028
362013
874525
730613
134215
396532
909043
783731
197172
476549
387601
213602
912189
675424
449050
397980
988200
443145
987620
678029
895175
763551
38255
590598
517462
258897
661960
671865
250912
666081
386448
783292
544446
777325
30257
195013
173858
939300
978744
371030
415849
882698
100984
328039
558122
66386
726019
62674
509531
229991
740703
404707
509894
778959
511657
27356
554208
689970
215573
805120
872403
602022
104764
416850
379347
135021
611863
69557
74322
106960
956939
490171
989658
57924
818210
64132
124310
60581
126806
150194
806924
867510
554901
316819
162821
582910
860527
717029
272880
76101
38502
145284
194475
143266
78486
573822
794640
206701
159732
868962
313661
116671
875485
819671
690947
210048
400155
331610
270629
526962
481804
593906
910824
553057
910725
73645
135967
287604
790674
408848
363705
345528
70484
74532
488795
148970
164707
283435
355671
324439
668749
185685
441110
544234
521708
132058
754282
921864
463668
541264
448826
945472
651522
876002
498529
562247
949647
150848
366203
256673
559696
246261
602202
630180
320793
607349
779150
485500
407136
651174
809939
75885
836859
251050
620119
358567
899460
890754
796783
363128
948370
761961
824952
599892
637963
839833
678491
103962
990681
44694
876988
550378
290955
995542
696910
611749
602891
992413
97249
10027
643587
423541
602264
996798
674591
222383
871717
90403
629489
668501
453531
577859
430462
794835
694103
584778
634668
372594
205092
625349
933641
82080
692079
224596
77622
905342
352697
196865
897755
966299
206892
57694
389840
809156
54492
580783
547892
442561
671186
693733
627414
641069
787945
57877
435904
482048
159007
70572
370995
364099
212273
304636
446180
420705
45584
40154
326047
398282
237020
740154
880933
960264
797848
270773
285773
368692
851556
350017
327605
39094
43750
955020
680163
348047
529249
116067
830096
688256
702991
201091
52355
431616
22079
14887
852321
584015
571394
694720
982297
808414
951226
379582
285030
749074
650355
570803
634118
18263
437172
961724
57357
997275
916744
737520
345322
445993
369939
175418
650601
72930
892861
219308
504547
431292
750548
873220
15308
321942
84293
513957
130356
35519
893540
931738
300946
60247
18894
935064
78511
456066
413140
652220
453341
846236
906093
798664
808581
276032
490434
459182
348963
899648
194843
369862
330940
945391
243082
862600
267333
327375
376558
914041
362895
786450
845779
180193
846697
381025
115257
441560
837092
44750
93781
806785
407338
516226
121801
215920
792258
128588
191454
141221
28236
386297
511083
875528
848040
270518
738129
115373
597893
631039
545766
477140
417489
907898
657333
780538
288923
288943
222099
126015
850045
832232
449153
257383
348458
570954
473303
140716
699542
181110
798290
244130
83759
825725
119659
931800
612595
374140
563525
210489
5179
109292
203981
939020
17190
377667
719558
306113
182962
458009
948481
33007
290241
913986
806742
155051
1292
280046
812120
217187
977508
610410
461317
61267
952487
97328
993067
565083
471468
72945
291924
992999
182237
12257
932019
715779
389924
167930
538244
89238
625939
486725
122245
916181
917063
928988
587584
918356
725386
399704
135543
219246
526466
596860
280513
478954
210541
789933
560389
682009
862878
368665
191361
561467
380922
123380
277246
287199
291310
815490
376437
433602
818568
15035
349783
735631
460375
937367
653987
702113
853424
305882
921359
379890
419095
718224
375196
629636
508157
935585
827997
887387
304250
19358
448854
201525
659091
726100
488724
950401
541591
381513
900355
360159
396548
250138
612142
856923
703858
782482
559036
73634
88364
996747
453524
507459
714972
345073
137095
223129
797010
965093
626869
617613
984451
75723
819138
643542
801824
824214
110296
859767
205727
10651
736278
602276
777142
348420
975551
997352
130902
50940
70986
219267
47687
40862
243078
279011
902287
380174
502141
699298
861619
129010
833263
362422
721085
168753
522317
39261
992967
148965
899028
198694
159616
635306
317322
453110
500079
809226
966814
147333
860166
554152
882952
424205
111367
126031
703217
13654
22557
721710
229304
884176
367072
62567
246598
88157
747672
285267
127419
740639
434232
542799
455686
593849
694458
773008
563311
194537
582234
46478
341870
958752
600630
741175
382958
228349
867206
86175
242004
406115
807885
987660
290291
174957
566580
53241
779466
314252
338509
906885
571244
772741
449685
26930
882942
144143
799938
962606
855032
382173
525436
713254
857277
126066
454429
240235
354416
837987
326410
112772
244102
650647
616784
50745
825604
699716
620339
121423
13969
475200
28308
585213
764293
994345
612143
163588
138488
928433
126194
993520
826958
651630
223127
684236
294048
677556
924471
164816
515544
767234
793940
759646
417881
927077
326744
759838
626793
947083
881261
157114
422283
425921
258679
186576
420267
387174
350164
75107
315608
992710
584980
658918
160692
808107
343154
971093
485663
783978
135909
517559
551212
446202
793558
485445
373279
120302
761635
72
67385
642896
673539
6020
585170
932218
192596
5437
835745
59113
80544
667705
568175
665524
326623
728868
473631
186130
699961
475647
970108
352222
993206
37672
798424
786764
523117
688055
907066
801105
204480
490803
444001
878019
496823
545523
326589
205772
550960
162334
781237
147857
830039
349412
329733
156663
594632
319717
342793
810945
795364
829253
163168
304922
866925
477944
91687
906394
166000
515105
707499
886832
5909
667853
764851
19084
213376
607792
224856
280689
770127
522445
944898
116518
871858
790983
789533
466490
110700
648678
793788
422416
477931
956956
727339
861208
951252
335378
767603
633604
850483
475102
520436
372744
659307
801639
391829
872684
409432
133037
669725
695911
655483
130975
812429
43693
921958
601963
26535
32659
250641
820323
971427
244925
293631
698766
106133
244884
550496
873736
878488
400980
865191
915277
290076
40850
716916
681905
913534
642700
331295
99611
338611
503130
230586
151041
546823
152545
269356
573358
701556
36349
910034
672983
797626
203665
888102
903760
448549
438598
293848
843390
355930
675391
275019
646007
716242
991935
844264
146128
150988
691911
245740
489599
195041
992678
156992
741864
145223
942700
831575
363131
979050
741609
36115
776676
461626
440569
196788
426528
395519
490637
786270
751450
682380
61289
913809
398622
569576
274425
544751
720564
966337
306843
210164
161378
299521
883508
419595
961097
826209
767522
324228
321611
25483
876695
614639
487109
833616
811428
913637
229136
818417
699907
496938
500797
277548
410747
415772
847125
201524
476875
567689
167861
783718
294205
845592
599591
177714
265187
77040
520275
32709
917621
841886
58192
794316
456525
61653
144285
784305
975291
373421
602722
191550
386711
619872
469099
313810
551996
316224
515334
28871
400265
683196
812589
694471
45140
928532
388537
310327
5573
908812
859388
923194
267050
433932
233862
239927
495585
378147
24233
470876
267920
143307
178779
654631
763179
647878
484793
315175
480454
128
860398
880719
199676
672987
91542
244816
117872
996431
71495
123445
421595
930883
46639
688645
881167
796853
928573
376752
691353
952806
363981
959273
96113
542760
130257
375645
190638
131402
207172
671092
131530
67571
68163
847558
256910
159706
608726
374782
156137
680221
14579
577733
127456
577570
782730
8623
374424
711303
901728
65777
180461
265709
541402
792927
808469
188011
684924
999107
319414
408448
186551
967296
476019
254714
814855
249282
930772
423581
140416
603262
103803
154996
697347
747611
248918
480077
272587
623342
707733
174315
205471
888194
440024
263226
197473
248493
451237
882397
763952
287003
290846
466855
254300
283217
237921
69155
48851
168694
492736
189268
288308
112891
860616
985655
376855
109534
982084
649442
249229
689817
823757
971052
94364
263781
234278
291837
28626
685516
174235
308930
972519
981433
775785
226819
781002
13706
812326
829854
698752
821415
535474
987060
934306
912442
489067
827513
538328
471152
476955
303909
160969
300712
274962
255333
80845
509240
63523
625823
194756
754110
934753
683628
735543
710538
426799
32897
724245
239126
379103
939349
60541
914577
926410
511199
343371
931829
338713
398052
402981
815668
701961
80303
632733
976923
851988
229930
486164
915511
855754
197272
669621
790507
880900
921516
501046
824052
470766
741643
63178
849869
197344
123719
280799
640106
151270
624170
571936
489983
22222
974917
822004
724184
571572
454737
217459
423561
684667
703623
855424
56773
417248
41398
847281
814500
479266
864679
638552
950032
122674
701730
799902
320018
341801
80701
960125
9424
221223
532061
499407
243446
23330
321411
483982
594903
292500
701441
534816
493520
921417
390240
550293
338665
431638
397574
153165
427257
262253
791718
377289
901279
9800
693543
221298
867954
290596
181423
877378
511820
713484
893137
271618
253166
214549
755600
848069
23401
973393
899237
516921
894810
289478
67215
749827
237468
981141
419345
664725
759747
727415
558367
661026
253567
251910
882324
121521
542507
580099
998899
570679
809935
408389
842297
63102
622938
114249
427523
162691
87642
326761
679613
498805
616239
263180
764984
370059
244321
184329
551137
4068
911744
109504
181447
165312
877766
63771
803185
420273
643871
318437
990952
453806
726826
349601
33260
866116
463850
460784
28807
551493
787545
708420
566650
920136
971600
331634
290195
732274
515964
841332
736342
944060
467188
434141
625724
344955
497913
428910
281580
658136
747347
788885
628294
474173
138486
661555
340289
118689
638691
369096
670182
426236
593869
753184
346372
81821
84818
152919
814095
117134
510604
66790
61195
977792
500931
686919
839099
515196
632181
120680
173332
379528
425917
317979
370053
80755
979534
710342
199444
134577
595791
385978
560813
706012
139162
423537
787833
223981
92808
601929
857467
603412
185071
918662
97557
686002
121934
936656
201199
754115
573688
890883
649996
999605
208862
20049
596713
704748
246744
796157
839325
358887
182136
916490
64899
837650
340027
369084
577983
432836
487365
435451
552600
672436
354113
650157
874791
992399
103166
75990
262867
676854
966873
912863
192812
692088
449264
789525
396836
696008
102034
752514
571247
800522
669004
636146
638173
525384
521583
216156
958220
8948
651607
27172
681385
522073
193682
556176
30824
296848
148518
293691
973702
631743
722906
682866
323831
172171
988743
237020
384531
607130
989534
955779
407652
658538
108277
562177
183922
629860
778334
658494
638809
946293
202019
836546
984718
395701
909074
15543
692549
57592
825586
182603
689335
548493
381822
529519
237016
370565
766539
621547
977695
272425
93678
901700
447315
201956
463877
631238
348168
758563
806084
503329
221209
8103
339875
205927
920156
248949
737822
612705
306541
563409
311661
512229
628254
693483
41748
865270
64048
324639
3169
558096
597064
613200
459796
560731
331508
440025
191969
679676
198589
514406
699358
419798
38861
39233
142077
959018
288183
879900
571723
111076
443309
399736
139657
587915
93219
697757
969537
673620
538748
489058
231716
652164
102258
207864
212896
950118
647889
404865
146147
362830
435623
845505
782628
474485
884738
924706
433503
689273
804606
521578
316702
764267
921315
456359
352182
530886
670469
838071
204506
209217
327129
436222
861382
945740
160438
74278
895858
808328
995495
42005
171158
431119
403862
470139
421956
804953
394845
371811
494226
715803
893389
327280
996422
331056
299992
864956
861943
970461
703027
66449
696030
30156
19024
557412
975896
179462
148042
388107
504142
143538
430112
191653
91009
350327
178144
512965
155280
89341
884776
649506
805144
294517
493139
317918
625574
793131
182874
3869
279944
885901
70318
975974
916057
605694
49739
408306
301509
197781
796413
322003
341319
742877
513656
948680
93204
691800
461645
248484
781141
862773
414343
102637
157291
907482
420555
299217
216965
603429
303086
496909
5682
889756
989235
438092
495451
38974
846398
313312
236756
642811
635315
94427
902040
148972
43108
995245
357124
21105
243729
654618
883879
174424
757255
41170
81906
694163
856739
298871
813944
159825
312132
819627
49581
301368
257719
61384
856694
620469
374696
93450
779632
526364
704230
681672
191688
747338
676917
548812
768443
436999
719782
168674
611423
993390
726196
209682
687553
582935
508553
17849
259112
337038
837476
825046
154758
611547
886430
11452
232016
777479
621255
11648
303843
325485
693321
495531
72823
886590
560695
357618
323589
280478
526293
451365
790220
252489
661047
477773
351777
685952
11974
610889
22990
849451
435935
694100
977350
838718
705553
725719
616197
326808
737367
436392
168645
947040
448275
757820
349983
8970
115438
673572
805800
158083
641289
596020
926925
302336
590145
278702
988289
602120
405943
527631
967923
841879
221732
461625
680597
443637
187344
813146
770445
441064
765890
455442
904456
214165
213262
254439
739487
328700
444364
545288
3136
85653
657660
930061
904342
247806
725115
892631
366278
131058
936614
850553
489289
674698
312178
169886
118335
499523
499384
405132
456939
265274
860574
361395
479439
73836
615835
218927
918889
576551
280567
922025
662204
938227
368438
566546
702385
93553
975529
585015
740963
428496
435568
230253
103194
747747
916491
221530
763622
415876
143014
220561
197502
3589
98308
676942
593777
714143
412221
512666
807046
209140
434691
469251
663719
803129
552149
882457
413034
44031
467472
153998
472527
419393
384251
92073
167140
817094
829955
447114
232970
972970
184027
946825
492911
282335
140119
86688
996479
68692
599355
319877
277832
34046
789128
941551
353528
857630
340360
766562
418013
807833
436912
406892
227226
337515
498965
910718
154610
328921
874184
903932
818243
58211
850757
311154
340546
990876
397842
853377
59568
513549
173255
853752
547596
478735
311656
417476
852717
652016
700390
270730
976201
653655
677622
203427
991170
692940
630497
145780
538213
21033
566065
872808
79244
933174
183962
419791
440403
98156
789520
16323
611706
962775
870076
675654
957863
181732
93130
810580
350100
309872
597663
326302
963527
275285
46081
954698
484577
192931
616830
22790
213964
699247
895598
293209
632422
595912
229352
72825
694069
18872
89148
822127
498000
475576
497781
972215
173660
107263
782795
523761
933487
380458
850063
897015
172096
412496
368065
173025
605427
501247
195816
819392
200495
607766
112601
349269
720031
341953
938446
930452
877177
27594
752579
891529
19523
766712
863744
193183
873975
162892
716944
807462
59702
83359
220829
231798
495856
105246
404824
101283
606494
116992
920675
323341
241110
549628
672610
477493
407933
127408
407945
285111
155002
676876
692992
174525
443588
73089
884061
317563
235981
601005
641378
812035
200717
862207
43834
696573
967454
965010
314208
90300
598354
234884
413641
355816
300864
602603
833310
708798
730011
757607
510261
401365
434484
203253
92243
878072
792694
976304
711988
28675
93661
869718
840711
810730
248277
400897
23655
215731
882259
337864
822383
996965
89100
752376
869133
389964
871331
702443
98762
601342
976403
609023
519060
927239
328629
127655
321663
121323
620311
33651
666351
230324
419721
23414
41055
667999
940663
64710
400082
339274
402574
222466
336239
8026
974842
205372
397991
846174
424168
13105
963868
916923
138481
999280
844162
983462
126935
165825
104785
263598
715829
287488
493923
135550
310902
51330
319901
767917
116040
719984
107191
34967
942450
959782
42993
433644
681507
957336
796170
622027
486794
760039
538950
625275
275671
383112
608737
918959
65289
229874
182557
781118
517363
192832
433021
344617
244162
752922
112535
876555
472906
219726
911522
931708
179509
470867
365353
861016
944556
161523
483043
431350
437914
538345
572977
713586
921457
698066
632545
503098
927940
331454
284217
445303
524287
233590
789921
768449
986512
902456
161356
975771
638534
72878
907479
334395
60098
789184
195411
521006
467060
194806
468708
904974
249503
41685
134912
170960
739751
283809
190411
184043
615264
990980
145699
655903
224570
935620
940704
727434
354428
102061
703205
509314
691291
127037
843710
267741
432573
555473
788747
415985
750280
257455
320960
516135
815492
972224
687096
555243
772386
393859
255639
904002
384839
401338
559905
609409
336958
500609
853195
207738
119022
72753
233404
810314
716142
77114
78055
148715
632588
866803
564701
899220
640610
402013
415355
456103
890589
618803
527698
662975
12662
783337
566977
913853
184675
643234
523262
37985
143844
892810
762075
262866
965563
995480
73180
681705
72594
667588
346772
221534
534391
427825
120754
691353
346190
52462
147456
236780
187617
675155
416107
200280
458492
983085
114133
159520
142671
153748
197505
286515
562910
959581
65734
528473
955061
655266
726530
544007
322854
73302
765542
373597
17480
402648
64951
363670
971462
728759
600450
159080
403914
532910
875712
378759
32347
989845
54631
175018
659945
252136
461534
222855
728069
43620
267680
199482
215238
994210
743490
538093
583865
25384
428042
601345
944384
9345
965015
915847
738105
81818
74927
658371
614728
950639
553482
647075
456836
608113
338445
633134
860250
316331
372341
104671
359951
640022
304154
575190
150584
47644
629635
734449
589380
57677
335794
533764
583375
817162
965963
321480
898980
557242
496203
30060
24233
49686
193487
997422
657799
531932
630556
34401
848264
519249
139073
208215
675623
443227
299757
826208
7223
929392
77009
112955
503422
929156
646719
86797
746318
129035
924629
161650
686277
420832
708062
710511
470518
901549
707933
644670
433481
854841
679071
281745
890442
334496
6313
566066
777723
306070
908626
301298
751815
985635
414253
255237
431143
577325
858386
177461
706360
783015
855463
908989
720199
563525
135852
190718
981426
843785
351740
414908
214978
547163
213005
105421
881660
735670
671487
175735
558093
96465
477034
309908
82100
407639
81497
513244
984964
456235
207057
207676
239250
578873
116666
959449
142398
252518
666519
123825
612656
534611
55085
343986
81775
268090
449407
963435
3761
637246
655522
78206
733711
648908
388114
332164
56548
985963
361760
557864
442198
568817
765541
197800
147690
398559
673601
806441
651077
856473
446618
780085
391084
18055
124072
472859
286145
89831
952646
806258
243430
608169
884464
493493
257077
788930
825657
829977
774893
187417
387842
733443
272587
153383
931243
936629
68294
604845
259422
235723
461318
222392
15809
852402
240447
656233
841614
526593
746064
794260
849203
505846
918781
250020
999340
175859
555302
824997
5836
846548
528767
910030
579991
317706
579765
27587
770687
648059
632432
30110
883783
610102
252502
415944
978856
492950
72177
336822
535895
334593
131083
901450
840440
49864
667822
356132
742075
223125
697481
264264
586025
742600
174294
166016
60306
754060
193603
830994
918471
342387
377456
802254
468841
629958
734550
447698
639260
323079
784520
175155
657673
431955
592958
14465
998172
260780
886949
256599
257
584430
520863
586282
327031
211510
268651
387337
965570
978606
734683
400393
837346
112139
202648
306187
258450
453550
270237
897710
776630
571110
589218
950655
519417
182176
965120
517589
959308
368421
290541
475918
952851
811404
578552
279882
22914
363555
183572
504836
858514
918255
905230
695860
546747
624230
518399
805197
594132
304989
219259
370762
392451
808477
321417
911868
507005
802889
945810
982666
171310
236351
458584
124162
564107
37136
920396
103374
400692
620320
124562
259206
54928
29792
471418
601675
170374
506169
923224
764507
811158
142483
651621
719961
467313
973039
631830
974318
292280
93992
956984
463591
846695
931920
104105
410802
485409
540853
514176
402453
161174
638739
178011
216102
184883
649429
334129
871610
671950
257353
152469
483109
916188
804090
719422
383501
293481
351252
874172
585762
961596
347508
49353
808291
795781
669810
735446
281190
210663
765974
683643
888189
404713
861654
104291
105949
27435
954772
493911
699385
212125
646380
698846
644666
966822
418269
544519
260304
285873
418691
362418
247470
282552
928123
572113
78333
597933
307559
359523
324948
73534
43166
213138
994599
421172
833781
616900
964959
788554
110811
664344
517031
273543
879543
161697
240366
814164
706217
17022
100037
641260
379440
863859
923812
307563
435973
2145
421848
259884
361668
746796
333418
921186
959934
844370
858710
310068
461270
823669
98622
572082
4366
615653
845625
883909
293703
85991
214425
516272
619365
314462
157532
998805
694674
81345
306368
646999
599842
728216
906883
961511
991365
756654
399049
467651
601024
257760
777719
62294
597781
876341
150728
602147
8347
996354
2408
818402
598697
216833
334674
218063
47648
8558
216868
742322
89903
39589
389321
206098
284157
812556
683961
275522
569210
83010
259526
686586
857122
37245
265233
454904
429939
415961
57051
954638
412315
59460
773040
527365
792645
624066
745428
840293
632624
478648
582615
238880
34589
488288
444978
835099
817197
128939
110621
902759
728301
370147
589346
585424
923745
854579
40328
353684
786892
613731
308322
199208
189543
597714
726573
982189
221780
988353
338834
370756
467001
437802
609636
17943
926090
570966
853042
259639
216257
480015
162399
944559
850163
268097
46335
290260
639028
603015
643944
425920
216746
468618
141480
922642
66332
384405
421183
288112
372758
760017
658868
356112
197819
784857
374055
640262
872175
227097
899901
88433
707112
578652
32992
73627
363101
79327
363887
2129
682342
524183
944402
415440
992801
602234
854434
59133
986640
275617
863597
359398
35635
38818
231862
749806
340027
605917
390068
212202
349366
806322
816987
572831
901326
849979
646458
264428
445658
526698
782909
644352
567233
243663
576145
76387
845898
430579
651872
348890
706197
515470
708288
258184
70640
456503
524342
927019
578772
914411
139221
928139
237085
956209
500970
654763
322540
663780
435543
284551
706830
734805
445255
274064
978468
21400
866803
340718
968332
518675
689608
674529
34145
914249
449065
621137
370752
973407
548156
949524
404170
203730
394015
157607
676291
894985
812371
515183
75118
764266
799734
781948
499071
761342
572364
993892
782742
439167
334610
751074
474195
540571
941955
508340
454820
907372
645830
341924
880780
710338
807800
801302
914068
201816
958910
106711
613153
771281
621895
688271
51899
937981
986572
550971
699323
75288
544863
998418
30808
395825
265844
505003
936396
207800
529695
907568
631524
691877
249492
512304
402216
573645
313607
832636
775461
272517
939348
904966
560150
77595
593238
612049
531928
96162
679372
747604
687802
224235
746022
234962
620061
528218
739965
72809
252370
786013
980378
883895
477890
746222
396199
880106
319867
226158
229095
611680
15027
684795
516647
91529
762390
626237
219931
810670
722399
899303
558274
926553
639891
820648
161516
776304
865219
901481
849113
117589
203846
345843
1484
681737
92066
914036
78195
928285
140194
307290
539966
671574
508437
56613
763103
787179
682850
499386
597850
921601
398690
672476
848154
554933
9477
9670
331237
874696
427504
180350
992285
631350
42546
510122
829439
134612
424158
423987
62897
80704
247629
602863
268630
756067
175828
548086
543246
858678
47472
657448
780279
446162
329925
144786
1095
339402
670808
848684
730450
98312
545387
239087
246015
587933
749209
591806
238897
689719
15793
301794
286776
263423
421010
555406
19490
113190
103492
79088
971869
667317
736537
268500
629831
66462
929638
147279
922216
600447
995963
169018
698759
541350
408105
461126
129283
673667
52933
368180
363386
585078
186327
166514
848501
123689
721921
384343
236879
341765
463432
725100
9082
199969
509953
638914
782783
439591
786193
221351
40038
298508
390369
255150
839859
798474
232628
485494
988493
801913
370027
351880
386992
556354
518394
235493
196395
756667
619837
949626
98433
599621
674727
623867
799590
184680
779133
98725
140623
565326
320076
697014
380187
710445
952164
220046
25271
701144
705540
13765
503058
591919
881997
890050
664625
916743
641895
861020
673411
261732
810647
288196
377705
485374
428415
177295
186406
207549
792372
843381
289227
112448
540395
669414
339245
8911
889460
880869
710056
111353
410986
213114
703272
809335
103164
367898
726078
745059
745270
915841
523144
555917
204037
900849
557643
632453
594497
260401
840002
903221
103783
645581
15670
160530
314996
871267
169442
720808
268488
395850
348513
679474
608964
51786
488809
228480
936036
731240
489891
197658
647081
529387
753576
851119
946589
827571
999924
541086
604325
356278
444307
224460
1859
976329
384990
833207
363949
70784
554016
632437
466634
902529
828264
75598
470667
833425
820430
923055
564665
310322
120714
211747
839709
390642
579218
786298
734565
95494
843736
338890
451772
804396
563350
969983
297077
464693
803191
661026
535477
873559
809816
2112
292440
638080
594062
763108
471505
414493
202515
36171
724815
323229
764270
80876
230223
859840
383527
964789
955334
227263
303679
923458
548011
383382
409793
361441
848075
729336
22467
383552
602895
832283
902016
895336
986715
496079
174796
458221
910572
377311
10744
151739
216893
775014
748967
963468
151206
132494
928257
106540
876110
748289
546350
940473
648023
956143
301914
496098
685480
324382
396002
804727
673017
298019
216415
659733
794098
391211
634306
221022
284875
645050
372761
18120
936416
121728
981588
87622
770575
426198
710514
646685
174487
773216
587158
822510
245711
889073
834960
931191
729807
747314
252271
919176
45333
468686
95261
355783
376250
729567
576805
177477
890969
949566
195597
827385
587647
177185
431359
874574
603383
658225
521259
294222
431441
624769
633084
677153
30194
468044
124696
276353
215359
893319
195530
777044
362006
807143
132828
254608
536711
709633
432085
944032
175552
627682
287770
279551
321219
719129
154125
924603
893707
191736
218825
325148
816505
368262
518653
363052
836306
643350
639405
568017
536669
351287
345062
415027
158431
994242
185987
211494
703875
618072
671878
395779
762106
959648
675330
83326
195130
345807
524281
88837
537543
259458
930337
870401
627720
448991
233453
464027
608693
389210
548396
661714
256850
409810
593094
415281
404052
779081
143127
624280
397154
815005
536411
675612
291006
211742
758938
486136
73901
283219
574973
611445
542678
21662
998198
170398
470653
748003
150777
595698
137213
215526
257413
910415
625336
366859
842048
545741
145940
985175
170021
59446
316533
706432
735059
607539
434526
10349
93675
24780
293569
185000
636225
352599
206662
150775
522997
193668
898778
190127
305718
552343
405653
79483
462759
547341
446342
304807
93082
108635
806335
779455
168081
122868
2240
419492
730407
436766
429842
340434
977898
723411
41786
130475
76010
248448
281250
115359
958468
696380
821838
780539
248724
227491
860022
227835
774833
306365
48994
867915
415000
855329
163723
99433
494549
165963
518926
741308
119081
948768
598094
96980
188531
639880
227455
780893
404681
508706
896252
363149
205086
718091
143688
970162
461934
520063
714349
753119
342780
763344
621035
757780
135025
301110
373565
145927
467073
892491
887235
586154
357611
485330
683134
546142
125210
426942
843387
529891
935648
255992
409393
657086
490435
69433
627249
952369
589496
341598
705489
932276
621294
842876
206408
272672
143986
579974
418599
127411
988817
305834
713565
862781
307516
913052
925275
949079
339994
768663
995322
791994
24655
404715
449080
31442
990501
592681
983811
579997
450632
205652
28626
71926
564880
235034
860950
708866
331360
279549
352629
836530
101736
66195
699311
409252
495599
140938
874683
835593
909601
870006
143939
450608
791073
593019
482050
781574
702053
982214
877924
152685
704218
906550
740963
269099
657936
601914
494317
505649
397815
846947
342179
499551
429494
557842
425156
925093
698780
299839
277038
124734
686197
420977
91694
993623
530348
90097
291549
232401
588663
169473
901438
292881
592375
158754
561980
250312
277020
56298
755961
674835
419597
614492
174387
849091
172334
115895
774184
387466
932086
51222
512200
134636
988551
120247
128259
518899
210344
419808
267653
799007
105634
169091
608240
698009
844197
170221
464673
121217
742871
736986
796053
162468
867830
486792
11559
40164
119039
302095
427631
51125
869669
456183
185761
858220
576430
830372
893471
303126
766533
161124
618485
872167
846568
226726
86528
690765
913299
551202
328335
656170
804540
640740
818638
672371
643884
346549
228887
762923
648644
172870
330400
518313
629054
32514
892885
721836
862886
786356
541315
629419
463833
159800
17938
310401
902878
104467
517518
816177
172021
362205
472347
976561
2945
807337
165284
646829
153886
394172
926104
318882
567042
256505
353547
712448
289019
246432
434285
668257
549141
491952
814029
12974
651752
831967
839727
554631
452786
357245
370808
624807
719451
359508
117721
238748
166845
283005
885578
837084
677177
811682
155966
760572
584539
509514
473020
873558
272298
423657
58168
821439
915609
872197
834413
83714
220516
674140
154697
673303
547738
41857
298110
783541
401365
932183
22289
84563
215189
424219
437999
408718
752254
593965
169290
336793
619831
158663
210352
408482
582320
784872
229921
14282
173421
580687
97996
393937
771179
252693
583592
835269
810902
398055
618810
212268
330238
157452
813183
545427
581671
251182
954146
333925
361499
639788
187071
497683
798451
913775
906165
897124
698647
652438
427758
872068
749477
525754
782357
520657
294799
365950
355926
622053
764005
491089
834321
94243
648541
163856
639671
746564
415038
110169
596842
292890
266309
783913
790573
64761
697688
213090
478237
396335
381880
905995
784755
131358
948101
567112
652015
759252
933062
7941
381305
213419
499030
731979
307663
663923
895835
463686
410488
827226
90207
523682
636468
356516
307595
427041
937629
521635
156483
415866
434322
538363
838213
219077
669721
302666
302541
838088
61918
751956
362382
959576
965375
377764
691555
273038
41688
103742
253076
968528
447320
343283
492210
83788
699800
316157
27181
637429
837792
700016
569648
788466
238380
407861
523895
424453
710528
826436
778894
772446
578392
141276
248374
543768
519040
939929
333158
77080
560024
586235
561960
7344
929518
570522
607485
629318
886679
634666
266748
240823
851035
836396
29289
605767
760609
553184
30220
471137
895973
325466
759936
474365
466742
8310
534485
502135
464592
867644
95567
24616
453879
657528
548312
383397
228050
155797
529068
631082
306816
312168
388257
157851
664916
933899
763618
425525
3435
310190
413015
899408
635657
689303
890126
618751
213965
424611
637238
678557
292255
249158
219525
746134
906686
767838
645884
651088
439987
691304
798522
263155
3472
186780
937358
184740
120679
217328
610265
124114
527519
539632
539875
679528
228935
430001
814631
959253
854612
968222
637810
663220
217380
373688
925706
640418
657878
571590
291506
614217
779246
90029
877373
299070
793161
814731
483810
430192
32060
610428
554306
75931
150060
610533
271811
895348
40534
602794
854601
411499
571016
8763
74719
788396
382451
425
428814
556681
88368
236673
170899
867614
843054
48272
166685
636215
379355
650495
66407
927767
777275
137065
520050
927336
263951
791861
339036
304485
394656
709989
232336
965672
235104
823407
270421
617556
823833
215587
690589
428553
452260
861488
296167
811666
426112
979204
447881
805468
146052
30640
249587
923327
684058
769638
367015
948009
77851
222403
768846
472507
932392
1183
954532
167497
824590
741305
301405
164775
956892
991994
593328
925505
369835
405848
737171
795947
385052
701405
117767
47456
732045
367355
970784
932455
653345
854151
880464
731196
76555
649311
720056
525299
166846
190940
209148
507788
448597
510553
672564
405489
18900
782244
847346
388735
188092
584518
701034
89497
285923
818802
136953
534320
702509
624089
466776
355854
478241
863592
603402
71148
29255
839810
112799
196101
30750
321948
220242
479347
832501
892806
401189
367753
191402
248535
756488
379495
349405
457523
468992
151680
792677
605945
686001
495186
746387
669129
367392
740980
532721
487146
812128
561977
326957
924927
274430
874059
246875
494672
869759
595729
387478
787300
963482
95233
35835
236323
474728
901593
210198
460072
53273
2875
582369
739274
14413
328756
924755
381805
69736
457477
385303
398216
535806
712260
323144
810236
102672
86371
304909
972431
198452
208739
759731
678287
303972
311918
914610
778700
213511
124808
755124
266785
644035
337494
522411
658448
666250
447167
556605
735987
420996
941908
134203
956802
170521
973699
767038
273193
576423
588299
245624
291227
797039
521707
969514
617363
833625
884124
396064
47137
525284
667540
830274
169319
5034
869037
344119
671285
316204
900724
923624
253552
358985
574179
210354
529506
547879
493745
319051
640654
82044
564675
931881
395435
86382
901396
12799
436359
301872
925215
483496
343509
592755
830122
512828
597790
699160
373300
785427
531716
274024
709051
785269
149361
283230
511975
195219
347461
522072
514270
504467
120469
78945
436349
515904
681679
854097
45055
118039
672321
970270
117887
15830
79378
464362
45011
193520
163522
418311
978947
211590
208687
204350
996859
358049
487580
25187
553268
351394
547259
583891
855861
667728
179188
808562
699985
860868
179011
745040
495259
367685
231663
129498
383515
827393
593860
428526
20913
273734
363189
516212
485325
571877
720562
998536
446278
208142
23723
515898
75888
87335
99789
448102
271415
278978
256664
971400
656198
952028
232793
667809
319713
980808
797307
703228
808201
907520
648107
829114
181254
527648
345326
182931
99525
582240
697820
62155
790382
237895
578054
382623
325230
194195
830725
596646
989525
603741
84398
645723
555769
833543
829884
391834
814351
143544
611415
622552
51064
775874
968018
748670
303522
829696
447954
919400
411936
145774
981555
718671
383669
75961
101294
225252
270157
448371
338250
259682
52112
422648
421758
124234
256192
251642
32420
586895
395186
643835
209448
962602
419709
693818
227625
723232
523515
675579
642632
451803
821353
140539
170474
721374
216501
788120
946626
486658
236491
284876
262692
804956
223877
684450
445542
480069
452445
477962
583316
363983
121798
792764
326586
57859
2935
70563
297443
526450
746142
940075
978253
83847
80615
665080
805221
297116
453200
268200
300126
206044
553076
562818
527352
776953
763621
489246
773374
216066
967208
356691
96401
605358
665807
939339
663218
668742
9902
960661
711544
756044
417089
689798
356243
14056
871230
677817
827524
840782
946017
127650
563178
15445
690468
90530
792399
970441
579776
82125
186507
63337
438816
282909
668695
104624
222248
848265
289718
232151
808927
1263
504547
742368
207413
377143
756424
78643
54960
583948
919425
517329
711598
998956
532774
918418
89486
325173
888860
185615
407299
591719
248952
362467
874628
433999
983443
613229
282265
273162
361732
607544
790777
382631
349912
998190
759774
106336
593185
331086
690284
28962
848415
918234
27918
381190
353004
633757
222715
241864
819372
146366
349936
584676
25186
740916
535027
8629
354145
817292
798143
232229
941188
588920
614861
291100
103462
890987
913788
696647
222074
120424
725610
586841
38658
753528
968031
908015
387285
707099
666231
723009
369817
16167
307685
395003
757084
842713
403633
111229
176357
201776
859811
117546
307049
474672
924998
410511
365659
838787
107159
587733
959211
832769
174575
514222
102649
658958
422237
489935
882409
604820
212944
252227
620988
36982
647230
378072
396047
50863
5653
88756
768992
865464
206302
592393
856488
647653
2904
222148
2792
110063
326233
478355
459184
17160
992577
561834
192471
931166
568121
74880
535987
781065
327107
673327
818047
490690
51399
730446
57905
573404
819203
826897
438869
541857
419290
811709
189510
938547
33857
192302
564962
876443
187010
540499
893603
695939
102333
86074
627106
186806
677307
679445
967871
520766
869124
302271
11456
920523
549069
585714
10279
368272
928963
965500
910130
348254
777210
615992
803153
811067
324647
368115
687510
511657
908614
97466
207596
527299
699892
351054
714105
893551
30499
198329
414318
899623
16952
942126
336498
566021
527840
346778
934294
456804
312278
844424
321410
89488
976768
640915
416908
301415
9030
620770
813072
433997
718236
20669
961296
934481
371723
191754
828032
918575
390083
758702
334550
407035
700829
187401
489408
745021
534179
423702
718177
362809
784478
555939
968650
761247
196854
901910
62662
722237
522680
392087
156234
757269
412756
633882
691750
300831
825636
519782
219406
732071
278485
70309
655458
495666
257710
144867
757039
308241
84921
475217
187402
869400
31156
156052
146999
744363
574314
209661
466600
96995
601748
622834
854264
530856
256716
62366
831688
598705
98500
567446
847128
893337
637755
502587
389003
411817
163806
146043
720058
248727
137612
907461
118127
685120
579865
781478
429483
154180
991140
896083
767527
109240
35269
138143
156449
808338
200509
988137
923395
299009
555583
770523
192347
709691
273110
97702
121508
953268
760097
357919
201996
414061
265380
836475
99182
361597
617954
45017
515777
125446
457453
283304
234686
492722
421447
391135
817412
138308
895624
740807
437318
967560
27683
146017
677251
817145
760071
315111
770414
520169
673030
972410
934230
454762
808885
549764
816360
426839
594782
332137
68637
568587
131794
303324
577661
69593
210811
395074
207902
106436
652233
161572
590348
679916
823941
267599
13414
584012
99062
783828
620533
772093
756238
71116
226855
81475
137232
559567
24667
248366
408057
93304
816953
539851
912980
394615
125796
123792
306041
850050
746580
474626
527974
336928
670895
868267
120879
684309
968632
736293
468137
105517
24738
740727
176633
251594
338554
830218
327513
363221
78584
735570
972878
895538
791773
402210
806505
917570
526002
112546
283972
788934
103524
328299
642214
774419
196566
279445
458728
165198
15739
443217
787068
40477
183944
963701
808423
522499
310271
135937
402072
388856
871507
891302
800746
179633
293513
123603
613555
335867
752501
897527
124802
856025
742178
283368
630445
938745
79166
89173
620295
94905
532391
407363
651734
232687
887417
460158
271538
714040
112447
673611
102896
500306
564913
419994
679939
374778
543597
809846
710646
296098
223726
351800
152124
965904
635168
298921
421001
230686
388094
557649
325591
436837
481364
977326
669525
885133
953836
941063
599174
582635
131026
218422
82941
212292
638417
279233
587070
698366
89079
297716
510817
312805
165868
179293
795062
317389
478214
216063
548075
382660
773712
873667
819498
255077
367345
5375
140210
837533
946438
255736
420168
593817
474159
19461
806109
628928
815046
393179
327294
420478
207248
838111
249635
373116
533756
561049
690505
11970
777113
238581
394631
67177
628600
730481
838606
512297
735856
978817
349830
198646
234553
286350
792463
225064
822163
114924
853992
153562
508104
181287
90392
231704
535750
340027
121172
69507
901077
328030
597829
194542
82963
992460
261719
711563
722941
100326
740212
975149
595495
90042
173796
346400
892744
966259
571465
231259
81184
425457
384821
105640
123096
991565
853696
175199
847945
491220
244706
749022
819250
842535
459916
902213
351348
237987
130128
590641
338313
870340
565791
450160
476734
255939
312913
885830
222198
884378
117090
819734
826187
18263
441726
949284
9829
811774
640835
857774
302995
885541
123148
122245
244428
583064
540811
112128
337403
670939
702770
675717
57632
784913
642229
534366
40852
955142
420197
779402
355872
537287
115489
182060
71902
557215
647696
81731
885342
288531
455857
188337
690424
579005
826934
451204
678421
367745
563333
15825
555037
782455
207894
612669
567368
850123
663387
608220
321618
83584
903974
677490
137223
19463
375902
209126
93031
539950
807209
978373
344833
263067
166710
35257
358424
509996
486462
553198
394094
566147
569023
465483
348602
293269
78152
432322
143392
257891
40542
981362
857828
460868
175205
995051
480332
551107
720529
573363
607410
44091
551736
952243
823510
234798
503853
698286
261146
990315
251484
655240
72814
820507
120723
421416
113776
715227
853738
773521
973119
410632
271235
830947
871500
446440
342350
868184
513900
579232
441547
121310
139675
509635
73553
963185
260785
577406
661471
521932
84073
912956
177172
156887
249815
814248
94655
879944
45827
464745
653465
535298
875377
924700
882597
263230
887493
224948
131414
401393
320532
89314
522703
460207
598949
596256
423392
859735
690015
601215
381667
774088
514171
75191
447328
280339
405791
541983
160283
967971
6729
330100
503269
398458
771152
385867
178040
658645
127167
825807
60038
964051
915121
582741
424258
30422
695350
364002
890157
385365
965217
788176
675805
995741
379720
123133
792432
301863
181469
952715
269834
704550
282815
773104
619360
53967
675323
797401
228965
802490
623208
289003
766541
54681
388097
707151
85103
599799
71153
975261
501516
552722
279789
177321
64815
175861
816807
373599
477725
998276
326314
747559
219178
125481
520663
838538
695801
712338
635939
924766
514828
775499
213769
797721
830180
118218
504872
915284
718017
92377
406897
735885
161452
203038
913207
742619
378900
246366
632571
856625
760994
958885
120536
980172
600719
157552
818710
296520
869890
971002
221286
384719
746501
951407
698792
576682
69626
720017
8318
303995
328746
931567
39881
6550
134605
469440
265522
29857
232158
898093
886482
993152
856978
7019
973324
974049
680923
308386
270569
550813
279388
491855
451884
25890
443263
150677
118924
29241
387046
643594
849588
715792
575161
889469
722343
226118
875261
987865
255976
107419
885958
658810
616923
259288
182181
106599
233338
863104
414986
20259
413918
210726
512115
865802
752968
471730
532831
871892
17323
919877
31838
866911
635670
123351
272733
874365
349470
147994
378582
605446
771766
780892
780608
388689
40180
962790
495289
789870
825894
426627
810130
756164
637353
838597
138319
906674
826679
671150
778566
844002
591028
326757
710913
743050
450108
499998
617415
799578
647993
512349
921376
936111
293241
701985
324800
849773
181127
336441
639644
523373
279420
966126
279538
916774
321075
934209
823448
664106
605359
118366
508108
712739
961475
735373
455789
411584
235372
589556
727514
399717
101905
648891
335828
395146
867228
176980
244920
564707
513422
400916
88080
792842
883394
883970
225968
720821
818179
565768
384927
939891
200487
409387
652630
161962
144760
624772
89898
896484
730680
817413
296201
348938
982656
148381
260436
366236
325362
21708
930943
838784
422624
535375
147978
822370
419346
890299
59543
753877
456067
444470
693768
172906
853857
346399
851221
514970
971171
941119
927806
218203
274884
224008
567141
257540
888741
827578
140128
214103
849286
587423
569239
788263
122799
717218
126985
542145
607517
186529
812374
579936
630999
506143
752843
1209
852542
120416
32531
340065
61535
960337
74620
336420
700697
641762
110312
589439
985692
250441
803542
834978
837864
889134
139593
477015
606352
266579
535512
730221
969460
347887
826509
116811
854030
95704
118020
222924
216120
666903
79341
277656
627241
153961
130428
327938
795723
757092
917377
781415
523885
237272
132746
878102
126406
272339
355117
249110
55270
890630
495683
541082
754869
322192
657894
608899
934249
292266
831823
150369
959170
911164
944377
586411
65125
74805
430701
377201
348250
864431
674968
872135
101703
807714
750237
744461
596406
105355
509923
168028
512337
5606
709111
267206
844150
883357
392457
778399
691975
740632
928769
651145
168148
389498
753908
749625
464304
700962
126826
328906
565393
801795
201041
183448
125861
951279
444261
722267
572986
954184
406648
601675
959790
632111
385233
803940
31820
777690
98692
723795
518322
27461
891293
686470
416959
161553
436095
397615
862515
79274
726521
427908
397421
443915
127708
523282
911546
571969
761902
884
526153
684902
602559
2295
317013
987792
322588
348833
281834
421280
588980
800156
965093
480273
2978
898404
641827
955425
812372
504342
34699
538893
448603
432120
499160
92663
471755
410706
664633
233657
411590
707138
918559
14149
225786
751924
518293
64726
617109
800127
486006
206089
116635
967451
686363
119613
865855
328190
591391
678227
348884
626090
733473
797487
574563
232633
406503
46318
159692
71136
796327
571282
294626
231238
101784
36764
983162
136429
101490
600271
452909
103848
806360
569544
71299
492723
205510
453507
337265
796901
648086
686150
939343
381559
999989
513906
130545
406492
560224
290237
993980
356551
377871
288607
587789
996007
325371
87303
132437
943214
687574
585346
47062
10287
671242
118362
19362
876752
88221
356628
190005
736307
559130
129349
634219
559119
643255
764764
481964
719832
571353
475944
592735
465576
280903
696877
461584
122627
784180
594021
65841
988107
695719
629255
998394
366961
263969
534108
760066
352190
890736
950071
88498
966218
79420
722717
41690
239028
3833
523654
958860
91538
515950
551595
557114
313206
248472
18698
952185
549005
129071
534378
537112
341142
163633
51858
224456
427603
585966
984522
296145
993055
450945
384643
959273
46718
623712
963
285746
143897
40969
760958
235435
73272
828905
792550
386478
593730
327600
338663
142735
456672
389393
196199
314166
553026
248057
538622
496981
350375
523144
793127
343430
490442
694122
819056
537160
834187
336371
339258
978084
377341
100216
729872
450613
445473
38774
353443
39203
366374
208458
181938
339398
597851
894489
653565
150877
142546
192187
164211
9274
231684
473690
869056
722126
167812
688112
259286
518351
24484
114896
12788
401825
731464
742660
368790
176937
781434
722233
216141
664160
930691
914431
3559
528542
808921
657124
195771
467819
365663
876334
477093
597347
350024
346150
319473
34189
550614
578759
552540
575098
210007
565328
493275
941471
824340
862065
118409
122126
100650
850902
786287
547693
765333
789846
592587
90606
963322
304711
74778
328985
181045
68223
926333
47422
930725
245806
81611
481340
340918
634151
572790
550925
715832
66066
492397
56524
444483
127158
178651
61486
978060
964938
609179
259745
754784
201767
350352
234458
22830
941482
563443
203875
9705
489776
251297
940431
251935
332908
421771
109205
483412
510913
660130
715596
576979
668879
772120
537815
796037
467123
599301
290449
432061
724832
550195
703197
442951
416899
937655
465781
358381
17451
186009
884438
507227
437306
824869
275514
286567
762992
384719
286331
273906
561202
518279
367237
230081
806751
421404
542471
273875
20705
349272
222288
261890
415819
925486
704841
832718
379493
686975
707451
396944
872984
591890
420524
826642
933111
696038
629561
696104
597110
915892
486362
158312
950523
853599
904745
757275
275004
963568
547502
812061
312841
769790
590303
728660
695276
811497
77731
74770
498472
785182
988066
887808
893424
408590
714450
826536
620981
860364
38992
218091
776256
525354
376403
243132
895305
281148
516759
686661
244717
64261
15075
73910
834051
605378
802570
45680
416875
396653
636802
431699
698188
624868
835859
591612
33459
66662
934500
170792
927026
973492
388883
219634
15198
281638
462766
910504
79138
979525
597165
323855
43786
612240
914117
394190
733971
233040
439870
667198
629693
76672
615250
327881
217892
451109
435846
251351
517771
370346
422143
444797
860191
327378
664432
875389
609016
643550
302245
688155
623076
899411
528362
183214
28003
442480
577404
278326
675520
17274
945525
821565
610298
77127
149447
828191
528236
101645
595894
562360
988343
534390
523509
848534
861768
187941
240276
470785
831492
542521
675292
970920
958284
203654
154134
502640
162486
731539
780966
354358
265165
242843
175924
875464
319970
841723
703655
364559
943368
815901
926919
448063
350291
966780
296598
212060
671074
536874
199197
18918
595747
390841
989838
554032
594495
143972
56672
273334
391863
837638
627692
657029
596834
319968
48845
433156
678043
268852
797715
137763
84753
240986
585827
435045
207767
882425
163457
878841
935651
879006
897759
531398
269847
403949
601782
380694
64273
658454
654028
456137
12445
798073
629518
125631
634393
194715
558787
312437
463567
356503
450200
548320
113841
36027
499717
321608
434804
179526
716801
886807
58532
130912
418206
844731
51213
19988
225426
115487
194795
395806
87976
723592
710231
233846
849223
344625
428561
408010
173414
892128
764513
139966
956800
394707
692346
972870
716315
127150
152396
949469
13958
727281
596733
948516
88364
647947
484856
313790
763434
196003
225949
367762
919595
452532
601608
768818
797157
30169
693181
486923
922297
974046
626890
395449
368753
319236
368319
601421
962738
37068
550890
976696
764349
147623
441564
852713
795570
442773
682856
75356
638776
425157
443118
558372
877689
44726
843542
191199
74895
536723
678122
513544
27122
821364
908994
395875
140600
793665
997296
103339
830733
64538
596387
595082
728514
554304
964148
40436
997077
163356
115793
635853
588513
75263
710577
466202
119990
70472
657401
711237
123547
851876
741134
150669
673240
166480
546545
330193
960145
60193
949884
790879
124732
546271
385961
853246
616927
866461
893682
614004
29817
525827
766210
618330
601091
993139
600885
237433
63611
774638
465022
703511
626514
206156
854180
816107
372636
917077
146300
332782
493623
96184
640013
134707
158807
25974
987953
775735
408788
397987
906091
438605
440167
672301
573288
557610
665441
174173
795043
245404
948811
776417
948915
91678
498926
319448
907785
871562
236525
54085
720696
730148
666621
360709
381207
341780
903036
369160
633867
311824
283500
539959
266781
240019
728612
356421
797629
910405
530594
109024
155810
995758
885441
621077
87436
384367
940525
511573
772282
693403
82010
9330
939903
748631
370040
321111
606763
789428
206623
240631
617604
6475
780590
400737
246494
509202
757159
560475
935960
287753
669499
91770
799863
71293
229199
887299
455660
686077
398872
744294
379480
997234
753625
319383
745865
640017
156846
352629
945797
363470
593260
563401
369945
890202
964138
132792
915756
721297
693267
851716
525403
879119
459838
325266
950412
689038
728918
922424
375115
644142
666719
754595
641377
936696
590330
903594
576713
747177
772575
522510
626999
882187
602263
996944
772389
82753
646088
688146
320403
339356
56214
845806
218475
516053
687424
685239
205091
932694
607663
96558
93189
790734
367505
250918
727430
474187
154512
820495
737716
443440
343005
364715
325627
461620
878012
614369
544374
524100
818867
864777
379808
875081
226935
598283
907486
430711
283522
628929
363406
407538
725487
972947
198272
609344
223865
925703
83532
894729
746198
821248
338169
605556
185964
180149
67176
580328
310870
127902
104428
129737
992679
484237
521170
735966
598872
428657
166678
398747
57586
46436
806285
299426
19383
4557
908770
243248
446612
992302
654329
709163
813551
992499
314719
515867
689000
898247
96195
999870
542502
716975
645959
535181
717564
167129
787500
316437
595786
954178
231536
169725
614
37821
469151
19997
558730
377921
779597
521695
370224
433926
230858
700127
942777
545577
732346
631777
960176
344893
147999
502678
578220
793958
554212
295785
961088
341712
128574
73226
295890
360110
242951
812856
914283
712102
349205
989365
606376
128802
511060
492952
79080
741918
709431
538210
803847
441777
169987
764024
303022
834339
783054
881242
628297
337266
177027
589385
678978
305601
178964
491220
665711
421915
820428
96346
650370
169633
85712
256746
814787
596772
266050
410220
855043
975481
948430
658890
417258
634769
939266
236632
469108
722321
117874
97406
575939
294902
203143
771270
116855
382107
778842
298919
320375
599271
395265
487097
285256
997329
260195
616396
110454
526245
26616
965497
501726
491398
140739
435336
126167
80006
671968
595276
318679
789842
209034
410970
601096
412177
182240
717952
310637
961083
533223
631012
76706
444840
118109
361962
442170
378304
978358
552624
420901
521326
34473
922627
12724
175212
357963
138892
771570
546283
250520
606601
336125
459554
17572
453574
871731
199812
687878
698720
677247
221101
329732
753953
665941
964193
115916
108111
858849
610626
177087
279750
131953
211560
718729
661029
386773
593044
316273
674695
139327
566793
281297
991805
26347
298869
445379
414431
15033
133257
113151
692281
870710
959236
446234
536651
439781
78502
161115
814983
689129
338202
94733
337434
549763
329815
998463
452888
922859
314737
127583
578539
397882
925232
570344
424230
740453
15723
355013
755487
665332
984516
964120
536042
943752
410354
589045
899886
5209
750160
714869
694338
604715
325954
548124
154478
655769
62939
123718
94981
894028
767653
673520
291911
692886
243864
232493
949691
775939
103858
705178
441271
88374
669298
493665
548479
596005
82710
448365
601214
832871
163234
811904
437586
5540
360028
108416
661310
939319
748486
272643
833348
516139
946163
641611
725377
706379
874104
191421
482318
977962
896599
439941
582688
82250
933606
131167
194607
532668
95884
795821
881891
259118
607725
835829
781011
484105
460597
442321
423424
209083
714964
773124
241575
177479
414735
483304
883858
805191
674725
882528
299505
87677
322469
882194
686279
772427
13361
880886
305095
625598
676707
703339
401068
800784
539168
182079
801241
999766
624400
741017
208849
855716
514142
966776
33195
445229
450081
917053
250421
641158
799581
549926
245187
638402
948472
931466
927181
478186
812352
232277
103784
5411
935616
504852
322547
991136
686932
123788
990902
311332
381158
716104
683401
411652
199232
716596
856881
165665
150002
623654
806824
465935
689933
52011
620690
638405
499830
547871
116591
312182
296500
220375
833946
748468
725228
156493
739605
412160
796634
246859
239844
177792
962963
923245
105796
678548
156194
479029
844213
822548
102684
167389
804835
308969
735753
425525
463726
235583
973397
580318
547765
786249
317045
381711
534718
558625
54557
274323
487137
851191
521182
243334
545335
498
682931
651131
679046
355477
646512
39611
178025
749196
207001
982861
574517
942754
924738
38244
178337
414487
134914
242454
200737
451959
140518
735455
526937
195075
526130
14074
562618
47312
773760
624305
564162
456692
791788
759560
812169
438300
799172
506547
703849
6173
5760
278366
948927
930498
832962
643616
861338
967876
886070
62075
936188
26588
313882
463125
738015
840012
993551
300633
403676
283664
924938
484191
740356
233078
243751
68877
671379
42923
575424
375228
565448
581184
169946
30727
28035
2909
674343
889373
970785
560414
467800
423325
103354
781682
402802
841370
138046
912706
658355
541722
196370
99646
25913
453078
332724
269665
521955
4103
828940
613732
895683
394389
711268
65630
941468
739303
584891
615812
145028
72028
692578
612828
495354
795932
910862
898156
637302
48908
327214
812010
106983
523584
911656
132896
976662
244380
918913
498618
248484
264206
112350
660519
658595
823618
242501
116415
79274
827392
732227
224302
899421
424805
353483
911127
737090
780697
325635
890744
829606
652850
702754
936589
176434
614410
585837
669449
858791
504751
168067
623627
768957
796769
284146
943904
136739
526648
60319
732365
870392
308899
473020
769813
250056
826503
197292
987146
607200
522928
877891
953158
692130
96997
889747
868564
711408
475585
538013
86551
496688
222432
226530
265645
535553
510676
725901
188645
553676
302572
921010
424069
611471
394030
710234
861528
736885
423879
848674
344086
946807
242917
813596
155289
856267
703344
23853
567675
695281
78219
170578
708321
817003
397108
490318
868909
424136
216219
57554
977813
518791
978564
918234
646615
372595
144820
508143
109480
568699
873169
969918
31858
632439
783515
187147
488706
3211
727353
572733
698492
321924
743311
923165
655279
140419
413483
524188
564555
629702
581742
58720
664845
76659
493306
311460
449254
154479
335955
75086
239530
725477
45005
787741
357916
344872
491240
846622
348083
218593
419355
562927
56869
679018
486092
228501
335789
415927
752689
416696
45629
850784
991769
226826
927443
485075
54639
893049
155906
390594
968135
395437
116071
529492
183178
990339
874364
674418
353313
738799
409364
289020
818078
982585
968038
820522
211086
303827
236449
963776
720524
798430
330912
228645
25257
258355
713720
596248
151404
869627
986842
119539
781416
619266
165384
964594
609605
556100
155364
962919
811252
564728
251939
629330
547314
736330
966205
758400
556509
202654
238528
793385
517437
85792
22030
59046
344147
735751
655294
495551
121730
642136
131443
419498
777754
813179
384092
903712
369279
539456
382983
696883
620537
151274
842566
684203
887604
808771
958955
444114
527777
713836
237499
45214
799628
259530
620612
143776
511633
275906
155679
149715
434395
803474
569213
212149
616653
469657
632213
502285
525465
15196
715520
146002
166471
558086
830205
54075
366857
305513
14541
410987
19349
252041
972553
818977
27923
593166
962753
539556
869072
634785
205623
303467
438259
774836
31969
571265
760845
664182
589902
286310
679379
305422
948665
362202
863509
295222
416277
746718
600735
430819
674057
620084
199212
646611
439062
743487
239777
918167
283043
625201
69304
5018
928669
23916
779854
476990
111533
57051
141172
701435
343361
336903
523209
292026
699105
903070
103601
631735
166141
704336
578906
840198
840773
294470
486809
796187
37957
242938
230706
837352
868140
300011
842370
313161
323927
138576
790151
435460
195627
447675
653247
55340
300931
692808
347367
36
595879
967320
148123
278372
671656
727029
118570
512429
537851
121732
308616
575808
364670
55675
413160
749162
355686
255530
62323
195965
394106
368826
147777
106085
332854
317376
161426
633785
10184
25145
150173
122415
992465
298297
400787
180473
541678
519358
692903
79530
641090
517871
655338
522112
573546
584851
271275
445584
840381
849950
641549
750840
218777
305678
373277
551631
623054
534703
701768
633239
559848
851941
755654
68665
150238
672794
249139
691917
192152
458394
287799
349594
976265
943137
388058
66164
527988
659333
28100
884722
25636
669650
151914
760765
975328
525191
828748
114735
59895
530516
747974
136095
382457
19980
204761
49048
692774
970252
257317
401278
428646
545116
750872
921263
4605
138931
503779
48946
314616
531880
933668
856604
201530
601934
617369
693210
127125
446117
807945
703372
976633
72271
355820
875443
608604
76933
924491
301378
47185
181808
219009
475831
726924
486233
913446
731529
141516
417226
296827
456133
949106
746847
829089
666988
348781
446459
876550
992259
892576
684496
695631
385562
273119
51451
261005
881723
644736
185496
699454
691921
883656
918463
684104
126932
404696
597551
858461
546213
14777
671641
518698
480235
418488
347787
147223
283622
794246
23773
275881
203175
224621
487864
105089
497741
539316
366094
895816
700404
67942
595270
392326
467950
513733
76430
594882
434782
190333
969695
980995
721462
641336
16045
201697
59825
363832
865272
343447
674431
405398
135680
877606
630019
623544
982695
644112
679212
865141
56281
379617
449435
651551
771943
917385
681637
364725
512267
632771
555059
481962
613766
792873
123299
629811
994571
699476
509995
376195
559275
184426
781593
694955
62032
927965
318499
561079
88429
997712
942572
144710
377329
392007
312614
665624
309392
510603
546701
821659
143374
618112
819974
273492
410986
459625
903303
921909
159101
929650
298104
234728
114077
596050
929683
692461
524015
764534
253541
128796
278598
196113
273507
655927
104473
102473
837903
413865
613076
384605
751877
272802
2717
88203
546294
413703
547828
965949
851964
223281
895599
150069
458009
9676
262471
904044
218490
302838
668578
988383
431634
947177
700848
221493
119456
805321
323966
473712
735539
453394
858317
487416
726196
377386
575619
272490
307442
639799
754791
159406
863080
650391
825827
837441
176419
604650
741485
394909
907488
926415
383292
339123
389944
84141
76968
25753
889462
400935
499465
141353
370681
874134
628769
613230
251520
720740
885720
75314
876891
640512
234721
739971
807255
576900
93764
983674
181551
835249
894936
89039
278017
278228
944514
667961
878721
21483
693714
284536
938770
709531
425889
825803
583665
571011
439033
351538
291751
841106
426852
684995
997970
177925
941318
805225
271178
35083
305251
452729
386684
200187
58120
664701
478416
518987
849015
357137
56822
542729
158025
995592
768613
583915
337747
352278
154926
776781
703816
963029
617887
647021
648024
615857
824946
589343
421082
612476
624426
242685
65205
527462
442873
639678
192164
921289
675017
41179
794778
731839
100260
469156
243783
385225
53071
581530
737504
207997
358311
957672
687378
492550
121045
335403
108407
945992
441098
45841
558468
581876
288527
140026
109338
731400
296056
817854
169041
971073
859033
480171
219264
475646
949327
463047
860871
2398
560929
114727
726747
919241
588752
930478
411791
709797
265881
36551
655789
223331
598744
730610
805207
887271
386988
914545
135023
199396
732400
304064
686821
107785
300588
906085
99783
249915
885484
477007
768666
446413
591734
11765
882006
180486
942243
810150
890284
724476
363053
62425
947807
961797
309387
753014
849069
212727
183912
984092
412123
432664
804509
615296
540449
105097
37733
156585
871364
923217
633592
640030
885983
225326
651796
284341
922165
110391
610843
328801
834868
973896
391226
782675
935694
216966
52042
301115
429693
235954
801559
358169
668618
606068
973465
725419
227517
527551
882004
98882
450768
31948
255264
853103
773627
423412
137445
695792
533804
748288
24593
368672
238537
932171
667699
174231
149137
719741
475346
95183
955695
276905
453352
140665
399326
943169
866085
626843
470720
264441
242077
437841
296390
497342
807296
70017
920754
944741
282161
454558
209382
823106
339582
447919
755277
7282
138502
420767
727023
613848
515950
199071
407105
485654
339736
806431
945175
722173
949627
932248
502967
191704
886441
799357
689046
693737
385726
609801
638479
184239
580711
364213
7345
920294
812132
278974
927576
950634
699741
170951
80834
732043
370022
487939
217697
226111
810723
679225
948284
760350
611473
451251
952054
497914
766960
641101
191651
669038
767254
346482
853277
347965
227047
376974
784611
555531
655949
228539
22517
355690
399491
103351
87734
769513
107643
821783
511976
434718
501008
460261
195068
628833
427864
663474
643099
194825
304575
351103
380215
588181
213937
233493
452499
440985
126819
237110
996516
782768
465650
535386
654811
381493
638737
258897
667358
262732
597032
179335
697450
614393
639596
408870
243226
67460
72345
402678
778637
893272
753781
158853
481454
967718
908698
933953
925055
35517
687415
437924
334638
153065
973310
989449
534558
128399
764698
201917
391132
361730
897604
604934
976123
537200
13805
735702
121012
86150
138380
416002
979422
892161
91207
977228
376231
516257
427533
817639
68126
114949
255563
402764
784366
228873
908565
835277
873624
189615
37194
264756
551346
451150
869691
527469
988350
399848
263171
625714
2350
401551
558068
981772
810064
649275
475353
702648
165532
902886
36639
750011
17835
292202
152775
318554
37427
577693
153831
911051
767308
707377
692160
835006
158527
78203
362476
146877
478051
141999
288943
996753
59903
847012
494877
386319
12639
970230
88967
694524
873117
641958
444535
407304
934160
113662
725858
487939
207707
396041
915343
975016
103418
123855
326374
261945
202058
688850
925174
196461
347202
214118
193214
407105
577482
688091
793424
590121
174674
398744
800997
564143
40702
245532
971447
491215
875547
213658
495506
83254
126051
410849
574622
229470
534704
900997
491415
253114
106199
932942
449575
453401
663412
159141
860506
240894
363585
170283
347367
538259
569027
664717
102402
126081
910249
590201
617296
785796
320211
629155
869051
446263
556356
960025
675733
607413
861022
683500
860527
967222
616442
826455
420623
796206
501948
797482
37100
865533
967765
900820
403792
53144
565537
22546
179225
992138
612748
312874
294287
932959
458381
679690
895574
14737
639715
87659
622150
500738
771160
482678
467960
903954
825485
404935
700161
327433
202417
253613
192967
686534
670785
113111
739678
752674
135658
435256
744813
748406
264482
39100
197717
722863
718790
93292
737600
874857
697303
876103
375595
468463
358781
359907
888770
700618
764843
105283
28051
967260
358896
737370
170147
546034
850482
426177
298708
986140
861433
43521
250898
642267
598973
448615
365130
834115
58259
619083
708973
755563
495186
84568
740378
370319
444476
629148
70937
725671
250783
615340
209283
609680
352711
379430
155714
719545
805608
970774
705685
183393
14296
956583
825661
129621
921550
707143
480089
979810
842578
189062
251725
854116
789982
992103
224435
750810
137604
811724
476481
388387
943417
685765
514419
812480
581547
186485
532025
387155
157260
237710
86901
687908
710645
428914
817529
148547
652409
813970
128357
494988
3032
896434
349104
309367
404890
89892
60177
542494
417968
53011
447233
877737
255128
961653
690217
353027
664490
222242
740183
821750
976304
343436
26010
203301
772350
359892
351849
424759
173862
996558
436099
693247
892993
301556
2614
297883
391448
579143
356729
325768
148506
803962
203506
403634
281967
893723
756662
462810
632318
13197
284560
608622
872985
826923
328276
645335
186815
680125
586446
360677
676683
22546
53924
86028
840454
572890
900263
231902
152034
256992
74022
300540
577307
277528
220527
859274
687604
493541
322084
319922
23090
122997
444896
896075
466272
773172
57762
653087
453297
160560
530116
646333
699458
584041
732361
539912
673283
148977
288166
341669
405969
362189
158562
983276
156069
379089
358903
843673
388982
197339
163595
928424
836688
124844
340851
302960
898016
398613
956047
867666
75525
486164
513999
291336
586557
762712
831248
776192
911689
635767
117862
834011
997956
276424
817287
670377
171865
692542
514051
560847
889882
193998
489271
242922
318842
830122
545883
733211
745087
18282
600877
336964
20798
631228
628300
607355
393940
975901
383548
821982
611668
17762
655993
125976
294186
989632
796353
466051
198527
826756
26898
604761
20755
32521
847683
855949
378995
909918
589160
640434
928201
706389
493750
948999
337617
122051
72707
247910
97952
972607
69892
225972
990369
242237
351948
284555
748221
664653
750606
946748
491410
293856
67861
28517
842729
915545
400818
221724
825463
506331
378510
270016
212720
872260
219016
66690
510663
291723
314600
608615
780682
900844
350939
771051
659433
702887
571958
407654
883893
322564
870755
375303
132772
454968
920172
975501
886865
320990
713577
712329
827321
608439
982345
556394
997051
717713
623084
507715
525788
454036
632682
306470
354880
983622
77521
14313
202861
649479
938319
86754
488395
325426
978409
137519
296747
898581
629372
183612
735924
859301
412293
79597
467740
394639
152343
464792
628704
775427
972507
154493
229463
121541
460963
100695
105163
54837
631360
308025
220668
86032
911131
709064
927810
889541
362935
224557
304474
992308
408170
40398
367961
820463
119996
835702
731454
788691
816846
360159
564119
305705
31004
309934
427246
491967
926982
48762
546804
558342
356787
767473
160726
784270
992889
604889
673811
872176
829446
978286
864484
753968
535036
232446
90784
171384
584500
338590
960076
917698
215101
40547
739755
246105
350481
683353
254425
793815
732115
317581
868510
605254
85054
29236
389525
594295
634125
579688
466472
979924
557974
847308
250244
609363
596106
341028
780747
696958
195971
740823
131008
411072
781370
870763
173530
648204
554117
427955
442019
802584
745536
310529
407839
346943
856118
313716
457590
6595
893404
924062
986519
451379
287723
236764
577094
883829
94144
357841
97140
290115
615017
228148
701188
396387
98912
391070
560943
169381
819025
519315
971965
564561
346196
896156
427856
202314
209872
885447
208910
103277
325861
711781
71008
613584
948545
648102
13766
42690
522295
627258
332805
137312
855406
550345
50052
470670
941415
610995
156403
276792
130310
644721
357706
992859
540877
785562
195173
267102
187361
920435
886731
513223
632217
474091
643159
580762
638545
656925
139804
160840
284183
988962
298153
655942
55659
348205
126612
513427
475552
799368
790219
122215
444089
147925
115074
501318
449840
826599
768420
637201
747035
171503
666776
379252
645594
309936
476366
284139
483213
616171
961332
283749
121485
259485
939691
177144
124042
582655
690571
115946
382023
480791
238161
342464
145068
869587
843783
111260
696187
128555
264814
443222
816411
931590
338826
462005
757878
331544
262497
241092
464067
223829
524841
585552
999666
980884
762697
640060
563539
453268
756006
461915
450411
994168
320731
111832
380107
164514
739444
76294
809422
4258
35868
625833
452201
891046
604190
210079
222591
383039
967523
686658
606868
492364
272211
122886
989600
551260
762946
69492
520880
518953
47759
971292
29473
368490
599476
409580
533005
338920
2227
858779
343179
554447
964
311732
445494
605154
521811
184437
988194
5687
871095
111414
14403
659658
750653
4004
210918
513599
73496
731799
548904
121255
219443
94729
489745
818919
20662
539102
157839
22889
914233
17370
577336
915197
329102
539182
520352
367266
723619
24898
372953
594715
652664
387356
770725
403317
907712
497996
916917
981208
229795
982173
618815
965590
76903
624913
784509
97565
680367
458700
636806
110953
992423
214142
26150
837877
753325
62854
205143
993296
87752
94448
104363
740417
998157
875089
660086
905869
373085
577003
403430
119232
559177
538597
84822
152432
679862
385683
249997
876582
844383
403155
987535
353158
617297
13685
191036
886974
592892
912531
880271
196996
523332
984634
453765
521489
376075
113852
943710
749160
690855
863492
868392
766384
918442
469566
435168
598304
855249
201517
474886
215985
604672
462421
569143
221970
992459
760179
625296
585351
189063
21919
782347
712395
522906
236113
750236
898981
349965
693946
164494
557172
73791
549238
839909
992233
18805
275077
106889
390406
476595
581776
606391
81267
560549
691887
819589
553008
968418
961238
138359
157481
499509
437059
869876
22415
673172
136464
437749
539489
346763
118595
613013
420554
667833
452922
929139
202990
728000
36028
593397
720947
617804
716140
318566
178354
408027
654508
247714
376446
615746
902426
50279
115255
339485
436508
654023
529009
572972
608124
584850
919735
726719
197863
856641
910904
650786
785780
113895
895138
338161
223644
132437
472317
456136
451003
167023
380516
621863
414738
273314
237609
317164
323593
869217
173001
760101
39592
218362
849426
647716
803212
285513
890787
1075
142155
801691
651861
444287
431938
63351
782448
171934
195788
771118
628071
163144
938141
8587
785007
352879
281901
538969
186395
121846
924538
875748
881948
964130
94110
247726
128198
897322
533239
18985
898398
191746
337028
66611
636034
768967
646315
934834
940901
842103
705952
85324
5247
644094
610263
306607
513325
892164
845576
216073
530363
770114
91821
412311
734244
185932
660037
378794
599606
709628
914131
14356
901375
251159
597320
53761
536478
243635
988595
993732
85738
210900
595408
607338
371346
205672
913945
401023
614188
759521
617096
144551
45987
708918
73214
296583
411202
249603
675377
10808
959232
589508
541517
860607
357019
138837
914368
409850
382472
419315
919934
984562
146567
515342
591900
517913
237366
22197
918937
851555
298070
536033
996106
344057
761303
69321
640640
688857
318924
832369
699666
794508
421877
757535
655115
295249
896372
85835
221451
278844
505151
141385
263406
168070
173079
371659
685984
410446
393856
121273
262001
691927
173658
774459
552336
934962
360132
192977
623819
679057
25346
839837
473565
963576
597372
645033
775177
493744
247220
996628
288940
268723
654365
68699
436794
343796
440358
122778
754242
350566
244051
532595
42493
417709
823407
111182
869023
183539
304159
9195
862596
845857
849032
852514
809433
962757
13899
100962
972853
261119
613942
261794
529843
784659
846845
966637
128456
287203
605767
399050
637769
849818
447998
196615
783879
271405
307797
652903
454944
128308
662098
833893
974165
27482
686407
299951
990239
216658
400913
479445
477777
14856
257591
523972
315867
104436
490609
444323
391639
96376
843374
545760
462546
291372
742375
246426
562777
566524
415681
534073
694832
594131
367966
185350
621613
570725
485301
128205
787383
886214
607650
781513
417422
381593
305485
733290
486029
312447
693965
877668
408823
53691
939780
387722
861415
682156
150500
940544
765032
566181
474618
459865
160312
842584
645215
298277
413310
130516
942834
200693
533082
66836
982206
466857
448429
804044
716499
934458
116491
926816
328478
41666
980508
268259
429388
841923
466767
579888
782468
231799
662421
257086
691664
339085
616022
853231
637363
29332
500099
580197
746378
549534
647034
244936
16391
95463
48980
249242
546274
165471
176058
874752
723490
672918
143011
152878
514842
609778
249119
813662
357930
911540
587100
49594
250626
203122
419178
404341
748807
919277
500890
495185
468811
147924
256473
1554
759740
305454
250796
822366
987277
943207
697118
710767
616125
356482
379998
647319
482612
629117
460981
840542
57009
564433
406489
307635
767556
825667
228328
32715
744944
729219
44252
730108
393495
300725
731662
669587
122531
498811
491953
626161
442018
705424
336928
574495
61906
233278
221815
60870
378747
199148
901413
435757
763582
824254
259744
47490
649921
488073
80205
911217
217292
124457
157677
127139
941534
889340
796727
64066
388151
288680
690227
830169
994104
543507
921016
572362
293138
142831
633233
671885
341980
50998
623994
105562
391604
883739
669404
557877
888164
265961
469094
105456
390418
626772
232595
848304
32464
545674
428722
420615
834355
118949
767136
344811
178809
688152
433526
471947
347336
66759
660184
689316
634109
284179
311230
25713
167918
980634
583590
56082
246595
569036
677890
153365
712160
426837
518021
744624
972512
946744
681591
323219
582045
965079
184382
760854
169584
617908
749153
516920
684667
409338
722588
835128
209869
33818
377193
894139
530804
960783
466573
293751
46172
660815
963468
758332
87652
997841
19309
576516
944585
217252
416087
526631
182332
600470
803837
868268
218378
69343
385188
419398
478681
107776
770878
204902
657946
148072
99041
705102
108855
565614
515205
155027
226429
478673
429712
830433
476514
965373
406950
937452
182625
339389
980435
881309
939859
784272
265929
674590
853615
651117
93988
848648
275245
864866
53550
449543
12938
152591
670997
638146
234557
186202
309525
460986
181227
255589
291420
174094
220962
214722
111546
919940
554111
91981
317601
10323
392605
583531
684913
246221
234648
295253
611221
26246
676471
664772
992141
205762
333715
663139
360260
568273
849341
669785
545611
546921
925375
837031
721015
662689
568105
348913
582629
638569
957246
900231
648892
349851
483762
850157
112424
234762
661762
723646
777360
338233
904770
769502
60347
754837
948993
420607
323110
314686
606745
868722
861607
532120
222105
98974
711161
790211
447887
810143
428780
405133
710374
594024
754985
710488
444181
383761
461602
105943
107407
238963
960528
528529
524817
20876
283367
473810
441483
122829
788496
564580
991551
166456
96700
730009
265430
324214
36572
713318
134357
981704
634803
361083
575728
906140
71571
536261
289902
49525
158556
913661
804840
119084
442191
329657
656312
725558
319819
614148
364739
624668
178728
872643
307476
791781
602652
572906
115995
639224
802576
766704
137280
437380
127787
713008
343520
715710
765621
633422
765235
924177
547084
86428
559613
505627
416085
215926
747537
252257
346426
112276
876925
525154
984919
184401
833287
587571
273659
949282
743147
76236
232338
880427
29968
360125
109787
373488
592187
875408
523263
873775
315937
586699
960203
875551
92326
892640
607829
839863
144897
954255
952139
538174
995761
937059
238927
829049
40982
512587
294683
300482
105175
527022
697261
651495
403499
807049
24983
995687
198809
64598
385814
514747
651297
346017
906650
743623
238657
30831
99838
899907
985086
51978
954433
497199
505389
193361
326248
62723
222300
620932
879557
843827
664306
576819
495322
584157
900220
36657
96196
99029
101256
482010
130128
752553
344379
553130
12529
99389
583961
628719
999296
85399
197049
953729
582599
702438
663442
908847
281514
885742
46131
677423
245921
226789
254242
741243
810947
670814
777901
907143
286196
879157
905506
416324
148062
249885
485807
676943
349274
69768
305663
864922
671520
502712
818652
254119
721503
482094
679318
519369
884189
725450
196792
130110
468591
967387
387706
279538
638201
165607
703034
924397
561116
124892
857074
225530
374777
342881
418826
240404
929001
240841
105326
600521
743553
923978
854640
981408
922425
533959
17129
322966
775761
213922
969428
244352
181309
357134
40243
819510
39093
259629
260260
116561
900873
117334
858444
275650
460215
277270
516054
389216
34463
137733
506090
778016
61711
877082
275777
500488
411041
292906
339806
703154
23180
309235
463859
204489
182721
20454
540352
738167
280083
800612
854728
180956
917946
229524
972958
894513
23146
5365
800081
57609
143098
306171
351978
721161
183254
627755
738002
110647
437013
77808
330154
460194
903395
794013
181035
86117
814467
721387
340636
610902
38351
195364
308210
472649
941241
281168
883514
964387
802885
683596
538349
462335
506119
890327
183497
205725
34434
437851
832725
471447
32011
162879
447993
935407
956892
629029
537876
287711
866768
878512
898613
421472
590228
206823
894121
531469
4343
777636
12209
807229
977584
550558
785916
483703
957237
969413
205781
991671
923616
38506
979470
955628
201385
427464
891035
674629
572845
945263
962340
439613
823775
860953
377437
414003
584128
271559
461825
588471
565547
990386
912052
59483
540944
697969
59538
14533
183734
265319
6204
107351
303825
502026
579331
21562
445842
986718
696191
18687
931981
658531
974653
755756
35836
352090
686111
619964
140001
664288
208436
221900
654674
636840
281383
711970
334809
857274
726503
34896
122593
249059
658599
942771
751086
237930
964333
713280
224648
176877
248320
156629
351760
739325
428737
387597
607767
114848
7561
747769
779137
732349
486021
950163
369190
283757
662134
220351
141031
388637
255247
779976
154049
913846
722747
421487
668128
203433
134767
892776
380310
383087
49405
248422
122412
478142
636019
730180
109343
159933
994301
404832
892282
996674
354995
777824
280431
533481
998176
421462
922119
769775
201439
592520
199974
440538
14007
868102
643971
148774
277231
540633
48214
326636
789056
170626
321131
941427
417158
946826
101360
927811
351658
509995
924486
223005
287819
204917
756487
802347
142732
194958
88475
860523
787478
804801
301061
801485
672903
461385
950259
466486
518370
514825
793123
823778
685452
630606
765206
618962
577432
382918
546774
445442
892913
471260
668447
697085
192529
424934
15784
335261
619892
620611
195784
407370
425412
13198
725207
614668
474583
675467
81154
992953
190292
390629
816732
392096
21235
98290
527411
115019
481208
74185
560461
890474
61797
228909
587559
254326
653843
119695
105940
790088
740307
301724
713810
682071
314922
439018
296739
305857
630837
894246
815163
337481
284875
631895
245930
822463
730185
773341
937482
727745
847526
497944
618219
425675
243205
722130
680001
413400
841826
785941
203488
98485
604018
917299
780556
435292
872669
77296
257502
503506
971542
72665
840987
772769
220912
86917
595232
467449
376610
532715
195194
740488
547011
813414
166163
790216
51896
362517
203616
893722
664810
407105
992207
268828
840756
289116
220473
713425
366412
477975
733283
854306
550640
90622
627075
771552
693892
738660
239001
70502
271375
950547
810991
818386
280313
493506
124954
332210
856023
328570
225932
520834
252027
734492
306014
609135
23608
526487
838912
906372
520814
572195
277030
587806
662818
420457
359358
356710
159117
114711
943564
430492
65259
754555
765230
345572
248062
890184
194134
620437
735107
420067
657623
987134
670911
963638
596270
210871
6477
435182
633595
527292
523730
910625
115098
702900
331082
990809
59610
490200
621872
519526
437044
687131
274082
202275
549056
38496
608811
743190
175285
343918
679609
832909
847405
866872
796547
960027
594095
319376
395209
227690
363020
435291
138315
994471
138191
985750
985280
714153
475950
607152
233680
429346
810636
24114
147973
876044
578962
756785
135586
754247
617055
815196
587156
464460
198420
900055
424487
792516
735784
336049
20206
98804
287692
674874
93275
425884
660624
594907
140037
652926
718412
890069
82272
45400
914183
230246
921444
493145
503383
573382
247393
636790
904930
350901
101251
103351
767309
42090
895867
503093
894491
432425
601897
182184
623651
211525
124420
284275
806432
780809
453553
524844
670879
535826
86596
101414
282424
8040
594560
785807
581423
358305
422597
2705
225558
40200
106056
992867
598643
518275
495960
493134
467053
614210
191670
90704
825735
316090
891332
148519
96900
344885
189716
767779
397063
276312
869193
679487
800705
980105
981646
898480
854762
920596
901185
596673
477148
7242
589540
75791
41869
601853
85278
508922
216063
276948
599627
558150
593039
490959
706669
206291
352196
896385
974070
749260
172698
359615
428747
973403
856073
926746
871883
227187
847342
289420
823860
324490
296662
413401
400282
338532
531606
1912
363806
264021
278860
963433
822171
388251
970744
45192
594542
322941
457930
84964
588553
630628
444580
17300
120383
817005
944046
508618
44192
307740
798038
868053
632231
611053
797806
548865
465937
845764
550777
829743
109785
345989
309529
448308
734241
796625
9852
845135
635918
467782
930100
224471
614762
891032
241772
735145
224389
702170
760115
268581
9911
74506
652986
158494
201911
967144
223711
667848
812908
290840
13943
439045
636829
323472
403705
887422
120098
413558
732558
272368
881340
179010
496840
496103
586394
254964
747600
810783
473486
24068
79364
999749
614926
248703
158243
816837
215847
381954
1037
545108
189146
14980
984153
825976
854805
904211
229750
491255
317769
962308
763623
715461
657670
260463
727916
244064
515427
991869
54847
988914
532289
650564
505015
147215
415619
663259
964052
147818
561565
965089
692926
750712
496421
193432
93040
351226
97643
322790
842481
931764
801451
606105
647225
459121
382920
891494
219538
414700
883363
790737
919966
415652
957653
424981
562867
373272
88240
43271
521091
166158
524712
730369
433222
21133
923801
526262
888712
537796
849052
731193
469560
166855
853650
633138
142329
236571
524632
361867
651271
407995
152604
571237
339999
110258
996218
902866
999882
600811
462489
520973
283321
987201
767695
716543
524686
691496
242805
413398
745645
608209
660944
731557
291417
514594
881047
433746
267517
405679
795613
435140
330026
464569
6377
670025
91179
518948
89243
91062
636111
68084
128387
919432
55285
896082
635975
96324
587579
395132
509722
849576
519693
687018
581133
811110
717965
462181
244856
985482
384212
556821
420623
230591
21391
943352
416968
112570
978652
506212
203632
614763
90648
332020
50547
145934
228102
686522
758610
332033
598006
784684
697961
117700
471703
795447
445162
189668
773980
690019
691502
158192
763192
628477
905135
784583
571830
322104
413506
66834
344668
617138
197950
435316
465510
248497
97602
209965
451372
856212
58350
49378
640897
756312
683430
112600
551759
128593
818620
325739
334964
510122
283
98156
138600
905419
399092
226782
743875
812598
809968
88543
946088
7918
523859
411599
772768
137814
137916
224140
994026
196266
789870
634923
468930
989653
263875
537041
118246
598847
862780
969562
625322
379416
584070
280274
801187
983162
23408
545062
312112
833376
633605
258201
357647
673816
669800
130415
811630
324068
354555
322009
520334
660777
473284
505617
650430
253512
42658
285028
852359
905439
770942
477681
801207
355013
274307
602394
854527
297715
663808
166640
131092
813765
424841
488739
487581
610993
135506
815564
935061
6413
137573
971747
667190
127209
477364
833973
380721
520023
119001
233081
941814
889944
227114
743021
761309
501422
861767
615836
315489
41927
782476
446581
855692
723669
451672
859625
334662
587178
675189
786075
593591
329114
274175
777134
972676
751539
611107
353397
787914
246460
102830
729728
652756
846297
989101
414065
864071
367220
546254
179560
409147
845082
142494
264839
568752
110518
640817
419766
697697
316006
722194
807640
161473
996369
101126
134149
747908
712233
3898
535823
475046
106729
781903
127802
953026
287357
541868
817097
654577
604474
996657
580077
449556
655503
844916
534660
766022
485733
954427
980071
318092
676621
304063
995917
672990
405190
646418
937250
633775
650316
989425
108821
757045
771329
236624
226423
58686
294844
43520
229615
899318
556530
809692
865226
728385
170961
399887
494407
173046
354314
474478
7490
547287
294894
3407
736629
700084
166177
190231
333859
816494
179657
959033
89891
467338
195657
316315
42376
6853
876187
271991
422523
949069
598036
287749
677455
768997
687636
171862
458395
558302
162693
465886
621941
457587
985645
358570
674023
151823
65154
524234
968317
244811
483267
574560
228501
195276
890875
270877
202129
767063
59220
141004
716132
173608
428754
909939
458957
116390
81802
917353
191045
760847
383239
812986
734786
368884
687909
408809
37059
753063
933043
521728
514226
932663
96289
259079
127939
987164
46308
846421
270579
105528
987425
503064
795489
932531
413003
254446
565274
11157
171799
756319
288356
71390
85657
23142
956627
289918
431951
993686
559333
881347
515415
73559
330362
128056
332638
458301
115220
895298
821074
902152
517179
324852
405216
312668
257383
334571
567114
822657
862081
255266
95328
150437
326656
180986
173580
283283
470904
121883
793322
30238
519582
308737
620149
849944
436793
469140
824598
68365
364438
645672
486869
881617
486876
408437
710637
260612
743009
277752
599621
605090
533018
694950
271879
859674
392288
445459
659310
379544
83695
452632
926134
603277
277721
62636
453222
230866
48128
794172
815583
412566
956196
302453
810536
443073
710890
521173
703685
453899
315277
819658
575341
364647
514608
847221
740674
423248
809032
399984
319145
409079
368968
245279
12357
646689
824267
981931
877555
872395
292455
693138
801314
248651
511943
611850
691724
222834
649375
911761
193085
481005
731420
284779
845652
762380
132000
586326
701981
457384
502662
21126
866464
871630
266405
395173
34671
90673
893456
912226
479420
185911
121717
280734
434562
150012
892584
642639
372846
58312
554400
565932
539317
802172
850711
901321
564553
499063
4000
266534
472799
506662
287660
339263
894645
70417
250788
929316
677442
660596
841543
156863
846507
479612
953949
797422
629624
846534
440061
518823
421198
994461
601107
476867
312986
451818
894540
877539
467233
898540
660425
940032
405203
464437
795648
299848
51206
562788
745516
728649
223385
103411
401864
586244
583023
355813
383666
729000
718699
823727
247823
656249
334541
365282
133116
647527
333452
27657
41418
800685
442549
701843
257069
364104
682632
569069
663952
733838
648210
409469
978839
871595
512880
380703
457839
612256
252869
357858
857608
487920
697937
621783
660522
32478
987065
309990
196357
320517
853999
237775
637554
296549
455970
410975
660653
138602
980045
840958
872441
628255
766779
367632
16202
796011
264688
990393
408267
517557
864603
782227
521829
562541
404010
182351
111371
907427
492342
307729
227944
346341
61856
381850
159242
34179
792826
819896
172781
772871
660854
561574
917478
427633
929207
450032
223644
193895
956777
148264
227804
821381
930491
265985
383922
850854
448337
495293
758281
457031
319374
986226
319724
897583
368076
478967
931762
677254
815215
620895
966477
476069
698822
883955
420054
628029
850339
160050
338276
807117
308314
82432
144850
755158
348417
45124
606012
313106
540417
364293
286489
376144
866871
606214
273727
751300
601533
721841
428554
416748
342736
395032
409169
41558
795339
829223
185939
162031
989273
40567
485500
813940
639351
630350
569098
987769
675474
691462
817227
732243
572107
103717
108387
955331
226283
898466
706631
827816
136659
651537
760916
479396
46569
170085
37306
358261
999308
739598
520292
504933
296517
5792
835225
935869
152494
920675
439990
827968
612137
773569
560211
184245
393638
184951
139576
619921
599769
362559
964089
736429
14096
725005
732177
577018
411442
285835
451631
927102
541785
971923
948388
838303
494067
783613
290524
646561
704289
246866
990881
316426
20435
551092
17023
930426
252395
672951
550347
368517
551862
30789
104946
82311
272146
837123
659329
683589
639310
627312
127043
181096
599235
75431
535751
609654
859045
342627
772567
79686
589493
763448
912464
126280
830892
929488
56706
599640
118791
123406
968157
187006
670547
73103
269317
942693
426578
444998
142634
65888
72310
269678
763336
187897
861461
299087
797551
236858
641714
570118
316544
747559
849918
229009
873840
197162
674849
446898
796802
309992
86656
764959
496998
757203
838062
766315
699897
780992
211313
358883
363233
283623
144913
126569
987872
6375
425657
785423
243233
583723
871893
76130
331283
238163
305139
721475
435326
496340
168373
232128
806332
771382
997088
819683
528585
351502
102350
744834
648847
830016
103718
12080
629991
248631
138649
617864
771358
80658
403287
530944
180734
791533
607074
512017
29696
428565
233492
465022
924905
918217
213503
247589
689599
210591
583624
218185
78445
685975
479371
727292
515991
583089
739372
145982
348073
394374
763846
119431
475032
683486
650375
655766
475019
773801
684135
21067
202366
433979
2442
643623
352197
215945
407565
558148
426536
991189
292685
504981
193516
772057
748626
225859
871498
487998
371842
219571
882372
652040
855355
873757
851878
22082
45875
843249
795884
730011
864317
514602
680342
866759
158226
32539
82704
82143
107040
25592
73332
399725
46925
783201
688134
795551
9060
559633
799902
897254
295556
682274
549295
150911
72383
917525
689346
118259
760775
485230
364622
625092
516184
44964
8203
674410
593856
607259
272905
217248
632851
346238
616973
679776
645791
821460
991680
654851
897445
791582
68458
193001
990208
134105
860265
62592
51630
549611
697203
812405
551193
578177
953849
583729
139493
962052
258140
249701
569311
531045
466949
718514
393635
600275
914643
555778
421735
906323
210630
319180
214257
279088
28533
204465
929545
888798
267057
981175
954761
480612
793581
22306
575141
747430
606036
714635
225835
380528
480688
311498
427925
947638
30013
337913
64265
944656
893691
486000
367331
620673
321532
581588
416113
350065
786053
345658
755216
569463
326834
226329
50075
636767
248636
141569
900549
371024
856204
126384
751552
336892
437883
695829
800882
984248
33742
865147
928904
443786
867499
812587
64459
705383
394175
996925
55449
180228
342583
327017
266043
185769
69698
832471
822536
834686
974040
723086
205710
830244
365822
473614
683488
320057
169444
723
304305
719538
865870
749561
163324
733370
562148
744136
438753
956323
741061
10554
652904
83644
853923
918947
269414
923622
751418
608302
274660
725458
331388
480371
72054
213563
470337
271895
533620
156133
272618
837926
875672
654840
103839
555348
904562
665988
299484
343316
138663
40545
870222
791567
640542
240498
226867
426308
680472
494637
34610
955132
736448
882351
951855
324854
95914
938545
596749
629534
94678
385719
983812
486702
40560
87652
42051
945122
269992
857887
804790
408655
414785
675013
716575
55327
431863
459794
481635
628687
954431
32597
583819
207231
914948
52027
532086
527214
990572
128835
673101
85250
514555
656913
88305
555115
260917
646708
500237
47261
504595
305028
455917
919380
496393
688844
491059
444608
148638
489046
73295
619421
521644
173466
826653
436592
225493
358739
480159
216065
3926
153260
817668
34833
810173
422325
589948
587443
69033
606538
634704
89980
427918
606973
9361
440663
812169
16772
885271
477159
505819
958566
96581
543815
648384
439586
496759
873878
314677
976918
606295
318603
130178
940315
869789
456704
362640
459737
44147
431673
582627
195203
521654
10545
318529
47367
967560
130698
580491
852831
607858
86310
327749
220791
630125
976134
176729
126885
366364
491406
103803
972659
326361
233982
429327
196150
207038
791967
172240
767537
739993
754867
962740
777999
281765
797621
341718
249325
928320
922209
618509
52530
8520
462610
789673
154997
955096
966402
281882
321460
974160
902038
810472
816873
652372
239799
13024
859410
31766
701616
143299
288111
972835
106039
66110
770952
420013
407828
536630
864685
330038
155139
917215
854910
134101
223240
9907
89198
189642
808142
410658
680154
226532
737482
497027
878904
977281
26403
254666
525400
728019
397965
813511
217207
20356
395974
988159
440369
320154
524789
305054
650192
196280
738621
21454
330382
961861
31362
935932
667855
355856
346590
864361
582388
84073
361389
977644
577706
387792
748662
103106
632164
662979
432970
849371
683335
828944
353882
640057
149098
395024
461463
315643
591304
716437
337097
438038
194650
884811
373970
378858
757019
236913
243219
855759
320986
604608
833403
415044
508753
98417
518151
657269
761396
467473
22992
961084
812769
376874
601141
961867
771898
578956
793862
879555
811745
647312
317593
6396
48475
691564
385254
805495
928477
628473
661254
765815
749434
11010
180859
258187
109427
215362
915456
387176
682835
938448
348260
495604
831674
465753
973824
603573
561061
284038
999480
372807
931350
317073
379203
496178
8637
280809
818025
453466
909282
479279
219281
175068
6641
916493
433255
632421
131855
865063
19597
331043
319863
884209
342999
151538
349962
833175
271463
427375
633566
270943
800182
81268
588016
695737
577446
113006
976546
395471
566472
402181
391103
302106
577249
914096
218599
526857
546517
866806
908272
82466
714201
228136
966675
573553
896026
832989
923080
167489
260365
556646
954784
576899
154267
59152
272637
731713
688510
765535
643537
771335
684068
34640
73441
777670
948736
808392
304527
11606
191550
212799
610424
422104
957287
93452
512009
853313
926441
435089
537154
703158
508088
491938
796410
178707
67443
585399
910420
755953
350934
70309
527288
551355
104949
117081
329025
570038
441825
633552
97996
149728
362703
708420
571832
319991
801872
600193
689656
244666
35282
226811
464176
59722
235101
260586
238429
818896
362337
665202
574850
713272
735511
618490
264627
356813
251924
110004
443203
693749
743556
57551
843477
622611
765971
931661
458954
84196
531854
148611
845214
83489
891774
309390
659563
126875
86329
897993
945772
448666
79547
36974
678290
331410
171816
459269
204575
423740
85625
164130
117490
829181
221681
477319
968145
504005
408981
427099
588201
940835
575710
433415
24324
467484
259157
683888
110712
861838
98233
572836
826857
694132
126162
21499
25542
297978
997121
746470
238071
82746
910600
871913
428280
132282
349232
396425
636287
758213
823524
740840
215401
915587
174255
756077
899423
949764
956317
10135
811603
54550
99323
154812
265034
741837
176311
806929
39816
173432
553399
794239
772531
463999
666152
200811
112633
15384
597236
748920
289950
420760
6112
21703
852699
696719
777780
752123
646484
734098
278610
974439
305000
894286
129251
570035
636123
821914
893316
192291
511699
963067
986530
284230
427066
652682
1393
56052
668067
598629
321324
474369
535741
327437
496072
388441
24156
273852
656916
186992
524302
935526
161431
829303
829812
807034
915690
465936
145301
325358
174579
657000
288425
161110
457582
231843
813792
458975
287895
998211
573956
125572
472580
626049
453009
485004
530842
477165
758857
187758
664158
799511
639637
341941
145166
469449
665328
577208
451737
810629
902566
626317
983981
190991
303779
441563
422835
117571
416890
227082
632135
507198
352654
621067
649599
805663
106072
180442
799181
381281
884552
979691
180792
524189
837984
325959
509991
503312
903167
478080
313941
322086
620749
814274
513077
924528
255837
452264
558452
189079
679347
706939
212629
548353
328006
862229
354017
950430
559023
669550
331711
443575
165593
28856
967765
3577
354815
994108
23242
774334
472188
337183
96420
92938
151458
125850
533818
923647
578114
608622
629079
773813
315561
358060
322167
643568
220289
192536
593998
295664
378438
442062
739240
544031
470918
223357
63960
342085
217465
87202
116419
206005
940738
729192
815295
92196
855042
349114
532195
949508
957736
677626
723322
273298
35687
561841
433218
772328
754377
543568
67993
132815
985630
323585
676846
972900
546942
740806
314985
280759
828009
947757
486764
768747
193301
302060
377295
564695
167526
425842
514203
125262
619821
753877
914912
655508
315718
864482
944188
70095
408051
528533
202910
910033
852118
396108
882934
915412
653267
197919
196171
997628
662028
682936
282727
855329
501348
176374
420024
668874
602216
934228
310488
222037
204457
225401
393897
520176
606235
854438
590271
14286
382971
309534
440672
751442
221994
323606
666854
875261
37877
379378
872889
699906
578666
155616
71587
80014
331990
491612
265240
450559
942192
575728
188948
146649
317481
582846
666825
923717
953636
773449
454355
336607
599335
895027
88049
821329
734985
271256
696591
289215
650634
85832
505473
229300
757801
577060
825666
89791
585024
90906
56702
43568
182986
245651
190218
500468
344849
373395
940537
814837
663196
394892
151444
262531
806272
755846
600213
57609
543454
296804
863176
194088
898988
368649
939740
656789
462062
765406
262933
47086
372664
319635
90655
555650
81638
797225
572470
942839
686972
513007
757676
866521
424252
425473
645404
746876
181319
245617
320837
241125
58773
184014
951565
957762
552663
891305
614551
14725
173063
877484
578164
62079
713472
185171
617729
311462
982396
190200
254302
185720
219559
528330
52241
643811
953803
697646
907039
651474
459615
227877
892599
518389
411891
844164
476151
964554
251821
607054
495632
941236
891
73796
3315
714363
258967
137397
542177
757715
843949
796479
459787
63508
841162
512029
223672
794965
726027
647063
962792
185642
874940
371743
704031
286831
732260
696534
767738
500433
303589
263370
441670
820832
853518
961337
535195
628837
98734
77372
902904
459035
390204
362691
38896
231366
391072
778920
542683
633451
425983
21827
819094
300924
393571
39477
104107
125831
252364
871845
142616
555953
651567
584286
376785
21437
545624
428332
166626
160710
22056
69530
136098
928612
948574
174994
676330
339646
953914
219014
973098
896249
757193
308544
197173
150764
864373
301281
792947
116737
689478
935564
189042
341046
36202
82179
878835
98178
510511
45462
775241
48920
631344
911339
977532
579918
602685
653863
435917
72951
389229
925367
969200
146422
233911
166374
813539
98284
984007
122838
215022
189837
574754
920416
530883
610957
2596
926071
709135
513107
971533
728
78379
602877
912067
572264
699148
514752
742479
135065
104055
131708
60432
73256
794482
810695
755982
124373
425331
256341
247212
156705
446178
821966
77122
493414
949275
79718
419485
658411
109177
907370
659139
187557
26599
87559
759821
725747
118663
502300
860812
222719
150360
437596
812327
461194
248291
568309
585568
673623
341002
349132
830328
787180
171098
907450
280594
120374
503520
216431
295137
612698
123801
470628
800255
150401
558187
76428
876148
193203
578728
253313
415922
245440
690909
744601
706634
455553
312910
808554
645528
170264
157686
992208
957444
845137
416011
754391
965511
919531
970822
777000
532229
94624
763980
332484
761377
838520
925264
153877
31723
20344
407190
963997
265784
614452
708598
488771
586357
537860
297325
231885
708124
971364
740445
665568
816501
156456
936311
298364
75988
907134
75364
124569
518110
839344
973406
795839
194216
898670
949716
225939
919015
873259
189936
701151
4063
414886
189922
590420
952746
3600
338657
177222
974964
79102
842791
791465
751911
295454
606181
344251
202588
197897
468820
237050
553593
442226
32889
747810
340897
982606
973749
776264
855865
680038
477415
859928
94924
667338
966700
564023
187290
305357
741245
162254
900811
100388
470071
652722
395843
76252
996973
598431
274149
465794
835482
827742
424372
868371
575552
765269
367329
65654
57885
223194
745692
535301
599474
840616
718991
566174
404639
906281
387883
145885
584887
288695
762625
54958
457769
158468
647562
454743
756900
921711
436889
108734
265805
861261
493457
357710
142883
860787
423364
200768
600333
685408
736069
199808
526024
971412
282334
447016
877693
186570
109253
462580
475265
871878
33890
449386
546699
681452
904129
303599
119515
857370
928685
901673
718632
422142
775735
861515
799281
199099
62283
399615
884507
314705
115775
926883
286117
914461
890251
680163
101031
999504
659095
92648
387735
692986
542035
934434
890790
962516
754385
526658
819887
683070
944683
538519
621564
720418
916386
937198
919517
495021
336813
320376
809726
968940
247259
612196
883401
137511
292359
500785
653367
951454
109785
557454
160792
651820
491888
51583
130689
762625
94593
950576
445695
39276
5447
583612
759694
921833
37162
195563
933206
373975
515939
259285
859267
279550
871481
259020
933413
680192
759805
103133
147998
869591
660587
308791
37763
152476
876726
168452
431453
971319
635380
393501
526947
640827
977113
802993
79012
14275
998556
12219
904602
30847
271504
280221
310397
659337
539241
760163
339529
815399
863296
487527
684990
523883
312670
239105
192711
189396
923910
624165
677067
75642
17666
204014
232822
511131
7007
828186
41758
521915
840405
462712
552762
628261
742933
379512
803950
282174
139675
143479
97573
2971
147359
298915
43206
460029
54373
752270
165778
978283
892787
842845
570277
910453
563212
803099
937936
86571
631286
496046
608487
988043
958758
677601
132657
701691
57113
936607
983865
196788
596439
597791
716111
743798
896706
759318
720179
951079
27940
885957
445714
920727
728803
15992
347532
808367
335443
285468
411290
966729
781514
19777
471125
740272
213731
603782
958315
270844
540389
458532
983985
136828
56323
700096
396978
469382
975766
117158
420461
3706
3115
382528
924433
248270
914872
271965
56637
250315
73785
467928
733397
371651
4057
204522
628275
217788
324656
586590
4985
381397
45123
988970
518226
617798
689066
915204
87180
664833
548714
23994
184891
551830
406522
109325
316452
837746
897642
889442
604413
487780
873722
337810
859431
394131
58684
487707
128272
899692
74297
133257
281090
635772
638579
799316
253571
327645
230872
340751
508830
295939
364745
210074
847769
287619
319399
680573
125365
733393
570015
729779
221173
960089
583941
80605
354221
158978
84664
482493
58670
675313
132102
339760
311086
770681
655428
81009
98326
402653
938112
123509
698592
819210
333583
62713
106829
169334
743286
748547
419079
829654
478326
640253
789743
578619
237210
143964
737597
321874
626457
796268
513539
758559
652380
824625
529240
307809
421986
143919
710462
360099
783780
409054
179309
633715
471767
802490
319401
731405
551037
738480
561059
545715
895085
350803
640687
132295
494767
378284
970521
637577
690904
484061
912488
859637
825038
958081
167446
247025
102000
394260
123476
402132
319666
819137
35847
307785
621627
355248
39190
689017
610080
116602
751084
505166
467405
391771
153813
478524
770056
124335
116101
977312
124748
28590
836949
466138
986671
520747
229515
605023
431359
352991
7155
267377
688480
559354
575162
310108
430954
130705
515477
41034
247307
266561
546200
714712
658333
700014
193236
944741
340701
825690
438405
981801
370632
791707
447939
357303
828806
677455
478678
260166
546798
2185
527543
235279
561539
619058
61739
992493
749763
577216
33527
997070
360129
96080
228134
18462
312446
937722
479555
653147
763412
917961
634948
134044
226020
82887
7699
54826
276694
2729
831344
823493
4914
358888
58772
82805
977946
636863
75298
244061
730431
625178
241131
90560
237610
985617
625375
550056
923339
621282
203203
686752
55595
354503
337148
281615
953742
861200
336442
230437
863929
167786
53930
868844
43026
629054
951649
537324
782269
543300
781385
512700
168478
538868
119612
922440
524485
744987
472496
447825
366270
192051
650929
421865
546554
988077
219833
500296
849277
556275
247085
713207
240413
301015
98403
283440
446421
50052
820764
745042
593352
118502
257742
278182
657370
377355
200622
181856
638694
189470
629681
521316
381521
796962
943182
444427
785039
163015
944724
150669
235642
191809
863876
476055
9177
962279
275847
971950
528683
612964
716993
638388
731466
491087
916570
388836
384794
633545
87044
23489
823015
233077
544805
720889
30039
4339
165316
331431
683706
110040
482100
435700
818202
862328
428108
343731
824607
703955
832033
869642
833271
65378
508030
564737
72818
940953
469926
457612
574498
73322
997453
913865
306400
58611
634754
852791
579302
800071
184222
263009
426463
666322
215061
761017
528650
643169
621100
869609
347125
453134
739252
696748
34864
763634
777838
107682
704587
247764
565295
795437
837438
79100
709303
660190
137711
860409
512982
233366
176832
697204
496375
119648
363527
711436
397017
408529
870958
18118
278139
218083
987604
533743
431183
22468
297377
209021
646503
518317
973137
728150
313754
810576
807250
539409
470766
461314
399819
983748
694680
93003
680953
707407
212651
560832
935195
609669
969361
806153
144139
763852
540588
131743
297595
971772
670563
111325
180793
317066
629642
153931
45216
943396
480859
368819
999158
951625
830133
915329
451726
524813
8332
649031
232220
737336
209863
167415
863357
695576
489921
7496
459429
30509
655591
273376
2281
326154
384701
699427
159573
14343
853358
204789
474092
850569
573608
473250
802194
920093
388579
253920
444906
913263
902951
193478
650599
629166
877246
513956
324743
367167
37804
300524
914028
693395
573900
916310
19550
958602
132089
179123
489297
501799
900264
963389
352368
990225
952991
154562
910318
341570
924835
355225
771186
344138
65055
421785
973305
942301
452094
814400
825820
489898
114924
739849
183294
688824
172511
719196
163778
304600
414671
653076
806399
314935
132817
158767
821512
85809
829681
731831
943731
270868
603408
714917
615007
668463
653055
588312
127117
105149
402712
952937
595047
33988
209138
294693
239164
381649
13889
402943
686249
428560
572371
9000
259848
705188
684119
81360
790997
30153
329543
251081
301021
932951
965998
916028
601415
619053
20692
244884
240554
423404
714173
351954
973744
923312
646647
212909
304961
176889
132204
507563
121801
704575
516563
381649
926115
717035
979362
717113
747188
308905
484546
48209
241857
450544
480590
359624
585950
501282
120860
826504
924687
835033
178458
414783
758345
341458
627692
579659
518347
759896
87222
156500
464471
120137
54502
390587
837172
33864
624052
100712
859121
108598
148922
617330
75494
145864
493306
661444
647146
614166
4301
88185
449200
182759
502969
723897
40569
130661
303556
558916
406910
907130
231769
871381
27268
286271
778320
380792
320135
918724
481505
695608
543674
146779
312939
135521
292643
806245
313317
939789
420412
317618
27975
385964
16730
47296
109861
57299
177957
929770
132568
584867
836900
364337
972601
380520
650608
267273
761313
487095
702350
242818
182703
762376
905949
495642
897897
198592
301888
211215
654733
238652
528833
199060
140968
545563
246356
767181
602863
940666
696951
251783
525533
50204
616120
14486
430724
266728
798112
708389
753823
500462
467559
452878
262838
373508
948521
160736
88452
766761
888303
743186
5413
417136
942246
146381
479052
704955
913562
598267
645621
126866
850050
171154
177070
982522
701993
124146
249250
500105
832536
519425
567
300095
972303
779757
673604
437176
456845
762056
203937
345148
21594
725702
278637
480193
388435
757689
185148
818350
872308
830769
461568
238710
518275
638638
221232
220268
279136
986834
236725
111672
22611
753644
411768
994914
533402
601724
948443
990247
880132
668732
335396
418079
394435
130385
898272
299222
404426
83420
633924
276734
914189
95492
31796
948816
250482
253028
169085
529619
239862
405810
641291
262473
159455
569411
773739
209209
687487
238534
199456
567620
907267
51204
985699
818054
697941
400323
117276
102367
483743
267553
895453
914284
363045
927249
863100
613528
180277
548537
143147
936491
954348
300790
715316
630155
870202
489056
839364
74041
727590
555172
158013
634857
122729
143712
969263
820670
60387
602892
923038
544130
870445
818491
974766
233490
745741
354219
847018
442370
902756
506517
378862
373456
807308
94178
3611
193862
99586
359327
267903
343529
430852
425917
978386
553581
85981
464002
374251
146369
66894
297289
206851
937339
632133
697970
170829
894226
52189
534200
336596
954945
40717
231810
328402
364377
325989
848365
558239
941927
207693
342495
285456
638545
284764
780195
708478
370745
244197
82729
33466
311091
896371
756670
248430
44856
454640
935611
939082
506829
469811
275678
461774
26881
507489
790176
391258
349830
154894
465850
291757
362587
324697
577214
517484
609461
357409
225962
496558
601606
825043
530025
429049
237766
803047
193831
282622
257687
129442
221704
764516
115606
13735
742642
658839
37576
49171
50097
387406
204065
32299
195515
83004
356996
289081
116840
966457
646490
859154
979368
764448
684197
25745
709849
438316
828792
903680
720938
86479
549475
458995
367347
665081
472730
626341
323920
510306
675512
890369
414064
395929
922669
609579
478933
796017
898661
112125
278827
61503
971279
258195
342304
171829
283940
52153
610145
629084
955834
847435
715563
21661
306430
599262
686742
779160
741955
527014
805818
417468
417383
219882
329749
856404
345814
808683
168774
760827
437160
447601
822330
408440
222148
680986
580269
22440
733140
706766
651524
205326
554201
883439
226987
860632
482701
430081
156144
224656
957095
961963
158476
890830
698197
488226
263587
44011
813261
432361
804838
250421
396314
143521
175213
618462
824507
271834
640902
73999
978600
292426
795677
49154
175865
22664
909786
174918
969097
582282
915926
926192
544245
74403
333375
242443
78981
596962
802806
408594
545675
123997
659015
941989
267518
350581
560451
92025
622415
717705
682377
117368
10131
478054
166522
702348
17071
592660
877266
986168
174942
309544
428713
235540
900299
762088
994335
979280
875402
797141
387874
421077
921138
563242
363066
188656
430175
439869
797034
52590
157574
995763
169958
684057
473817
852832
386405
490888
445492
780023
477057
136787
89567
905770
372327
989867
184210
366662
485499
59612
163803
389726
480689
601294
469320
360107
306302
899495
316328
103336
468437
473902
615451
638396
674311
89269
491228
577068
96509
453073
357091
573566
589860
963010
995688
962187
469229
179898
845201
954729
755862
525356
860807
752903
126650
846479
113010
432953
745974
945690
52641
214411
935944
668093
369159
610255
757362
376740
187323
853871
829813
544414
943790
936025
23777
455830
414564
493006
635729
259765
964087
907943
785121
824894
660847
911772
671373
290209
344725
933699
235900
913718
664463
171844
581811
33622
782100
855525
926714
485775
225749
756527
546542
169539
692552
570319
625369
623468
63325
777450
883233
27413
685394
668355
368659
862593
96479
556385
152802
957556
6436
388702
871274
670899
76899
453086
220874
375351
824963
147588
861126
50712
420468
407668
220251
629372
977987
361973
252841
557665
139423
136074
101430
341169
320781
986441
203762
417260
542826
872917
374816
65615
261619
762443
736514
854870
215529
473740
230221
40492
621329
607700
607557
41797
15368
827808
671169
509708
189781
440362
583725
845557
576437
201507
703078
897218
187948
906841
830831
247127
779758
721999
312742
557729
484442
565608
928952
216323
39349
159173
773168
177030
283225
380725
735179
814946
208533
922700
841006
914667
363063
424731
276576
939500
626238
979654
353070
330538
402847
700253
577665
698957
422253
406759
256687
906695
488720
185639
123019
528069
861164
412539
221451
144390
793264
956630
475688
518149
879330
316694
949168
242393
741425
742096
181893
884015
721751
51316
730905
640950
751569
824923
339908
690174
231682
112947
596870
720402
814938
236241
764823
192454
648780
986274
336844
958396
942904
328884
476545
822235
645578
942066
64628
903355
684162
762874
787370
405913
330542
34628
563216
598463
859551
903124
288638
91233
16071
885508
327988
347361
638101
92811
539815
803233
595438
393012
761629
538342
721896
754526
876929
367475
696592
457910
270830
897107
737136
574553
819372
67678
609181
382588
666141
468732
802064
471131
76317
818135
872991
920657
165496
511092
13469
221664
830677
125259
614676
108658
663601
336572
863185
56883
704047
76129
514793
491230
973236
251929
65783
308961
835959
674964
691549
18452
660048
493614
489584
736365
828101
362575
657023
509950
390020
186844
731614
220697
312103
346290
329356
492056
682862
708893
548939
903262
301374
580084
394492
790963
348365
460275
99924
700676
651591
791473
235481
827991
801439
725065
564356
629541
603992
737731
655843
510364
440927
387457
247414
269382
250099
93122
277791
449313
802015
343082
352575
619741
923167
263419
410704
787884
240046
26980
488561
407989
818454
724042
235980
136245
965459
316689
282138
85803
570772
937981
112520
11700
325438
359934
797434
91889
969408
75225
541203
287775
934660
410130
907516
374179
673550
834573
162063
913596
861553
166976
837938
196359
407370
73918
332605
889181
390607
614743
491337
961380
552725
603857
489432
394515
480143
286866
486405
449551
878444
543960
737326
813104
954090
161194
187283
627640
995767
865698
57589
857321
32675
895527
53680
440045
969445
902637
845579
876405
517381
336916
837785
586458
457125
843569
497325
937268
130435
500082
903171
525231
44042
156849
338335
998133
318043
525618
142125
313811
391317
199714
687484
940344
611593
257516
896741
97391
160154
742320
973796
193887
595588
327933
296697
52713
171502
310374
989981
818289
810457
409504
343521
854499
566353
681856
368984
884397
723827
511110
714560
631496
710824
402044
88192
838770
175912
984933
936161
336066
243606
426309
46305
839194
270594
343002
408260
958448
653377
914593
776737
980186
324098
120258
834685
890451
318467
203670
291200
558646
231132
5760
706494
458308
924156
794686
297078
100069
295971
749591
952487
55929
692252
998793
895124
962846
858147
819736
921294
27876
734329
214384
524414
58427
850994
875452
465231
169461
595474
756431
244459
826606
278544
950953
284914
202700
261991
581993
819121
557963
847936
771609
613892
540189
286754
25368
19387
661253
845104
457034
205482
95786
671418
729896
670565
522412
605348
135796
208226
717174
408580
452685
543780
687124
919991
828695
406176
181982
927040
225298
256297
291328
513259
870190
831517
316365
411910
367257
977618
773367
824291
699452
869153
495709
945701
539718
534473
67401
191867
259051
784576
600447
228089
328356
803923
148080
673403
210099
846414
600443
435397
102712
891772
465008
489254
239641
781373
901164
606898
275344
190883
431189
974796
60036
443250
920497
116107
494076
987899
307974
753127
772475
424773
981216
617183
228696
645648
290587
438795
492063
407382
390545
111127
815506
855553
600381
55148
636927
17897
178398
912271
725133
125940
403419
785169
85542
323917
417628
579618
828168
725602
332746
116995
150375
830314
734178
895423
475963
24765
334219
484378
948500
241116
595505
764006
96669
712238
335506
249948
246487
30257
678571
971620
156197
81991
273142
241739
922260
690770
821358
750428
932725
670456
867423
599452
500770
117953
494876
493085
142719
345447
977463
607571
586563
89320
371577
199584
317910
223436
449533
80750
253693
644456
568722
409890
242799
358216
167981
165059
48987
505691
431839
498064
176147
815614
97516
193270
933568
108744
686355
592639
454191
180171
200210
557106
785843
88139
756691
620106
311575
722576
217208
81620
367032
785930
7862
609832
144147
175844
291243
709486
681535
723083
207550
374035
538697
821418
567305
988617
446515
770012
97608
900706
466535
297818
457813
768731
902310
730856
905189
730237
453432
122397
811858
820464
424679
819720
946648
85178
511916
237892
794664
193452
960975
518566
567487
16024
856337
651144
520994
302852
937508
618602
719910
404044
432773
694075
689127
851435
424931
594316
581672
878363
716713
909882
215180
141392
729603
678180
226571
241519
916072
537587
951323
393399
572506
35162
925776
428843
202658
446770
248047
140167
581724
967957
60563
14497
662033
749690
865932
86964
344006
963957
481680
577071
873839
213212
234815
603442
891392
977738
361314
323817
515326
828989
717216
604184
864152
159344
549379
66810
606114
797426
206977
187839
765383
267540
718688
943768
533582
100973
547085
877588
64930
28765
971011
938769
758329
205827
58564
649721
183565
419878
489890
215243
248867
207107
335779
629371
366451
885158
696182
488918
682584
419511
193109
964320
203404
911797
424440
736986
12770
971525
130927
77700
516642
101938
532822
274971
824117
591386
441045
524035
527616
930935
739278
292835
654394
591410
922207
537198
476568
134741
26116
675505
70604
735577
156177
274008
647374
580617
527347
176497
552143
658274
770549
68785
276564
819723
860109
617034
411109
301154
141069
938725
232089
396699
231561
402836
988109
670120
940034
981030
804861
482502
656535
875465
218079
812712
665826
381805
393329
193173
74654
945472
367799
845204
530610
160715
664927
390719
777749
592389
208225
435170
47466
440314
831870
795379
359502
336331
465499
299536
317361
786712
298390
973896
662178
516469
302960
844356
414627
696290
37529
489281
158114
921680
850837
205076
82395
32117
595795
376497
624506
804020
811667
188324
760687
159889
983704
636541
12573
449203
936078
329934
235916
750820
820183
414446
783642
123143
258802
198269
335785
812683
687550
493900
734363
54740
698976
333110
86857
811124
225959
227715
131496
37627
416039
408535
713868
399743
45077
726441
365299
497507
572728
117567
248327
392911
48365
31969
32406
823519
746590
368192
636202
434141
378444
886917
5233
77420
736379
608442
404896
962339
836157
536393
516318
768548
944928
230186
684644
506357
472980
49943
3864
45708
683862
768544
954971
732227
316865
987377
72098
63456
355569
224652
13949
734013
111569
19182
327786
364300
627624
732682
326639
463781
785427
842957
748681
246708
589496
433325
753065
62476
999620
273282
624536
683482
41826
579507
932061
358691
566884
4159
422147
438806
228811
952448
689171
856732
971630
16957
737385
599254
265992
64024
579387
51419
423334
844421
814479
529182
277746
83897
591658
793719
357179
216194
477201
915357
795701
925615
790400
878937
446126
728900
317743
191290
681348
6915
564374
652979
540224
301759
768585
806216
365784
864325
373988
305470
708746
704819
834652
502844
788716
942662
296563
145895
675208
290117
577604
470909
215732
368005
866198
178210
96905
183942
369500
294605
707209
450227
463936
247433
751986
232522
53650
634122
613199
943990
939592
321945
648809
290596
341141
437526
233258
637705
99773
424818
927822
677378
412079
659906
561735
278278
838116
174992
978572
723969
469597
685781
174196
933534
933214
442534
682408
503216
76657
295607
963558
532601
133904
612368
339550
475045
566246
572808
112750
666019
513979
40572
859749
926058
216830
421484
204336
54947
596476
182908
295268
582426
868689
469464
515960
318256
428350
714720
821472
505007
10327
785031
553961
144231
913751
893511
135628
479997
982671
248379
662368
496650
805303
38470
422709
22134
459954
627045
593433
572783
809954
888701
671561
194995
874517
703873
513251
302867
418593
851076
807875
428920
152459
361836
89503
66210
255347
225131
62559
754370
989862
241279
251021
795166
279749
673730
817300
739704
300775
410733
828839
627081
815786
16752
338429
690303
720625
368032
993170
139218
219108
317397
84490
887919
195585
173993
470481
967284
915476
533040
721655
905339
774320
972676
700505
54069
646406
34157
310125
463533
961242
655316
606967
777028
672068
945396
467331
392693
829780
976853
48263
565241
294251
132753
453160
489836
823098
923642
457121
738575
456682
695128
643914
747354
667804
344419
801424
314210
378576
627901
294095
856170
283218
901062
633198
471638
362810
616881
380684
192591
593734
428947
757832
404337
78053
727344
894174
901151
650986
867647
639726
624021
562775
283640
371375
746931
628059
689151
577493
522987
317053
871588
895509
116623
289003
528707
588261
651813
145588
485297
360756
255675
914245
634940
660012
508650
362285
70538
409801
529623
454537
49528
153644
17312
333168
525020
280595
477580
730523
858088
516919
47576
729677
412429
680551
18680
457488
785165
186845
119429
270462
63954
375104
701059
698894
35116
209709
577531
622007
619511
107155
76544
185391
260799
610209
518559
302171
890804
512491
32695
748893
545763
596623
994922
958192
277175
529954
932032
578692
233151
51461
849154
297105
426565
66566
512352
978034
792627
89883
600041
412138
713390
192937
113881
490542
803146
148793
792713
210303
661284
341760
475548
723399
454736
470470
197943
248263
516776
129976
826955
749927
181437
192461
47033
124355
259027
75737
102389
51655
681972
218782
980145
395363
928071
94027
402257
247570
759172
711322
457873
420456
53083
449773
660208
507819
436595
858151
272434
953371
988127
99389
703298
169565
291850
266683
810272
67230
342420
912661
118885
24393
647795
615382
936108
575866
225761
338365
823436
984933
49687
797661
921742
619122
247434
581950
643293
684029
956453
915727
153752
944581
15116
857051
630498
823319
640086
440770
890549
498859
869783
525786
39604
517578
657520
975712
609796
399634
830429
949585
384567
396468
747246
822661
15591
511033
920963
658884
711414
877417
90964
865167
338350
622432
238570
968848
445751
878656
409618
852652
377515
279401
378438
933471
313331
35959
909183
923127
435593
255964
872712
336512
652433
136311
675526
668024
647344
112841
843260
875110
506610
934224
740277
844960
73009
495199
813808
518760
890208
739778
371413
784075
535531
266203
717547
848862
302162
143082
771990
254107
399047
161054
106972
51480
297365
298850
235856
461061
928043
595468
852524
434654
46045
109153
279614
119054
604353
609775
637814
494561
865905
525579
794988
401437
791783
512535
766651
610297
655618
54993
380757
54665
216048
4081
622497
29765
302931
858353
7179
230974
453821
859703
181980
499866
968856
461595
135272
573209
587722
773087
584122
453627
815018
379111
371416
606801
407998
138068
733451
63616
193061
114208
634633
925461
634641
257130
955227
937572
631835
962406
684898
602009
338461
866879
618227
307317
844826
753500
396879
948900
42939
497353
918879
857957
392816
290296
981111
800815
944716
714562
864431
137777
345122
499065
63239
979763
272547
534818
433687
904383
13576
118585
22744
352037
501816
640971
175706
862994
394471
572585
811894
437410
69939
730774
295368
462755
21070
276479
263570
482138
507393
644354
619915
852515
659771
199506
348630
448670
250676
782317
869405
264252
417254
892149
132641
435423
533121
308348
298417
927592
880933
110312
365003
467224
357438
176723
929980
894860
453202
709902
376998
476947
870608
513265
845814
46731
712772
194444
495402
963448
493113
364807
744053
910367
256957
876694
345790
306430
185042
160560
234022
65976
787224
115377
49552
144662
292100
495884
39522
261654
722139
416520
738601
592747
929785
584415
155831
158909
295211
651233
638710
788324
532392
382763
215044
305701
775809
77186
612131
960852
237746
362506
543180
24970
477883
592732
169632
769984
88617
725506
547990
810756
142026
286592
919855
588164
387359
75686
263425
682571
726919
902135
987247
775664
801250
202291
597717
577060
279478
209849
537912
517224
88707
81092
58547
566590
190176
228179
852926
278793
470038
400917
89549
612064
203861
525757
716580
591220
601443
980006
790143
844715
398493
777391
620379
199744
979682
218096
776804
775512
944297
831068
809089
33004
912160
867636
115947
618688
612167
968873
897482
82205
886142
503383
210622
606355
29140
927202
713928
630584
423560
504071
991651
338406
797814
612030
538150
293849
346478
831306
69361
807128
662374
878450
840132
90886
262438
472431
709574
874606
441305
607056
956811
843799
626792
167433
450155
655932
610988
164083
802868
550900
184506
794519
889306
982321
922901
943808
792522
785732
775114
861883
592860
437488
256686
949344
44726
519124
421776
754301
393730
379433
877709
866894
223232
20853
34327
189739
193138
161667
870174
512358
712568
54681
306878
118226
553354
746131
62035
345876
531863
837149
724111
641075
790990
980797
590420
352068
16274
12196
622721
410004
391629
16783
793250
614861
37636
827578
320953
230774
505597
191127
743133
734517
245808
566363
852744
799162
828846
914779
661390
877062
268280
385502
518137
575622
366299
108557
927691
382573
120753
66764
308930
512382
83547
102180
643596
121184
446110
964549
868310
951708
155676
127795
686225
917837
694158
55321
233351
39357
486452
894742
916419
754733
280244
434556
846707
162895
543114
290750
61821
180219
357515
370751
692602
441062
989283
852550
78598
435394
333451
946909
903454
5479
74704
106031
923316
285215
161353
673020
324572
164157
567762
240991
918890
364358
675547
281950
43605
735013
572700
105426
915233
446567
476177
124187
403982
981813
493089
482580
417207
826540
945841
837013
832019
20546
943044
271688
822113
620749
944708
146685
784907
28822
904028
220149
909532
579575
18451
953137
830941
591152
58564
262526
554071
51093
386713
958053
32906
396154
440634
966465
222694
386475
803478
571065
923373
262875
842753
745486
399976
303813
408523
184883
332635
312551
921385
758519
408479
939836
711657
239420
47340
770221
501946
601412
337666
405011
75817
370573
801165
516451
853390
540211
419279
173221
111276
859004
952448
470382
604491
352424
774195
529366
53660
623183
841918
975045
381702
250397
431233
93359
6169
478574
379932
24467
596338
717599
945830
672155
604524
746995
704959
974266
287206
640590
147487
914834
499594
99935
385216
620437
968712
675764
149804
22372
298947
991722
513769
197001
758471
945002
290361
764640
939928
186645
305459
536266
420596
251289
724774
541472
998284
946085
515739
801842
586675
179578
233028
86269
279514
618245
706707
248226
294009
856511
786950
109308
364585
300719
306309
123056
245721
113022
404048
702002
299668
709507
754620
236616
477148
479394
778089
991784
425479
810180
793626
12154
989758
26654
614776
269272
161251
837835
33850
455260
210698
820800
80920
575283
637871
387230
214691
399945
500252
135091
101947
316272
360950
856567
69241
838098
335962
847330
829882
277793
657510
139860
806300
163620
166514
421076
949245
844118
775263
983095
815730
985961
320248
896651
561244
474471
283881
292287
874416
300485
943730
976363
133110
304680
832931
202351
142778
685245
566033
489012
479390
739895
628872
285690
903515
311738
223118
852760
155856
998381
352208
971587
984342
188808
384590
61938
663279
668471
870577
537696
485308
814307
30411
618418
118987
863342
820769
778117
64939
903154
267129
544330
643049
412353
346372
62917
240444
569491
915677
912652
567872
784237
400591
68567
973045
785181
130505
152677
970004
1083
206725
455313
815390
237136
73731
450730
616831
410853
228847
681770
314007
12329
742452
473409
941034
88825
536326
181478
658316
968355
610483
742540
752593
11074
811107
241990
796256
457965
394667
282612
975400
117744
737925
307142
354881
811657
757872
971712
738862
503072
169834
569221
31753
912287
42630
972787
1112
95308
670618
175780
63664
281101
434672
816257
808527
245780
574599
121135
220097
485619
403748
195497
603363
141673
502639
958244
469682
776864
446308
724896
279936
616143
294118
311689
44782
853100
800828
562246
948409
987798
738026
12073
785251
172698
344682
593779
934830
919281
714914
154927
921252
635014
350424
524616
293040
369416
482860
762722
146280
929169
3971
942568
61664
298089
770609
106446
151189
571437
668692
615950
559236
923070
628023
344487
612120
489057
454618
546951
924691
169533
218230
845943
320899
85007
370559
613939
454423
369772
893014
117055
815293
896985
59623
876957
195074
830232
499755
862615
918021
684799
478566
993609
124221
622941
338097
736341
111999
792715
799644
553042
478600
17875
398985
315852
102882
285897
929791
73657
172021
822805
190712
987314
719790
766687
380623
431216
113271
396730
810184
31292
81529
288750
24902
205750
428043
879351
942091
56394
188418
741736
609436
183371
275963
524774
499223
378845
327023
945366
968854
499044
284524
675918
2710
520666
442605
383333
951883
72228
780063
278419
619872
377944
83521
161126
583694
511564
556829
42137
84311
745248
300225
210099
444971
576188
734873
460546
471385
578248
405912
440239
77292
690436
632509
80002
727455
591466
979687
679338
663694
759750
957757
283567
137694
557630
961045
237740
69194
517875
796230
153505
779475
96455
363605
224446
188996
614830
201344
176733
709431
607256
616973
303075
814045
765834
899430
541500
357301
879117
737190
20995
155220
211299
820914
809266
768929
781960
47007
354475
816187
843237
24333
595662
456044
904290
820108
645040
35472
21452
821774
744903
145060
955099
47979
475457
720933
947409
533309
594586
826526
786851
615582
498098
514502
952848
307365
283431
734808
870724
154259
550995
230313
178592
663009
686357
599234
483117
847750
634706
20921
185876
379610
682334
657327
427589
674143
894612
891350
723805
489199
717876
510656
621133
732327
25159
573981
39692
824942
825142
910416
495553
892489
657081
674145
555499
343438
273379
38616
707540
424438
575890
409768
804048
774576
583447
747989
448719
478060
639339
688876
483611
873567
199533
104744
605894
741044
678725
161938
565986
503867
588706
61540
396357
245787
252037
951856
105578
41769
506824
329470
466207
599066
739239
786607
889994
322686
50948
855066
317098
690287
543942
800709
80206
743475
905453
686101
871
100531
364391
83210
120750
953098
144750
33459
715237
913139
501667
337167
471260
524844
666638
453819
123910
405877
240426
530257
244915
807726
385323
562014
498013
929265
879075
578220
189093
784529
780673
189964
401412
661416
273174
522162
614514
934276
71974
846104
363768
573641
183271
835028
98485
849909
288848
738748
772138
45626
269005
533406
853353
654328
95420
867718
99945
974495
962290
289038
275376
259315
479003
193140
920732
268529
231655
51598
202806
303629
897702
82926
393622
597326
917954
8460
447235
723154
263560
735726
285133
532565
269132
654838
703245
880904
522556
319542
371751
1199
608581
163480
260514
603936
356620
181246
388817
588275
232845
107975
408256
646899
190901
318231
244225
108856
326691
207813
348362
590251
943539
149847
639168
212671
804685
858765
93575
843594
178307
981678
844793
303240
145158
105307
423528
501779
802906
812346
606406
35751
920321
531015
199002
111223
849246
443228
736431
692289
651041
601145
798892
594580
750993
438060
323603
555678
813177
933530
399272
507836
915208
760417
811077
60367
382077
750957
78498
184983
563303
684904
737086
483625
732271
936088
111200
581517
379316
847631
790158
546709
448776
589050
657641
716121
543462
981244
271800
356639
914774
187424
380828
346335
947842
708257
406702
846271
459214
485200
31254
22518
686456
768340
22495
935080
220780
133695
32949
116449
497678
823108
663158
462806
412158
320800
178928
955621
302044
967080
828612
733171
154504
725792
79506
618698
434049
2560
981321
893264
4112
12575
432134
206920
297267
454629
142000
518048
104676
174950
150849
118706
514410
814007
581512
926568
134807
276792
398541
953204
243872
743506
202727
914729
469298
798585
49779
419700
801145
31101
829316
321609
43676
261450
528529
857296
232431
186882
891696
853459
878184
42545
972165
392594
372904
70029
319162
24064
346822
234056
977268
107046
977562
696347
21775
963212
494932
71555
382912
812429
619008
212228
134038
179036
990030
178919
36332
222461
882153
444380
592272
760337
486925
564437
152931
859830
634467
988446
883894
497641
222502
377514
604687
716416
590213
626463
679628
85145
214370
578893
413926
833378
307473
547964
12414
297504
243235
565099
36317
125389
9479
628590
402078
12757
193027
555010
388939
343846
543456
789185
841487
765958
683051
962527
998726
273264
105342
194706
358409
319712
773599
772335
669442
81073
836651
198208
894929
596238
279659
931246
237979
805491
76188
640058
818248
785568
195068
723539
645766
254876
512724
487254
20834
195775
449781
535912
985391
555123
730618
860152
391187
504218
632487
576981
101643
985490
291541
512924
98080
571201
960522
336060
376692
36711
976118
711292
338631
687538
434831
984397
942414
947555
471651
479600
659682
437784
15512
645073
509259
746130
505225
416798
766700
654064
510131
384695
155906
801673
897619
253986
372874
858142
106398
749566
411205
598868
460858
749836
286406
412041
734233
745172
359596
722237
224772
535630
676373
756636
697055
701985
502767
718632
635135
785819
889048
145267
170515
44954
946940
584486
815292
319814
958980
438043
585732
370185
36911
562942
636373
839670
974983
886959
584842
850931
125548
325967
386561
801921
82603
599968
20258
101722
318600
655394
403894
724000
317013
90761
285306
263953
675247
616950
100119
634228
54993
202203
520765
608257
765145
673491
447927
256480
560450
549121
107411
685998
875088
10324
4271
474044
126644
24530
92118
961596
196276
496012
685596
513289
586773
970902
293594
262021
587852
393713
412601
642846
112268
449718
251103
877413
123209
215382
133893
200011
764503
757656
886009
155944
284332
406633
146340
410976
947515
238458
372572
143791
734471
58168
173432
321244
29070
983378
99617
133274
377091
512218
292472
489359
961937
59927
883124
601498
275309
533369
801510
556165
291025
203871
228461
91709
126856
374801
502685
74371
613259
875257
734514
347730
933425
907946
668975
478847
891324
768592
612121
784767
797163
904594
790478
275452
964521
189954
393302
756183
723323
194812
828700
530700
915036
57161
622409
41892
431962
125094
632616
45221
516703
367130
909304
450128
791429
578279
445327
199105
863223
573801
500225
176738
478395
290703
968542
959268
997010
361845
231803
236685
73009
60503
767386
988045
117664
906147
546290
65978
547594
178906
111200
64297
546036
20504
30778
853817
115135
992457
52923
494710
566258
553148
187801
561005
360203
156343
520274
357213
518188
268429
593899
591198
328933
877637
95595
962949
300136
158237
28928
847730
337143
656480
428380
399532
193336
975510
253349
824823
967967
306272
835885
50578
375772
23686
611583
735976
180030
648209
93189
214570
916639
203440
322120
761924
81077
417716
724873
381214
575953
270153
745296
429449
926633
690028
345333
636321
665538
598682
461144
149858
421307
297030
716788
797079
837068
328371
533055
533450
976581
142597
748021
409572
862389
70141
171496
943467
4209
412721
841033
96515
682875
102681
525964
125860
792710
871297
278534
974600
986331
739678
640810
407638
553060
357598
721070
906481
685970
770477
439931
178903
429426
704304
104827
291816
774446
276323
235283
295007
205396
592668
391522
404623
695349
433838
46836
4411
821487
325370
979012
807819
581400
619822
731809
134461
493773
452879
557294
179743
223357
997225
874998
652783
701530
979825
460951
992328
772500
696234
803687
494248
805254
195210
898872
500604
629048
945708
505015
450536
271078
379
774707
852478
136554
506516
503291
630327
475748
60585
326422
215457
574163
201420
384592
792045
697597
845544
300725
986449
58130
104412
480697
863385
815974
379569
880341
445023
325277
901708
411911
112707
418440
702970
481538
554994
209486
501181
185321
201586
78119
511743
417043
652282
229515
801636
960679
443464
647180
777756
429913
221662
882168
910610
85047
698143
806532
481740
659518
648161
383449
587781
760869
318241
290751
758759
873235
16589
259940
58556
218176
338059
86651
151571
506693
832518
953207
983724
275982
116739
761480
222247
338402
643649
132857
939801
858144
939389
421542
517662
587551
321343
621795
864772
639584
912546
623531
29171
445487
399823
604079
663663
254235
690730
331587
760928
39600
284794
261005
831934
917886
22485
54181
256288
182486
703390
196089
40630
642780
133983
74644
746683
971678
696439
127807
611262
125337
267690
640433
87177
183865
244512
267192
438100
451594
598779
715381
491194
883574
976386
839480
801460
998871
893661
574100
697710
597052
286541
254692
756184
420525
329337
19219
392203
542128
663378
519818
183818
931068
160251
270995
114933
921116
538187
553034
889062
653319
784767
896609
536893
761153
736089
854705
276376
629751
428805
974086
743155
715346
745131
499339
652223
74468
34910
44427
132948
698288
564245
833118
145708
240848
620465
260641
678316
158653
330027
567379
328324
114794
463988
381569
392299
716429
236274
185028
346180
181431
675466
89335
413129
420597
105026
581705
495065
656288
626132
144366
354576
706729
977484
500284
463929
597950
277278
658598
272955
123657
225977
117631
238452
206317
499200
147103
922746
735474
332131
785279
433257
7598
390966
846386
944547
12345
428091
955965
668633
570575
100331
23210
793656
594167
39846
773938
708469
317124
432536
497776
440782
174865
615407
195586
897534
114607
859041
336632
366433
191173
121911
799690
715123
512878
162429
659670
525223
106872
615635
710208
193800
232318
733418
503808
826486
289617
277746
51307
606741
226634
549084
563875
917851
680843
759461
815385
311803
134855
152018
678236
326028
273929
477927
557503
303159
156708
733525
344734
779932
865513
571295
973732
97831
821065
477541
440669
110682
271639
491977
233776
498274
557413
797651
416125
754608
73465
747863
66411
208320
899881
744648
50700
690162
738927
124555
509674
411987
858080
370760
191919
723593
942055
165652
821425
763121
159545
778446
873803
431184
786775
623931
445810
860540
421583
861936
615149
11400
609799
681560
736072
26032
942560
786772
232546
197839
911327
742220
609826
769407
629333
801746
9353
571388
483750
347130
334509
643295
125576
724665
590831
912352
348596
36642
772892
286531
414930
904393
297931
541081
102306
34003
567113
44866
337127
799659
759058
764806
58232
368884
50566
687565
686982
59919
775305
170732
407049
626167
330379
48977
350832
921211
477681
215780
957853
766926
18664
372783
671319
832947
913864
773625
383303
997329
334844
720430
313340
93902
485237
887924
979138
52155
575489
666121
112074
867147
353205
35475
493314
683585
84452
360498
604796
562134
92630
79001
329060
111294
968136
516731
944242
882000
806709
843897
395681
657905
564327
709021
268159
565916
113298
247297
618071
688787
429770
246497
72286
299328
281972
565600
982913
882777
926098
104061
961263
18729
699414
806675
646375
667550
323406
106969
65902
646467
950866
461583
304372
31546
686956
572531
113814
800254
336181
248238
5394
282303
494735
77680
581631
293060
643281
80896
175837
85731
184957
137100
620812
884371
943775
267188
68273
783533
374157
134175
430001
325024
112110
250725
356570
315419
339609
470384
115673
192142
718622
637419
474445
729710
715100
56077
22770
874733
653325
198607
476816
838283
852059
97629
239006
312186
364817
823632
612071
738974
957807
558424
580350
586270
809150
936920
901689
665111
923657
17362
857253
158631
171134
848050
888341
886234
904127
427463
277319
73805
142422
270487
912088
994481
368116
667446
823019
732933
7430
435091
988260
965238
993515
568610
67860
319017
21883
969549
984128
461892
503263
357733
620523
674397
205784
25217
76983
626263
452680
354302
700068
595103
624790
128508
105936
509258
312307
928956
758544
319737
880399
746804
801327
873914
831766
869187
709284
370001
838736
209764
348245
342000
567498
485121
16397
773282
510338
93381
915897
479370
964035
615966
590825
105177
744474
696762
130788
56781
142070
889332
892871
22469
152488
694198
412735
500606
563386
122019
870608
402122
331784
218853
260474
415634
703974
276872
188916
730664
886605
104813
726387
366992
237131
317212
988522
981606
13974
119310
554739
156044
8642
963962
694865
161130
658161
107601
661736
221547
229620
48696
140021
77756
783902
916848
493390
4228
193720
682306
251245
596677
303472
977632
963669
56955
294844
952191
38561
308819
71501
109653
981215
596495
73615
676081
273977
248128
783682
935714
986027
529654
500762
642401
607411
801016
559249
100801
805245
269321
299460
56490
865998
119284
34122
346019
176239
845318
814563
731153
670489
402416
357158
651705
998912
947125
844138
789241
195254
144172
241307
697633
190178
742070
340034
797589
543086
899283
414743
864683
168604
230555
437525
550954
349839
987999
413326
42430
833318
227889
289935
503807
630305
647093
671864
145569
594219
516002
934811
305825
176526
176118
519810
366705
434540
859845
680646
493979
275480
95389
358662
444085
325944
796188
511391
192135
300539
924717
234566
133857
668958
524501
637665
815616
687947
825881
477537
798518
858236
412348
620695
34762
104819
140505
917819
55711
350
598466
549690
275831
210207
424705
236268
536152
737245
264011
244639
37784
188729
995557
171642
374039
36411
325659
189655
724358
151540
667193
39228
9776
595893
659923
560891
700712
800428
995062
272776
317131
593528
822466
109314
803736
763523
861934
856240
500768
125945
100879
538553
831026
96437
226547
205066
649200
552206
394721
373558
220098
61914
929138
746227
174160
589061
823470
391224
905841
818532
664000
222972
412061
486467
332286
732149
766342
194220
588389
267111
836518
205620
805664
667544
818409
548563
872610
467609
100769
783684
357519
837219
361950
286657
583446
536110
392070
406916
927335
297912
741801
591335
520884
670214
594154
369523
402363
360497
563743
507104
143960
400261
712724
949624
584158
47486
14539
973120
31447
115308
756804
388967
468879
635107
191976
52326
171217
584047
975594
614904
881959
233747
722592
919195
903961
833098
288718
306324
193595
368814
813428
853907
285427
42505
319883
869585
606343
334422
842706
637790
966082
115862
543109
434962
267321
735086
3640
438539
835485
979234
569795
233796
729334
292387
152991
633295
125486
958062
939620
835433
326876
269400
689341
128655
828257
525576
514593
434600
859999
873651
72391
826081
989513
615500
261043
256835
866938
264683
211726
218775
760270
297873
452571
489604
590261
121915
122899
232099
79977
578871
583884
923205
364624
789577
51860
709233
315154
82805
143834
175153
956456
732577
1234
945970
864429
262278
719157
247720
43313
447235
466495
803583
745108
919067
809539
851721
557334
448791
83820
153663
27662
184057
76868
908638
973634
645080
617872
288788
727886
278058
463941
200694
526987
981528
146664
391416
760158
382173
155488
803471
345760
621984
123407
90869
57403
932946
458942
614737
381737
59115
768400
925752
243172
361620
350742
216806
523052
968614
505595
767290
763024
485888
967985
290011
467416
631001
197780
227574
529527
353268
547398
875287
491604
670805
482508
549007
603751
941451
680096
501841
566
964848
427593
760090
842820
294687
976896
365873
779654
998843
649515
542678
484732
617500
349042
468500
248502
63174
696075
778029
416442
759825
169668
424399
430630
652177
489758
550733
109980
686207
52574
626898
651055
996519
386988
10228
807559
363884
892453
587213
362728
541968
129891
363812
159469
995285
832312
924323
58459
44739
702352
991254
804564
388372
415653
235194
40549
421763
302280
666881
107970
871206
293779
275378
384078
680767
285606
191637
561004
178059
778850
440084
720027
425093
803896
395848
420379
636208
320171
478838
680948
538875
470092
485512
927248
402097
237059
484149
823861
539339
151031
931831
410545
961162
207209
794623
641930
9167
502612
719286
187226
281462
159370
423606
706556
963266
819454
126935
115826
139626
122125
796774
678501
592218
798639
122101
510667
35698
606251
850880
91389
757282
782712
18286
718444
506273
329262
876726
31793
831874
112364
219019
113337
271734
642625
819893
751352
978432
463180
867179
118058
585305
180305
312911
693875
978944
435013
204543
530994
41264
55423
622383
314898
354487
640670
549694
377113
969932
942773
408906
801806
55137
144277
431495
843224
303255
251388
594576
281687
230920
461755
399745
816226
642061
229008
510101
137357
664021
230996
668352
221637
802772
290735
52887
673611
447757
602582
50724
417689
61707
975982
735848
116844
120260
167343
960068
939867
935084
70997
221554
166004
532752
137651
982230
691165
366659
8684
828523
547033
239680
496875
768670
558804
303962
821558
232416
751720
940492
799492
685761
2199
775475
421609
635395
412087
588953
111816
351954
524037
182813
89860
206393
231917
743863
188624
439435
110522
713660
784310
173907
469692
797537
458930
28497
101499
280488
777265
369571
737332
576757
55333
255883
868584
476942
407630
280671
582247
519446
148977
622636
218611
755189
829030
966881
499052
534006
406316
125927
764018
706978
299834
233710
504515
758764
778559
122366
555604
555824
491938
809288
648934
547271
65171
517518
540565
472802
314542
639165
508600
463519
778153
727212
218709
123535
694093
234113
173893
616761
360040
937911
840091
659875
687974
344606
934991
466533
466972
490596
538710
958910
816236
187644
22533
881408
705162
79451
354210
19704
718616
862810
999576
496769
106374
734637
136657
316819
968750
310550
449932
328791
248462
290023
505018
452788
634629
956361
919321
617954
963309
974383
93216
779546
162027
115750
660954
383542
195201
531516
919598
430169
910678
919174
443290
17053
170163
579947
850224
138914
406850
300157
984057
171664
106532
5427
624452
257514
478140
543773
875468
441450
34509
485036
220996
196536
600786
398302
96430
312339
929818
16029
258860
356848
451555
218503
890253
138071
798450
740478
793337
205300
556987
777394
893316
179871
299173
517768
437385
777313
577894
829205
735115
612403
314242
956111
325291
431380
354413
421722
743720
800583
954103
518932
673784
922010
737435
564037
60081
52238
304515
853418
773890
377854
147164
667207
557726
962689
184975
995111
740003
762869
340669
991470
375272
654911
947582
700564
86291
818347
638638
346363
135283
592741
865296
809067
514751
602731
373104
91185
171321
193972
944603
945212
88178
608120
612419
645904
570809
797394
157368
827164
76616
498037
818635
451888
669300
282569
668804
755591
100916
307442
101955
752551
416535
967251
561618
447639
86334
451075
538824
257656
161399
999779
202868
249577
607899
331639
411834
695061
645385
85554
522225
722001
99943
857212
690242
769243
139781
359046
524834
757050
182841
143141
509601
115728
110392
587572
563367
713079
38647
618543
487087
716398
618323
206307
965975
742574
537946
894161
437635
183331
979715
476213
421685
79658
333425
111927
848901
473207
987325
890088
230257
686518
33229
739858
802247
659974
843782
365614
373053
398781
984158
376492
115179
118833
582799
597507
861407
120745
491668
815395
820428
987736
291608
242113
67394
625033
870392
432648
98240
857718
322736
844849
60588
872317
101060
862835
532291
944842
228450
421696
343624
728960
798188
975155
364145
380987
572662
741904
18084
580683
557299
838513
568419
848907
596978
152165
990293
467371
101165
604885
841441
423901
449735
902029
296219
67147
281217
344862
11989
26019
766559
871965
754979
564747
847121
635476
945735
936135
377380
963819
33170
934680
318684
117941
299939
915663
270107
290232
899386
887624
895118
257179
827878
861205
675560
640449
928352
956777
985311
940341
982796
751870
328659
737775
316618
692132
889603
778705
628267
266984
258876
177790
718016
577561
295731
17955
9576
82190
308188
908962
969815
719658
682493
797693
580863
358053
438142
509215
314831
423453
965908
297627
691676
294567
551755
524646
503051
441358
303351
647671
224694
562227
825461
942710
656140
121192
960666
665716
719735
268854
91030
689550
504864
773523
3595
85727
131577
441737
111294
962760
381542
593554
260387
73218
888122
812142
114216
907525
769853
417567
555196
994547
496147
380657
937258
668639
18202
897924
334356
737937
683130
941738
943839
187994
715262
947434
790073
363191
389171
901367
325951
287065
494921
102690
876636
899395
431185
990852
323273
201038
408420
878469
711937
420919
259127
649195
89558
793681
63471
940266
531618
262953
882005
991809
967299
113619
939243
757372
993162
844766
175091
835465
131831
186365
938155
8467
602112
369340
999320
925385
86730
924092
803855
798668
345011
579334
964215
950921
889367
27687
891188
937337
290640
289545
929146
257940
919516
868389
531664
912678
713155
223108
748143
844986
409473
202650
369806
11585
571991
369126
453323
175073
293218
773530
973741
154581
869216
454309
105502
758583
998348
513042
695920
805340
318939
141418
579632
754807
9807
111297
667485
239314
334405
931980
600652
260230
650983
970458
788167
739326
855936
241490
914399
665506
15020
404493
820087
884236
858802
441942
159171
857150
471336
371443
178842
306628
512861
758475
61435
39020
869772
245273
278334
720529
693605
395339
980759
344588
365797
768926
83914
738086
10417
514666
403592
541789
919159
223680
942378
294313
181974
617901
667815
653310
989345
846657
476290
502206
605132
537726
541227
991256
299351
335913
711785
992956
731252
692544
337545
613402
461471
937811
351488
988240
452477
755080
46381
371636
495112
505111
182301
193438
123013
850116
363101
112358
213126
839391
130916
818258
377117
188495
809515
192820
524409
521300
185777
772013
730197
39674
901767
708020
977485
253255
212612
429963
524688
258993
317951
536152
280457
500253
729591
403470
866721
92692
32180
79847
932083
163096
414458
825553
867944
223973
18373
908705
261625
720502
680718
991822
760176
98838
216194
737662
868445
428806
683977
393133
204152
518280
445638
484609
534885
691581
888079
401607
784273
436611
997806
232708
116059
412264
574613
984003
152589
109339
892708
414215
346193
89779
922389
106370
188617
654936
360384
57062
83742
44361
966548
287894
562641
928538
288855
97527
620119
693286
15486
920744
129897
13292
669804
245957
941909
760770
746312
94498
386461
639021
25065
732654
245152
463807
839024
950121
118743
199408
523535
202485
760121
490083
6732
322763
934973
295587
420290
555092
505226
435776
992188
635123
965420
661993
397432
907329
939115
143745
518180
325576
299118
543245
58230
544270
523404
413607
494391
642147
613015
534278
360985
373137
540714
367717
212252
475687
179656
148894
547132
684882
101022
539320
836358
66442
717665
233790
490124
656780
377535
8304
498708
193005
67901
73291
737275
591306
486898
748018
233453
616265
798649
110790
505754
339363
478507
234358
815050
174516
383252
362182
375750
484274
417855
212108
67069
135520
962251
557193
308653
856138
81849
323713
49144
666102
397004
302771
257408
400254
567142
7214
16520
365791
634356
38626
705154
112864
272985
520204
803732
656237
398739
179482
656864
816594
907943
723933
468466
870194
797478
293471
726332
395679
617185
291828
61781
14189
594600
835542
930796
161742
359108
947316
527533
993464
502294
749039
622680
291631
269243
426412
947869
184334
122247
121085
928
546542
361370
985747
416736
158848
279218
659420
70879
896403
951249
132660
426945
545849
484554
357741
223943
843662
821409
751476
353479
323703
16867
492511
615335
286110
435276
79556
986797
557523
716993
987725
104065
78363
489824
37153
753563
769043
696573
824442
665446
647822
473454
608743
710023
958009
966484
933966
318023
787893
201794
187854
627949
218661
680366
759636
21124
115642
839192
7921
189517
72537
511998
293582
150900
1823
847087
904463
770866
543660
245257
952664
707835
718711
561408
417858
193072
527892
868177
27448
832138
69971
215302
460087
288633
412020
219723
826109
527662
575267
834030
717179
647804
346028
527113
315056
347851
374200
735871
635069
434213
981128
587734
142048
216191
149142
76258
925616
193386
944435
469416
25524
530759
684718
1963
335744
96739
738038
161853
140753
829657
995883
857933
477461
858263
385046
792517
722467
275599
44740
357536
709812
25868
461622
368212
758412
127116
960822
200380
320503
421610
669796
862379
952369
870866
380695
288113
967605
118733
966318
624711
948391
478553
482644
942204
336816
384042
251074
59283
175993
295814
933172
885805
838035
394794
770369
112799
521911
731192
313179
358766
152802
982975
737497
621523
853841
118192
425988
337799
753278
392306
962510
701669
870859
961506
160225
724027
861900
411299
783311
37894
223466
716483
440051
61501
627629
210421
690652
665892
941613
3831
541010
610767
503158
278508
232290
873351
913052
658278
727502
666330
566936
206364
884351
954147
167870
44577
678174
29771
972228
461485
584017
195694
694320
24068
773547
838302
234489
464199
504194
692454
984382
45205
819573
3892
840065
51863
877244
753117
226493
121098
419448
309781
327463
303799
263928
495333
864728
458455
41456
836957
436292
625473
549003
130613
165894
838903
485267
916735
303102
505813
609190
803837
67370
945115
807729
907435
996979
201325
660553
739824
322424
80001
565958
166239
900152
346238
177924
281233
804693
219381
118190
240986
361206
183545
887951
43452
22448
373218
960188
841903
879031
85730
162092
946402
30845
486173
370189
544176
203851
30742
284001
42627
627095
366311
208866
527248
712549
386790
324833
517243
122523
443023
274581
483730
142920
162532
43534
681721
535750
3722
523624
931133
89452
202068
393887
120298
688241
764077
664474
892092
794819
464827
934719
938267
831138
143585
981867
60040
46728
306700
577283
169251
266075
851864
169333
408995
530748
212868
90716
582850
216590
130692
513983
822395
332760
424223
942693
21002
188300
607167
429446
499471
588347
364166
437738
419485
24103
419605
995877
587183
242657
89512
756435
508732
457728
442120
917728
988476
654988
524796
571326
387931
655489
601662
210326
504601
25885
669371
525603
730537
276538
471402
230008
864885
835568
184099
800723
376023
120056
796600
963207
362714
402465
719642
871446
860193
678114
305526
848670
333103
830323
419996
237386
2164
21658
964064
506765
47543
633435
548721
778080
909973
20123
524441
291211
372043
224892
608286
748066
344948
921238
711273
224014
323703
947267
95461
183897
141734
400987
548919
474837
747662
968915
228575
266178
506926
192639
772944
554469
826074
838017
848902
252399
858140
889695
59962
746535
114587
184600
494601
975887
622191
722227
199902
945894
185846
811715
646143
327580
212702
195062
318769
476717
680330
547344
742895
187256
256335
32191
258077
598761
870208
106979
851161
244700
513026
427475
991235
627613
612076
2189
603501
234267
240768
319755
696513
426614
131470
859009
270547
860524
54071
589316
337241
250753
653013
596489
438009
425700
145032
696087
24462
531593
319418
875623
776293
832445
303098
283881
460058
431526
802422
579911
182145
43190
899666
878659
986156
547488
737668
256703
408013
308091
362372
261606
558845
531737
858095
996854
957437
3128
209293
981899
534721
528712
373874
827366
361157
193325
627599
337567
141203
430021
433831
323349
989563
333497
202008
492072
397338
456028
265127
805351
764119
627499
66957
839316
675588
441405
836171
149378
444533
45464
647629
495606
574176
21504
839324
451685
731181
466924
789253
872384
413297
223084
195733
402861
72933
397741
411285
470271
853769
676412
275622
134241
303912
858932
973557
495852
300337
326080
645230
261222
887897
292860
273180
462073
830716
112504
430111
561897
95780
219364
434281
509078
442448
630015
428291
31733
544108
839576
502005
914230
515988
293979
564823
336252
152911
538380
832105
969600
864461
993687
230822
752358
286547
504002
730783
117263
616507
160894
679160
228639
896610
629794
737717
855410
776161
682360
887144
320269
521936
905501
750851
554277
715832
315674
890529
868744
370407
238986
354696
751220
232674
585519
19930
519221
605873
750713
152837
738732
427960
831997
967372
840922
978143
705089
696333
754304
903802
99829
590926
425738
5330
341777
496367
721162
657452
386897
106258
544211
142235
460955
295431
374909
562826
315361
410483
168699
66074
563320
907432
10386
911669
874804
851309
889813
96245
63994
644117
47
163823
235043
942138
685505
93173
438505
923019
266977
341754
29278
811188
483990
6585
106619
858899
569411
421980
785734
254462
4406
349054
161894
531145
260724
553050
898806
666889
165648
962800
827358
682047
642975
578754
140537
328480
671927
579043
251499
938904
437149
797129
266444
921139
803714
373063
296391
889477
311395
82125
143940
315801
947532
822186
846946
208256
891589
745752
391497
57237
224904
218855
255636
867879
797609
396174
712711
469536
491569
964211
924792
928718
761340
191236
366210
81407
80651
178953
970884
392046
777430
114824
224200
724962
937011
71146
449570
828600
333251
841067
402189
74507
59923
657825
942387
857532
570351
655098
843421
61920
135661
284565
506991
413354
992154
389553
494761
72805
568506
465645
981204
862288
96822
205404
587251
550185
792902
36821
895137
126153
877889
813678
200661
454164
471503
659400
828048
558207
830850
671469
620127
966512
472387
643470
379866
464541
33023
390979
53698
117881
372976
34902
980170
469798
756658
83773
536335
549561
120594
431472
192066
514835
245150
392727
485351
233006
568479
313400
791213
399330
984869
927692
882194
973608
87515
262060
438149
120538
169391
8200
754772
542367
559454
251294
528518
316113
335067
64853
865674
972013
496326
574092
3201
257828
966820
488552
7186
51651
801952
798399
450981
303174
242444
333175
276782
329959
111587
231284
966849
797330
755836
721621
339698
315290
489267
868216
631403
824334
933069
13429
312700
945747
587522
315901
719928
70694
804453
727114
122345
122758
41866
89679
942284
284310
939206
219066
130621
567146
966702
97470
364476
722538
335444
704174
554181
824711
88742
185584
649046
538164
715366
961746
483911
819240
793999
720191
889934
114804
447306
528631
237562
5524
134662
179846
289834
590221
915265
420455
157367
398319
34277
38195
637210
369721
258722
191391
194433
347464
893327
359831
885628
608693
837929
885892
427933
631928
606083
834219
746732
569741
879203
500647
575265
13865
196845
381451
120438
628462
801906
794157
543134
352536
832353
180344
722257
91075
371735
916690
954891
781414
276521
356872
390108
114450
759116
334393
262730
365199
684965
525815
451293
80520
26462
26558
610737
739659
408010
731176
884474
726268
525333
427608
78804
357686
607952
801062
965113
496039
234104
436357
793805
26978
309581
700265
141428
68697
34659
920511
433896
235976
446326
885189
316496
989140
428100
927233
728799
836110
658409
129625
78730
700095
557233
673887
57781
681537
991301
539247
693928
225405
491956
487734
252383
801537
187999
910164
870234
739010
830675
820482
974986
793353
222024
807834
782493
650124
735068
27644
2586
909829
157270
597668
609924
230855
271555
184058
912393
262856
239657
606321
488262
731613
94055
256997
533150
798407
167161
919736
537417
514188
740218
28756
307541
962242
836590
606386
612366
88010
634031
131304
514192
307653
728973
640468
538508
528
824526
450901
263385
580535
573575
267999
312148
183982
524996
361650
982389
208510
281386
36159
239050
537957
64915
62944
500199
901505
669330
628918
989516
819713
276574
20060
127366
5547
660528
182227
522428
1407
149480
785813
581942
723055
570164
410443
423390
611512
288445
405779
336374
569832
441938
575425
107789
506853
154721
124340
924711
340403
269610
430579
160117
546185
450639
803835
551732
111167
986062
74160
112574
135543
376325
210869
374950
462841
621312
798340
74354
909757
720472
410728
995941
162410
502505
620082
185616
173578
744423
626679
513982
530385
57258
674099
76570
24249
994286
628303
135416
496701
218815
764343
632244
111493
975212
523546
574334
112876
321887
165040
22633
42359
575769
534927
721121
594626
155009
423089
768205
415784
49768
798539
946170
623378
988990
22740
647627
983276
167395
299396
479977
902563
63739
628573
14056
555303
152120
588390
184531
990359
753431
723516
549070
845552
258443
786543
956530
929805
725985
241087
345589
775753
39626
808111
915484
28616
347204
563111
528245
30951
862507
8222
933514
442598
153148
947570
514253
305268
52313
698784
811979
322096
422301
361049
684000
680744
663944
156882
610549
389929
397970
472491
682035
953948
796954
597519
982565
144158
676982
510810
175110
55842
35384
108624
498440
188532
572547
529046
10152
141212
227830
822131
979660
166483
699532
663660
847228
879829
820542
974129
269758
734864
962972
951793
688813
759927
65664
671378
420437
742647
698540
111899
798489
733924
736876
813281
438809
309423
342327
448961
966987
86510
787445
946647
252993
3329
126659
616573
883158
947201
590703
669269
682066
70027
621062
887231
346306
686727
558609
766744
945726
773501
878643
744215
23777
615519
73848
462586
441294
416176
427900
408281
502686
731697
871280
272031
735026
997939
888605
134537
461493
479308
803806
143559
65687
941220
547142
411994
144299
622103
178738
90025
395604
573733
350592
419381
189253
424441
398320
146899
356969
826220
71533
376007
557917
942813
648038
809295
940753
536643
943832
402246
532303
263990
62157
597991
721563
125651
9985
865862
747754
705075
955888
143358
278808
822832
79091
984413
247273
477411
131313
120594
303631
719198
496601
861548
662011
144640
187196
119116
681283
647380
37714
729939
911371
616223
327930
632934
741874
854267
15148
489628
559342
487388
149338
838150
310221
228430
822564
73846
705841
470229
194441
9473
189427
691042
387373
367790
352034
574569
3259
33318
221950
40973
279609
649673
173549
607539
798959
915423
461806
814107
921404
21148
301496
70742
375650
611717
299172
714566
201915
5014
701147
396356
530839
890574
603751
918212
774717
955785
9134
777976
505455
747436
335301
785064
913461
508850
392603
712420
940626
370761
526527
862030
391909
344375
449124
283912
472444
264649
998478
674360
786015
699626
587068
316854
106552
190819
751418
881269
146605
276904
175597
652060
24340
510899
437125
937801
536101
346080
650221
993079
716842
693101
371461
625103
37476
820586
909015
509921
85235
423846
700633
871250
639824
287701
704456
746376
478521
455874
143998
141478
249131
835947
793538
273471
863198
747015
727625
399300
93096
894198
392379
326290
587299
763841
467745
141128
100779
893113
167401
702366
316959
868034
89968
956783
672087
794424
219511
150608
766650
879861
292086
15781
715809
601977
805605
579007
865344
533230
494659
474792
427428
403391
801082
531080
683584
785180
188560
784363
678293
355961
3081
511604
740347
93049
984739
412434
887473
204250
79395
654123
600464
887833
186257
316273
6162
991862
411632
871507
525092
422644
346299
468872
826035
663734
516304
25971
448914
704864
810334
643559
60825
813415
155163
317524
422816
139902
729959
310289
344152
325706
480764
460968
213539
667021
777241
219702
658883
705226
607561
700327
127870
953860
685552
470257
133946
201856
496228
99212
906721
822914
742771
483898
152681
897934
801423
575497
554188
47734
885786
414693
373440
882902
875661
586979
549924
652903
323033
725159
874481
930594
941839
2351
400807
627391
988960
534753
829247
485188
150318
252320
308102
893089
736219
977135
307376
537642
552632
861564
585376
954770
276257
958816
837672
151919
62147
903948
321174
385181
145460
712007
832127
603651
714358
232934
231042
703318
284040
576641
704858
434358
345314
529312
843799
81533
506447
151175
135527
59079
529092
720903
530201
321701
196071
884225
989972
774570
788174
311146
159751
449986
23153
508231
53637
253863
741165
801031
473533
25205
894024
178391
975915
239338
224055
819715
320871
730502
487242
456398
305933
16334
693653
836134
338036
406076
720360
328008
180647
24886
155507
856750
474872
695012
364981
44861
465228
622499
845892
938761
647704
739916
633505
139972
495607
857560
959687
816478
104415
446929
789229
410348
979616
999234
762835
317652
405311
483195
162012
102310
24433
833871
959060
15657
528884
324042
60518
510464
946541
422762
965577
110597
679030
599082
766921
174637
972995
726608
507468
77410
689890
813049
4110
669506
812283
766945
503510
733946
766492
181874
836256
790925
15746
311669
806582
60982
635711
383452
571446
98604
806214
53375
725553
485245
652458
492475
176234
141805
735435
683702
735567
425325
496751
739677
611183
825387
22975
114693
75685
789467
296568
911942
96745
828666
223611
419679
889648
375674
803132
977446
990630
125698
30821
232535
127295
199631
725010
303530
857788
976798
503584
593355
402123
516688
849385
13307
342075
388712
644352
934112
694531
457272
362406
791276
285938
586017
727308
175586
478043
46792
669384
985025
172490
216558
217561
816138
416189
458923
119668
273978
435721
139604
383685
354197
656292
749422
883856
514719
138134
528208
448832
832666
985481
811238
140294
787771
913608
867602
479710
908003
914394
149094
893029
603237
365652
626942
419375
298194
85865
55395
572172
37939
194999
472209
392136
851292
221632
792344
366011
876118
320552
331195
225136
822385
658786
365431
610157
572394
749385
606219
480397
180132
755313
889778
783369
637318
33072
719096
935512
635290
774491
24036
673229
969490
12597
581717
337134
750581
374061
219498
626700
210965
550693
368188
549703
209479
249971
676212
298225
999357
282431
294975
695841
554096
701105
479210
191414
734178
198306
643278
369468
489149
183666
42697
458639
196264
140766
312126
946845
514827
531624
89897
242144
598669
458086
791847
808149
224409
468059
622726
223766
266842
917701
435959
820939
618807
431521
12353
869337
146179
171984
238805
635328
355650
797854
610320
551914
938620
922446
15112
969799
454070
105009
211943
52739
79447
520143
377240
303857
504554
516319
43975
771397
434020
479935
592336
569179
911456
121041
438516
57636
293025
193673
209316
165028
991527
819636
716942
930147
742082
248406
416298
712504
869768
144594
765244
949215
664737
658836
769424
169291
175155
813400
457040
125528
809687
49376
211059
237495
170418
649576
811483
979795
843249
20800
144823
351129
840436
378118
281276
582519
626524
213927
295023
496292
358521
576619
961860
539610
751808
731284
225253
443315
61036
682294
568843
387075
248022
779903
624571
418440
945831
436054
914588
305432
456854
59411
656561
813643
437529
454190
396162
64054
668117
207537
76698
542990
300509
38558
598952
568669
286195
824205
528336
347231
22851
97180
250659
270874
393435
875230
205666
855618
827636
120254
161050
284491
179666
333964
614486
133547
788154
10648
197601
972623
734537
790652
515613
551398
829210
114565
636419
631757
455122
164756
978989
994326
778288
229648
265200
688075
621230
987218
543693
448866
107473
221095
249709
803491
555059
864195
937038
859565
391195
650992
832188
642085
441644
864153
709835
270854
495070
346255
902612
466545
511011
397953
460871
805651
143953
242423
493726
281535
229641
553771
246753
337114
774866
496463
656957
846278
877010
593996
705843
268206
244988
54384
426643
686632
918537
136478
473838
413608
482733
892802
880153
510096
807107
341024
315747
467412
583447
325825
748947
329440
879596
995701
666555
654463
8516
839864
17093
885526
433860
722936
670084
195200
293672
96727
398184
212210
233206
872023
625818
232291
281177
22323
258740
604637
879699
90839
72049
979498
416665
337349
308938
296261
849402
491845
467076
374270
331710
521
776148
765570
239810
446233
477123
533482
59312
875307
745692
808870
263682
887862
557514
61212
910185
816254
665849
306236
423445
254250
285734
840110
107951
594673
652724
473705
86518
636152
847975
418228
636674
624124
700151
876484
586709
177274
409966
162373
568933
155659
971244
832616
559873
528758
893828
470059
861364
559677
776295
284809
330279
578382
641272
438231
173055
293996
911936
259573
930148
759912
194154
566822
900388
894305
443306
487097
587931
369625
165822
156864
525284
137066
989480
85157
182176
399660
71568
43540
475689
364216
844702
805969
942598
485974
244200
632005
296322
156136
891578
226470
432400
602084
309645
849140
496389
269303
852589
600672
638928
18412
757537
164212
155478
263369
765722
337655
179382
353642
897547
655071
234210
742249
461040
176808
744575
705240
808813
40897
377729
216744
783720
326481
818828
93365
175622
831570
362668
28211
432242
1597
46623
706131
682161
202102
485853
447883
56109
665235
317878
470008
320306
552088
728610
297699
245249
473185
519291
54062
30435
897020
787158
814155
739854
122339
907520
915476
470261
270188
943687
418855
788137
506663
641339
470299
225117
127192
434534
281226
308779
268764
267586
145437
820853
996196
443136
66102
469382
962428
636516
16169
375800
940027
830324
632006
62366
737844
547482
532627
524384
7522
467834
828874
514185
109173
815525
255654
236365
766411
53232
61496
35176
320818
206934
856029
317015
650070
922131
302749
128850
74999
318918
21003
15026
149242
653009
593744
403438
716844
642723
444174
240718
110558
789400
754903
219731
604925
526909
972449
371337
580141
33945
406513
900959
240879
778894
217974
407302
217377
37075
536152
292376
355993
73507
823755
21587
242869
417499
941377
959713
60223
901904
200431
687133
691304
471686
906864
296230
998595
879313
183919
578736
913259
590432
479695
670490
369326
214022
77792
103055
251097
130297
395431
123443
203804
219186
145030
446673
153038
86408
922738
729613
988312
123169
416746
195968
111207
839962
492198
109802
719276
192469
204890
148887
299253
200938
819377
668579
414960
897170
287986
182409
27467
683418
305852
747623
418956
450883
710649
571994
53643
633387
817959
558307
272909
234705
754275
384116
74668
762826
10271
310296
955295
731513
459183
254549
932451
278560
439480
863763
692082
727467
46173
235901
927237
352025
499877
346193
319260
210526
434540
889255
360265
252499
447562
633174
487205
718190
533643
78225
481016
60266
388521
952663
791779
364056
207212
240583
642616
163045
104346
851051
406864
150519
86952
334101
18897
586829
680294
854509
313707
631186
260117
673973
883686
707679
823499
887243
942221
357142
481820
939589
933760
870341
892253
725540
234397
615817
966123
393365
295214
586821
760768
702078
253693
847721
36179
272590
950902
232826
643451
264610
864012
903568
454935
264050
127600
278434
151293
69821
151929
149465
9411
85689
19806
418016
327581
770555
550185
810056
680273
845400
913230
441041
547478
166923
805114
100010
955865
756017
332836
599316
536979
713200
19237
991914
977251
146837
786700
644896
733010
938629
794362
258773
540671
330520
676789
384604
101076
226975
711013
297701
588727
624243
738742
136205
791166
543857
236215
747031
299874
85403
862699
353205
798604
881936
861471
292207
28773
648171
937103
278136
103153
247817
536909
160176
578338
730051
544780
195766
473378
255793
493467
62105
880036
232209
714662
187554
776066
950878
934585
592292
552633
797285
461849
351237
679221
323320
643444
224347
487844
96900
18835
590997
344717
555744
267525
923055
285795
328657
635173
275525
584451
128640
337630
980839
877202
52293
168394
653268
519523
619331
761913
588508
932968
740114
939746
128542
63435
99542
869241
67631
712794
888076
174980
57512
443820
442505
496919
245968
771162
132093
37845
871965
777085
375476
852805
654287
944121
537551
823908
979996
673234
102173
568504
606203
842287
24602
734745
905722
640497
603986
489705
353291
8414
664685
927155
452234
107190
424075
214554
878353
72520
252400
750318
849605
144228
119475
503893
604701
173378
844153
584697
362965
946326
669553
969168
788613
210508
220265
210688
851005
340603
700393
720648
349017
365079
647804
317603
988621
71879
48510
866974
144399
300910
133645
510356
961490
769472
530601
566191
459203
374754
150888
822168
321080
336793
791336
626046
547301
527953
353086
914658
384908
53479
635307
733925
934910
283111
567880
923532
354990
616390
306858
15741
917300
440503
42449
878790
726328
573051
961333
185531
464157
628573
7699
785238
965367
315387
927636
29020
359692
280722
943679
744600
850553
578986
994877
785464
862097
562757
708996
733439
179148
15854
265532
612800
972710
307981
491591
215390
397384
969276
400921
861542
597850
924972
163132
563217
756711
90768
592237
116403
887842
52268
377355
738395
631254
372232
40211
9703
934989
265559
743142
114137
797766
525026
726938
770476
833008
734881
985866
746744
704157
903139
608286
302007
344463
771418
381576
101174
378538
490166
733929
782732
542434
111284
37480
690041
483516
77691
699744
418505
343251
959239
48995
141017
484265
775933
427845
833625
27166
930063
580370
247675
833202
188656
549683
177665
476427
447611
795191
371317
454129
529120
154050
996564
640404
191530
686605
640272
269221
902701
58777
128824
861940
624124
269841
346206
400057
697686
179831
943575
627749
760201
191251
977303
465210
257286
671320
457989
704897
982863
829306
159027
511983
499708
671943
668739
691238
874900
825363
476812
777601
400493
121988
155894
24617
391830
502100
424675
605868
198283
884602
749970
474837
75853
243625
456399
333139
914946
914388
554389
897809
260046
229768
926145
759755
901711
111236
967345
292963
936600
960509
70564
337093
82498
742810
361710
990680
761262
302737
596548
959546
187340
862870
950735
779545
106496
923486
629037
537794
837874
183426
435603
614272
413194
878100
374027
831257
505689
857725
124220
442289
818234
194784
295734
417084
453947
173796
407764
215209
476534
4313
691107
180226
867183
641842
476123
973679
565328
105160
511473
919554
288586
463429
50179
218132
857881
424206
49389
363570
798283
173609
322211
132870
884746
134297
549954
338693
308094
957719
553902
300980
962032
245010
997558
345567
403204
473681
835599
484885
578842
863424
920791
383780
843205
970970
601913
701087
395177
167654
581009
709812
341264
419573
842682
742362
553870
392637
81055
378316
350356
151309
679296
828740
912671
676854
690659
315876
666888
526258
317113
762082
389683
237904
145862
749240
208875
264127
450327
120404
431782
547689
830216
289398
483614
672899
31760
553836
581888
629167
932153
448596
296828
127801
277336
209500
321008
967995
41728
987896
10606
358841
749978
916641
596745
412192
665881
805620
192672
632561
926024
140806
696602
272593
430204
180216
945492
978316
250404
43732
123835
182557
492328
420663
826711
286016
146515
147719
770363
188243
651967
780969
63436
918297
213962
660182
846841
879844
982154
39513
512405
424531
180319
725359
697124
610523
905575
158968
105191
155979
202700
229026
854889
211380
166042
197952
13748
312557
345671
784111
17153
513990
81433
80589
432287
295395
257123
279128
691591
755630
318642
720348
180161
15313
445707
393637
142189
351282
552605
247380
23614
271657
992759
394855
999389
158801
592807
13137
987710
454830
797248
4863
968820
878681
601805
401107
690429
375280
196587
382020
130910
31581
102369
827423
46895
548076
221060
189084
415711
290017
952816
955677
561674
945575
350532
561063
620728
943339
574200
608439
398169
887801
129654
883341
282834
731459
284448
973263
106740
997387
871636
754002
28969
490357
581426
592216
38433
802486
297652
970496
92504
250468
926173
170530
712396
276705
247946
333124
736396
822146
941563
650917
226299
71218
534258
509134
319029
335058
998749
942121
848798
870385
696124
877767
360742
793902
986335
915528
112740
283987
402376
205244
534455
328550
892127
246851
121607
140073
579976
374356
478571
37891
541625
221223
625461
75884
730357
944491
927294
245458
402964
776092
115844
99088
170211
992938
892990
156546
424818
5731
440533
827195
727327
974989
672097
135806
738192
310056
275879
834520
684412
270803
872412
226038
492026
497873
818274
738735
958716
745568
984193
361681
38013
616389
977121
208224
125680
386464
364771
66850
392195
321656
894045
635874
296645
82494
771681
551190
392551
563912
385710
593315
351067
258122
819353
359445
272348
637627
98180
747416
899548
598726
109097
453913
215115
602571
662137
340795
989035
543260
407646
897582
864917
818043
533456
677914
416890
821489
229104
809441
901754
614815
402756
252821
872937
738462
128619
661637
892441
226799
409054
308341
825525
518151
762254
556993
637074
424392
414140
626109
484004
821786
523691
348921
156182
57148
26836
573072
394989
255940
898865
813095
870755
817973
65917
260045
556435
710888
921682
448877
937687
330736
757218
279565
365240
35825
836558
2314
460217
767050
144776
944221
105189
668467
809495
261371
241967
836331
350795
636957
608623
766012
450052
995731
583985
32321
255776
656773
259561
693810
105650
197249
540899
379220
993166
422491
931397
346076
941157
391614
113126
85933
852188
218315
754401
178035
996038
512720
530718
863185
666029
139341
629197
632434
135072
729535
664755
907200
386308
924317
117363
8310
637918
174614
903882
147436
113457
835280
9864
54614
743246
122990
656900
595434
857658
927653
289821
370048
440373
820539
233234
106403
959881
378783
738837
611305
108318
919944
34858
494626
360613
668573
502936
514883
359539
406819
662319
472996
242099
188535
527610
985345
827878
184510
97132
685536
628515
386953
571936
68889
723845
805170
691644
200078
700306
430481
327735
808624
866777
362593
303251
227391
547518
322539
258626
907057
729358
437298
380053
487809
625833
424016
989507
453711
124878
86639
655599
753394
989944
743888
338635
713789
549058
30279
430219
765716
977112
757955
574341
843889
636900
393944
587632
184419
716483
846259
607828
962194
799909
504234
966355
425742
928250
955862
395806
569480
558853
567757
322874
65150
311645
661509
295291
377056
208140
725511
142772
185252
483466
717113
545494
120366
627409
133126
821137
343893
495737
428966
822439
295646
933200
788794
237741
377802
261009
149899
947282
819862
717656
786509
885012
29302
448018
696656
406358
172511
422167
549130
357763
905633
782596
903257
542351
410005
552736
363489
270250
564825
308807
92689
376824
242007
397836
614565
136161
658845
764464
83443
995059
482120
869952
396424
27774
834323
93080
434132
6834
515247
983263
880949
937232
282211
784207
479583
692216
853295
359424
962467
418120
668231
571508
794944
426590
969344
925861
562751
144541
206677
646195
655953
205150
32499
52377
232924
383174
661809
183409
390008
693408
683024
270958
146992
965235
571517
626575
657451
424812
502352
619918
359284
170583
191427
670581
597174
677123
596442
159925
338017
319472
322472
993970
524622
871324
562699
273898
254498
224508
457307
644507
434268
140331
431817
581260
105566
519686
724187
763018
944498
226539
899288
820134
397123
607067
490715
510649
800543
603510
186926
138560
922982
25751
132530
963956
897075
211581
237854
151573
436089
695162
312432
386709
351845
260601
967969
457412
780287
692156
736782
241137
918696
152422
61272
832171
275842
68339
342820
76385
671849
46098
731297
111183
71849
380179
75139
968924
591760
829346
636850
544201
40860
465634
930910
392705
242588
898879
366469
539227
107387
619603
780365
542435
772026
357989
374606
564220
426328
233778
156957
614530
279877
888254
725713
868078
268433
317205
837003
860193
146551
990205
404394
187411
972191
335304
96468
731131
750535
462938
270359
374274
598893
50724
916710
370919
925065
807668
451491
867745
41447
608448
482275
837676
496702
724341
705754
765135
557898
59109
141680
704449
565666
546074
408212
54210
397730
504680
785341
664617
483970
55700
38892
82864
622776
471954
970135
547841
279622
421627
931939
837421
30075
414214
675097
43130
654907
897204
808265
212805
472665
466298
433606
38332
12372
841818
92542
926455
862851
877883
107424
346821
449936
146316
946037
72712
134622
916173
620554
414245
854152
552493
251666
400579
483059
443116
443709
654319
340320
768327
383476
812985
234625
817083
367669
763349
175253
460211
206156
38104
854447
313581
901278
304383
976249
363667
377095
110872
796192
514001
41469
650344
582846
293135
567276
582258
736251
10985
236577
592923
295664
620053
405909
46641
953488
289930
326343
128742
266494
48851
683198
120941
362432
100828
941676
855034
464496
835123
482258
260688
865477
523727
427385
448323
333214
994661
30581
585818
521998
783510
178741
334015
919916
101002
380656
873404
390933
223351
518498
657427
272203
201697
294720
150987
302525
236396
6021
767021
587871
4631
544062
453348
44710
971447
901672
377925
482460
448605
480095
4458
748468
658836
854825
668384
759839
235482
58140
667124
458833
576639
840903
247388
294688
135623
398376
113565
888371
920749
880587
476242
925381
941001
929591
486443
428800
347615
380720
911260
312572
860815
432070
61040
519652
286896
245776
795843
38730
820269
979319
13915
396908
820222
261304
207948
955845
176032
321513
360568
96781
718452
836810
538514
659453
282753
24958
604605
146720
405678
515865
459293
782846
464288
36685
818850
267536
282462
614693
822618
102731
110364
836533
15991
930586
614189
223939
886431
790221
61804
763351
887003
780257
600161
425517
956062
399267
966827
560668
545987
888858
592885
5280
671704
57173
41966
490554
841061
840780
621599
663679
459863
731963
16565
475854
662549
147106
216145
65332
937328
794301
345035
340683
574558
945196
282552
46973
860815
249380
607641
406803
654590
200526
928435
326294
774052
486753
333200
131465
327533
954799
311497
787396
203114
328062
779602
382015
475168
512099
963699
928848
822753
308734
269531
397311
770282
68436
960636
631098
834168
568277
37901
488758
285156
482688
815052
575560
969442
664604
707025
296975
619403
534874
600724
338869
862936
896678
237236
854457
925130
200935
783305
747883
26021
569189
661546
796303
637625
622183
427401
471793
706812
981654
960551
508320
464343
291955
600232
433785
956559
823610
247112
92314
358484
364188
431183
221421
777219
668419
75878
218701
385706
859183
482936
411727
944724
144482
724382
582349
283017
668136
54142
506182
649790
531045
530854
630485
339352
131087
580622
295911
954697
344087
388225
313181
708275
335760
534602
1846
520531
126832
220547
422589
502368
703483
834316
447092
364318
558699
29442
163687
743187
599936
669869
392977
647334
200724
539815
986686
331811
120437
282598
802860
464524
187175
116041
689152
39288
650644
690998
559819
293828
911546
982409
796196
131381
333077
243289
495699
408128
789083
659387
151315
905371
845608
60645
552705
562684
600460
539392
410847
237249
338342
213707
218126
41869
329749
907278
81157
496745
598276
157329
790573
26174
656090
103122
157556
989167
346411
169607
913648
651846
828994
64963
557217
190955
641960
109923
753639
758772
165667
164487
996022
20361
894546
214148
62230
740647
637778
143388
237392
236054
817069
544318
778581
473159
647440
452489
462326
510203
622096
375974
162049
451091
957290
719266
642046
115602
345541
912037
874375
27560
592876
386749
47921
487423
600897
626504
228070
238675
286244
981815
991081
103313
526133
286014
576472
173573
738503
38798
683776
360600
931125
362177
328043
404767
81443
970089
520369
943337
398478
911096
487249
991355
297845
535171
995130
415094
678027
739552
170121
964271
721367
677555
67584
247500
963569
644056
937425
218425
199206
137553
579025
130331
499730
907068
51450
97526
393509
88172
557215
791987
999268
44464
299694
813466
95987
294824
744912
774014
34377
915034
738285
755744
108941
805869
519597
588862
449925
973374
807287
649132
627280
386312
295815
127010
293380
863618
740888
203241
951790
298103
995229
467410
858920
294923
280876
954907
589748
542141
728922
140477
973527
983559
412573
82468
789429
932170
671330
755706
421897
478618
921190
49177
381282
733358
692539
674663
596976
949780
877904
548766
764235
389485
532528
623155
200761
329757
94415
790509
871898
339689
447338
845425
323248
859911
927893
629029
308434
115575
384736
730331
594193
822278
295860
491828
555636
504751
166491
152612
454531
560747
217730
218767
466585
750259
358274
667346
80016
452689
974207
951914
792378
421545
313691
631979
281456
241584
261008
589890
873511
645744
836573
467705
468023
132433
959533
540011
153537
642376
692624
608068
719475
426706
343187
702412
693317
701462
369758
773333
670503
860317
241599
979234
281862
555290
611213
79671
313226
872221
185913
186738
517966
22487
170795
502341
671272
646680
42352
824809
805408
251328
949230
41235
194387
292417
743648
887704
510231
629758
661038
180735
490076
418989
159969
288290
974280
771182
367961
803858
643403
553875
990596
677721
92714
677743
696414
280338
324423
255119
621500
129831
506447
87082
687419
700834
895851
431067
588539
406083
577177
765929
103170
67253
184918
779491
355544
675550
67025
239857
479409
226780
793732
986357
904502
402798
664101
117268
199489
504876
372387
337341
634708
395187
424423
838479
96021
320274
269546
200912
242709
846723
966841
345879
430329
668112
125370
785873
860014
192395
25730
339423
935528
335815
842133
840030
254965
506234
473650
454454
11110
846038
308147
162170
241225
732570
649
853598
52845
786547
54511
811906
149623
537704
157786
579952
722168
799508
882177
582183
508256
424259
437958
443784
276426
280091
800166
531392
786325
273816
502198
313788
119854
810346
475958
361079
59268
992960
731030
628465
779507
785541
440372
445482
839597
598158
25434
561766
914018
423963
660301
422274
364575
98259
866058
641001
378351
666224
688745
164676
456393
707296
478464
576247
517642
470775
453679
93262
463735
184709
721728
243242
486602
162100
688725
842551
276610
230511
404317
190628
170827
64618
129255
535402
679230
511665
176403
57581
694242
381501
222257
150635
88797
217074
243234
122791
687849
696913
216053
667936
397974
454133
911178
884576
616233
116255
727128
409195
863119
647797
116176
33946
228768
245431
569348
907998
273448
262103
481931
967690
159956
704188
118325
248753
437614
361560
887896
641815
574825
103950
309751
972800
558083
737282
373728
690669
853537
617208
616216
233008
781358
732392
266954
10126
494175
352654
434476
767624
131110
916407
251666
291066
136947
886344
539820
90914
247904
427716
732729
339081
48018
558833
828233
122454
296115
201962
813123
666004
335522
429339
899013
116880
678084
165967
643358
688611
34974
77834
456235
166084
510593
224254
457150
163893
110598
513322
254807
874854
941039
503888
213935
505409
62721
42169
627863
358836
760483
440986
24841
96005
386678
440206
212886
64762
122525
372596
753373
157499
966783
725961
323583
477376
466567
297086
157621
577165
810408
412428
452019
751447
916317
665954
773209
979038
224475
401072
854227
984958
358411
395420
80964
745089
835626
810202
326203
474503
182798
595928
632003
665933
838241
471938
659662
304808
769024
817283
881973
579433
229712
850344
847232
662381
32651
620441
157771
257126
537866
11998
242085
896277
923770
839401
157718
759396
649603
483921
233900
348753
596201
382255
531039
434443
854193
190701
255603
139570
7984
653929
235355
754048
504273
598939
416429
536924
219381
574201
310403
273599
102551
552488
169876
26322
908241
327594
302070
557844
327867
52322
422949
924068
434577
953988
874863
805123
661041
130467
461045
669026
300748
696400
939426
805021
295339
872208
858298
31072
446409
168701
304671
65312
237541
990899
607986
145782
318493
910057
219978
646360
962379
159279
86781
913309
629620
477996
234784
290661
608463
695829
476039
425563
908581
931818
746937
720272
804026
605235
751345
766787
290288
572368
832099
44181
563268
440086
189963
398113
866495
926293
560826
828874
601924
647607
258535
231544
125603
9671
38558
250419
221852
30949
192334
130433
962767
939271
367058
766793
544506
118403
533580
351146
207123
365680
395327
286743
322118
101642
684857
188613
544287
762035
533839
146212
409642
792375
894108
51597
318398
932666
818368
540251
479968
10703
670684
442735
949974
37742
209529
10833
672497
259461
878331
395973
625141
790011
682716
463611
891653
883925
652224
952293
645960
702416
98505
571954
11143
992613
139904
329541
441632
474624
869792
921600
485327
56829
880687
951654
94571
90216
478839
283421
349678
357170
195746
491171
147181
878462
471135
555187
278740
123359
507480
924700
342127
122337
496655
353270
631302
152911
682812
589286
627535
552604
27238
629215
609433
907926
580869
220357
514494
576060
20130
864172
449582
215876
871696
596764
610690
342831
668303
889430
982542
692135
330483
841022
330824
343490
194292
962126
496401
877104
551413
123936
946061
95003
753151
555494
2929
850372
292203
517424
942784
312333
897948
392367
44561
769644
505483
655252
628827
690138
61034
127722
382273
391517
968744
713097
735007
163036
191575
747760
556493
259340
388049
502554
354344
657552
574400
357273
24277
866604
874697
967061
695289
772646
359428
739851
58642
381263
911455
203822
71401
972489
847896
970026
880359
816640
683123
131718
496028
391051
879479
52521
650391
267528
71427
4735
441432
645828
878361
465709
28784
753058
432771
724073
42056
308551
980276
617051
206167
891731
337225
277568
380573
185121
247595
260932
1761
447070
392650
14141
838121
788481
583015
488513
572361
654442
9600
13794
816622
887961
479503
361758
157372
428626
602184
715780
253530
582460
849183
459697
990544
186408
737265
371117
371529
501212
632049
889642
948283
541051
903784
302756
329533
3151
791269
901894
173945
317222
915688
506920
721535
911544
868678
878907
340170
470862
111040
110052
569675
960223
569749
76571
662984
823367
447688
34513
324579
596089
440508
789214
653492
860644
91971
983025
863795
399592
401272
37740
716814
833312
61012
438350
744856
929691
833609
601379
916905
461001
711431
2932
421225
797533
79503
600561
620900
43543
151426
945479
639632
591934
251046
809477
968930
343017
308854
832725
742609
710126
386818
975776
543439
447830
930478
804647
893873
764087
922378
810779
225089
150162
330063
162666
947695
409567
763227
568595
453110
914653
30426
609095
22940
281472
418572
991870
140841
727426
340948
883451
953905
244118
859227
497344
208300
789705
818343
102174
70144
257074
429305
811585
407236
759368
490603
354931
168935
253830
439878
138398
684836
470304
747493
224128
268129
682417
215998
408970
409843
73298
808773
363748
317416
184352
377444
525717
490409
712140
144243
560554
969214
89900
888491
376450
849268
379095
247733
534556
149277
687611
189306
350465
674267
936799
574593
942396
135568
790592
867719
545411
380242
676492
425512
697659
860845
802956
739728
351254
31448
883971
428160
662
490223
316652
893464
339491
695747
141197
390399
361376
345160
579705
711842
19428
32856
286435
478176
168424
593379
345895
230188
973622
538740
655700
671281
399585
975008
927361
267191
522809
327684
695352
523471
817907
12004
416936
673750
224103
74485
64150
585479
419646
160207
813673
955426
709416
100109
433602
394192
693488
295850
624380
183462
350942
796432
854743
750527
287793
298456
534070
810602
626140
229422
850425
960399
757778
783713
634150
498233
858199
214652
600065
794197
891211
413738
265975
600627
30199
215929
994820
723688
511779
135552
907150
379073
448337
278246
129600
252482
93054
663671
63084
719195
409445
429861
679594
167224
213575
830096
181809
588126
44748
781874
898675
935960
711965
164650
536587
742164
380579
47759
982204
408711
699664
889355
787784
148001
683953
433737
400483
777007
613760
979919
12554
23205
926132
208501
706781
139707
38597
404943
244185
599698
186817
659212
535658
415134
823862
588597
157299
720794
152709
139503
645857
852373
545210
433641
516726
745515
383730
433561
522523
997490
413480
51429
537048
855964
259930
760181
512024
814880
165124
756209
414578
868294
931774
466588
283428
271988
55185
957079
992782
207894
96583
638639
576619
158145
588633
93345
903661
488715
526906
426184
2558
456738
993965
539606
312703
770248
816139
341079
585128
497616
97288
516058
365910
545414
982646
165690
817403
37831
122770
810185
762078
735705
965177
338697
893850
70162
948395
797511
558877
991653
740047
77787
964744
250365
133745
277447
20613
949885
134878
122093
447501
232166
638151
329763
777581
620797
11805
111336
174980
134575
921521
453410
386632
403050
308460
796835
989564
256855
110698
64794
248508
850746
142581
213252
617463
276327
7051
638076
226212
141929
760169
190065
890448
914672
36180
184381
51821
47985
295717
743153
698913
733590
196564
85545
652993
505024
882380
642557
278231
993079
707351
526739
360177
849933
256344
977640
126260
779747
132068
868824
438029
408589
575241
844829
839613
611421
545562
891434
659406
841279
634587
358319
91221
831151
960217
744214
852527
358949
386772
130758
868380
94123
173850
744909
944056
946546
238901
586668
242645
370969
971844
680674
295910
547085
525503
135523
158506
71065
26957
334265
428696
177897
692584
36270
525400
169153
780484
377928
528103
683608
25038
396483
777732
198888
141393
238140
661786
380294
341161
904432
267616
313005
585106
563526
860091
626962
215402
534949
214379
242359
869214
159428
936608
78151
712050
462009
247304
492534
356289
291759
692495
381327
688243
986579
96568
345988
224719
274706
242634
565880
179138
510250
395238
280597
590129
255329
423911
805531
306630
154642
564242
175845
314070
500851
770348
26120
962860
17652
35007
835501
309412
727502
733180
514007
714081
346100
376347
455152
620807
618981
537385
799945
129232
932623
80542
719361
704304
504453
524892
10934
659096
89134
186779
489518
106337
957127
31991
585549
491132
583350
421050
316896
827204
154231
347255
57637
500331
723602
512789
121138
342583
566526
437436
988167
499149
517978
223880
719805
538784
265124
730740
714232
870611
433871
720102
976948
907351
752093
562498
914835
335443
499900
748083
162647
170483
95338
220284
187167
818940
249426
824657
677875
815952
262093
182395
831454
296424
406275
551259
835208
187752
798351
65792
58363
232223
785894
551663
655926
54340
114161
570761
389783
130414
318844
68783
300897
930534
805419
488064
265826
54845
312722
460053
387150
91167
642448
734956
387591
565076
286215
739151
752828
600919
804943
327543
833142
590838
879206
5420
161530
993368
92533
551313
640134
411377
136448
941031
858263
941868
945448
124089
513065
258170
584142
416567
349337
742943
151523
253281
308019
954091
992432
577199
555010
797376
904742
904504
904566
783948
909924
66096
293668
2457
133761
933802
930186
270210
874834
788449
728430
820282
428890
757847
594804
13032
174415
460493
755975
842290
713774
580346
796381
706207
157545
351391
19935
62287
772247
924501
846236
682171
506949
139904
200980
640710
590059
131166
427272
464893
435967
672054
801527
381209
429902
912683
394242
120669
373176
666569
479311
603303
246916
275693
309510
920813
143436
329445
983101
915684
770298
345689
114207
277247
1945
315188
434309
592004
962706
861582
573249
915026
49988
374776
296235
479890
803811
206829
116911
693340
389751
596223
296643
153019
388268
122505
73832
531704
968302
573285
963740
738600
918974
594300
532199
920920
425840
482860
512924
388546
860794
602526
819924
910783
977302
632512
390673
297466
839341
23937
990806
229092
620160
287449
382111
8428
409954
972296
56484
378256
545581
20225
633208
464556
130877
681759
901828
556717
164619
931104
461615
541766
533630
281540
452549
27285
914052
359574
324751
269745
383511
315557
498838
3671
119358
397301
528451
529312
369597
584936
423920
431531
121513
57128
412439
252390
255239
314267
325459
936210
761723
787074
477976
295354
68614
930525
838991
499018
806452
163742
768764
189963
995651
783954
709987
115009
181255
238438
160673
67205
339726
584593
15088
461239
158073
427527
229981
413312
741794
555440
865874
19869
342515
343851
315223
927481
274376
154214
426500
80828
834308
711616
787144
829959
495570
497131
461320
193177
251921
621993
260382
591648
722938
275470
569239
881011
219349
315573
810675
961143
871013
676550
497365
729880
20401
812588
173714
811129
483155
116566
408310
833815
828182
195454
180127
323752
208937
641447
33281
977210
263441
293664
85210
986379
85486
654450
383743
304836
486375
710770
782331
357388
387320
796048
603621
924073
608637
293687
735203
608144
410253
659865
441959
238435
371671
622086
78539
580608
779886
111820
74170
559679
921836
159381
62410
523675
813831
446153
344863
300206
673276
643546
173946
60596
439595
293919
984670
564584
587606
236225
689080
514211
412442
131039
268998
784113
269478
347537
881073
565716
975710
955243
125395
413898
114624
704157
453925
444807
666663
315140
261365
339939
958687
951664
400535
914634
761935
901557
479218
865894
654134
684650
380105
66576
815689
649104
367041
601519
512993
248114
683587
5055
203358
808982
418954
834334
513140
389231
279142
696155
704372
56859
36094
179411
8523
436629
94045
770459
854539
89615
636353
25025
774265
532810
607954
106306
181914
974995
224178
694908
223110
907765
216315
942820
233100
635269
777154
262592
540853
572648
958747
245225
629508
994841
940988
154383
947822
35033
924842
802361
641000
77547
343739
931617
610358
951693
37923
308624
926688
262101
519884
666150
686219
736200
608970
919319
887821
902477
181911
428674
991477
657010
190251
620985
651851
131239
291721
599673
682624
732915
918387
323624
810463
262126
255241
937173
730171
809517
245797
656859
71618
765682
323010
274189
501882
448332
193508
389703
350809
891771
334730
858639
548781
524981
995976
716984
656221
287697
833010
855197
20613
267749
178822
347428
529875
950415
800953
776398
759932
46750
433257
347903
328784
272619
622092
347018
720952
331953
253074
588113
740076
587804
446752
805210
629137
442729
522194
801710
246778
355204
656908
267391
622953
352082
614819
669180
302497
415772
445578
62430
978875
395188
410333
824011
667807
548777
171030
905111
397082
940456
493225
137159
44612
456329
942369
673749
415410
980915
991812
662189
852472
648720
929580
991777
517154
60752
177310
819651
992876
139240
398433
488103
534428
325118
312115
718588
873896
999497
623699
270978
456305
633276
408137
500917
89606
866858
691018
21368
847774
682830
683557
216598
847902
129490
208375
365056
706594
385685
701060
699470
524926
99493
703926
59354
424612
532393
294294
298508
48242
917994
85838
504547
67622
10328
5464
673580
877186
696482
694949
241312
895665
378506
457910
743567
24348
666286
624976
730942
568323
326036
946765
93249
941881
650691
668956
366493
183084
963250
181353
231326
881244
267192
735873
948867
793872
257689
622447
187410
470523
833748
945075
366188
212255
402985
626108
236603
585623
767436
967546
670299
93472
430663
763548
551705
81354
432504
918199
780790
395755
615904
528468
793351
883096
780693
258570
193320
38382
881018
380731
508905
714766
325806
391446
443373
245143
533906
196329
347119
301342
680227
17418
911166
110890
780966
462871
708596
729823
381070
489386
125578
996975
17854
918929
396423
798547
177500
589744
353281
574870
486827
378538
805988
328985
769984
765714
574128
303890
962043
921247
605232
158622
455017
32750
269512
752336
495622
978108
482159
393044
467494
607737
906371
1700
43018
302795
316599
736870
408891
669880
828092
412070
48418
150433
741055
818403
916147
831535
638645
394542
752783
760230
553164
724152
792980
339028
476488
288602
317136
958647
681647
300982
82736
104370
819034
642107
407165
135633
895329
332408
805513
723422
260830
370283
390207
1885
705038
306354
833421
343684
217248
102556
620266
286764
343060
413246
625792
819549
218201
459280
778196
416200
276614
377285
520570
95648
19392
444088
747633
914721
292848
69498
154495
553679
439781
544702
71916
144820
367408
421689
4856
584656
524245
625122
387772
867306
554720
13564
203207
772921
989196
981403
189121
265810
875040
226044
877810
894432
670132
625443
809154
962980
694941
480001
33011
134723
24704
104928
795895
392112
526617
317103
493121
567215
942225
880893
950873
496945
410810
154080
786219
400006
651835
491692
665817
526876
717736
543627
421308
904220
685423
746814
383553
380364
226816
416564
31439
767872
37844
343686
676336
80814
660789
685809
648029
119366
566703
115254
132664
493865
269334
918883
893871
437521
410575
76040
964397
644664
136020
902058
548884
821443
165224
932437
718159
908392
865354
749599
676264
419550
609637
868953
500364
270427
554762
664745
389793
121465
779999
38809
131682
565685
957692
25554
3207
884620
101594
483956
45636
753966
386014
594520
575409
67591
43310
293569
975983
425016
559520
168600
844566
169157
37553
861283
955936
592315
526028
862082
230133
822380
900891
361815
904417
374936
903721
907624
775908
521668
907933
821544
275634
293947
932416
851044
361538
492078
660965
853874
917094
736837
22474
278013
422346
60027
655648
378283
652342
698028
756717
398827
520408
173960
760643
941178
548896
664364
365154
324804
186032
273087
662700
461667
83387
595117
829063
961277
87195
490028
815151
520642
743217
837625
315007
165563
897652
970655
60198
66347
668683
816915
465174
705444
990876
742169
646622
56124
406534
528128
897281
108918
801216
559981
86937
884603
671450
916000
845880
274998
922380
661032
795640
665597
15009
626999
831161
429014
597654
891359
11713
782689
224627
476887
488133
731855
735409
651107
787979
141943
179236
201612
767213
496804
277946
854151
381407
949396
770151
743639
740746
692532
921023
536386
874481
452385
163385
221994
881399
277391
113354
893112
60081
854333
886351
64566
586188
621760
232026
374167
280055
927614
92132
47269
424418
370078
901420
322177
835826
187923
582168
576573
880455
19544
629311
271289
471929
309049
493283
353328
586440
122989
762792
162873
977322
165495
743792
563510
787256
975818
454030
67311
419784
546162
630932
844202
432592
532352
682731
268418
720276
264899
361343
117083
800795
990655
904724
272724
816056
398008
142404
918848
37349
421548
81722
14672
587044
341866
94534
374300
834036
548564
957963
253820
611078
588896
614374
560022
637600
813457
828441
874228
594708
706136
991312
395504
213143
412388
668228
29199
810396
326985
948048
364098
748533
546122
378770
335577
404340
989656
226229
238376
54573
184193
8548
665651
289441
139274
225674
927041
952731
570467
317622
547439
792955
825286
459295
6099
237674
127524
35298
564423
970861
499698
928521
719394
562172
823643
571324
966512
813299
797553
204888
867872
498098
729788
49876
303891
869062
791902
747285
821793
878721
64907
885585
671676
890193
344880
677775
127867
988756
229426
692290
959617
729124
137163
195364
291297
960806
766688
257809
774106
80593
979050
158330
95044
708838
724558
398935
94253
516460
146220
916046
395181
211127
801631
583210
101320
662864
260985
745540
651620
490411
954182
127590
735888
91346
322954
543537
52152
605994
317698
342610
202939
813100
17293
297983
38291
741851
696919
132544
774664
843139
564942
686197
570619
366574
269407
188291
545790
530393
933831
197410
537156
888014
325000
789396
979360
164306
332933
547864
770300
166984
890475
973240
980084
424120
787575
18375
165971
484494
150919
456987
843986
715862
143185
414605
598788
412592
119248
144578
459337
53080
858340
996494
941094
183341
302242
436806
347647
151528
984670
634300
318512
391497
123892
298596
815617
911467
833324
497941
912314
984243
954928
756300
216457
98113
687257
331597
27058
806505
992527
486395
375937
850868
999241
317031
550561
301484
270189
898208
453012
771212
48860
771524
162709
172752
586472
494679
84220
419796
508972
996534
920392
463900
269186
136849
78366
472795
984799
621776
795652
977326
108171
171590
828194
623765
4973
378755
925249
275163
793316
894613
46375
842176
182489
725436
14929
285313
736467
615501
705110
245439
128387
625502
225692
397573
278703
820410
386720
263502
442186
182372
240829
66709
353962
585375
690474
358936
964131
132075
150451
273799
543040
713178
115975
725529
954966
647256
10843
691434
779109
232305
453225
907496
374159
195269
821421
652862
15679
208141
432717
974217
390514
673546
557279
260828
775273
247753
136116
739404
896181
802919
529555
439221
516097
645531
681103
987416
809139
208298
195202
588249
956955
648427
495745
331114
843697
833519
983976
375728
41660
416693
349946
948526
606591
907225
209355
898217
671330
861823
153973
567511
664743
683529
523085
697192
329060
720540
684608
654551
445190
879810
242800
402145
44590
254898
733259
888287
88417
233587
780367
646429
166633
130313
594956
289576
553890
804311
187793
741573
666134
341767
825436
847229
25296
348521
544422
870708
585413
229030
525259
30603
625193
284412
432748
669783
539310
682359
558070
144079
915947
338437
790508
82580
985103
385464
372156
55345
706127
76302
796918
888614
418069
622355
735843
443365
487228
280265
830425
72642
25648
355684
103245
650841
640096
52346
320624
695758
734705
395046
839837
167004
249835
630346
249584
234938
532162
138093
290284
238290
214395
603554
643256
148816
225909
379099
592181
713138
175717
938958
785780
201365
810994
405377
852206
967443
457723
689182
663201
708781
84228
19391
875785
334063
166089
641722
85354
698251
779815
891990
452893
510562
495544
96149
659378
237806
991601
767911
950944
167318
706869
253076
885035
517863
658453
253593
485306
632529
942775
664860
857662
543355
684251
249799
877418
366692
891521
479124
64943
187688
371114
34189
698250
383011
646690
357628
620817
638291
641891
571761
805609
348760
341189
690644
382976
999642
944237
868282
148523
403364
533142
6185
946719
733745
772337
824138
100437
663858
819614
681733
851547
190729
232274
549797
90092
878964
423778
710909
517256
65669
799022
839217
930782
140211
529862
313758
656205
990451
698392
321081
393816
747887
843618
340535
481632
615955
681025
98422
279814
16992
296507
131361
207721
528781
197510
814165
407745
137640
525074
925001
719662
840448
764219
650444
497011
810433
480554
153216
800884
178946
990649
711052
443185
834268
567940
441170
450223
765317
539592
246389
782309
836099
894102
506382
881232
91613
320547
288977
745605
361973
213979
465267
718773
494550
632063
215784
304983
112617
885353
622219
807916
876002
849624
251101
710270
933916
692271
676846
699233
748215
923235
481543
100666
817338
504277
981898
425303
824825
787228
687260
703150
1207
668880
421924
12109
300943
154060
833444
929913
39413
972015
254181
431768
821639
21634
658390
755555
230258
335236
971141
978473
774824
969036
595492
108514
473313
93742
50169
814490
880970
737429
33993
398529
406309
455917
410638
223605
126329
244082
669870
682095
732450
924051
113863
554089
945685
772253
825997
692295
623842
797138
187121
915018
282526
782613
23532
755839
876355
590053
86682
757326
327482
120675
155855
250144
92944
82846
990101
219273
843280
659971
901368
575730
100374
15231
646172
562411
303837
472169
254707
444031
785659
441828
875401
68185
224441
415285
340376
617148
5338
427058
890826
849172
64085
563034
615668
157029
645880
605769
376303
489160
265740
277671
581243
882466
809255
227415
444878
629444
699584
699585
589827
1595
657765
465228
586132
882206
880513
926508
15706
885851
869919
906533
251375
934004
469567
867044
91034
631799
472813
983689
637311
254906
777712
218554
137372
103319
445969
98602
732763
661905
798187
322590
179852
455952
304170
765984
854510
184683
208845
386569
586886
595116
293102
838262
45472
279021
705306
652858
427172
178119
636547
64483
949377
930612
283038
603102
33931
245359
701704
283047
423617
499892
605637
603469
472196
909808
885806
843059
610843
611003
229628
197730
206119
39082
35992
767943
834455
741298
420802
261627
435769
573701
326110
385147
504313
125500
988249
538245
887212
689953
821292
310829
706197
943281
430650
694746
369441
832808
54157
980285
443811
283785
694367
166282
839219
730359
934226
673674
988009
871380
935301
423778
445081
261411
325277
949395
903264
829878
3992
790476
519832
341636
101305
742381
801269
48307
953479
170711
881116
7636
667348
324927
807773
361715
7562
646992
608426
458140
320666
596435
329520
255967
536565
774601
33731
861843
240348
453347
691721
760692
243823
727905
102328
861480
986639
419950
426139
940118
590661
307255
464107
774361
148535
271880
652428
156097
918873
260854
614237
755891
373641
460109
528211
910206
751062
78294
288401
507763
531641
980123
268455
291816
224380
887136
669648
211019
307086
95787
667490
414099
403043
131597
188460
551578
403477
357240
224027
838702
618094
354616
594594
508087
814725
639157
418293
82139
717451
223047
589902
765444
203170
858358
57260
427550
261846
726908
154922
85284
822695
822412
499383
742090
470361
204195
810020
390190
561435
550399
228893
695881
905015
339839
203968
236092
978996
138613
318232
212799
361660
908134
978243
81182
282844
35503
25085
544690
762411
180007
629974
101458
518771
645709
359901
989132
849904
169921
379322
927691
720321
124567
623572
141688
464406
343892
377781
959754
482506
696013
172553
360518
120499
150796
958053
403344
186299
983138
464386
465062
679497
94361
82873
714620
256422
442774
220104
106327
129047
599426
34018
365720
240346
173943
507409
221104
517835
885190
180859
516693
97555
869764
393564
218054
20561
351617
621398
723212
851107
85785
704627
530604
696498
303852
245224
952920
262978
465328
575599
908377
581106
125970
274098
337804
816265
781507
558909
850452
666697
256120
883498
764252
125884
277062
498658
662797
145031
120057
902362
996138
722194
123341
43094
935044
943545
288318
404316
722875
269998
496268
631252
367456
622238
905350
705261
954855
686857
780522
805307
869906
36642
688805
150510
678878
482219
649169
858028
627250
285578
276742
623388
524124
916435
666482
459168
859980
471152
379836
582855
257502
876104
214107
624959
14694
635810
846572
969549
322667
627094
291209
192574
180088
980014
859436
858966
462234
508605
233346
605836
794183
510088
229225
318307
426523
412059
293827
802855
399564
673664
902062
173418
66120
632522
314729
597167
268332
161301
83068
107351
304747
374277
816277
484835
354292
675714
860154
332878
184319
93500
938714
494855
119941
684291
329514
62816
612703
623342
865672
528619
813358
767734
702037
395830
916608
16767
992997
184940
694420
76066
292292
999168
450343
108569
355
320987
784283
376861
170217
484955
986714
108932
979810
106655
309575
309324
685823
922278
449018
551495
967249
778728
835582
669287
174559
752190
202406
683908
453483
413178
276326
745775
928698
243022
370696
445406
80361
154980
822267
250579
156287
808981
875863
136097
431988
185438
961773
117812
624069
927144
185659
591318
705872
537593
776957
396783
289784
495715
597044
259619
908894
873370
5394
353944
116392
376090
799350
196754
47422
621618
963685
203709
946951
839548
856158
378940
24986
334284
13104
165407
261428
198763
756726
483652
736357
50035
880436
542493
545751
477480
802112
970997
867202
323858
324941
983595
699948
124292
696701
263723
262262
660386
983784
209213
499934
839943
588153
41272
174227
601257
206680
952007
316373
479758
435659
52730
529793
316095
111575
75544
309927
913687
562893
177130
237545
887835
677077
453845
528479
890130
233920
790741
550516
217705
999954
566802
574000
104460
124426
264579
705717
331106
216586
538442
810864
652245
107524
857010
484693
219099
932554
794620
649138
11800
488102
886683
899635
681531
856881
428114
571661
607153
218855
638529
824858
218809
205331
398858
839621
846110
663437
545339
177216
396375
600133
504433
48621
707658
361443
533314
926757
810349
844286
575896
822149
848741
978931
721784
530272
352164
666250
101934
959318
401457
256815
300528
136619
978499
215739
976240
824609
879176
37931
1825
791904
638065
506258
840525
345723
384053
890191
272480
194403
250829
364728
16552
99570
343660
254689
629843
212176
920939
248129
171494
322397
504944
472023
975368
483443
687762
951608
308052
83290
989540
826230
875194
627605
848840
232071
973328
232894
638614
762160
943649
889444
126889
960201
989014
986901
731242
135209
199077
168534
383338
886924
7283
404635
875299
982651
404430
79413
934259
712483
162703
923799
55065
554250
551404
903905
302673
41084
653151
941288
319597
596800
830732
446486
73354
336098
949739
804596
987660
665168
973130
887350
552092
980413
291985
427391
479416
696416
506804
413676
925251
185860
337475
980316
256462
405232
400573
559135
962668
53725
16775
282265
166877
363859
245103
240231
216310
194842
561180
203970
860011
534310
91320
928455
31076
383306
872199
510492
596074
895355
440520
37677
81215
777996
534345
854029
699580
934918
929517
662248
504995
946292
944514
188225
826504
189617
944808
42814
900812
505988
246784
277175
556651
338104
205630
587727
237762
77829
614571
350188
973185
55092
904217
570752
349440
438562
424782
49020
889833
354299
227620
911180
816943
172134
99405
643447
878104
44214
686261
778916
550202
449397
56091
106853
303854
778073
210932
57968
855903
341856
924509
345440
396948
828726
432544
746388
267289
857326
311760
157122
727977
539380
584654
544921
227867
684060
704720
622323
244626
907334
917591
311180
356731
490034
934386
176937
268107
145318
234906
640362
3526
159415
502154
400474
504493
934699
663214
771782
792025
974974
445256
36355
30707
29911
581276
258574
230323
802348
880897
474949
709682
798488
786129
582766
804874
720515
276055
72981
382186
510961
713344
385712
186728
731850
302539
207574
666549
965753
979356
458575
457080
940965
494930
487787
970876
592558
262713
717551
911258
659962
192500
620941
974802
494981
720059
779676
731849
996114
852657
630387
23428
82353
532451
726508
814204
834990
934082
480753
317096
429791
455680
774176
370756
466962
778315
857984
575872
41028
575535
487131
700990
284387
624424
675792
779368
344483
455468
27569
856949
824477
657956
880377
423183
190408
123238
753739
541750
57320
234492
858846
487111
206525
633022
374219
189839
927689
232203
765712
968717
324090
769195
186059
608477
393619
378203
387846
254454
350023
415415
111403
174501
589724
508133
114036
780132
631371
867775
838234
205043
618619
697081
208507
825144
846455
582726
14984
774145
331282
297048
259214
655372
66243
445274
263850
976214
823477
168048
747020
689853
99815
374775
864354
689539
882908
494742
986023
30631
362517
824258
752027
981136
521339
960534
322633
884146
59612
853969
658291
390894
151017
433858
46267
733612
879132
310117
226178
218961
478165
973198
908814
577980
347973
289520
783872
747234
784262
769895
777865
663131
594153
46244
644268
631844
6778
966901
32343
66391
337222
690634
457285
488239
124492
503552
738203
519976
330021
964381
255290
324538
937579
680456
902519
285552
486329
686391
32786
270591
972638
327004
450075
83144
373248
94343
231340
896379
577596
263683
479122
914818
470670
936407
919409
111514
956312
657612
631491
802685
621993
403133
127224
75924
83589
546095
361476
569918
748838
910615
356862
721476
753971
323289
320972
127219
417632
552313
539950
511580
815996
19072
942750
286666
471832
378511
914533
428144
552475
546024
747181
690820
465509
874405
766744
65450
420500
644572
151721
169338
71539
508583
407167
825510
831872
728139
469082
765856
280452
9032
793788
612801
28105
252890
415819
499937
147753
330352
444433
700228
392728
191614
391048
858237
582372
674144
923688
2872
318716
591761
688563
906608
616696
95730
732118
448568
823869
201200
730776
620674
210233
40916
233475
754690
810158
649294
770979
957911
495999
731764
174491
888727
439730
81891
263317
22102
756035
187005
541327
591103
295118
229890
497711
911814
325620
229830
876734
665841
947382
607510
286515
673967
164778
36342
428657
491288
685637
715988
449199
181636
447752
140042
586715
887483
221933
850032
425937
977968
553389
967264
569071
848507
713506
583135
760321
555478
812965
637055
221320
276699
760917
24187
950667
442047
60530
379324
933335
746167
95313
898886
444155
59417
38928
30870
463252
260861
397255
889190
238829
950644
372806
324253
799152
86313
423740
75825
641791
753057
712881
379463
29756
990150
403651
980423
432198
464181
359748
365533
726700
971413
780772
687207
547182
819700
234429
10435
80562
631684
899625
835743
582329
788783
676348
897833
875096
100088
973658
33240
369497
202891
929055
399254
193042
332706
379677
625240
796887
255777
507125
39939
743542
287897
727146
290725
623950
961576
301160
220864
593260
717137
572959
691941
505920
249308
589774
897369
865748
79785
446961
235246
282676
376016
150852
475718
708723
530529
617310
21962
786307
640788
61902
529849
445037
305400
820574
68987
266976
638086
289851
376589
355223
862811
68530
377496
628471
174657
791217
10571
254442
238178
762169
537118
614194
913021
529189
839269
443551
146499
861232
746210
303639
439486
792411
748677
744886
612986
334016
528215
767424
623868
904804
639000
3031
489686
16496
147854
664343
807713
158425
435137
45891
436947
972256
176437
349968
17797
15707
309871
680648
876939
572433
984288
832777
364845
732965
94015
494183
66981
138582
261607
207201
559738
900607
726584
49425
917103
874438
230120
241168
549216
665258
803411
986163
153866
979849
852483
171663
995556
678707
852311
388847
251140
352951
737976
615985
85916
831991
110168
669250
970574
371776
392803
530312
788735
119388
96089
222191
510178
842562
463359
59394
507820
783123
561909
178038
762972
930745
866053
274880
609452
718364
663727
860592
71316
918055
992930
673584
750046
103098
859186
236972
991226
251990
283637
296314
371378
896078
518505
397908
738640
498216
457303
762812
281339
535564
940850
44311
466309
806903
835543
592113
41620
15622
969058
629288
933677
961988
302872
200076
581438
162059
437048
89017
930401
237037
385331
818131
133116
903836
216039
388108
402052
189694
150921
199744
725259
608123
760407
707920
931379
595951
816386
972999
611573
785444
118639
545251
263784
421511
261679
845222
99922
215079
934239
30323
452117
835922
364806
101585
256110
580846
6045
174515
770540
673318
374259
12151
281442
134666
236424
729173
730617
52810
218524
858543
838254
337163
920146
102038
758674
181825
463612
374949
396904
914204
921624
365373
750126
286431
983310
6237
383629
989356
180752
670521
662674
71363
682673
460468
206029
919097
189641
452999
488259
408165
827894
326513
261680
748040
944903
536707
446217
924867
911656
843121
839071
349632
724847
105550
636063
224509
628139
19692
213865
325243
690214
392892
396606
889239
369712
118987
324688
75706
571986
812947
223
399880
655812
261904
664272
117067
798611
110489
41934
710267
469963
397358
59899
711162
502908
212315
935671
647399
748359
665889
972642
954925
58781
369248
844164
944845
4587
685204
20551
576574
498151
20775
492806
670315
282679
673431
787382
597642
783920
345669
824261
770235
743027
400512
481397
762287
612827
417069
409686
877539
82958
382328
832464
658091
267928
192981
602936
272515
878185
139840
365441
892689
160615
374600
563004
959646
48031
350387
557288
831951
696056
897901
118539
955435
298413
599936
717722
911241
17005
127408
788780
616315
26088
137596
274406
294016
330577
877343
82883
208763
17183
448325
617804
694150
822925
180808
170148
387308
47547
243788
735611
259955
141689
854150
215390
440102
454087
933112
867695
987444
576872
172827
603760
602960
310424
878166
413328
641001
271861
12564
366116
805396
460889
983920
15898
800166
681081
186046
187474
728628
946186
439437
988584
87875
293588
203974
44330
747675
653439
428377
251471
746663
601205
855231
865976
911629
249750
795656
68982
521611
808220
951451
843360
785461
451723
859258
101979
132804
561657
805805
377785
507843
245243
366369
112071
538831
86695
672753
802858
256486
101130
54329
3150
702335
425913
385478
130316
675663
181134
715651
713626
505707
183454
556986
291168
635177
932597
393148
284334
494254
715305
662119
518449
960548
28488
146872
15731
631535
819625
818589
404374
437108
389271
923876
655795
815184
309354
302464
490847
6840
18115
720825
512547
201569
277812
803716
353098
210409
713216
637432
221015
428521
299551
739464
905422
844391
402689
921153
992279
738666
256095
396653
175774
645366
320529
347922
976902
629883
650386
984101
153075
184853
704926
665623
902774
982738
985691
255872
709499
215259
409657
930514
160132
709208
669979
65554
69952
589020
986708
62231
327686
242803
975236
503461
888169
295765
851383
381423
442000
18121
365524
595075
202974
70450
777050
622100
569541
762741
877972
279040
978000
803981
209555
654485
29542
395886
720039
99494
984906
706747
678077
312592
465902
653313
332405
870423
465430
700140
251846
907430
718261
617370
18857
437587
204173
795908
576039
773714
75001
454012
569106
569354
774345
778661
223839
803887
174547
460230
903381
675805
166978
97810
504750
632880
267475
837155
19656
732905
537296
271502
156687
771909
405225
691897
725849
609398
4157
301888
899464
79158
272252
468570
164864
46598
763584
905055
850485
454483
365286
270219
130289
48616
368029
635039
681496
635505
988546
217504
884762
42194
489007
41450
330456
410584
733347
56305
19982
737504
874545
435798
333014
663150
420720
14231
226100
184304
919286
76585
638788
284572
863156
285429
333188
747538
920468
531037
899395
909014
264893
784157
467561
753900
341959
798017
164484
591658
370674
700818
845514
245219
652968
694881
908369
73689
709112
650821
774345
144750
727407
413133
945675
106915
698562
795215
370805
135382
842604
270200
560749
107498
570710
28310
861398
429021
826327
542235
20680
197001
759405
866194
958572
412374
77427
383294
2415
786539
34115
776760
447642
277874
189894
393317
901142
404808
188532
271947
56543
31137
542148
133644
138635
629210
161954
516385
58231
504633
574972
78911
217986
334378
461458
692910
746752
55237
76204
265519
841777
626672
42279
805771
904546
748525
199088
805688
669686
903972
593988
726229
935109
136136
859873
590096
281698
538179
106482
339929
559164
681454
935193
777150
532184
913003
986412
795288
968240
62617
60807
326369
205641
103087
132140
626539
851612
331228
948580
521298
235201
542568
763879
686662
195056
623752
276759
476754
678283
899593
816683
237447
97399
268228
530949
629584
181231
517362
424872
149472
96331
485680
475841
301972
105119
607982
928511
956731
455562
877091
994382
207115
936011
758261
893778
131067
898366
686889
607821
576649
586482
940857
814097
200233
209085
345046
829817
390317
378760
771042
539789
475091
773074
531982
777063
878193
656316
221927
351276
111879
99018
345658
318994
35030
620272
729124
682449
34990
416013
290271
127991
518847
747480
458440
719081
956565
319839
65250
863234
698599
836292
919375
173691
125718
451358
950754
3911
107674
689033
355188
735905
304404
217198
54900
855786
353822
300376
538235
388812
716390
344858
33156
235237
92338
491596
470670
565256
811435
535921
428490
510035
888565
347866
200078
14284
315576
667184
18195
423250
356218
889735
159156
660622
623286
730408
516408
977108
30784
54643
882273
263526
399502
915429
15116
8192
407025
485786
573448
734813
538059
1939
244848
426625
866157
961278
957261
181733
628462
491808
121335
984680
381544
796843
645302
521182
43603
161710
498290
590740
732706
896915
854266
648560
328696
385734
656752
735722
871521
746553
986887
925932
748492
748087
868909
131001
709365
826170
312734
337827
834331
434069
322508
732227
230913
484162
253409
274516
162225
268051
865256
894931
164967
235875
59843
493663
621609
232947
745737
9482
979500
248976
451767
244344
997063
320676
375345
706428
663199
688079
44256
497530
638501
883116
229757
385766
367278
999518
176634
45855
267569
558243
940786
948888
794118
516981
442552
932079
749929
704641
941562
245781
953618
393329
490126
467033
230357
865471
173462
893556
69903
734070
907438
708404
133538
137195
610522
17168
653065
787156
63024
920635
345399
520162
869523
139517
37144
828427
71597
303425
49421
529511
549206
519391
439192
39332
986424
669549
421156
676238
563106
491059
410308
470544
715815
60198
124092
326337
77367
777157
113493
140391
214144
975245
176905
600020
114762
214049
428447
702711
33826
994220
748574
583033
513611
187766
138717
500036
857316
559873
176274
936774
567284
102935
923670
283099
163133
564114
125788
240500
857624
755634
897243
71768
730879
74149
671788
361993
804550
616588
581057
838377
127160
329631
937762
640772
517398
76479
657160
891066
152705
349786
344192
236341
452721
267862
35793
132207
831977
161581
372707
205953
917215
786303
277721
164446
376804
465862
526440
181354
598802
107497
536083
725962
953480
473845
883086
987230
66677
540246
878296
735734
890033
738840
972075
859106
6703
7868
991313
355032
169450
880373
560985
603017
666676
355058
283816
559832
337272
810256
741186
452426
434105
793622
694741
903937
267467
577827
891168
850496
634426
285816
586230
40811
24657
558306
899917
547712
566174
891231
419096
251976
287956
496433
854994
470984
367843
138810
30816
705116
465418
288354
673894
415875
81976
368635
319812
865796
946463
210980
716292
97241
496797
302523
138052
37806
860829
37969
585518
943355
445552
520966
195332
733508
17399
566678
204492
385242
221840
751660
606710
687258
40015
280605
103133
121991
649240
939297
987787
112055
150278
704080
209296
163427
522955
347348
717585
900136
901670
819455
843491
863574
340421
555175
597083
874172
121853
317927
775766
343693
585940
382477
30951
625955
179434
650436
264298
345026
589734
252086
457082
256364
472518
182730
936143
995473
46431
170080
411961
948101
989535
255452
811675
329956
810628
925110
720480
932481
759390
496246
792527
345330
395075
339830
971285
574509
990267
751935
919536
96353
4021
892970
869069
992891
75700
321564
988364
122131
491644
916677
586584
481179
172130
914612
327487
499110
839722
47967
947943
115464
544213
740470
460794
939289
80301
948431
30150
586920
700367
466038
199625
220740
359008
68694
213632
951061
906610
718348
73192
398254
635026
176129
395785
807156
90741
723272
822618
930463
287591
770561
562280
348156
27384
23074
803797
107685
487858
833948
210957
188225
299986
410582
925317
658995
479276
138949
126408
902238
857298
715952
300492
492324
892081
696277
815832
982822
935901
638450
429638
223492
925363
991918
571648
952747
531344
375446
576784
19202
209394
787741
723779
25732
198323
649097
201079
193951
304398
327487
96189
161696
43440
913033
170372
935521
609310
502556
434696
545211
657358
380686
768703
582722
372604
856704
51821
420300
232150
628606
439503
957896
932699
679634
499980
647375
328731
701060
841326
633130
28547
453868
311178
71987
366901
997903
523861
976212
500459
474909
37775
157818
855595
322831
740540
744551
179535
308713
164851
928037
453671
120706
885933
386371
800341
385913
33746
645424
603325
391424
794906
631873
845292
622437
220212
212194
620340
260425
704758
120799
735334
742533
278617
590929
65364
535509
335480
761251
360575
16684
689288
814246
137390
91573
716969
454083
993839
750715
615860
113516
658492
410766
745389
503784
33203
481954
232330
169895
742379
937088
290695
994066
195974
85664
101347
777690
137526
953180
538942
498101
969864
744582
312347
623606
352508
29317
77690
862699
296384
693550
976215
471228
620668
237957
491365
170224
719911
723695
340119
978642
177136
147166
972708
889462
232831
74056
667152
370357
27236
722446
384810
513452
983381
697157
137058
852241
242826
214748
714940
55563
424650
691155
43143
45319
929112
534508
215543
165375
774556
72014
660370
951692
219181
633078
841154
452012
223486
24658
338721
767074
263457
723531
796878
246838
937040
933937
99079
696219
665037
330371
268134
89688
21526
827629
651359
466991
362138
866902
148718
136694
938916
809088
604738
158097
958519
962244
126461
182005
986902
981534
465432
250359
221417
262310
13549
674810
712599
628980
887381
377637
959351
671867
983677
980878
499496
635036
964221
861634
501938
112939
514680
957206
438380
119418
631656
396899
81662
274469
95256
68565
772356
560688
835276
993773
339351
848826
184935
51950
477806
72316
945939
953510
260535
929616
450740
760032
564652
414961
138018
582942
44252
652699
540149
482632
772117
688157
879531
370132
962626
974788
438697
734982
51828
790325
245108
391179
155503
430043
959482
149662
18712
905421
103172
279247
835038
553912
39279
916042
485225
177298
498985
529477
829997
555486
528462
118466
243643
924345
488598
206269
415485
443647
457604
467314
750325
702712
374845
905828
132755
334327
571842
667819
756101
675014
947067
107491
745278
502698
23533
230503
196348
38870
276333
542697
594356
804795
661164
837999
729140
666114
560621
144626
626114
18225
128292
376439
237289
503137
282267
886396
353817
370462
554216
626270
45476
17635
733761
790755
520333
273646
537610
233034
312517
813943
775731
906873
618738
953247
261225
864231
135714
338198
525209
761828
872775
653501
138267
110064
672990
936886
512812
543159
307348
67028
685781
869177
601015
419542
176284
637701
693189
713894
870735
522058
527838
162818
945283
146576
116066
206508
527159
768132
61058
52368
529960
933833
222221
184579
560249
411564
121465
73062
954723
945166
656442
640505
814343
773810
576399
990627
411511
785940
220873
282246
307998
748711
961416
253282
411640
593834
976142
938799
361966
553553
507520
891926
487386
729741
592857
563988
141305
230675
153402
612381
175841
326196
252886
506536
100006
345637
13515
511517
131578
234388
310115
955928
983100
271532
725562
394740
865366
701705
849891
743685
771610
357411
151963
775348
87153
744821
339336
744810
975496
9090
357191
151337
335287
126429
174225
435293
472067
704092
463163
119997
938480
773278
75925
437932
561162
801488
349024
942881
19545
198916
686566
791155
556327
838529
566503
159832
583350
422192
904643
558846
431282
778186
226535
282921
904616
917112
234567
376683
621204
697730
496680
559685
471008
88957
513969
548523
406797
862994
491404
426342
61910
177970
733849
134589
532851
816705
810774
116202
755249
231769
191400
702883
9955
934288
985805
914571
851400
220372
807606
472605
434454
820638
548642
905462
909596
62611
453985
316393
925605
461741
259088
503867
156063
509289
154809
688915
842346
965583
321469
597595
197352
29221
300479
207307
963509
802636
638231
331262
539360
445837
803867
973814
266476
868861
395628
176072
931472
365966
8817
373430
827707
784257
877297
983771
293547
548458
189038
135893
514041
510507
733489
227745
539728
550320
951405
19590
869308
589636
350852
925020
35473
154719
898834
301949
23580
810814
994373
471404
176780
519543
844834
520840
303800
722132
504611
597347
270590
693649
249593
300984
720508
499434
45081
260236
566106
996486
279826
435414
586122
630678
876786
621596
301749
291972
439897
841681
102786
950623
313086
795919
470166
157920
316759
773966
396404
337722
887666
183347
547723
137259
683
268231
636693
45764
44819
202799
42251
840998
154565
628373
988028
31351
766321
289778
323323
722571
647811
942461
673194
960897
738380
143360
635170
571491
917326
547926
909213
804992
731273
973288
458603
248308
757871
611648
294073
802691
814447
336324
643689
485364
481049
148069
33067
763723
437847
872742
486294
602011
815204
675840
562908
69936
819200
714430
641428
252878
262357
66993
574223
509982
40282
32826
758291
798153
644475
52364
117196
975274
905040
277237
976991
902441
425307
10058
182516
379506
882801
668810
981517
214357
344650
544426
284293
680202
775208
925721
933081
37565
509067
507304
547548
549349
56482
305839
863854
700957
874555
981051
192584
779595
258288
169575
198388
683595
179633
380905
63102
578786
566067
44619
793143
427070
105397
593789
107272
880606
35862
40353
434523
544929
64009
982071
94278
120492
287910
474485
337801
162465
455536
530385
458412
713824
699960
173153
397420
395946
554058
976874
974732
120125
537845
767876
547195
159595
361665
170820
40201
397527
211173
474724
458809
791535
973148
553087
912027
261058
543924
249828
939876
999460
296566
914640
713285
996526
87793
627057
392472
641851
120283
367205
278329
658128
651433
341876
817723
529450
512696
374276
443329
240222
365353
902138
31757
338501
971578
460136
115911
515502
226316
572139
514963
522882
486780
744600
35761
90925
888009
944585
732777
8292
828142
527458
182772
479575
869334
516848
525377
898383
407476
968707
138605
772829
387197
686714
627682
358775
146850
743594
874278
373166
315733
905593
412401
318865
166545
964514
409791
54554
909099
658920
579198
737242
702730
278322
733169
572064
795170
258547
986799
202647
743606
125404
491828
130803
812118
119511
5931
475320
863105
396561
848487
695190
302154
777240
14056
985051
741754
940199
39605
650853
599119
135155
904447
818201
413477
637617
390265
725000
896164
377065
927647
156122
18821
419475
286925
830940
538986
809208
306260
918443
205769
671099
613634
24275
964691
144042
9326
222797
84241
48931
873651
199712
700438
294450
17913
113916
932067
924530
838916
344583
817947
282915
500705
836769
702390
303983
184061
757729
113191
6673
676172
835313
194125
806158
859588
158816
466552
868915
381614
550793
434198
771617
266857
134637
582419
801122
764905
514487
242005
120173
375422
576304
403088
392480
413073
621830
696463
113486
895911
326006
636512
88436
677671
830637
894594
537260
505805
361147
406175
403771
428292
356725
691740
211502
491362
274160
528976
772619
304999
770981
892792
680421
347286
812232
72901
276711
950415
285716
906550
846326
128075
543062
934762
805746
890051
345709
343006
395856
223208
265533
799628
651500
622259
7720
379354
629973
281880
908331
402593
586879
195664
811737
783653
542950
140322
856554
336014
90737
658623
242564
453415
786698
301978
904530
592444
192029
766591
451803
587885
989799
717336
903865
157651
339595
911586
537006
485921
709818
961689
888514
813050
157353
216603
596703
216656
873277
969609
552670
964014
628232
311586
933782
414930
613564
354664
523727
321945
121255
975530
909830
627406
209218
330048
785057
65166
757986
838415
551087
984156
800104
955953
313558
957458
688908
426613
174114
562186
396223
243136
42552
540807
71074
976334
472090
684638
847350
995817
6583
968605
487699
432765
596011
696917
279165
897421
278435
553503
735836
829522
537660
535941
785475
851218
9751
474384
277832
700217
552922
190407
943353
595474
731214
14427
571809
719656
215417
419159
231825
738352
904117
719524
687469
16480
932794
966635
913901
211229
520138
649738
557104
574150
702031
342579
941721
711782
333315
735905
411999
886237
926312
871704
481712
173878
886131
569873
893535
617900
505384
641712
356252
409501
361237
43721
942334
810383
526708
856235
21612
563199
22325
578716
137349
724356
437648
595422
952490
287315
331327
364489
689905
773991
236193
687969
947870
638676
774194
357757
256576
279578
999469
612828
205432
877058
172902
147766
203793
699610
520353
741758
262809
542679
836826
916511
783387
274474
511933
735878
78142
359613
616719
284399
133604
852913
488720
597826
7941
262914
955583
264518
58844
471405
393698
780628
864815
566600
444746
68609
782563
965100
810367
45372
24131
647193
478235
807518
438020
506521
543396
32514
866134
160116
833265
999738
529381
321985
597565
537322
101251
69500
318192
160095
57257
228243
457076
922073
311195
901822
507034
93758
866922
317401
655483
891053
480946
650070
698572
435318
156591
758320
467832
22725
918436
301097
538816
964169
139434
136381
17844
240685
722233
336036
400781
779491
80631
857857
217916
391827
759679
724950
1937
142954
558703
173772
550359
39649
823843
765283
991320
496786
523604
459152
519512
958392
276602
58328
922562
416036
711061
940406
656722
949646
792794
573855
729137
389778
948064
463405
781605
224095
188355
299894
367049
263410
990019
917409
303060
813862
199044
810732
827000
722648
269884
862864
197393
62838
921192
636307
995227
148605
576713
651949
98252
885859
742156
343741
275637
690220
807147
573594
914315
511854
873489
281365
775265
379860
715126
594677
710074
430522
405409
537074
153171
191645
399939
866916
254484
837483
503223
249711
502441
596288
418012
600693
482147
160168
460786
274137
850388
784285
847731
764703
296140
237572
562420
71405
617432
793898
182434
327506
224421
587843
864581
893944
295840
780872
760860
66676
618355
264083
832739
120796
860371
250751
237841
858870
927271
698628
133007
294011
482913
497091
58715
295405
734663
137487
883162
868448
447738
65596
712306
672159
169791
93239
82455
981984
874111
843315
48660
8819
623750
881400
129615
473
648503
367457
859343
575775
582437
508703
869786
581702
5794
444853
393460
256809
98693
276622
641609
546431
858571
353916
734942
544714
447155
817397
526698
837619
177064
575359
846438
317166
973111
976053
833991
621614
859862
693334
713741
958651
718389
99880
56706
240535
61085
450166
497345
159778
243140
655306
222561
101711
9222
473855
646426
972730
807604
689476
810349
501020
264835
656787
818186
754298
149192
652177
375913
9055
861864
606006
484058
96605
705886
540764
337141
766972
990930
350838
926750
234071
6144
665664
852134
531719
139519
14912
504449
947124
704389
314798
448144
485576
487937
782683
239875
637129
434860
132140
162536
813076
738146
646595
909682
444033
703711
763175
211005
210994
114013
654107
961417
120157
836123
813551
651876
975643
344816
672677
439119
49205
987475
403615
51133
475412
186298
807360
628894
137511
939500
307782
466939
677647
954377
376621
638032
174441
139796
365389
385435
770161
535848
346852
406671
371972
676755
574899
863967
21571
247577
819438
587128
235052
223053
154614
226817
925704
961974
372063
579567
417827
679845
46506
611826
150575
939480
249858
325016
79276
131599
226803
365790
183799
90007
772461
72123
766762
347360
936090
304686
594937
271880
408166
346342
11286
562780
89511
936990
41107
461574
516557
458934
657771
563063
70760
808346
18895
836970
649714
98172
484921
876517
980314
668720
966524
752775
740844
249639
616487
193286
554325
211425
465167
478843
74119
992805
557976
163630
929795
599083
141556
962704
574369
799327
42119
161481
607674
61015
514803
773740
675539
999724
650258
655853
668444
133134
924980
925640
382773
541467
118927
453450
269244
100446
448646
343363
93251
6622
23345
539398
122057
164901
502102
696426
480581
60573
374259
604607
121588
889062
378347
797127
888786
544957
969332
73582
678092
894312
999223
577217
952132
634502
547020
737728
734948
995666
81092
344551
518640
620789
883949
640697
785691
902403
853475
266272
962976
227734
387231
84565
116796
765578
398044
521934
310536
883729
595516
504980
294393
111091
82197
246525
745593
145569
984254
996893
657587
581698
341444
176227
202487
741745
333276
504530
644148
703103
287154
607125
930837
674385
208042
563985
439964
122438
602271
266852
6167
714140
771832
300561
825231
370381
547086
87177
515951
47692
600422
173538
629390
458219
866118
348230
199964
199394
369112
360465
902498
656267
483942
349687
847004
691984
430025
803320
814422
32296
70172
336942
746436
358356
637503
88020
728738
700941
175197
244689
748634
291971
934579
894376
750190
800697
242606
466507
516444
128071
826972
935294
300690
310914
284981
147694
519250
231358
467367
850024
263655
537539
186966
526443
895896
824469
614463
140986
525411
306012
385675
274045
597984
320254
684773
864526
637304
443732
331033
153748
571803
674357
89042
872493
985271
890375
536539
20873
121734
3906
870898
901741
57798
574216
428184
470046
398686
559000
611032
440449
381364
996707
230846
495700
833313
915619
360227
470617
359351
691260
140717
447506
881970
229759
319999
383593
636487
856539
404467
274573
376797
791717
176314
434595
365933
120850
904641
764619
196202
515673
205068
577567
28732
435914
73267
862046
867886
433494
849015
227237
641107
989733
191096
523077
735844
511095
906670
372331
883986
827489
646904
260784
619206
339570
211731
985140
460421
116373
266111
656623
632046
987532
750542
177131
939798
823810
39177
807684
773656
404544
551274
931115
394277
742370
970544
130122
769817
393567
502453
653804
221056
665710
430940
356615
5280
642671
858107
465701
275396
124218
638677
423795
111750
905571
600926
51549
729381
156455
375585
19390
560999
926859
466857
955277
185581
437402
601751
955399
347321
104204
125555
84729
286266
72847
441344
291547
715518
815803
273600
507267
940022
912277
931062
568124
817849
531988
136025
63582
688443
511611
599324
765794
954822
66182
721071
656756
19936
839174
612155
883609
943379
254062
968338
745997
326909
926035
37544
558779
741838
311145
66046
198212
739774
997108
766337
73975
45448
418714
653910
250243
446677
253234
16038
401500
835768
253461
58256
372056
92636
186763
255665
552367
440825
740356
298364
284086
666391
852261
842865
924581
679758
425264
122794
419532
422372
405483
9860
984173
824197
663770
750768
270875
433356
283158
188727
269125
52972
763335
157533
661960
950098
413199
214327
907275
153555
29043
191361
336298
397656
550578
260879
77414
975842
383673
13299
914567
305508
23159
898740
129706
686929
165860
916933
120285
449019
105660
905762
501991
385347
63296
680303
335445
992847
410982
759072
662754
440025
466785
999052
354034
17363
776283
431448
993206
676309
444747
424125
981817
984258
839217
627875
671187
5077
544808
307825
970448
166820
729939
988791
552167
309587
669094
403964
818786
80076
679388
481540
36454
146173
996944
390488
163537
773228
338288
673095
449537
783036
97220
431354
283646
936437
575582
954834
457866
120390
779011
428315
803563
508950
417106
355730
334890
602553
276047
153676
682629
955435
635217
719083
101609
632161
625923
781498
921741
964212
970945
371278
263600
584517
318985
547246
37306
894567
18432
495172
531309
797443
439839
334872
822746
373298
206955
157636
975851
483002
827664
658480
954789
979233
893916
572750
127747
519839
354248
49488
403
841545
420767
264003
426062
256104
811250
979720
150671
829682
991245
198332
143478
431084
533205
482576
320734
256512
640212
296585
739514
984228
471418
210655
963462
881686
783406
91209
401525
137654
140697
918281
495552
77816
182284
437966
333920
509886
417687
943
855921
925284
199276
999399
872720
732481
481975
193455
988993
638539
490040
244859
139119
477810
455514
102581
359496
238920
193790
277374
892927
850840
195655
904831
928656
894291
342797
262577
404178
276836
263520
260099
202120
462796
775850
74841
711629
774177
268296
216974
929068
274688
978185
68187
268851
433700
170769
628347
188972
880911
422073
598251
731751
617728
503082
176760
512020
845880
439337
432550
639068
219209
692649
841189
198358
984851
432382
426339
275380
217030
159666
204448
8070
137851
272635
276921
87903
959756
905269
276876
357020
327342
875127
605123
461423
894562
781883
489795
740442
737572
922345
895862
473134
614994
737051
671492
116197
685785
614183
391577
902815
773849
112377
910886
911701
901364
187807
515956
377473
609428
792832
734493
453123
184312
339616
914546
595226
121500
404341
852020
859072
326686
747882
332206
458032
1286
520050
90581
687071
650586
998510
589887
424435
110887
17125
852488
528603
721284
368445
906076
330713
677629
640569
300188
378293
496538
731086
973519
618038
135427
341891
993462
978465
89774
842021
952849
91060
878423
559782
778131
529009
558292
884370
469797
185531
417847
322285
714134
139132
207082
620211
469845
401064
777132
286385
295709
273670
17471
785581
891708
669250
127472
401523
164067
217246
243544
633268
824658
121967
193050
602790
650977
267694
3512
637126
453225
421360
959411
683711
560492
682846
303922
546689
600262
597407
833074
895971
871077
366897
681552
279138
36147
325377
680661
200214
542623
440557
349834
883634
78876
542884
486424
246205
810578
6288
883331
780155
427648
842743
463866
504492
41941
284141
567533
642203
881548
916959
54526
268977
283856
252431
548115
320003
577808
745128
36569
636783
185685
386403
520417
264562
445639
523193
27119
772569
529482
910451
552724
473482
269546
532943
977975
311487
333436
545508
470042
731336
462468
524568
313
262676
293351
64781
99032
871159
809909
135601
24295
511947
38357
544712
292861
483996
584258
319980
256566
113740
230431
325642
103574
16329
374937
597901
327816
224725
659762
314210
956061
638582
355131
472727
901258
648482
537508
290
519642
863769
652244
60289
892068
690601
605001
184929
690949
189259
21262
463867
819351
768045
305862
922926
784375
680799
520827
112191
905525
180589
942754
377938
819171
297885
850665
720430
946367
904525
237072
982361
768295
889316
42650
176715
579917
164004
361645
270867
353263
899259
251086
688967
667304
556948
611893
451679
237748
649072
80223
659625
829662
22977
37563
165185
837214
404581
401967
299933
309106
639040
282295
593753
528356
841297
770469
624626
5301
648466
411845
874917
64077
662931
563884
731381
219880
692129
699413
973980
857553
779636
633605
687215
318965
187520
368753
672531
108453
770720
972464
933912
926112
254759
527665
454469
612409
814486
595447
134062
979304
7292
8979
43381
186575
89215
291115
406455
297696
990528
380435
155250
286516
530392
358817
121833
234265
727570
794364
859070
14643
766828
792982
940755
537940
837000
911576
666701
167838
507023
800763
663495
30667
809743
223228
217243
415310
514343
140050
713007
21223
36838
384609
824091
83582
743426
945924
317847
987349
740288
693270
1992
23469
486252
459099
77761
839604
370676
744462
7443
394051
545225
670938
941071
871320
894166
158314
286631
924862
814716
515990
946085
851554
416951
770177
935137
160377
232453
769336
147726
489094
462606
666070
512563
465211
125170
106676
304815
495846
851138
312258
406249
396363
499548
347320
784036
393715
21986
587019
834929
836703
619361
297366
688257
36312
583895
623394
196689
816349
909083
860768
305443
371689
526838
334358
836900
652008
441034
141716
664206
808524
970326
586808
721239
469875
934128
505275
379942
472467
608646
214871
309170
228007
512237
997427
264319
96133
137174
977361
428834
46257
354481
250629
934298
881319
584987
287551
49680
542373
945619
230238
867249
915945
817046
588488
902172
267527
610116
798466
739994
218762
13337
49164
963122
41927
562943
227441
654412
216469
721154
83246
262726
75635
333875
713377
473307
435214
928
522987
493939
946547
753225
877540
378844
86624
466028
281017
354151
592496
79483
94145
327611
609173
143309
290733
167452
222604
34526
821864
439074
272033
421462
218152
347668
271689
931529
820975
223255
448809
860314
233546
911708
129892
111086
290553
216516
93466
87922
570667
685963
683757
181164
529926
292930
840825
337011
976734
63429
371537
798598
18855
643570
736412
237008
507591
8101
684889
328566
747708
133699
188881
981254
45407
318773
92340
852312
51641
185807
940234
138660
871770
623992
319824
918048
433274
160649
255059
410009
740430
626596
724959
759286
786519
461372
512646
294110
985825
197535
139028
249886
331234
844261
231140
892994
679386
323481
745306
731027
25640
201893
869687
413762
342237
189511
331810
775511
866512
586869
701872
123295
729817
426832
882581
516336
404556
395227
326798
906733
109114
982179
156619
956701
826440
904112
849695
505827
227593
111353
753206
253233
313246
622894
183347
171835
328757
515157
947347
711622
102026
649219
834917
348195
592403
233850
380884
513311
145429
707682
936397
254543
206213
93016
211244
32654
997128
60939
54833
741073
688645
808039
510658
518243
947285
694005
690079
276043
725514
153778
987665
827540
319349
338934
175736
911753
572784
556620
941416
718213
780654
877813
489108
986868
487182
700353
535874
662
277644
107059
258088
966289
915098
285098
885
378736
979104
690964
654779
704618
844742
158796
48511
164091
14082
740599
592196
586866
813571
49965
821431
110577
927778
310539
97445
931312
527244
149671
931975
804889
773082
706415
287530
688181
991513
288415
66917
486969
495731
238048
707940
340473
913196
756451
20917
927278
13402
129465
514144
826973
179430
851927
937550
107209
678818
551348
554873
206063
217371
486848
527304
990454
709615
814834
194987
701129
619602
778256
188098
115333
16304
896038
972159
929500
168841
993076
373130
182243
122541
887274
9216
818324
255553
463119
441885
450723
14467
996758
656786
231838
999959
700442
222292
709574
515277
417279
410703
651231
195535
598802
766564
728191
11192
738723
174043
180034
248151
547173
362277
887045
950799
887846
705369
206352
350965
147254
173428
881784
144012
830214
113622
143971
47009
852267
369898
78638
785898
780601
729869
497786
895755
496433
225977
906948
751509
916373
603334
516012
463546
965611
403057
930698
369809
624778
137050
720774
288384
826830
602558
432397
657045
232533
92720
220406
601152
462618
299044
387050
759572
28913
884836
655327
41698
627166
78627
309559
543539
681961
825572
523437
163925
744981
454135
533734
886112
107538
770861
174496
934368
889771
606893
107765
638656
215966
328171
239808
194936
627215
626859
954508
656128
28047
126188
214179
655213
721167
523738
715104
919481
349310
754894
83406
610644
209029
133492
496756
316567
420705
671252
767288
826829
794498
875053
465485
526816
719577
705294
721752
346792
848505
192613
519273
876552
835153
733452
48118
556320
257190
279574
992153
122853
34468
591911
249849
243498
725404
746605
76417
662461
934209
360057
489290
728707
235111
954776
255523
954688
176422
493628
817832
24927
202593
853457
417831
37746
586909
982301
110418
360452
778228
102572
999657
812696
694483
249506
572546
936239
512463
165316
598701
446672
525373
604343
691732
276836
559119
463607
747876
251893
957235
565709
793172
159828
419166
211004
713926
522428
709657
824345
399232
487885
443269
398889
816934
137752
164747
389480
590344
193562
71148
189045
640234
596522
309740
848318
873358
868860
311926
621235
637105
785513
703296
430278
461694
122462
157634
175620
161242
867291
516317
560474
871529
959586
475715
688463
613691
640462
594295
204035
834024
665444
909432
990611
778318
219172
838929
651676
604384
667207
789263
241490
452721
492559
671768
914415
131374
829402
90035
808968
213045
122705
369443
84574
82291
361510
289389
695982
1973
883685
416369
352349
549129
325801
859312
327447
61326
214594
495475
182062
881801
801091
423552
334522
293650
611672
765289
941376
441074
371677
750345
170472
494382
636140
255046
576673
997650
544436
789008
515975
944473
721729
384677
493602
563883
243989
337401
625209
458583
349228
807271
340385
150319
747176
191259
960322
358848
472901
418050
316275
360930
684747
486747
855312
320887
258145
948337
834890
318933
253697
867217
263406
975427
251894
273360
539310
12236
610761
680871
987171
476342
488142
327556
626661
751670
35168
103335
110519
24421
521386
426794
385351
206133
429893
240663
43373
688038
705352
394615
6972
959050
261832
270378
450829
30079
543739
990139
558667
670852
671010
545838
663546
675504
389747
290208
427175
941267
393543
54046
965688
431281
997192
351039
637415
427085
108054
197140
115123
329758
591755
122095
805160
369939
908826
255989
916370
968917
762480
475037
156121
949842
20876
819668
141699
410623
626228
85226
351890
19771
139272
833930
967405
136464
701321
604820
563549
325727
318312
195024
655485
910067
317120
460646
796358
742298
232987
712729
227567
995468
704118
383688
945310
724994
203356
87009
651969
345936
172235
520211
365708
827859
354141
849465
964323
571814
970637
44224
897541
288949
239249
553027
715368
72721
530025
511726
331371
763012
740807
558938
758480
444926
942626
220143
686272
662335
823504
338242
8271
512092
374805
890331
339951
245299
739796
820627
817113
226785
864851
714655
515734
620452
267682
231102
693173
797707
259181
24544
77071
999988
99834
351904
444914
42461
572047
131187
221148
395551
985781
745771
907643
360586
152455
763947
605885
408603
584574
939351
635389
449425
654006
667475
586230
438040
898578
279403
235747
674111
820300
829170
674099
920134
181074
635366
478947
753121
282905
216447
665025
268686
478571
89020
145624
631026
852967
267862
39629
437541
207213
191370
403319
861219
858846
505901
299259
757424
785304
51358
947887
121956
880528
621986
558443
61603
773704
37390
331076
56609
770190
512453
841647
248761
601474
987272
879787
970793
771486
435768
924687
978699
627139
844358
356270
485985
350259
171881
759761
135563
223239
707648
773872
620119
845986
332315
198074
619691
886057
45503
676300
656247
557956
34300
905008
159430
21572
301147
646576
309410
736916
571263
288109
880407
415621
160731
366392
765880
332612
642505
417795
555851
350153
191667
175970
712491
40334
890397
332182
926392
935900
524835
582639
493856
559135
4000
169639
97059
305147
816215
406469
558415
903830
210930
438822
319451
371661
321566
601683
704273
964071
19478
260124
830576
727498
952446
543068
767832
359195
391602
210576
295095
432789
309568
305304
991924
313568
474943
605335
135067
807510
11804
693483
711340
222734
648657
547143
110747
970224
148826
815020
450647
684656
591496
281224
412154
543943
340644
696339
419490
248598
906915
714586
681388
732835
19890
673312
46403
11185
278648
697823
818695
806804
391306
46387
545891
556315
593530
656638
526539
742356
471659
977187
943364
63155
774763
355519
123450
631759
568210
542941
880357
991477
773879
561745
724313
793769
235058
287068
804954
30058
984891
140001
836862
376197
186388
899105
448865
779918
555744
975404
38626
27403
468943
981990
606910
760058
853861
246713
391817
938423
789654
272175
929901
79885
833920
170566
873654
585330
457634
194960
131740
442526
334961
484955
335075
37701
384060
783940
817619
939804
275697
372597
483559
260992
870939
606822
21051
241153
853535
412868
179576
159541
201395
625829
239426
35316
796395
113080
136998
254030
824392
268739
696556
159353
753694
31631
197054
137754
331924
531025
593911
607621
419974
77470
868613
290913
684292
406016
48418
54179
818885
227995
213720
20280
853824
453146
571948
650220
82578
708947
904250
906970
494038
117158
582675
247732
665141
296081
901838
997065
343458
495749
121038
763432
89572
989652
570698
290216
395668
619116
344396
730905
847111
558116
267538
217288
527615
355838
383860
610193
64785
804462
33516
75175
921620
132543
322907
586761
428625
224746
100179
288435
236847
221217
51868
326419
727221
138918
616636
639242
758034
961032
370147
121498
35500
154037
338786
563115
509876
238998
689661
91013
43460
723177
166189
965080
372072
489096
68193
800697
230194
168372
89133
467042
905942
657353
309813
149515
796271
926449
788757
70657
403833
675257
192155
439334
829294
47293
2449
855522
286291
692110
946536
329751
931639
112725
811183
303712
118173
395729
620761
864720
80453
226246
848114
986395
883599
157927
135911
196222
84377
441020
783232
488210
116277
975387
927544
461924
539033
446346
317446
341676
138456
263982
187780
586448
893059
515315
890160
11233
911044
510921
392305
991498
253520
240419
494245
653471
398346
630156
849694
482723
71177
632926
487286
703806
124665
931182
165730
180050
377528
483177
38079
32337
263511
225859
618785
156571
741174
508945
684156
652219
536218
76461
160069
789738
316880
654314
443210
231578
800823
809256
230654
388352
958534
717940
92158
599551
649122
257889
295954
543003
257418
334033
575340
520929
76244
194125
193852
817418
219422
878008
985989
755640
470821
662410
61731
304053
316725
21293
535632
117548
346901
766286
505900
305435
578
598058
421338
166052
372299
717292
709055
146069
51325
284395
666999
127569
478520
377203
461340
214294
255212
963681
486287
726033
626092
548018
546439
942817
85663
82071
576717
432564
364709
82617
254351
881639
197027
675689
47691
85679
909334
756747
231748
960659
557494
415099
604581
552367
792303
65921
766661
563867
29602
252948
806252
172046
317318
352691
114863
919333
951114
691580
351897
832175
290549
122600
713814
3929
314642
761506
89608
223976
34605
837708
700987
592099
252808
305568
144466
561463
887841
911128
641682
917444
680428
447934
605842
997747
316978
720706
917080
268092
928638
785330
100268
735540
424282
330434
739469
738924
608292
829077
962900
159249
183137
180240
751349
435945
485808
412167
513760
373650
839647
155442
807446
520076
119729
413288
34175
436707
650346
467607
704799
95337
252937
321419
830877
193572
168206
570346
932496
776498
915775
411749
935748
98912
591989
203449
51210
77797
615616
81322
967799
971616
753117
291597
8044
872846
704886
42219
309553
871584
509826
530704
966921
279116
852124
797798
472688
536682
884496
921536
313180
316623
333285
765280
931888
441626
968729
983098
35776
100698
580772
3575
72314
333889
811525
80358
206735
516411
638929
516288
904347
665107
46993
871269
460575
415469
185419
449615
952151
586268
371152
781683
902891
220789
546964
834779
662416
32045
334229
214544
649095
915002
734471
721409
248891
545996
318119
971979
62407
473400
488267
966755
138508
51612
354376
599083
983433
539795
48699
935584
126063
419851
233620
545307
156992
296936
380086
819408
328981
230668
550304
978077
662022
284776
215838
427265
830772
50310
399244
409532
523710
403864
376287
662218
455476
247015
777654
438910
303162
826353
890846
429226
762556
640818
490885
919548
937754
870971
255309
266736
617991
805613
761165
280013
90389
493355
707279
921162
543665
106523
330694
583728
510387
223333
245946
482216
986700
539952
437478
289862
366305
844676
235440
645213
485495
726325
564762
423249
113649
336423
206337
731640
658388
967502
11654
748778
977210
235285
186292
520875
341808
33338
104603
368548
773023
866902
367116
759723
406854
804594
565937
289512
165622
801378
934725
651117
527703
15839
590719
641352
868614
797056
372993
527003
280911
900999
792133
258121
136284
978425
295348
994444
528115
916304
879344
817490
783206
246460
577213
706412
567406
143150
512276
733029
460880
963354
384146
988584
979193
974865
629936
364160
771922
519281
891163
569185
936632
683296
827306
589268
178073
122654
583713
222540
38958
463057
40030
338516
709518
133595
561281
276924
793097
73557
526305
253978
553263
910452
242562
532457
885317
388850
896617
173591
424484
304132
259128
361116
987428
86434
950385
681853
725441
50450
904393
280751
513507
460775
135620
739377
594370
696901
532654
387467
286810
58959
157797
840074
485763
400359
888883
887433
305562
301852
61024
730046
605984
320153
607514
109764
922939
74251
791617
164732
124701
212362
445484
638209
673137
581104
893938
783859
794357
942944
171326
81167
518256
845476
437593
4019
762187
326476
891452
67749
628328
468829
314147
750664
305334
438014
860428
744625
512265
168397
909358
636967
380759
354842
791528
570248
452298
685466
354107
246655
144763
41786
844174
663019
887262
281768
667038
649449
608244
558491
233551
752925
543672
547698
503589
849006
985712
364018
593631
497978
532415
19341
134945
429527
374183
926473
999775
342833
128291
870235
589488
273054
912021
433663
936073
315635
715431
119464
965084
840027
194307
198635
592952
737979
262686
96542
103337
248398
976912
213320
262728
509327
232662
914025
455206
606845
356850
971334
949679
485142
841569
55519
274548
269942
5534
726974
585577
237317
846438
67013
77345
557097
265649
670297
295076
528335
283191
914765
293085
260103
128085
72166
285783
360747
986191
740989
483945
343042
228675
949976
344536
586596
521847
135436
856538
527382
378762
958467
764699
741552
25481
842044
298649
807482
28694
593725
852169
828237
24842
661606
604693
152928
733772
890476
30027
236316
147817
513972
95710
376493
980300
956598
479441
502148
608386
852332
29530
987149
810799
794229
728701
352632
152626
27351
676466
697672
137428
528635
42261
162271
706594
646954
315199
956718
537430
861578
193034
201600
375551
288744
578093
355851
761694
573886
374351
370081
426218
403881
357230
237018
714463
85931
106002
383441
629634
782469
597465
767063
827456
639726
445686
50402
286681
277237
7121
340463
138815
200155
542063
30718
5252
636508
386570
766946
210395
277273
137027
636613
681155
494257
389983
911970
96541
495986
811763
726175
794807
409228
9590
138615
48954
455276
189018
851987
248865
196139
192451
387681
396294
734514
418399
917898
371023
321321
684845
97770
598595
338224
734383
796102
832482
640719
224424
445375
136705
36187
687902
447864
445415
697493
102831
10721
669121
291849
862709
917987
4340
55160
822020
916987
789674
240419
834885
677049
78093
519730
774819
193040
857955
25555
989142
206789
666274
213566
168516
319331
766105
856418
283547
211520
70263
386378
222241
255737
678228
84950
690076
682568
656462
512096
115907
962489
268867
950793
639538
346960
986875
930710
540000
361182
472617
45494
567971
138891
775412
252839
458222
541517
109258
741769
753037
179521
128147
491631
951610
322727
92933
641686
521648
749396
153782
637555
711885
939002
104700
867775
802314
91576
314837
858667
452758
787454
904161
537082
926345
195926
789921
900919
737443
415531
159040
6833
111405
803540
14816
63015
126267
107749
704702
164267
857145
374836
318175
85382
830190
422875
469510
632505
514451
300699
7524
483562
88154
428037
536996
530851
623963
326917
948123
877759
258801
107163
884592
370206
427055
899408
433221
69675
523509
654275
233942
897007
545464
552117
498741
375654
491345
968251
524511
522148
268951
532035
5710
873457
960073
542706
404308
100388
385976
868783
978147
644777
492299
379091
531335
919354
794851
964556
989029
318361
135184
222972
215368
197000
291441
714109
572654
782786
198713
613518
821287
984016
661905
826997
857473
621978
886056
778133
238719
272032
646917
216866
433161
139216
595958
964496
574922
907161
445404
563952
225522
96940
786924
957242
293940
594717
187704
382947
893856
902769
996465
715143
886785
658370
58492
260610
796701
944548
38743
35420
732932
202012
768638
682445
857580
880948
646941
432503
788110
608698
512807
529984
705638
299731
487227
999579
410800
191283
382526
304656
94052
895343
19799
980837
70065
594644
757799
383118
539192
312894
934890
788477
31259
703529
470922
888839
584477
117864
837694
888939
242914
350501
418924
948552
166584
422503
948131
93737
613786
847009
398393
707838
258704
934545
205027
328770
529189
479178
711888
584733
792072
646779
373210
823331
866660
844133
228523
967489
478349
582569
856429
721263
449423
275353
186167
616007
214208
650651
226096
827994
497660
624490
52184
272717
75387
773563
601487
120928
252741
829727
705661
44813
476506
595224
868145
859518
955709
96668
827008
950410
195589
683437
671673
645012
475142
374192
261020
689350
24843
3468
33696
38856
627958
85880
311573
219697
859443
429412
340625
628536
259139
562639
673349
251998
157863
57846
111516
113572
670866
938524
63982
866456
138313
252007
511468
613455
626199
288840
819157
167395
292309
852853
206251
436619
938733
34176
656317
314528
463588
513294
459416
239079
75933
132766
491077
233796
706964
118946
863720
377831
57470
444054
760639
195784
212413
272107
325591
354965
77300
144749
522360
369609
997602
244963
322580
452688
279139
978897
283568
259079
492192
742985
498158
84477
392103
989236
318274
99067
108182
698346
993250
682004
142401
753889
394140
354814
542349
719732
709779
619649
380833
748491
505610
894787
993454
344542
863827
788945
323440
147396
48024
331984
406733
62535
416461
315188
568123
251087
930607
192657
465786
923858
391013
124539
194099
785154
995705
252800
21238
221837
388801
402071
970328
894411
813210
480135
238954
677038
269080
78746
340786
833457
927082
263871
412344
859895
579059
980467
627335
509666
689476
93121
949876
80489
217660
143976
865643
729717
913128
886881
951554
301930
805304
438235
712693
134867
918370
467999
811905
703802
546745
669043
53611
990179
932914
465955
850075
511973
962774
993762
537991
652250
86883
487868
732740
820895
148196
114735
66964
61324
1617
18519
879606
323273
456754
592300
458140
891476
60299
786397
595278
123397
455440
648890
113576
904706
631197
480003
416679
593972
473765
471023
762574
77000
958891
495314
414247
623439
610050
481212
201115
128019
16083
80722
967644
472837
673022
942137
880665
733321
244886
475943
373070
216679
641185
486647
121385
788735
483002
54417
899059
473120
525440
661633
66472
683
673300
480720
140474
799702
478284
341589
444073
494367
422311
928069
483556
611685
870206
364221
861359
631445
356516
234429
848124
997702
237428
969509
302789
720431
540278
201848
709903
582070
863481
776375
582753
53133
773447
723227
852835
251731
581169
813260
262450
519832
741330
746006
131518
611536
626579
992877
759333
983096
743658
607457
497150
981087
93319
799939
217870
633597
1787
927773
732020
381620
704148
314773
951106
993948
554353
803941
245679
651874
133554
24482
171706
874884
286840
819576
2772
913420
328805
762106
412868
72464
369563
910018
569903
979234
226309
787773
129184
744448
715546
861204
642420
936046
692329
593526
929994
763034
913820
692026
414908
47374
716508
102967
922258
519700
438895
441382
433120
767701
203488
362340
356517
89404
788710
926420
68638
15019
714193
714174
275819
946091
575378
918240
398489
784060
511766
844836
547094
941938
536862
478355
989312
769722
581322
427922
805774
20217
869305
238895
304270
589145
117587
660787
678549
906298
103559
263540
437669
334104
977714
713489
280195
69445
148081
678685
853505
176199
39873
400599
118138
576735
878954
623802
862809
976628
568077
668583
513198
953734
423830
817468
542879
57770
994608
221429
964068
98167
484969
918089
432272
979035
631578
228819
48480
779659
423856
901985
472211
463729
818937
590349
556816
214243
730503
935977
707224
298580
120913
220422
252314
544743
554242
311546
118865
65202
532975
82933
679722
534296
1023
111994
29683
148953
857165
78164
444965
281022
496501
917176
261103
315438
23877
817920
46034
754380
753897
753258
569313
391162
490032
337979
935906
44274
649525
54771
109477
698852
654057
789199
233148
171432
417545
262832
320385
791062
857348
281702
72084
353849
198878
849540
185640
222755
667460
231674
493488
937709
501284
579153
328872
991316
917132
781130
35590
566658
352253
661419
265510
522662
966970
15011
694094
900867
794195
530832
691930
651543
812534
280366
521744
527765
129906
223736
266872
313718
455410
760360
251428
956694
339513
96652
948010
772998
394134
499953
339656
262739
677724
121518
301754
644695
136529
512200
545562
447076
43032
753844
614971
371919
34211
136716
899684
164117
360452
682908
477836
332215
443269
245616
805261
299134
858620
269624
588484
769106
769577
928140
31845
963653
566011
333599
608348
218892
845800
670263
665969
405184
424107
280940
293455
458318
417656
193139
138788
294461
876048
616624
626676
835669
862240
948289
651155
237212
217913
755992
6318
503842
684132
38163
467496
766495
888115
592196
985388
250267
778811
651357
171803
719271
932297
465259
693941
866306
174750
832729
677119
567150
965705
820147
919171
344297
768436
86679
581509
986350
842671
587827
6544
43155
142343
990392
809651
546810
582589
795039
797077
877752
962748
485232
597023
411397
950491
807317
794055
641594
640046
471174
208744
605752
291321
127916
950049
576110
730947
47911
78812
573618
635738
85356
616773
778081
75749
426424
324891
174690
737815
638320
568794
700563
123553
165818
628313
590396
489487
422368
231990
129533
893543
957087
251637
701216
85003
201687
277326
332302
765950
872490
905920
401688
957847
522693
696122
549948
465470
537365
240990
719637
175686
809784
936553
815591
491954
564866
922339
981441
503586
154330
627327
397129
627769
878964
614698
229124
597003
408376
561426
362953
280867
467346
764642
755066
506391
977116
305014
488213
514481
546004
207851
206519
872140
660756
22110
364095
225622
460802
861888
729208
615132
489215
642690
242901
368180
773740
988377
965183
182116
549803
844489
462983
17149
125483
218049
39892
102599
39415
528106
617080
101771
735957
823600
973912
396713
362062
854359
138687
822864
716247
384247
954348
721815
26937
713601
606347
800677
701978
571530
499146
251781
932371
962129
785282
57854
696531
825175
160453
735946
353281
777534
354070
89238
117486
327982
2303
479548
698693
657342
302413
931292
41589
773113
653107
584879
486715
259454
901908
188693
347337
401054
440475
279708
879536
225757
853915
576067
50932
14368
828365
920565
308254
182435
526155
425740
26769
528458
421641
725462
702152
240406
656755
743742
13519
826214
328621
500234
85669
746881
688928
949358
147936
645755
745418
27472
387864
599333
119891
955149
613702
464608
875714
438308
647044
918222
864049
190165
446680
802042
431980
665185
42448
88735
408927
55967
431301
253900
556202
33322
517133
761482
982680
665069
923589
728099
208893
827805
843784
328784
299306
457486
793393
691373
412147
956789
609595
792548
663306
572627
594590
95286
237812
637038
184021
163091
209357
131675
933343
765559
164997
450477
43393
147678
115546
483334
392129
324440
827492
235913
169576
126798
209752
479321
334523
621899
952462
944118
414447
615769
516746
525389
711055
270910
162427
411429
434002
371784
543104
367345
653696
708101
817822
213441
372131
449721
213128
280612
290513
40620
516526
460089
683770
242630
455763
18294
380881
408225
478764
311680
23994
995510
837069
735050
266421
515848
146479
216775
403984
689583
584120
574032
914036
918295
787474
286168
884368
516954
83132
174881
73926
599658
151322
757696
358640
607085
292342
739521
15311
771107
51201
555657
282969
404622
290707
65742
920470
953538
282517
324455
159473
382990
898487
73510
301285
202313
876030
702005
719267
959162
876886
793193
75173
28208
67242
433813
151646
359584
689687
683309
647043
740888
238966
930013
145511
46026
995755
582333
999564
794625
906788
675390
177615
321628
265252
995252
523941
141282
697257
759561
616796
574143
552754
208321
118703
136348
158487
786701
12285
848174
470010
659328
105414
225329
105693
250925
787707
617801
833259
787271
412426
256399
979013
590041
578027
244265
585293
618321
901899
798902
377882
518696
373045
446988
243369
8100
99689
401856
794802
111974
250030
781164
287654
355445
522845
393348
122722
310552
11149
472333
614176
939927
728733
593189
529968
823112
837455
631613
441433
739354
430515
335667
774402
319912
299008
17772
844364
398697
419628
639166
510671
669659
936683
798325
541456
459528
708025
664178
286433
235526
136512
900609
175453
381597
493798
221773
204709
847605
853386
162495
103312
800253
14514
877714
120165
313522
411838
964530
712219
831467
120048
739242
17478
573083
53920
75286
548964
761945
739464
835397
513824
392328
252358
689277
773925
262508
911051
494987
110114
280789
173834
729778
81043
188348
607492
717560
18223
535683
682090
730442
367150
318491
986037
900980
407926
39957
976266
956890
318254
232082
308639
348430
624411
560997
37708
398336
823506
465111
409675
449972
745900
583509
179750
826943
771858
303594
60856
790081
839277
259298
36875
722779
577789
539264
140111
985716
95573
116377
458958
930180
348460
767598
278610
489223
844947
832670
403911
184805
297781
813587
151129
560034
397096
330879
903329
685306
150826
964185
991739
506455
223484
544967
229235
801273
600583
369346
303341
696157
2076
278652
626337
866888
562602
421299
356111
407549
253970
760022
592355
68103
89961
259836
628137
3410
590716
531467
688716
257894
495652
196808
764349
719136
258127
993584
36762
858710
879283
856455
554867
881359
135107
697556
748247
697709
118856
620710
621611
372826
380732
213966
957281
987046
990154
585419
990456
580870
116886
195524
355116
612538
392332
119466
848027
650459
629402
401141
509170
25037
257596
580389
906396
909056
277946
170995
606765
913154
791705
228376
802332
688790
958694
759613
675836
948849
345032
666292
46071
461918
861816
917540
590809
770501
553358
955188
937312
182760
356329
446482
724150
130277
543224
630546
39333
337522
317894
162451
250676
109599
907179
53008
314741
382226
328973
990577
847427
674006
173221
409850
652276
35038
327390
759437
321891
880748
714625
259203
579861
587306
705686
304011
233936
765262
450909
273269
102784
285155
952072
353460
394755
859252
922820
225848
757830
251793
216426
605257
442151
389647
15107
94428
941037
858850
853865
262928
255950
84843
522132
352163
188501
744170
172526
422437
509432
139788
695707
128568
424943
164131
998380
336050
539735
437552
561899
297565
689345
778325
419174
131497
684324
950634
742277
625362
809484
112494
404642
581786
197337
443126
933950
902191
187296
106476
324628
213080
246264
536687
858000
187560
700819
856380
523610
240554
293932
85509
54472
499630
380186
473646
147479
64511
424280
889756
206225
750116
518602
610867
331903
232292
570346
782205
134483
757642
888681
459111
487075
651298
995799
345075
838858
212970
717808
362468
969876
528092
964330
24348
27722
344516
14347
175201
409027
438627
581309
131604
705096
99912
258824
553351
332204
829170
335556
983039
586812
740589
442150
590239
391887
954301
451667
747097
683623
169475
625918
653500
697567
590248
677848
241642
451116
692195
933195
376496
647175
514505
508100
352271
130769
766924
905622
979325
596094
757530
962364
699259
498119
920866
289498
406359
391520
257517
153456
75143
426992
295726
728643
640912
402326
922844
398906
853443
131391
332101
229939
778566
362958
738039
647189
493727
21316
69163
989404
617410
343045
468120
316669
841165
388987
122520
247524
780507
380037
917332
855650
323382
213059
100646
480646
131737
23490
879552
985180
154881
211653
215119
449800
90964
469511
613341
584691
490827
198857
90448
624589
541902
558568
941259
383067
947555
580131
146943
244414
476520
64276
100065
316254
793687
717063
796900
925424
740553
676452
426957
895434
404458
158428
861586
495422
627939
474928
596465
635118
190137
686913
259708
732039
245482
717319
631459
709389
297450
778402
953804
290322
359030
570221
606577
669069
287284
403477
594494
27837
596282
537803
439623
517092
696231
817562
12514
840523
808842
125331
475641
998979
812245
735349
731018
574079
452668
362477
283468
266470
657232
753624
556793
16262
840197
163370
685332
127481
83199
796178
671670
679481
333981
627646
196573
546564
961560
725439
387087
770402
850771
862729
769381
179368
114430
16751
753447
83451
895581
553267
349921
552813
306892
423066
85427
147089
102788
287111
790923
185988
83289
978945
381821
933622
606591
578395
996539
568151
820186
383626
854905
670957
762707
140638
850325
393490
157390
120124
476941
569323
673392
343214
638488
496636
282633
723915
160077
385421
527379
467352
571409
127020
446298
469583
576995
569241
47978
573534
653745
868164
473512
508650
55474
236220
649289
905799
146062
323031
25924
139355
892354
215668
482569
47194
712304
765202
771109
388733
666976
814840
856086
754737
941861
302384
224320
518856
871625
272298
92390
525370
656815
565902
550373
712289
318474
199662
134440
980888
39045
676716
120243
931399
892384
602813
494945
121040
884367
782406
509774
551343
597247
882212
822433
539108
184596
46753
57964
572573
835404
666706
614296
492219
748960
164669
720860
67435
364331
855300
48323
919728
48369
684919
367479
940753
287732
862424
578146
688451
644830
604272
756147
242077
486484
578580
781185
187432
625333
355501
760005
460737
22207
374301
469308
771168
538970
190168
354955
419653
561821
919630
339381
126542
604549
706860
67295
408633
569284
161793
97085
730467
766065
369584
972544
768901
948164
753730
956333
89849
625583
716339
66939
647791
606992
536247
935311
662315
242768
290266
598320
320941
209896
937702
447483
330798
160914
31130
739431
246551
709276
352868
977018
475341
722452
465914
760595
186968
219644
716928
276818
361580
949619
860109
9371
72964
912708
461034
735279
671828
751300
333599
992769
477548
787653
956604
324698
464920
987735
64130
227823
697011
416998
204841
688704
139451
187107
449299
842771
406752
682580
119589
284684
632199
496050
294055
705163
408759
271441
956794
80587
539093
290394
589709
16641
594399
546313
341340
575671
534048
921822
803494
747411
338820
524687
436116
994623
711795
401767
837395
634899
84347
473336
919583
232899
969387
729990
938062
894498
1431
411209
491437
540524
701603
81146
73517
812354
627460
931209
388026
677860
853031
191520
425272
708204
232560
377740
702827
944355
779507
56574
579254
380207
529911
498837
613106
15650
745179
67520
910148
746610
478729
401585
803486
696684
999084
877003
509039
626544
324565
413417
304404
693948
121289
246028
402152
353849
623768
621332
298204
919628
677906
393810
299835
724169
892647
429293
739819
154178
496813
166319
417140
975543
84257
220626
188579
83341
613982
697618
709885
938547
627387
530641
148847
748677
776670
551000
102526
916790
688684
400731
836418
366590
794541
652605
90760
203541
598250
346931
357719
95064
29603
291212
586959
113860
511838
775538
197201
642172
989509
423438
97071
616896
470431
245919
365573
247101
796919
468100
680244
485603
385183
33014
368545
179724
201972
975657
899617
800222
838941
773689
895286
868544
64901
998597
498756
93091
774136
695957
735264
279997
635747
832335
896893
106178
78254
778819
869632
391525
246919
549876
393480
148454
582890
278378
844530
784862
770387
744148
585085
609328
34189
996723
477872
99090
995321
976628
192181
285809
188937
443797
565806
341036
276133
979051
447215
870739
757870
833199
778617
521141
383075
688449
669595
482317
966827
514126
783532
737215
774626
884969
346543
808815
398044
340768
424257
393365
833748
132790
195526
539038
576588
761332
880074
369073
740384
843641
756164
498254
676840
534781
19396
576267
223231
205343
574937
190058
235821
358469
443625
10447
759790
790169
335614
157834
647289
276223
67552
997389
925366
263078
536427
18306
24411
932854
387379
281147
776495
143543
295753
969688
194677
831501
62307
417908
36845
637244
124318
272666
512065
567944
799466
271855
874465
651432
946042
38106
927656
13594
35495
369374
276672
571923
387680
817435
21129
291411
614934
797624
951306
910688
283664
145983
742189
345972
80243
295386
983216
204562
568053
495282
288858
883871
283489
679675
535303
229531
717781
979311
759477
269628
348685
552502
357903
252717
886289
379032
544128
501224
693009
495435
928264
976673
157770
186805
322645
238014
482192
822214
958928
566597
833848
764138
450468
117337
443813
502123
863221
677946
997787
622698
947574
862824
691552
305478
115542
577842
200862
176022
595418
893871
671457
523682
870545
345580
710487
709542
99946
192679
531756
575226
759276
881956
339364
726096
999294
299529
744572
378867
977475
742359
517917
441401
605183
209470
263231
720725
787312
464094
896748
382730
357965
84557
422764
744862
946489
133251
970757
46435
325931
18865
621661
601559
900822
477377
844008
900116
776906
588580
795335
270733
330939
313252
712135
452474
522722
975366
173200
826386
955812
586300
725468
830130
670857
148232
574992
617347
281484
62101
180134
123767
80967
801796
241678
981789
279173
85686
398257
572432
190618
193592
843165
37909
506844
71652
490384
545919
563371
663584
888657
519183
766236
614126
349313
953445
278710
440658
87144
76546
502759
267279
200313
583726
585427
958344
81867
380952
560382
480124
953384
751001
673716
796550
788910
696913
868202
279294
759184
431573
459230
647841
467109
741818
778319
332774
695264
57030
773432
782408
133576
792544
566039
850242
892622
151466
808586
974490
532419
885320
970966
2155
636321
644683
798705
941584
857948
183260
737230
617132
131185
712813
781325
598294
454631
559645
931069
666247
616675
220853
448656
266603
13397
14695
116845
422372
682514
441783
913214
731285
327104
884180
733440
479777
45215
48498
937713
419515
231758
674944
36647
879295
904109
817973
477590
358740
893970
925011
24988
26997
145864
989996
293600
675614
521043
926798
614338
203557
368581
527552
451194
212037
928084
184635
208167
973300
233133
145880
392815
981243
337176
945815
376890
241285
280140
370832
116378
174110
295843
657718
201107
958060
647714
494707
150026
685109
937857
764364
405019
306439
808268
856213
34828
736352
40848
242995
709652
790333
905228
618820
287928
242404
564635
181171
42
844775
552003
116420
535237
847847
774138
736344
322259
938204
747403
472285
623313
685261
236649
28332
508052
561269
884546
542880
297621
441746
302228
7274
748432
207456
626094
552712
966212
707081
733883
966254
551856
285887
82674
87093
650086
373164
339789
972345
827720
87192
444630
451034
288805
197631
995718
796857
758900
396616
856090
572873
354715
674670
580147
103147
398478
722593
172211
364690
429674
906095
847297
497882
708334
446323
101327
358420
819488
441116
847117
647208
44661
808099
614594
333466
5730
126665
646676
280982
523281
19118
853855
877996
693788
950355
497495
608618
189300
669707
489660
618975
92154
336957
633209
316840
783281
734537
675260
602769
175653
522377
766329
736666
330476
380924
586485
852558
507589
749513
649892
547222
768631
20099
941571
978771
970454
439066
587389
676107
625125
77049
295082
233631
414007
928291
550471
713640
179180
742083
316409
871186
264460
599090
607852
111288
496366
194337
480198
520307
943850
130090
67530
228833
150190
9101
207604
636996
964519
311345
313103
105997
904747
124537
339628
835106
569181
890100
548746
748361
632183
381507
619547
412996
980597
743752
524284
476964
938089
520835
997271
398292
650925
581153
627125
317467
106606
351082
470816
71126
178779
783919
177123
83526
424809
516751
918632
993990
923203
983730
258703
71739
365237
878251
1087
345835
622003
525371
339151
76444
562558
852774
991088
213484
433928
134566
530951
540534
485648
518119
128012
664427
302039
305135
264306
243200
338239
182938
753542
777794
166669
12245
849533
48258
406848
850620
394093
545203
892344
249596
138000
454902
102371
129088
184738
52651
263654
232042
109537
265654
750161
237550
446434
568552
542685
710740
811752
397276
410030
565294
175071
93051
93892
24604
141310
500740
391577
51755
45944
283921
817704
700296
255175
920075
829384
439914
489078
609391
671956
598615
875045
422117
352517
837831
507022
411555
64923
318774
808831
474954
400421
983902
84357
494313
524859
742019
511405
432788
310127
73701
716709
127831
773997
488236
564258
119734
928150
53336
729125
116458
168303
120522
54928
520821
958354
561950
932376
23277
397076
741207
14583
313849
241462
98941
808162
282673
357312
835920
715461
667439
909621
948522
795270
199971
436758
359528
319705
881261
929216
48830
514071
97520
685704
568999
134693
160410
647301
67069
183688
44378
324628
714623
358227
566090
329916
682742
848763
687229
35014
80576
354668
944635
29098
666291
144606
465857
25819
980663
863470
471388
545845
377541
568908
231550
946541
703601
391960
110194
287022
92000
670924
611650
322976
545504
694093
652892
744598
59208
856473
779612
139785
211142
724247
168883
877433
385206
634740
419604
882221
14562
890992
428067
392104
976252
175969
854997
196205
567929
965191
483227
176282
636116
611230
499258
181620
305323
668502
442570
364531
524976
222182
20668
252470
462781
189552
646255
364339
340644
582211
246561
355207
473204
674628
747311
965808
850597
602308
162014
934878
83851
161593
627512
719967
289175
643122
417939
594498
311625
376861
475382
352953
599043
496050
605423
61825
201954
768030
426164
542599
350241
189077
897806
823445
863705
161469
305606
230654
280129
983972
681885
363980
661917
309397
600300
951093
468872
534591
61943
780497
911453
53677
649802
510496
549728
771577
88673
751682
539607
31190
810633
889848
220267
224791
229646
600325
386260
535252
347331
666389
35576
29216
546722
697493
854966
147022
648586
323838
681613
226882
620687
109418
280559
786841
619915
346639
558418
224940
614674
98025
256130
425307
987873
476398
650099
217519
76723
552711
269123
424054
735453
304699
969623
282175
2193
340941
945549
167131
181131
143514
394013
801818
252933
674573
105011
389200
21212
663429
614140
152238
761454
870271
577546
749327
863021
743997
483199
939744
813060
752322
880150
548513
57022
849773
347040
575567
190714
292589
742698
888197
952456
653064
690015
205389
327637
795026
594589
865201
974807
725081
533792
736261
111704
111338
1941
974725
371687
485140
914469
184747
753814
310972
249613
327188
677097
596653
902755
867812
405595
161806
272361
358051
814870
962377
79792
658859
273755
190733
40412
764915
915814
574204
501176
27519
201894
19469
2244
573581
504609
433066
274681
774776
744038
524294
101964
421135
637299
521072
805299
559246
682878
77661
433649
14100
556390
513441
672959
346497
704174
713371
111412
136341
803928
612589
163860
5822
148410
682456
579404
169372
115522
370437
944148
375912
411083
562464
797048
564734
83536
118699
123981
282766
196360
557630
813218
269102
587424
486177
615600
291598
715901
727012
944291
519829
855953
108151
525651
4364
306960
621407
173736
422482
991844
634236
798395
919279
196700
111795
484014
796589
230494
607995
595707
943207
681977
408926
212309
269401
411455
344261
77352
127356
71274
21643
163537
443579
646147
689189
964295
953107
826948
138031
891941
335145
288619
206688
254424
485320
834835
738438
798261
65330
346433
393968
524889
544763
319246
253550
814164
730702
597812
407868
374410
185438
945864
537948
629017
592011
743489
593313
61470
570437
247696
953411
905582
536316
160100
160007
537988
994935
898445
336249
576617
761231
246569
617858
305994
82168
871409
636510
812870
469221
560731
187280
654659
506595
241580
800028
98606
985069
909693
676428
555507
673742
629839
977441
210058
306291
137448
264398
817579
552246
116999
910548
313477
879920
528407
135823
962088
916168
772333
774958
385389
849416
478591
556400
356011
720171
872780
970969
705241
782474
647397
777100
456216
793589
754541
182626
99880
408342
963376
917459
960588
596727
344360
274065
476647
872767
409888
438736
788935
698573
730046
690676
547990
724989
763428
420353
445161
636208
391323
666754
935034
555072
960206
907602
348661
231099
606580
448542
639441
569956
882353
600029
166683
226713
390446
643331
99480
316686
598419
404767
531612
328465
95443
79602
53455
858871
16307
14968
11432
407630
198074
946466
962703
158280
854069
311364
905731
460649
276258
545173
546958
158612
661554
713641
901677
52001
873324
1158
368687
988095
922277
900299
832913
534073
496253
402720
392944
512561
934040
404376
436543
132114
867195
915598
806746
237616
743315
712477
698265
19573
774002
761575
694537
435557
475217
596215
487558
864893
113725
372597
369341
36002
272897
202254
570075
285502
604974
479372
314415
539014
400100
750959
187480
783647
666557
994226
21263
926224
223055
719529
945798
997058
481104
156687
432615
472673
752902
436525
853919
382979
809122
223260
418982
598371
941866
505409
883874
546840
501133
198289
602206
417586
465600
789686
201233
648510
300264
222497
574734
39671
942026
36884
36729
939482
193572
985696
928508
462826
938573
298779
845806
747696
38391
781140
346067
980257
286549
746293
43449
304035
460935
645655
721621
442887
951693
922854
91397
768309
145351
182484
807980
603729
735720
361062
59564
929292
863110
504424
392119
801684
803203
237925
549380
841594
19065
411799
338203
821966
674445
381652
642353
651732
543659
363974
94619
11704
803181
702369
780013
464884
401205
587993
584966
136925
465407
644530
66218
328518
148954
974689
130202
468509
728966
195934
826455
748031
124085
164658
86349
798530
62662
245055
450262
606321
125381
61234
618025
928562
279955
914390
393447
681160
18735
978413
818085
484143
139295
400655
329013
804601
375344
459215
789462
104310
171501
615917
368693
295586
296927
971395
610469
875941
216450
577083
482262
341831
638317
616639
786746
918272
531029
696545
599432
66116
674958
933870
550259
330605
334525
395624
135206
709870
371191
924668
330532
542692
56937
699226
838279
870216
670621
965100
746157
403423
542183
744771
261606
180501
361410
48352
615125
408791
744897
214558
991259
936207
148428
541519
266812
999305
937143
918370
709175
308335
359390
39708
367379
416327
255286
722010
286543
925907
687110
549052
845682
229294
293823
107288
926147
171585
155641
541272
96728
900538
272182
87988
353098
936962
145859
619910
936268
83002
538281
645443
907689
897671
201503
791421
830351
456789
513431
633246
899048
716894
182299
744730
946188
992474
368371
872335
164060
524012
929959
260788
940902
202142
348776
294000
139104
494635
430263
75372
93990
968544
237168
518031
382567
438671
825804
729270
411813
339236
878869
310861
572482
577520
571944
518670
569994
940315
907357
250406
980679
837316
27547
437933
555810
892675
731934
694915
903663
162197
770287
997653
647093
7455
32036
546012
962479
374193
275283
374292
713429
670504
201505
285911
248024
289801
320933
334370
746468
744642
584777
727147
98310
612324
165081
654121
504999
413367
349036
925014
91916
635675
439019
739009
159483
471056
801373
638314
845249
593008
528958
75030
263512
730463
877293
511536
536617
714578
845907
283085
975572
947036
526585
73882
75712
208018
728003
97063
137737
593391
22078
229653
745419
461097
485014
904902
448505
286387
543216
810106
879396
72174
885136
142908
318989
278781
170797
371958
509711
533056
171396
485283
480092
214333
559166
72156
938703
803521
169219
76440
913265
191297
822445
658684
652395
307459
563586
617252
593846
623154
427359
989594
211680
828847
132503
530669
623981
819652
902628
133692
352708
590376
135328
349152
804709
694494
421308
743412
14367
590527
819852
927632
298177
642297
586316
466924
466108
666254
84176
59954
289408
511535
565901
501088
856735
698404
548110
480716
518056
967090
614408
387116
557466
749736
736268
362175
960582
673928
621939
491302
264455
441791
418934
78984
600440
521603
62260
582900
187857
146437
642854
993618
174324
208755
11058
31059
423511
559168
28127
457919
526258
642536
845035
600076
908624
97655
478603
385559
771583
100542
876861
552391
58685
812147
147727
659125
333750
209988
758377
37960
872777
401232
547930
47101
126339
558988
594513
66203
118157
138992
40474
160767
781528
401862
760844
206505
499517
239447
592064
787453
856342
985277
339844
915027
797424
487571
90505
647527
697559
848882
201839
570336
766466
749769
133790
409158
825109
244655
475361
459618
383647
32187
620386
681528
434049
897582
404385
933567
653381
512801
721020
509723
498078
577216
424751
811854
64787
515256
459381
278699
364138
177572
365387
130605
443693
15529
539763
268803
776536
531476
728421
160184
563663
865159
358064
514065
762741
278801
963984
416123
791602
201356
442198
289680
778572
866949
101534
359711
898557
77268
154762
262696
254840
520150
909653
698534
535679
965768
967337
312216
13596
695758
988752
93611
560918
863168
607676
840011
141969
88012
772486
933571
289368
214685
223251
67940
81634
841137
944004
980192
918405
98766
759240
173246
135268
185245
871780
670948
667365
355469
499516
680961
567579
4620
290924
644849
867788
414953
484861
526109
502965
257347
459680
792334
988384
199283
376626
70019
40420
320630
566563
475178
935749
842155
648424
71017
543752
36556
258317
211117
392025
757833
408430
475956
762453
699354
120806
146593
630659
605667
672702
133625
379366
648734
442311
367751
848017
818937
954122
404790
655920
37037
879968
591669
395544
44744
179038
939296
81300
437356
150413
989677
711541
75195
465633
990347
774549
102791
136940
405209
224810
325995
55186
120529
974729
497497
488280
822747
316434
958754
227537
488706
995791
623857
596727
391335
668601
775766
846983
266253
729474
997396
772282
441015
72591
754267
431362
363492
857059
84655
285053
81869
410650
856591
202398
385379
354088
207030
724478
186875
165784
468367
675581
677927
92224
788661
585614
277177
564427
432597
543430
810253
946345
315712
251268
535288
69980
198983
415133
927039
799990
216538
525260
726992
73130
244011
112371
427218
967393
353202
614093
133178
337921
806027
327457
430146
594688
429424
223675
675467
862021
767106
485720
324719
599170
253340
860007
669150
968675
275140
112541
768665
491679
154154
495657
564809
914517
124381
508379
881910
993935
638825
531440
331856
444852
858898
278354
555892
288322
502030
747711
666695
785488
233431
991414
384658
3123
367774
570161
971799
642914
199054
740464
650945
353208
236122
732106
784077
876855
240486
665988
870790
395663
197428
202646
356867
572678
481001
912759
377352
983031
660470
44048
284871
410253
551814
669529
413376
919588
756042
385175
78855
955097
641992
729800
824657
394466
978259
608735
271321
735097
274723
142111
130760
988503
861109
487627
561182
342110
916738
938534
841493
93560
498934
126364
503813
567101
312246
917189
486689
68288
818717
81896
23385
460709
328049
848043
855175
306308
973130
642848
41405
764205
784959
172165
752708
646068
176144
313890
504531
92882
768777
862376
186442
784063
505093
206607
351164
817339
640148
354206
885627
458865
436102
425365
435926
764151
789760
807453
586811
762890
450301
628216
527095
235260
316733
796155
397681
492877
110046
418564
102111
395175
280940
288553
179238
786033
11512
46755
119724
651661
400961
5352
110526
353415
430717
62805
633919
220477
870258
220730
499719
320560
365299
26814
72172
198384
822969
469853
691262
449367
404769
309725
360894
202062
598279
56485
504447
609791
103240
624172
777804
20553
629524
888331
890320
576593
467488
40591
313422
337746
261322
813141
658306
142973
839955
730479
341357
179276
716684
548971
144996
121454
858697
505890
839868
973328
562375
344315
99471
181967
968487
877276
718872
114363
281959
609193
690956
749447
649784
4378
603545
427458
817519
261852
86783
173826
508683
428141
869455
741719
493464
14451
379525
352161
36693
219393
841841
115421
563709
941313
297388
48548
334941
16261
162912
133252
141806
853868
399051
307942
374599
2596
735401
708470
780800
338536
398649
289483
766677
268104
547555
776494
798907
927080
645007
835600
146474
486849
951021
226535
944514
764762
275083
795807
297375
954347
929059
439181
324568
328110
747123
699167
330706
998876
923989
111507
337413
322638
917342
620442
590742
464897
913288
906001
908330
558296
741602
571156
561497
208975
314043
506011
973737
589126
818170
271112
59826
747229
226645
384394
591691
490121
599913
438749
488997
523902
66608
342762
846541
983951
479557
953635
965200
392845
375989
873530
467493
633943
961038
28990
842918
275081
51353
333008
380560
869523
120472
440386
133104
347118
824780
724795
837239
941045
163545
842588
464947
230153
701703
827840
730456
181260
297828
695657
90457
673817
85539
557951
307760
46578
586941
667030
321659
638295
38
702219
24170
636863
658957
157275
983981
483737
882070
337572
941134
561967
180160
406082
308473
398215
750274
38929
579475
564454
250938
186285
754623
336478
744236
578735
899408
847529
245766
737419
2176
762156
439639
26347
399019
98596
699974
899352
98686
98396
236924
39820
660364
933437
962254
968837
331652
228881
7766
427480
793335
775057
613765
64311
111535
874353
643046
527295
238234
405164
264714
240411
167321
220705
783110
82692
319302
483084
982045
934340
97832
735321
490512
758196
668758
969119
243385
516763
198000
767504
944243
507687
542561
74360
571998
654096
465065
731397
697743
703299
136561
962457
460062
303882
183163
759524
902927
18817
758960
884972
469509
856793
136645
960021
614989
321756
445492
858375
838519
159844
142231
299114
667532
684792
889826
755882
855240
354891
487279
552983
574542
140193
515440
34605
444075
214955
310481
863354
750124
69442
748326
219633
926235
401324
696007
57576
723080
141499
432303
561599
301344
574534
377065
485228
259326
266891
757462
630918
621782
761094
183901
712676
901287
215694
747281
861714
430649
574115
725069
180774
643557
989747
400407
86144
391071
612766
660072
114151
754266
608728
675750
571962
699614
52815
573542
475293
319706
331004
106211
457840
92098
290113
170517
993385
505807
434150
855100
452808
8265
96521
633582
168174
86268
550342
770670
477340
163108
430743
591491
433726
555823
267242
522040
255437
836409
95582
730730
672468
426587
836942
130308
35037
643407
817177
544775
149214
767680
916227
602022
775945
12748
751957
460472
99016
818651
231142
576356
981759
178237
684200
931838
734060
951442
453878
505850
304203
65813
236580
976671
8752
73522
623332
43789
716929
956861
104916
382495
724541
21143
500870
16839
550243
252827
477311
649260
71478
224805
741968
569589
919395
426168
17779
653455
893962
471658
159305
198166
53823
912238
691189
62575
502112
314521
106364
735394
271383
727633
117889
512276
748776
618759
529115
299020
387938
6426
464632
975768
747584
722952
61710
666979
665473
79489
836786
559435
67499
512444
273953
121322
424682
481495
183897
926794
796016
806614
662188
583751
534247
296430
612380
799375
431541
141495
614747
335832
664274
595731
311600
411858
318684
889662
78837
984157
969152
915623
59944
553003
944419
850250
674326
369101
331745
374575
295896
644113
181189
474436
744217
231788
770866
356597
31164
202408
498092
645911
538240
162366
757995
366192
574224
76679
255855
169413
577188
741359
601389
153484
294362
545808
3734
485040
914910
335479
859616
727158
979593
557157
717946
240162
788946
488813
596759
336462
207573
94851
982373
262165
257218
256720
144709
347794
333399
400564
33560
426939
658275
634949
96776
952638
697109
100510
954030
612019
952342
813646
855529
448287
370804
573476
688449
676102
578641
285208
12564
302566
896411
994937
564731
669981
768010
225792
17776
101409
142709
567688
44701
800984
202637
141477
269974
899746
758339
224005
28118
710681
37651
399999
675320
924807
489827
363769
600909
68468
165329
613473
887386
61741
124763
968469
731722
892773
194262
265850
510534
336971
833538
555235
137955
552527
213064
407930
968626
971404
148287
513096
198437
185938
913095
390110
627098
402923
753879
228007
987743
435561
841481
391482
497302
482596
359951
745376
375369
554213
527579
402255
407536
877469
473843
545492
429997
686907
469774
914975
174663
618061
428071
889453
320351
857518
279563
947449
260441
549794
691809
764537
501707
49642
156019
515361
532238
32322
260738
423959
102888
788317
826214
510424
665786
300057
572268
612135
503317
558394
527110
194332
692807
471533
600137
13159
329052
396052
476960
105845
462199
168769
870382
963906
218411
542753
479268
267001
575076
256358
690960
677964
44675
33527
704740
226813
849936
277009
355301
869605
835403
398763
580290
528211
870297
180427
57722
199349
576480
534682
305194
555031
219804
691929
518937
954567
234682
998205
221569
326110
254563
428881
520426
815590
462408
225167
558756
312345
18528
430409
698302
853931
829172
278592
898494
699469
459020
956216
898818
551852
7251
720365
106883
743407
412294
142172
697974
163328
656730
435895
489439
911293
864777
526217
243236
843537
751384
318344
672234
769912
748753
370537
140196
577925
649129
555042
277395
624501
27611
692565
692705
551214
412930
799588
294621
341576
458113
508947
504905
114843
944843
510696
542488
325972
36913
785724
169509
304650
104068
841744
590914
369173
212281
247462
947099
377762
802505
740846
2264
830116
949763
694969
897682
879046
10910
192303
220622
985375
217602
241879
100218
162445
752575
642706
4769
305841
944783
174279
126843
565203
532375
234109
934377
261008
481572
397828
638770
800429
138674
157386
146897
604789
368708
44579
483835
895970
753234
704458
881345
970836
462689
497915
649634
731617
140621
654403
553810
601756
345034
680653
166960
877409
914762
101337
654769
396334
15517
809892
713115
154191
967278
860012
758980
852338
904591
759168
264660
657825
979978
662357
145014
442667
160272
794648
174284
300894
449051
728094
902650
310438
925099
585962
187847
839862
203651
358969
752548
219168
168861
465664
889711
652491
842028
165044
504830
746620
924212
285842
920797
904190
948200
65811
863209
108472
376811
553846
925718
342215
798292
344721
652653
723392
930683
356852
79606
134335
715821
832154
869855
884682
814170
759567
537174
656199
924611
558356
919171
365175
360550
839968
269365
308750
422132
648926
417223
798943
202772
859293
141158
1065
204014
310163
724457
651050
667016
804063
785385
899189
152569
171592
783872
966740
931159
837398
139291
372122
912106
58462
737297
272656
414782
523014
581407
836914
171941
514982
152210
374713
374275
809720
375778
94642
119884
616587
745692
303252
937002
47429
202441
89572
219021
502665
56312
666533
340063
711955
38655
252169
770417
775953
41178
185199
815319
622585
538466
987260
653919
207028
878326
544546
533100
254104
639188
652984
387044
901232
472588
324046
465013
675030
413618
684035
177695
986282
350568
34111
698237
905575
802632
985006
197880
843810
686558
13200
982747
741376
460
636666
948404
878786
181213
997856
649243
336753
650841
552639
754338
639781
876685
219351
314811
806656
419738
8859
309290
286658
559322
523880
192234
361954
508886
390114
722117
711796
919666
704864
453172
920127
857883
917928
315265
555448
915785
480860
892201
82978
549851
162891
239111
942889
382243
553923
749545
801981
79134
575187
88640
154808
99067
797226
516762
124306
703692
755231
836102
623359
460096
805627
59838
834331
239907
891455
389779
672044
372316
798332
271374
438519
961224
510486
381408
343467
580761
130953
661800
176247
222493
750440
331055
321560
64018
364169
445866
767711
119401
798321
391070
95849
120300
450908
930180
876559
342363
836311
548604
231031
634643
336330
185903
595867
846816
567311
939334
943929
214617
601135
120176
437110
867927
451231
758670
448298
331753
720889
216009
967506
35562
123431
63355
155862
574339
509887
548773
433054
346198
97377
180438
980841
433708
366341
576709
796876
450004
32395
740806
664621
149882
377334
101731
17810
344918
376754
466108
676671
613995
198469
644177
649557
321900
223884
321771
412591
733771
870544
361997
596321
484274
58787
577162
434334
941480
670223
231210
391485
702619
488368
56106
368853
865703
674190
386663
210621
50944
369123
887292
664939
83944
47821
830848
405844
271705
152619
818435
521828
23163
180433
118149
23789
239220
211663
458123
180701
398239
689334
88538
617210
694054
144644
986063
559757
335186
889079
286730
902482
258202
690374
83773
342147
738195
914621
264343
526252
67240
82779
48080
606756
779564
682581
630545
535136
894245
88669
232189
292484
294355
320727
909694
504761
981724
412109
580871
316910
301188
867601
219393
75743
74328
819518
417890
328875
734140
198585
855128
317732
797716
419560
924488
577280
102142
71386
628769
512739
676407
860958
321575
487114
698038
747621
991875
679762
159730
572746
513024
460919
956700
248769
536662
31028
68288
470904
359903
802428
669489
731383
120160
467206
150944
561001
560838
769438
148739
189607
282177
825146
50566
603752
312260
748604
351373
820487
944718
511103
909586
457742
488374
866286
222864
25036
897314
291152
495940
773569
609932
681782
504953
730092
148988
172249
807445
709826
941687
956184
415786
740216
297682
982704
343968
609942
731308
211693
946782
192378
239148
856368
166472
727523
722654
389336
268911
136320
680488
281204
426241
290420
962986
447546
536865
628326
619795
860662
854504
561482
816847
270290
818050
114529
252994
162018
240824
500654
890063
187606
209384
129212
560326
375857
373087
799332
281545
158350
452004
962034
439554
878245
768806
918892
325792
822023
63570
461939
682686
434427
539774
15885
221069
357824
130414
990416
36195
887590
491070
926258
591548
216807
571822
151874
592664
461261
467558
874209
619612
919562
352595
575518
797808
637754
10763
639952
976129
74333
101891
658815
508760
641665
674700
729830
515842
321467
720246
552037
209057
727668
478295
800606
944475
50118
468832
53491
27731
936391
444053
647343
855953
313000
739214
170113
467106
749977
810065
443236
824310
428309
618403
849423
586326
293104
579253
102168
130923
815851
654205
339980
543519
132501
656938
4347
698971
125771
574190
726702
62162
534595
890398
434467
363948
629612
604581
831054
379589
930998
274290
720251
359307
892694
569674
945634
702150
665279
47802
833073
481130
218360
689405
541002
350861
346344
61701
566184
472115
635891
809238
50629
686839
699636
1448
50787
845600
606029
881841
741541
537028
156132
461793
412687
565178
547819
358321
267328
213099
922476
616753
210581
140836
306158
751583
8049
652502
813284
574233
640969
965528
383471
207950
652367
599460
209399
703154
445060
331780
101347
186602
868808
257479
164747
797848
339009
712566
672521
122689
442017
111349
739442
652599
252185
561953
404182
776586
214455
733819
867171
371777
215699
766995
96079
868066
366455
305478
87572
327867
637259
188919
514469
22419
962751
195568
336619
818112
908135
9141
940802
350152
120490
196596
2751
889028
758549
923286
181966
489357
173457
49138
377486
389156
816133
473565
773574
182588
295396
377498
26807
449007
82769
57629
987778
45520
253197
324398
379985
161332
333539
320787
27837
970381
33735
30588
375761
792285
470226
557728
797994
160035
606866
175480
549191
422999
649045
839117
121939
944441
216615
148746
909800
299385
206375
897579
861257
975925
221977
241242
137257
71868
78381
165094
42249
628469
712035
418011
420754
698613
492091
735100
858649
98957
910580
924192
38308
75977
763310
676599
536771
496277
341697
446571
312014
64425
344150
689624
40350
566127
447218
177607
154347
525600
859054
712949
154069
87441
647312
91175
302406
139403
826275
161055
238360
253207
85248
793020
329184
364910
469619
865955
861187
811316
312527
689554
875741
173029
379178
916091
739157
826396
610051
409856
351996
985457
122805
22417
72898
770117
629944
375304
909520
972571
52712
664232
742130
654312
457252
71315
19222
926871
453622
396761
738188
766149
86315
130281
939179
465493
562725
194688
291890
172776
120896
160238
674585
243702
699008
747483
13819
845304
639139
439692
334228
208203
103924
76358
862515
561177
664025
398089
4400
117648
311203
258940
883797
913870
389222
339328
895716
951947
50368
703958
641075
687617
380548
315660
931319
595908
579495
461490
441213
218634
901182
291793
943190
521459
368151
322057
82636
32177
720147
603388
666177
547702
862329
549974
461572
251551
405655
357288
203498
972375
61246
360925
176344
958147
676585
107663
554055
256080
85506
511620
991066
986688
803413
934256
24499
687917
256314
623487
236446
492813
226876
902623
40515
89205
968949
18439
340756
890956
892080
60606
379684
469678
421531
556028
427825
98116
663692
981881
870548
749198
493501
861614
252238
813267
795871
276738
501184
568537
900225
253982
61350
643453
156605
618217
732658
125554
153008
589766
532863
45088
166724
912547
31119
104607
468575
458944
719075
648619
957177
589623
914169
967031
451238
166408
780298
247109
959498
797834
815646
376075
51816
393348
19529
724773
11565
752187
850327
164573
858306
383190
726014
25030
812089
757133
129638
280665
732429
848713
929284
689607
438337
843454
172990
889575
526214
953288
653036
485712
267474
468682
378139
835642
378382
397668
560415
389947
666208
927094
70872
524514
826637
313238
65896
638726
70371
195534
919391
319153
44248
365028
8760
998937
724834
181750
404864
251048
651390
57900
253112
435216
42934
147603
270858
421316
545272
831273
811263
727832
758367
398487
768698
585004
711726
834594
740083
298449
30129
659474
617602
590729
540854
142714
106018
265688
840816
510882
33088
8558
568782
802552
443774
611716
950156
714632
33032
11780
545905
360647
255964
820625
275486
24662
921981
503564
859256
662064
318366
889385
837891
452320
996466
378745
111387
102484
160786
952203
613366
710226
960762
698500
29131
920888
826568
495639
635521
375952
507419
697778
252951
279735
34755
528438
304397
956737
548354
163653
618801
866720
569391
456692
835393
565857
351790
946780
184694
28928
898983
314412
739154
376097
12913
768285
296986
355833
780276
448859
731786
287695
146637
984737
83782
697745
29527
388179
654482
577882
551833
789635
960954
637576
762680
796347
719785
114470
743127
904479
659750
158463
735244
398904
534560
748157
683542
347898
620342
463818
313109
352128
267866
976099
853218
351648
673844
882745
256180
328326
460627
324365
117961
937934
961941
396993
734281
681726
511463
477409
102558
687565
152224
837802
602822
203136
102311
802716
551035
722653
266534
380496
74782
50752
356595
928000
918753
30439
327097
174933
358765
787725
15650
993079
725659
977591
390072
976292
659317
417888
970053
761875
105453
122277
116029
224627
325414
218340
27343
392801
940994
810230
773297
532128
860982
129893
976480
296087
676684
303577
987372
35450
607654
3022
544881
849665
980613
451305
825958
156283
385545
312363
434510
7351
434641
550540
231978
276407
285232
259322
185560
226226
69552
958857
274706
446886
605102
251186
742974
281787
554764
246698
833589
678770
249721
894822
528436
746686
346127
870746
419321
731673
183109
370184
739024
617750
437076
971002
410509
722308
230324
596069
464887
816228
71279
739593
263115
676381
507132
522441
474520
578248
769139
308109
257018
535212
202931
785454
798251
65411
656200
217572
797084
839310
587756
52460
973412
24832
23462
383922
263493
770139
979991
728380
586367
51270
984325
365834
244004
491457
888275
718524
69705
173767
542986
326724
708979
262269
628530
507230
844032
284731
241155
641116
640393
345263
693576
130157
886448
233391
514079
149941
519882
10423
394673
622601
578045
378998
988436
338401
870456
393063
56926
940161
566830
116264
783237
275810
894885
411768
299392
738918
212851
56899
896386
369596
402163
106315
499753
804963
856058
530185
471256
375940
56960
865929
514893
635005
244927
503329
973407
631735
896393
546685
88249
463223
179301
871486
255385
590538
283254
554778
845808
12457
128029
258547
382053
530192
364862
398159
851507
737272
444696
322763
113212
501656
188692
144457
653013
949972
647787
142772
581707
60532
205809
669956
523755
901462
541443
295493
492001
341049
366623
854161
869859
494652
112708
768264
541197
477570
682775
392704
731194
127471
715468
360758
145479
904160
505216
314845
370484
153003
457617
952192
729887
179779
138500
253642
81241
679943
65487
89594
537345
432110
943756
923556
926763
56464
691820
467960
50387
374596
860664
781581
18419
92484
142340
163899
512997
647556
478744
883481
316911
452713
835673
46798
632492
974174
816792
230086
170469
882280
319680
224166
830742
779788
147722
757505
352605
839543
741817
402992
730491
118834
700925
748910
211318
359617
912809
724315
523525
907905
607797
356788
360619
959822
403586
509463
933996
736731
739549
620818
135363
575582
844984
966105
355370
509059
239963
707975
864954
981780
627319
595445
616966
844597
344355
828285
204214
773517
68952
244092
681422
676749
600880
558393
636572
520819
67857
86920
773902
807406
224090
909265
382988
585427
391722
254711
94486
631685
479038
959440
129818
106358
71237
746784
467307
415592
91421
187873
705461
160374
431965
386884
353475
549198
945277
506399
70017
529486
109672
843919
853245
333762
269536
752585
435541
661258
7296
530027
292944
486335
5819
939114
109045
77056
202250
576352
9001
293672
280577
714462
970398
712543
617698
323873
778093
79328
346625
364462
608814
456297
208381
462059
306411
994269
214645
741953
655527
738293
271980
464823
740980
794152
920289
850025
387560
122540
942729
396561
932564
739659
111024
902962
968554
728722
743187
746647
324402
89812
111109
933217
62461
835842
911628
368873
830111
642625
110826
1990
380919
899158
983166
121899
209662
903455
488277
597223
542347
947358
993784
474911
203369
621160
894225
171923
866235
153765
918570
190637
243577
29679
640206
822391
381873
551835
191264
728336
194460
302090
730327
91731
717600
229845
729983
927263
133300
734612
524486
192000
198322
518270
666911
401692
655783
77489
573615
522018
231254
8538
712655
991183
554569
352862
813574
936443
421049
4838
664779
131861
823280
911458
223593
57233
141303
469928
984496
790956
204540
25334
982956
919214
59956
166219
320906
715739
243708
410874
237757
474962
419412
466765
466146
973981
335979
796072
426776
757028
800911
91556
405241
140543
519366
145186
197776
177022
615114
182272
484330
336006
207606
983638
255221
267563
149857
92479
499654
393566
503353
737412
384880
439117
720529
367378
929451
56508
163451
356227
329888
480714
964135
251481
621257
483502
396668
819034
176876
11782
517658
661206
864141
241617
644844
635714
25532
311053
728193
525186
220971
747899
778950
605852
703368
15831
489582
632819
588691
653033
989047
434931
133747
953182
686413
271357
953036
83081
606743
129912
611215
640753
307470
475356
882370
468666
111070
424254
779720
355616
465793
691
619867
761095
122895
323235
776927
612478
472407
365618
781863
461454
800550
431963
930988
486963
703320
884025
86396
826415
530289
697611
467168
354112
689320
349539
822778
316742
290145
118850
672358
755938
635894
808577
517034
758789
648165
810313
887619
120572
175931
185835
98378
492833
617798
29366
496148
837470
429743
582544
663885
476385
796508
131053
830497
485828
996944
169627
802570
803442
804830
991281
559380
440724
799858
592766
715865
964375
403079
119837
84947
95363
305672
699677
104548
923470
729044
117049
277292
675139
699593
941177
151524
12453
588582
498373
14633
101879
184353
817204
905321
989183
324837
981053
946259
124695
90172
662124
605423
9603
781961
206722
104966
87633
906400
725867
527455
151796
842916
804747
826935
58861
262276
494812
71315
367211
509537
85948
469090
210242
419504
890763
199425
744341
871816
145684
385389
478340
324161
990812
487944
106122
197534
109262
710108
620286
835129
237563
772082
194397
558663
115370
253259
337291
126534
840926
704502
152423
443226
173592
362666
379083
580707
562091
123424
968876
224128
25165
447216
548289
532329
935160
654411
246216
44423
880871
866502
395904
118435
154937
590302
193450
786659
359913
530741
913193
717191
235244
65616
676769
925188
428282
55852
505896
506726
695629
474772
730854
720794
921988
795495
769476
373501
966258
15692
417924
847130
398546
330180
481917
553483
436834
675367
340142
796747
206108
769687
513938
957704
835304
190708
882893
779938
762912
905141
286664
458541
379913
533870
695688
818253
329365
465164
191754
811976
480856
126030
659106
879402
456211
141023
949238
893045
332742
805732
206145
538850
575420
236435
12907
927076
943495
895800
707014
706408
800941
510031
164949
697206
43901
860637
31811
889619
325801
739918
701595
323009
865948
877053
718764
838511
18076
668002
247909
350818
990086
970406
406020
565506
206841
418927
492582
150337
831079
715949
373097
148372
225980
54398
361930
786233
915036
393742
192204
757189
133660
893799
596551
515960
770852
831667
870824
305280
16021
118733
172450
6107
605491
94823
571614
812332
30102
580548
479021
377534
296497
368470
525906
38829
422869
887837
341415
854257
797931
533619
127798
931591
427419
724349
963903
714623
556016
834727
536256
572037
469812
225058
94497
75303
319881
666111
887636
866336
763011
883009
243870
575861
251480
286128
131042
190701
690317
472457
44958
488248
6077
172756
936191
949848
413458
900095
180823
485826
734822
717079
574216
204635
458490
668713
796290
294723
851176
683926
161059
614187
83288
404929
706400
851120
207410
837443
41821
897727
309900
603131
385976
832329
292239
838519
782177
705697
738614
963001
707876
989789
196432
282092
710776
654922
950805
507066
949646
318333
707345
627057
932520
306985
548339
155273
674457
755749
992716
232630
653476
818968
835761
555804
651298
128000
394324
433475
350050
649290
912828
574278
155431
109261
856370
382559
280535
323527
889626
746533
641860
113323
373591
90732
420308
921930
246005
94765
194031
755073
327395
847507
574042
679508
919664
225340
323860
313988
658815
190262
479630
571644
764540
635062
197257
137262
17621
477792
977141
423599
740678
619001
536922
114269
226086
473582
552551
988443
84699
746582
743517
928446
110441
317559
607954
30105
542899
931815
860445
718066
638429
340076
806062
402970
491490
3319
56584
25463
997464
33726
449063
738142
169079
502337
368763
395165
492272
437666
383609
576971
700600
643478
505418
811041
961037
629724
357499
20288
561539
217944
738354
716321
74372
544417
119291
82214
547736
175875
107678
61552
725953
73093
316046
895033
91782
684809
806550
584054
638827
706511
161026
339427
349989
182796
666821
311026
812520
24320
847666
890412
758616
586021
606733
832989
130438
242376
431555
194526
418251
539233
772431
144205
128678
88477
555590
220461
773287
362140
804515
928466
68652
481893
267894
934993
664689
934715
762372
993562
475387
610038
883974
234003
196059
490707
583344
842849
733083
14900
553728
667686
70485
326159
328243
199164
414636
883833
419625
704275
762326
740492
632742
347330
222386
900636
282323
403427
351703
44695
396989
343442
654734
797315
93797
367145
804374
677142
209995
53809
208394
280075
237848
795231
606234
566091
510747
20870
966277
446724
725146
244955
187217
874240
592285
925955
291228
874608
845734
642931
919304
242724
986373
574038
556391
596522
457535
360766
273664
667530
414575
998410
947605
652423
309994
70191
734867
820741
91062
217496
267466
332560
462451
454683
206800
54736
896990
498028
929344
742724
657311
365000
501800
160036
455390
58192
756558
912926
418958
546575
96808
349885
61337
44414
518661
371331
114605
253528
192073
722019
471024
459539
570931
449827
430574
294083
504563
327564
308463
950259
586640
965774
831612
88441
642162
287002
146633
398721
199928
81943
461648
813089
431828
522985
857503
950489
410669
488460
720369
602742
726832
707745
578633
814115
157572
525559
108199
178487
369475
416662
645099
956115
898789
476711
44556
540951
280065
707541
456024
479994
789484
434024
293083
221313
957010
666938
688154
884031
671750
924876
3125
914934
632621
98110
729050
306546
623669
837249
485033
993144
770263
646484
949259
669052
123195
510168
726356
403261
217709
182380
399607
7194
616405
209042
744859
89767
392332
949365
490150
580434
874241
493275
495369
23215
591385
224419
329761
731406
578020
814794
724550
864635
461279
190161
50040
100826
216681
776396
504087
434391
475128
420046
957937
607885
145440
219148
214004
537772
168513
704154
118207
559107
713781
613576
582322
305166
354347
912083
36572
448719
243229
277474
829706
220860
983988
879746
321687
200669
656142
342126
635060
647623
762173
109349
255508
907613
328497
469513
961738
13363
690019
79945
572470
403801
209873
154792
225319
80572
66875
778244
45643
310104
572070
875349
530965
556058
271448
369004
756728
443942
711130
908140
91565
989655
17490
347074
413621
345987
332939
891711
359350
539310
971656
448172
459463
697881
602964
684783
294805
186191
979379
856800
12648
551449
248501
59965
107508
519949
428969
380588
963892
656451
288728
55457
646107
822570
918883
576080
684910
768174
467791
560612
823837
955799
8785
283300
170032
611749
484435
464837
797941
463814
321637
326941
531616
570138
386906
155476
606440
815875
536064
570332
472326
824792
625789
634785
647363
61025
727217
848625
345551
195008
409237
169388
667159
418022
452689
837191
546124
453476
302028
860417
917291
140017
187358
965259
226508
574264
120735
832948
906491
656799
919632
378817
997943
545421
529955
161658
122798
257172
10283
468350
968533
419521
637738
635692
353895
606779
472884
900019
60256
291264
760436
493899
947634
947794
459158
690494
38410
579893
523442
944901
753044
959426
840071
750987
21199
370026
428998
143998
143550
439281
612348
112083
375154
766438
747776
729050
373218
737012
145421
949826
544628
905858
443725
492262
370004
419235
182756
924767
515480
222550
869668
268524
181976
226091
535863
203176
596117
481213
863526
739668
436847
992226
368103
812001
758664
632231
57403
648234
369243
202825
598060
913872
625035
558137
922486
511391
977372
621595
952510
492852
360497
338531
277728
58826
564622
329944
262002
677092
811157
641880
933112
248004
634106
301215
576358
909122
933447
633761
557357
819042
352938
671769
249266
494325
746259
171753
522069
239983
309700
474579
249188
670197
813110
526916
729023
377733
856860
507377
571177
184370
149257
504289
432374
783363
805504
8732
208838
255303
158846
282547
74346
511784
470668
323612
522462
216927
11717
44531
456911
321417
519110
706099
991615
848573
749367
720638
742658
122580
228016
313835
306950
893625
818124
255676
676989
623628
780761
402179
395284
939607
684726
469630
967743
155394
309594
490205
372322
321312
534736
345585
159081
570199
568036
150696
418772
317403
387687
161430
439983
132055
475265
263285
25680
809741
35314
219021
949721
816075
621200
345005
272034
305926
330987
239777
461321
640582
729983
349995
478246
781071
695580
637327
351270
263616
304376
770042
97371
692063
447824
53707
824118
923089
316992
849798
249182
868658
585172
198904
684733
206372
543909
956767
28651
874897
712897
489972
31831
442880
356319
510077
223951
51899
147404
91574
831867
451780
861616
929238
660195
825793
982945
484313
748882
816290
850464
514417
684948
951988
713321
886034
158360
257230
359153
703363
648479
72050
193335
680310
31282
66006
706739
771586
634257
370496
863160
466124
822276
241128
911715
998824
66921
894660
999489
332156
227302
366305
846573
428603
318293
559894
830989
993006
333476
190142
696369
981956
778545
406057
178618
809827
472063
885358
581413
106321
255854
444573
572445
594482
685702
512
593306
268975
411525
592796
601131
638827
475453
447704
583782
793747
7598
414771
786753
341075
121266
483122
839383
899811
889179
18001
709638
877595
419711
807404
983916
675565
251977
72713
786400
454031
73226
379706
723007
484751
488854
840490
639930
964308
288195
740065
274407
812145
154836
61160
669572
276102
60634
508955
692265
466166
43309
401904
343761
463020
725660
844029
654938
977637
433094
441338
948021
22672
337396
187380
23775
342603
27870
180058
823263
832417
920123
97670
644563
74959
158830
314135
867414
735816
823091
559679
201982
382752
477935
62095
845772
203595
906124
17062
697585
855571
458400
161958
878243
312149
349338
902019
654752
893560
82077
478015
725978
2200
575685
886893
593511
250867
201028
460925
986683
540471
536957
188666
923223
531244
767113
285348
734840
673238
302410
948777
528809
277163
110735
923404
589312
976425
825423
244064
386337
423852
722079
628667
942404
814116
515560
535916
581335
716589
513193
568018
257060
50150
273036
696636
97747
40150
981984
348939
229740
284394
297716
274901
561557
924803
198305
667221
417580
23729
911285
320269
963933
149716
948937
906338
480184
464497
442254
61519
181086
471799
145890
954499
38302
935278
651135
136049
491780
149471
484988
721520
950217
299056
996421
28127
740211
194727
695348
157791
734808
606634
478060
698741
272702
943349
121431
752887
407847
80037
330758
105285
551837
476648
59784
590139
928279
227271
242540
420059
376742
727528
141580
326960
542936
654353
355087
283147
849080
50435
957290
100240
173421
951702
315334
446124
895052
436765
715363
302899
516803
562473
408184
68640
555474
984321
175131
483753
211592
417671
903812
588335
661551
45392
431647
204487
216098
786734
3986
581530
353521
961276
681771
526943
429330
997105
489419
840734
433870
721134
659985
467025
283607
584522
535665
839081
568843
710796
322834
780435
644819
742999
885122
306370
304743
316769
510857
520841
619855
514843
102372
973377
992471
784143
500320
938154
297600
506091
778888
247822
227225
438874
714848
27184
23396
766865
866266
592239
994014
705452
889026
638833
448451
290501
945204
753195
123622
972413
274036
743478
3609
892760
716855
512432
193255
733527
450586
490855
239618
229475
738678
983195
668349
969878
10379
691745
253095
876645
800336
247109
98450
689362
402295
63253
496215
863851
816448
619838
836264
606837
363316
356225
499597
596523
868658
692853
330050
319244
700060
86020
548719
955090
69215
733420
924968
79594
425165
694416
472592
741853
941525
571042
431216
343820
634295
443783
207671
967096
63621
560288
573933
426937
916513
589882
23460
301523
799087
869862
620768
499148
955882
685839
970590
541449
419260
411911
621044
360777
106327
93636
102631
47852
181030
50199
908025
331677
493982
632048
298773
73956
192336
389058
500893
625202
495293
40706
926725
294380
426920
63845
309880
899155
749685
280471
440604
685297
692382
578000
46074
315061
187988
665057
362913
369018
231608
787290
217048
241943
419339
515821
315899
128027
421232
333144
753229
916525
373850
196307
727257
317123
260152
553490
216278
9837
350313
173234
211486
559047
751235
257561
874108
939223
438970
753373
824594
670579
540664
41642
912522
476355
73815
228421
604382
495047
561565
873964
927924
451768
70271
171534
285243
846775
241376
17873
372965
591689
191107
584451
150736
942342
358364
541196
397918
797335
294569
222512
984266
351585
780506
413140
827940
370673
157913
432323
865721
235830
822639
309997
687598
409262
997883
489193
256037
239259
507066
629002
347300
698174
729806
498036
156868
88170
555584
71138
401857
850154
810002
386123
201739
590508
799263
546032
961182
473528
494707
343255
709359
317346
169604
913309
726608
683840
402503
498997
923099
909569
644352
270400
124095
374158
284788
797316
978680
840373
868454
896890
206879
194809
283013
924970
785317
598629
471002
262851
72157
482061
122458
781516
799407
808415
211178
42367
492255
613681
57717
931706
39602
702069
202106
680050
592579
3247
477366
87611
843620
862172
984501
566851
573333
783867
491821
875003
898848
479176
137854
487357
961237
776665
785226
276997
585080
996404
835716
593687
610085
893433
525393
166039
111854
243852
846089
220785
247099
839807
308397
607071
218332
809250
173922
791665
109469
182095
666668
8317
661271
320875
495675
138861
613892
797253
932210
198972
793657
767926
309011
920094
177712
834404
86133
289566
78256
448575
26704
325355
288382
851453
932426
23066
177055
622700
331084
286525
804796
514104
294842
982419
834979
306869
637632
448871
104122
569842
164195
897779
337769
989558
334225
515481
823963
420359
321399
902219
385286
864455
743927
190020
715908
192705
213087
409316
331758
544171
695841
136554
58275
990683
635325
409607
813905
272958
374830
918027
842800
55378
332159
696921
44936
666384
728754
868899
603095
566506
287471
988381
430961
547750
694754
663222
740455
907841
72538
72213
968364
768379
725119
542991
275414
876797
468950
605671
149755
360133
40051
508907
415511
372210
205829
460447
554946
934583
845699
674394
501089
649522
179127
448403
197272
873881
627977
454079
298074
700515
42645
782790
985246
284116
325782
777012
160913
311084
382684
310668
671217
422735
335928
86728
311297
541757
63528
382595
992692
425579
56989
493782
591453
752469
458537
305077
626350
86514
275508
924425
303381
318153
707215
804979
118622
549349
98343
279535
376786
997379
106556
48003
936466
442484
651084
247763
500593
230964
146711
493285
172895
203700
503419
764348
956169
961956
69425
98872
564822
344933
23297
868203
179439
246864
189534
814413
312566
287878
93948
689352
285257
716856
253707
221724
675692
421143
985839
176285
652107
132550
185923
825002
852603
689342
589350
808772
167651
175127
907644
248825
36413
447293
633381
732204
210510
822915
546617
39428
627145
156917
245132
912403
390126
498839
650479
65818
919983
636318
758456
88442
285221
460731
913445
137824
150073
19147
946596
834076
710627
370593
82902
747040
334238
232635
995596
61100
55550
542213
100528
682696
699130
345660
111451
89256
360852
761930
671427
797187
914600
946235
885629
199821
406966
315426
337645
73391
850926
800594
907468
77905
687539
506722
824945
21777
739357
820541
82878
311259
879106
699758
510307
578236
45419
621758
183845
922623
900040
855272
719810
814641
801507
121791
14462
208473
953570
868460
281864
320848
669054
705684
398753
356593
728758
740050
894722
984467
560591
977600
295727
956049
193711
806034
534285
239130
944145
234482
678105
844185
606106
914267
658826
407613
552410
189641
132438
505980
574453
930655
826828
243507
152691
225581
116452
881450
965631
11174
865917
42574
505127
677996
514975
698838
484031
565613
454320
428176
800095
132425
788713
406202
563044
447540
330167
115454
153533
462606
137787
727986
909613
964615
487845
62304
706549
604297
943754
188532
131823
326024
747459
636950
4020
262434
852140
4403
828047
306460
432579
144495
955237
221293
550697
518281
185185
397216
150088
855070
859822
287875
99408
769435
252490
587253
348092
475391
191550
808198
180276
839725
134222
927735
476676
138243
706521
845168
142646
50921
151629
91578
195416
106866
829223
262465
141500
530760
659681
291588
385830
35856
579463
485238
321643
348305
588843
669735
340049
296745
477934
520325
136470
128508
964412
129498
266751
187285
974667
925750
238206
126296
533680
949974
749514
362903
728791
407366
893663
904825
698954
795845
940681
794769
797435
778676
143075
386278
964764
999476
683023
959050
519801
335845
87558
565
465344
870662
187850
440011
796412
942409
82659
330092
892383
348525
209347
137527
755892
619362
42352
971198
415207
499385
765968
728994
278061
425395
631624
759177
424871
830999
718227
461024
166844
805786
461589
632188
676448
649439
588551
989212
591848
187562
835656
584
536088
45003
138111
808332
664365
696815
779530
595924
712552
545498
841270
506965
487245
472894
266143
912116
303893
984370
889492
987089
306508
351081
619278
982956
516873
724181
488520
625073
428096
324176
142009
964184
885531
280120
288868
66248
493287
68398
178524
205839
130249
19794
712805
617494
9040
978948
45963
312933
479670
935455
300023
786179
802889
435653
285487
319762
676186
290360
461187
104282
614536
603197
584818
16420
399669
873686
82668
892957
942085
777545
615148
588686
797339
844305
206180
806380
339605
768495
635665
819276
703951
452040
605455
23192
887693
407294
859306
80232
697654
320493
184514
828543
923690
285685
844963
323360
159371
443983
732669
617808
221528
347817
206494
535220
192123
412675
857952
531728
697522
493617
867356
401473
945658
989163
941017
349703
396458
800323
946287
610464
120817
647154
439007
560859
932839
800322
884219
92210
760658
133240
710019
498538
481058
432865
33758
189533
845540
408062
237613
59415
901680
621322
460888
363690
610485
918258
229745
523295
718581
176033
650112
839398
823187
605471
400258
756026
405794
800829
364588
682804
934070
590959
181342
931480
23825
731453
637365
385717
139515
391330
445132
557547
12652
422373
921237
139490
340631
667335
179137
59212
359720
829249
414963
699259
434721
331573
971637
840515
648754
336225
39671
582824
927185
737365
30656
467362
468818
668021
853079
124686
575704
814564
682233
588356
236937
119823
244198
577568
303510
423336
153132
663230
252585
84447
362489
687306
932372
334126
44173
581127
186703
600196
680303
630240
337562
710960
97602
322732
895333
467034
447418
471037
281598
646004
575746
518535
765827
819944
612455
69337
759632
281939
248919
12218
366387
611408
215876
298759
461886
776402
396238
648589
376598
76542
278830
714160
787502
376432
36893
682835
843466
663
670225
641416
646667
245971
159951
928846
582267
288758
514535
858252
87050
763454
386822
969789
374862
602698
784900
836748
895452
181139
485338
272051
257681
280520
502563
561535
173304
55808
760722
16771
56472
430947
174539
219491
193270
850843
148338
291890
139601
662873
150142
743003
426328
536964
712792
317542
656014
497693
670643
551467
678832
672333
823518
452865
952853
842433
14400
126157
898242
775122
659280
471066
206070
833820
690557
915692
684663
355247
207582
340616
18121
357724
83620
960801
411040
796412
278343
67055
294105
948986
618522
489289
621319
958392
942154
574172
317177
956554
216682
215419
731677
875962
202837
454099
226134
893395
369791
910797
764994
93726
767766
783115
967802
367738
743916
378843
164150
538612
962250
974608
487598
580772
980249
625270
55516
922404
715794
889045
395310
932476
620817
643339
324791
823654
97438
550925
233401
983582
978075
998396
77308
745841
781511
45110
629931
41780
423953
794081
580392
902555
285041
584342
483327
265291
725964
55195
704047
441759
944241
99357
374235
81410
742697
215378
905064
840135
766304
138466
340069
260731
653214
417377
6572
951077
978840
152855
992857
919145
946936
89601
821701
748330
190296
821380
13621
916260
392928
717668
358019
853521
333377
248607
934931
76074
463985
839995
432562
746641
494813
772631
7372
148027
706361
530296
99105
685201
683151
608314
604346
146440
697916
942399
894770
404564
763780
424743
320824
156708
142411
678844
10229
475788
443803
461512
68215
424140
301507
500777
170782
312673
273408
694506
460700
496121
224803
76157
181322
907954
684472
302021
570746
898740
244420
465516
303304
524552
890259
140480
197612
549022
335676
724193
541163
779479
185705
609378
203620
3565
626507
890754
316238
899915
585260
293290
396037
326415
885800
93711
234370
570272
912084
321468
985364
156505
786985
805020
197409
193596
945500
395022
742619
281177
119215
800134
577008
821273
925864
296980
824838
552371
704086
657428
968638
289347
950718
881027
615762
836518
974739
366484
923142
403175
687953
424858
559680
991290
229878
273442
184886
691731
184816
443857
489260
820383
243991
582620
641656
169855
879601
982846
238578
100039
640274
207217
389386
107345
88244
521501
943863
579335
404337
383358
982511
608642
808216
58543
116284
554447
848337
817523
762530
33153
261380
251790
853537
21724
350762
495193
707931
230363
478040
946510
846755
634666
153727
752493
742011
758323
790346
202227
854011
194684
585585
836522
319678
910153
411417
952315
464600
259755
769838
743482
292908
31218
511624
146445
569294
862387
157991
277226
609102
152383
223736
455857
787049
893815
208351
529061
168490
998697
731288
22501
709733
316873
375375
545764
743378
786793
498079
724331
562900
267917
467813
855808
815487
979438
518606
384782
841825
676597
178360
967279
828980
918448
423137
132381
812263
631488
661442
497105
146537
909082
519607
856271
742307
411334
402035
485686
714479
416466
210017
277379
200735
194182
133188
16222
689972
168146
917356
48149
361095
95716
15429
706427
14164
438566
838808
342779
586406
16603
839885
732943
925685
875844
105566
667993
287178
23953
153679
1658
440419
880048
795389
641154
590582
444929
173729
280555
613075
91085
328704
974170
703154
344133
680597
233670
299051
35758
576450
885457
52361
932687
134753
978046
808531
240319
162391
612061
264273
316070
130071
221044
712470
925461
378551
303053
886742
552280
583608
499818
159717
428664
990340
379223
772798
187290
612894
71849
223048
705696
473659
791761
638383
608412
769807
963266
365083
932199
91679
629356
764621
221751
366753
993444
663564
745304
296497
550306
813936
396457
566476
973653
341473
556817
352877
114271
260459
482123
702473
483507
187819
692484
275268
826202
300896
561427
305820
665979
9978
397499
811688
290952
135602
694793
284396
799166
440097
97245
865825
254033
10054
948653
744038
351527
505470
96915
465799
282281
95390
684624
765788
283209
377108
557408
625763
194356
635188
931583
376687
645166
329083
188375
936118
464685
883168
736866
780204
839617
834111
162381
93650
844165
111034
354041
195693
132857
450956
177844
415138
546347
378820
697279
345908
755928
771039
971672
466636
406227
903255
843323
567746
748690
548051
20216
213376
431219
757083
509932
787189
591194
672313
397191
951712
783347
751232
663757
916204
718541
841601
331343
781240
736773
544974
127148
9053
316013
98820
475689
238593
518428
319012
806339
267118
867063
342907
996846
814635
99990
506778
601824
207537
179091
515367
675601
478791
266600
339358
394995
985141
697311
242690
766381
434084
304016
409881
443137
620030
25054
918826
858623
543482
754190
181314
326952
621254
524221
323799
952241
140564
346929
70417
348101
42373
585784
23702
521164
852384
363060
432511
353877
576723
675202
636610
10807
979218
46492
970296
115600
71546
405474
490575
131380
159664
671889
458332
297270
712463
298483
249511
853027
161765
319928
201128
204138
422065
741182
725302
274449
620594
157813
144679
197317
349367
781289
208124
844938
344133
694772
960538
932031
100246
451114
63411
259910
639355
38096
557181
351818
852931
323044
204845
14696
159325
922325
218834
581390
663507
944136
372191
800453
618302
516870
997770
484021
814512
722246
328959
158645
417018
805850
607029
517264
773316
670440
293527
412671
224888
850708
280842
77820
690104
485687
608868
849429
924365
827703
430819
104224
288191
803011
904678
422845
836233
902448
906867
167097
141047
235826
325743
558065
41676
449124
591682
331344
119564
885209
744016
860805
252269
541210
454977
942373
26897
63845
791803
467614
407900
738974
571839
212444
58337
476517
635289
894571
895317
542156
61668
36364
294335
903763
110782
852363
352887
218816
183708
988804
104025
444076
365961
872646
985286
820938
815019
528535
884783
123174
996150
809036
378501
567989
21480
436838
560858
656769
331409
972527
715278
909430
525244
9613
813193
636026
378328
682433
371194
562036
187589
991571
522464
553550
864217
507750
374488
195588
36286
775623
835115
548788
584659
213616
633129
606139
650454
193987
262909
498216
166514
978187
407646
691758
504152
737191
844136
882480
419624
731682
444517
607213
723253
966981
160763
587470
991084
51603
299411
543722
827227
134526
92510
411886
348142
725639
18026
998596
919626
797287
496812
602492
775474
420810
810603
795978
158002
171091
678458
93978
902774
639327
701192
626027
122661
378307
729850
113745
946263
29261
173819
773490
680139
266329
185376
28281
991968
719754
543229
427946
517041
556394
546790
808867
493556
873745
604845
651558
44837
799656
261889
463963
955335
479433
89990
77996
857740
336192
708093
804003
881805
881912
93845
78296
664593
279222
106577
172913
515328
166159
117211
548722
238905
664002
357589
732461
537747
478787
900372
98936
794795
162261
562899
750130
641694
169242
344479
15786
505434
52572
336142
903592
450837
429987
981888
115430
225561
604818
288344
740890
287329
405555
289612
42586
585909
163553
775047
640009
158692
191771
738945
953487
870384
301845
703618
512078
987439
564449
44217
9225
617021
380359
912817
584210
326698
411058
699641
552260
15876
504337
809502
819557
426244
615466
862143
528506
295371
153542
168515
454064
345314
907460
407551
215698
725657
627521
244129
229448
191970
804698
238674
325344
185057
151491
909554
28107
78901
125547
96719
611129
146236
906221
430686
572481
38039
809181
100987
333411
962724
785854
787475
824390
693314
711378
40088
935324
855252
800569
681124
563574
605267
919798
405270
306676
587642
831177
334784
666543
956724
431503
277673
102961
854077
224711
191794
892116
33893
809133
741879
996617
594987
45706
821007
804653
273437
377447
739977
645041
694369
937454
208615
815988
857252
130238
639017
444894
961415
490153
627790
918139
438008
421815
537452
292085
646526
729246
700554
196771
538379
958785
709740
649718
4492
47099
454372
277929
940899
710701
922970
635268
648155
647937
967608
505408
778175
606625
950302
255942
96778
94444
174082
534787
516259
227886
343224
679138
473485
560130
875909
528216
518916
585650
177935
39760
149101
632307
834041
90000
343008
273363
241620
991164
921300
209229
496572
215828
815854
963226
471770
428985
574023
162204
480124
90282
906443
339700
769420
379928
416183
161682
908144
935099
263684
602431
491211
412785
234738
325252
502786
577747
598615
744406
85263
36267
469987
98187
768447
285842
577765
756570
231179
151788
435126
227655
242071
341569
567355
527843
721497
983538
205877
145994
434989
469561
748425
442552
398699
499516
767804
901485
77263
882771
162243
678878
435391
632231
777065
720190
434425
354830
993112
181956
506619
428239
409611
265042
286160
976966
309237
524010
476857
515115
670004
428198
501028
934781
870751
899727
434297
154907
317564
27912
554031
479808
223142
989422
628391
207
225964
62816
871390
219077
244772
894361
163668
654383
675755
449828
147701
984992
973838
140910
16459
160194
569109
517488
611328
439860
933567
561977
111119
251132
106242
665150
247292
329384
654572
875683
329592
396889
454851
200982
132318
215975
611695
295986
386710
287450
262166
534411
788794
752357
191674
805254
428903
760783
839094
40231
716995
772661
602209
828114
540145
224803
9617
787437
554187
180541
179472
883779
577430
634323
601113
709748
850298
212808
5734
753360
16610
784253
804124
805405
536610
995798
610659
965513
272933
966105
5745
506280
738766
124306
850746
795264
349109
860363
582701
419648
40905
762174
303428
618335
912849
420893
844436
279500
150054
366522
32860
166664
150775
836984
488421
687385
349134
615432
652899
622067
581537
174996
128347
836656
815654
979094
631920
681115
839457
730973
100763
880362
9499
920543
15050
922349
857789
859486
718201
524195
742360
751061
207211
893136
104398
695633
96873
453532
311065
749772
75600
892603
441120
720299
245611
773126
699393
877531
454241
55203
608504
71357
451917
134356
508252
466967
573057
366041
842805
291258
890236
585166
558671
97448
478302
663069
793081
91527
632954
620498
841300
708554
29453
798772
945205
275064
88251
644599
152595
58844
216154
277452
130201
668071
411808
638454
135039
984865
520847
494196
276123
927436
79362
351146
24884
74016
14216
334317
165544
647170
471167
523196
872076
500621
838320
333633
775685
926571
978232
928281
985416
194386
722085
631969
378810
133893
270423
513849
635110
307623
8045
427585
235059
603760
778731
776295
194128
309299
110612
359672
472821
98131
399220
861249
598752
237541
194883
374438
164112
689467
819071
665880
400206
541156
297850
779016
191401
568273
292865
826511
392248
817262
770448
627307
937374
549179
403602
131503
858479
30566
491175
847652
128698
890396
708902
243802
127937
903785
618240
808401
593252
437311
474282
993458
494819
772132
772474
686220
856757
581691
29083
249006
398954
799531
392665
336328
865063
312620
467831
239894
859538
475359
87546
504588
882107
796448
748391
526396
700233
366631
334797
809838
320295
325431
319648
815114
613915
92123
17687
470673
673814
46770
236031
589120
362654
145048
441801
227717
457668
425984
983963
833559
417695
71509
338147
299802
867958
602890
826198
84543
485874
677348
410733
806169
2779
730382
137635
616695
822505
671674
603720
12671
234797
839751
118144
597451
984799
76297
341520
958820
18633
325483
792379
436329
396992
646878
736131
781302
249769
562330
382198
251995
756030
792931
574516
758809
39665
228503
891856
378522
900178
495576
391194
134975
851679
25690
248778
836479
101987
106650
311651
120620
432133
620382
73301
345477
783612
809433
643132
549733
888115
541682
801728
644145
850965
376244
919306
890631
604748
811163
269153
21278
306739
176699
672605
158419
202389
921383
511250
820728
544385
339253
457701
492870
959635
531002
838347
259599
856787
997831
809333
744902
539513
127413
905399
390479
503658
824706
797462
624758
635869
66615
162388
458960
243315
834993
133731
962056
272728
161333
299137
817113
500586
756838
309983
976573
804192
664682
236173
660980
662514
45506
405882
718379
172919
827634
625210
192929
652340
422672
334039
804561
5640
496427
263521
765307
331420
397253
727363
604148
558586
542852
937613
575525
816042
247596
552098
620235
912279
788271
281215
91145
350129
203449
809524
39401
31083
434735
232330
199775
373759
82722
4336
379399
579149
267858
144706
426922
181463
388422
547422
256401
931274
485036
831926
747317
732632
900377
883904
644911
688648
681471
736056
555130
401272
61933
594531
948708
496668
343213
148483
386779
425935
152820
766179
521437
937030
427237
948359
634845
332011
495781
891246
779638
980817
239525
43307
229802
139902
927211
874713
344902
125034
127122
900032
526306
189055
10915
475014
202075
354129
139850
588854
296416
292670
871385
817853
746052
814975
282564
380897
146986
294698
788495
926624
791867
28020
969931
21669
167922
413494
896383
29177
538528
539857
929209
64835
245264
940125
56201
447339
810606
196051
552545
107022
5073
423931
441228
751125
755258
240144
648374
902244
534842
436870
345221
326710
464890
831504
348379
149165
244999
761114
178342
299879
817323
623903
364714
62587
80380
937268
509926
890986
133319
578824
514361
138393
2755
471941
405870
274365
712085
54245
176609
763280
491115
38182
606342
472357
869687
471073
137874
114686
232188
832568
930917
565863
456472
811984
628451
536852
749252
654729
944191
398923
233553
974904
53668
752660
446845
459539
27025
675282
30136
719987
438562
37603
758169
44904
509960
627856
515978
647835
258894
264518
996755
706164
346733
453227
518148
975184
506432
267400
146266
966975
666323
896171
941879
719992
648832
905076
695883
192209
580358
726019
428548
535273
763622
186718
580177
789934
330926
612507
954121
106173
393377
950877
812337
740111
920456
330485
231647
943240
114237
894265
910215
780560
790437
368446
16904
955621
273522
712787
147830
370233
955158
92731
905506
235132
279449
2035
541419
126727
130895
495540
749252
40624
962769
561589
780735
399578
408426
528735
342818
522663
423000
769386
819576
213437
137832
836480
169058
927707
65620
833241
297940
537130
925972
719798
288615
721773
238185
830034
364852
369080
841926
114105
409705
804696
675694
706792
204274
600473
235527
63444
123136
174880
832830
942712
904669
487015
295545
73728
414722
877517
423321
229014
414647
865645
465164
703262
103770
703349
49648
468622
72430
891575
582727
482135
212623
774774
705279
416897
891599
457159
996693
14735
632039
829524
473800
536708
316539
285697
126788
247613
163214
66461
476627
94213
932106
941791
313828
35876
161492
363476
20851
233922
255051
119930
232409
467674
894704
937689
400923
786303
394848
397617
317391
543239
743493
307543
79947
60032
593240
206736
823997
272806
789549
816976
367019
721656
275119
197199
273884
436611
560676
811087
670534
332079
931018
419295
316106
342074
356984
233381
644730
268184
147350
478473
811423
890843
786016
407723
467227
895608
130811
291224
168414
920360
624552
51785
158368
899671
248985
432253
336283
326013
759692
6817
174444
690710
426112
6902
549137
299449
240284
193867
83985
903986
672340
895409
794830
974708
303132
778409
870316
433943
585986
38730
870655
210538
606867
29024
110210
855852
977629
446493
698217
737321
969662
872662
428032
912126
395916
977169
727927
636200
687388
811913
56539
359728
223674
851369
334436
526806
146130
204752
477101
732116
759834
347756
942655
366701
376780
569217
738906
354409
15710
437123
608083
501724
826137
36115
930202
222054
529636
658130
374606
733376
470043
431145
93104
210069
798866
943892
736875
944997
664996
730328
193465
941182
594436
652472
307883
487569
221689
563141
358330
753751
516617
966413
771827
859106
518880
702030
81160
564868
360160
972119
298244
346555
919616
907700
556624
718483
851592
809851
179832
32940
56531
889649
974122
650967
542122
798358
654888
280163
361499
13219
33915
394468
495984
322094
253575
14865
24124
334735
96085
900636
823206
394330
247191
742823
302030
320167
977658
669975
130018
157490
702915
702901
563491
193390
870221
105613
991748
525109
385777
869599
54680
936044
264068
550665
258138
517643
81882
798615
368730
177967
699251
191937
572297
946443
451112
390680
266610
428770
60655
912981
102612
279922
615882
666103
473312
2455
771717
981412
527565
673846
851012
582245
126242
115080
649262
900732
632723
731144
699347
1453
909112
398599
709742
997761
861394
160854
904793
644356
589624
481800
73689
692236
761723
205924
358340
751387
208379
646409
732800
252296
836607
583812
834542
479201
698892
156
379933
331615
731301
595633
849420
156765
510584
559163
670878
888330
720017
575672
532686
309642
57472
122728
518230
335547
328652
876570
86935
53383
522979
336087
305680
875938
919899
656574
355139
135143
656730
251425
983110
904383
847058
348882
577500
873994
908045
248379
762324
144415
824051
811362
454057
397875
934090
972287
733423
262742
365210
336710
316126
404541
672797
138158
280480
109048
794732
151971
760543
451462
403396
743653
872198
250454
92535
449698
124448
516933
214429
886772
661348
38480
214487
631757
952708
148577
604044
202483
927672
485606
539193
760150
890148
728342
898308
686980
837390
693040
838951
114285
660854
242348
857938
49404
9154
466825
499103
649955
983758
713532
53079
645106
268365
267566
276863
737425
416144
397260
939908
343816
399218
479101
103966
289366
723795
518626
492698
561185
728018
848002
191822
388872
606702
49760
438277
615856
32937
453732
782163
16696
683616
835243
178154
951981
619161
971370
205758
551657
368630
145666
411825
767848
624767
32143
573567
348562
550769
582617
426099
278787
430619
617921
184012
37321
184033
622289
169530
216971
592373
951693
750019
275989
303288
928173
744323
438802
899543
950081
990459
784525
95748
402285
68726
236867
434428
158645
101782
985198
741262
44233
780337
688234
178507
964349
241907
878892
102990
411437
612215
695363
879483
362234
487705
699123
806760
748380
137925
222655
698461
644737
523533
310561
47022
592259
63781
997802
267256
681915
499352
524870
242500
279690
729456
421007
760391
971364
816252
863382
899153
428467
75097
778636
307054
562802
994112
113814
827534
648389
336469
525996
293126
376354
352909
856500
484965
933042
854303
752221
614957
353655
793444
857458
149697
522900
794817
910089
494264
611069
289823
393418
555889
364920
688406
862943
444075
682518
493109
271609
330908
345930
313957
624034
722285
183219
480535
207250
116261
851190
959472
731219
721197
752916
105029
870895
275816
899846
297336
286433
27268
103511
679851
99509
984783
368257
962452
945210
50776
971913
216820
898036
317843
47129
522070
40128
230348
518957
247379
346610
370147
723203
594181
91345
992471
215562
478592
784639
115408
292280
71072
659028
395791
267275
274889
380574
635533
753693
325785
202661
725606
58957
100697
43450
622438
139119
599930
852787
658077
363661
715749
28224
86864
826282
635921
595687
41844
114513
380327
673604
406793
967751
848985
802584
235027
123874
699511
386912
877568
541648
105925
603174
600605
206622
162976
739395
345741
762907
592182
520170
126568
824283
64747
729785
650565
700668
325472
208761
815182
222151
882366
738327
189903
247703
540912
941282
371577
756775
328194
249145
298423
434119
368672
415380
157093
531648
154775
19186
294555
263310
539357
937476
603945
120456
667261
770863
821124
992733
979624
152658
214885
378342
890986
921140
626045
948250
862422
513975
705025
190616
279472
519800
141087
648144
451532
814532
696145
606307
833718
507052
385969
889427
444528
989915
9883
111789
760778
831008
620875
256754
983666
352112
635097
391004
273252
777494
339254
135674
291469
44279
842642
570942
80431
500081
735438
531963
314613
947935
654623
148331
454988
40592
554111
415868
546859
563994
44010
307637
911354
664885
564392
411373
533349
715841
802377
806601
493335
141632
458627
784805
702263
301269
872099
782695
801350
123889
314658
632315
71825
485633
296998
43165
526226
851109
459033
589437
931456
19395
897075
842810
200632
977819
770535
733981
693660
572913
540582
186995
230897
999209
488152
933160
816830
876603
232207
134532
516845
63218
766847
588670
548851
63846
148187
591429
914955
123572
180867
362763
142968
594294
721926
343600
572113
492461
593934
782125
581726
134516
485472
812623
650078
489977
262136
983260
366580
494343
117793
883425
557561
884640
988447
106413
464838
136634
214194
379794
260207
395061
258909
919527
989355
980835
263127
77820
473297
857061
859945
55023
507930
345418
383999
674360
835395
646135
657620
718327
140478
291765
118105
214392
176406
106552
320805
641244
759539
51351
537390
536098
446413
796300
455625
435768
293487
235104
29941
766784
608518
889886
338160
116448
751656
238511
307160
103403
884646
481132
821731
541476
772898
939836
755868
949304
562740
593025
106900
322279
644377
160643
858377
607142
473295
830354
559262
766782
65459
589203
49919
673977
479090
904431
306777
747098
142942
613937
850502
543940
611421
672233
85416
384319
128421
357637
849975
691161
467014
473228
529793
627743
633871
904522
234885
107166
734877
794148
873948
800336
383351
440219
990665
378793
344650
297442
125892
3944
427731
976394
547884
39152
164979
149653
423472
293400
507290
273447
500913
490656
746675
547058
118400
896898
451581
353285
4064
702810
147433
394365
19498
47137
350936
10163
425930
695587
307605
68174
699531
735336
44568
763768
774488
725899
913421
714312
535651
937063
987760
36565
427719
250787
99975
546119
664038
67908
899405
668102
770718
563190
578819
306568
610327
929756
316731
36258
141695
140688
620784
841226
392376
665353
604994
166865
391252
34767
397529
926904
971830
901641
479821
399550
152429
96148
945669
816467
164057
361426
921
451127
924617
96093
757696
534944
25849
590779
87554
683896
731468
708339
41474
123844
890044
162821
807061
797648
197588
204591
240904
169419
106232
720725
568969
775013
816874
30990
107832
497283
392417
108754
948410
317034
721199
222458
851978
263400
813238
455885
947296
544706
164224
988770
184902
570620
151591
991964
368268
349180
712907
609173
518599
819139
846250
603920
594153
179476
634910
218337
676759
27327
327091
141522
860713
564642
363980
712692
828042
177218
684929
775338
238276
365505
280461
423179
936125
432052
931495
304393
297584
644402
429918
332535
979893
276169
936455
574046
971997
87718
792384
648757
631397
635827
306631
492111
716822
670611
721155
544864
364182
406084
836555
602458
771589
117016
541989
224066
549068
989836
528459
363005
634238
474730
695540
614132
267251
148348
704530
239248
236066
13266
888005
383815
165446
710988
875926
882268
381600
597081
943484
262134
519517
780039
380944
291106
897055
922934
31524
962476
429122
559984
325481
579713
551066
21021
710197
818317
685721
414727
57565
921787
944346
461923
821955
626144
172911
697881
24764
70863
811315
968248
332997
330832
748288
713942
138291
161695
153228
169815
124171
582350
246151
966004
162063
797217
503378
872260
131886
189099
803340
189452
627239
264038
167727
449194
890182
340638
663427
914946
411502
474742
399546
260851
805575
664186
974793
460218
825882
128021
630033
466405
226724
392537
432410
388787
706106
452140
777400
837993
641239
580740
543797
268478
844778
711524
234024
251312
52162
897452
166258
980016
372194
82156
240868
694121
746343
732013
670691
88577
376387
817077
554982
603111
209614
503744
991898
915720
472236
285650
270065
113476
866390
813862
898306
227520
525386
648683
478832
93901
546135
161442
590269
434681
243599
347489
645155
506294
79503
315846
594871
455890
132923
666205
575353
342537
686302
567251
774610
158538
852902
561027
272014
235644
374890
686673
463165
416628
335356
458349
510529
397843
619792
100799
832524
379743
964640
477679
886037
44143
793526
480908
16385
442801
147113
591738
785339
833415
675342
76301
991954
44596
637328
780320
796592
528570
983345
776109
945199
318701
234459
972080
232896
370603
72879
65421
750346
553872
59452
636383
598015
369330
117291
130753
812132
780756
238843
113823
130524
914185
706476
638830
958781
343804
935502
271726
388727
918848
47835
333926
753901
282294
306006
986798
652897
895238
568571
403243
449110
628023
555978
563477
997354
189621
210582
809486
970378
449426
439661
617254
363611
146137
256084
838745
6293
191586
110471
395020
110434
674658
245298
864336
956953
67657
367486
126202
479247
936057
45798
444709
564080
601776
8186
77786
307750
735121
403624
278128
184547
843285
895382
64510
989422
667818
419607
995716
859404
46430
907088
486191
721089
152387
866879
194394
220044
234365
320596
215643
170422
882746
660352
250854
875
184890
328641
308625
920011
248617
103105
104558
91903
514839
685421
597677
182657
105028
109745
558413
667811
533186
44604
388900
685573
427835
583294
421969
662200
420242
637612
348974
819341
297964
116181
820216
999206
444822
128841
919218
209791
748298
540128
818046
263137
225549
415724
962146
846930
41821
520559
514741
575007
81516
903641
776932
509351
3287
715253
687904
939881
352865
553230
759222
167181
669411
579438
166388
630585
224631
601958
840377
489281
142086
658423
268770
883988
590499
230916
730918
632321
267828
762011
207328
865696
182004
984261
891399
185291
699514
579303
641524
568732
132534
400747
252265
318297
496537
935005
948883
237521
536963
789260
726802
195402
964035
511925
79390
554535
742841
326660
186856
527021
88671
910536
392717
787027
411149
800469
488670
627016
379772
130194
712100
28658
47293
964365
863308
60183
415723
812191
297704
469038
601451
540858
664440
81838
52783
260182
636373
311977
586842
823229
838998
191865
250118
748068
495244
661267
548537
983914
288283
444661
114109
383
989672
677754
481101
852980
737937
413176
665171
35641
882214
782974
92852
546655
864812
145635
323189
17538
973964
426384
840767
812963
134601
607237
77383
629846
268505
142272
613760
73140
586933
244221
589876
92957
921976
587329
945937
659913
505
127460
211907
882719
426786
821111
945726
807951
483098
268916
825489
457063
211652
182608
786378
346253
789846
863761
976099
574703
6033
106212
647843
109318
350433
237719
202276
788761
825048
664565
965027
341905
792026
693286
224625
735164
514397
686703
543115
997495
955619
368604
454558
167271
551213
757288
29877
857411
621049
5976
432114
143434
628540
79957
769105
495326
834029
971381
284087
175429
635946
249114
517335
944324
942400
258312
679489
973149
945015
222604
970645
416987
107561
941555
100610
175126
698844
130487
32537
836245
652816
464651
979680
281356
60960
748785
776682
411341
236518
577122
586771
388816
342588
620458
333141
801341
878770
12630
774490
340137
751586
745135
757124
859147
686691
857735
34273
385535
988222
583162
221780
641038
564165
717812
438747
625126
982949
731781
552819
219467
308903
655942
608284
651492
276400
457777
452833
671522
986759
743675
11660
738345
488811
768784
113845
691854
626519
664470
593741
131094
247633
331873
288484
328150
49686
727231
953276
32635
975365
22448
768455
800620
678390
893091
452112
954791
350868
421297
626313
853979
681325
154325
108676
170136
923110
222521
378342
65981
403344
972083
197075
167329
303956
485560
495479
869994
729143
965108
418982
704508
987556
703789
505129
665946
596880
473593
137089
464100
411243
763403
318079
92568
434080
943107
779056
357190
165629
673750
423172
85325
645833
136599
252654
466141
622159
264485
852488
867655
229593
271470
88515
733501
491611
593644
399448
88491
583590
536537
68943
511185
816292
903374
603753
250373
846481
899161
123915
528462
572911
63439
130139
735096
200039
382793
201237
338550
163631
53725
722557
909576
841547
811073
643078
333158
921069
42526
938001
504659
95415
523296
15844
911708
426670
135949
678433
789504
35110
802348
834318
124373
382140
964458
859469
98531
863603
577059
437081
27234
147136
675991
936811
988684
487064
579889
838194
408133
138767
292548
429145
234182
815844
961341
662242
242515
97291
340675
548371
648753
659376
382689
773127
557868
347147
148948
656399
210751
726007
609832
237985
873144
285823
174796
378180
772887
271037
216374
697373
409804
508922
126518
643987
324767
87859
822581
83634
185150
679609
632005
350256
855337
14694
639735
413205
361842
788683
69604
88945
514691
679436
326930
387835
481612
18079
282367
254499
289116
498741
951872
215273
524016
78390
375612
365135
682602
198193
448769
384104
394154
597126
734360
249491
611820
374095
662696
490014
162779
248652
95311
193822
444441
422242
98009
926053
956673
380376
180552
762141
879117
648777
977414
919485
243519
869378
284620
926121
583924
733389
826578
978078
330515
560938
227570
458688
451386
890266
465054
130517
655271
560366
324339
99712
498960
422348
25765
455633
319076
722669
734126
714545
371446
227893
634031
131318
97271
918651
573791
681195
168393
400369
659274
15260
477660
403196
990300
929046
809814
455355
59563
465085
532073
900254
564797
547385
838954
106914
519370
158030
829584
253496
872575
717382
481389
506606
848700
95013
941610
938844
292560
110003
339213
468186
641615
333225
871382
631916
262271
681197
603623
838186
662634
135696
254792
227432
199433
93746
334346
718803
768128
680282
488651
640704
397665
486393
663662
762717
581406
121624
701561
390318
231627
557127
858505
873243
890352
246239
21511
668976
927436
625134
507162
106423
277182
278307
333855
476615
372053
184553
711770
140182
864836
200421
297238
778853
686814
477252
541570
784572
598877
759484
174891
346856
832963
33396
736451
723315
279635
757962
908643
723424
383096
932158
829847
176630
210465
680054
653245
582518
380959
365015
239052
762147
81789
52642
541000
768603
46247
598923
69528
161476
874759
244419
508332
707722
794167
761136
947389
590154
35450
856033
829930
418547
788191
659777
111529
998656
856183
764775
97526
753495
646142
852931
515642
727931
905573
572995
12887
468172
171918
82415
629648
46677
843186
137981
270751
637353
415469
218140
743859
450919
590525
573790
385818
378716
749919
497348
377372
606103
778475
991251
359598
940969
844182
391592
185253
266107
964587
714492
734280
136505
796907
363928
699534
156445
18261
486637
793798
433730
221130
54009
884650
811655
627799
786820
190372
377719
284168
84096
500174
578995
591699
376124
519965
435881
767716
221570
701989
732304
936062
436269
385161
249321
800197
601048
405766
334811
604037
715916
768541
825167
769925
169543
636823
397725
956364
343547
291796
756884
427643
791970
852232
535695
168094
372197
971576
935810
110119
673565
184466
46181
626186
569628
295502
942736
687028
217620
277547
291065
933536
46088
116233
219813
731984
269408
617538
688348
612955
909334
961584
556950
217656
813816
92645
385750
702365
64222
837913
812484
254139
22379
375017
396678
108359
670519
339414
311739
888139
616961
602805
338027
663049
235390
557841
911385
504798
691731
116085
117753
601066
77670
191055
335074
407838
283701
720825
626556
864275
558738
439040
634766
97469
814058
31444
722181
929
370858
33920
405421
987819
636725
743448
167221
388467
301289
78606
893265
993021
194692
527370
110439
788714
234778
445513
712904
518479
682690
339460
899106
241428
778501
533872
855250
108911
565317
577431
109840
936175
611351
31613
440347
764429
775062
607568
152896
592703
202526
562514
585724
913570
606236
212515
702284
841014
658029
931541
875845
340719
271001
774951
98500
565854
308824
470102
674765
390493
47533
300958
843020
175236
332571
283367
456017
107633
407287
125266
700337
609814
687780
802413
39736
810368
14929
742021
167735
189310
673562
43580
46381
460915
334884
661233
26770
160060
131335
701535
550553
695220
518845
393573
386809
851417
193293
842826
475402
600580
968092
692091
726746
172224
10857
766483
982593
25786
24856
666680
731448
214770
710260
294181
675685
561496
955415
702455
721556
603102
920343
788461
814675
439188
698387
201484
806957
891680
44310
798712
8612
12403
490803
735359
184627
501660
501842
683572
43798
43050
350252
291598
257820
576865
585780
933505
138361
57547
152313
859918
177001
72656
648379
991676
28196
863118
193160
351506
754798
237471
150218
763411
766226
157373
15122
950853
659034
33316
634426
219184
76366
501030
27135
334186
77895
129267
784043
216257
186814
936356
592527
880167
525364
757258
871844
553561
620377
65004
905067
891527
818827
571637
654938
585053
729010
186412
52259
904396
219728
203037
123581
296094
704067
667068
146632
781963
796335
930676
514572
499501
383384
107099
379668
908749
380709
251512
978662
1086
832869
400081
892614
651696
971718
63904
753102
700728
250317
805361
605125
986397
8398
245058
798844
228817
912126
945476
10780
224813
392504
41704
724314
775889
148803
103982
200990
529513
871847
179652
46951
221068
579733
939565
389116
67803
519822
142218
768531
286491
463931
890008
272888
472329
135066
71732
701147
563544
533561
228279
788357
926065
786336
29023
218306
451491
649358
419296
981004
521205
598948
544308
742273
695033
225
131389
762836
520047
789960
47720
322890
253891
937728
595779
242573
72795
183863
460072
636339
233776
204703
941049
159842
991039
970072
378148
442531
619430
313797
939887
140635
912745
484195
399260
124131
484421
47002
886967
520820
836962
934687
843711
607205
388768
955842
849778
461563
139705
309850
614254
373482
514554
555303
49676
21945
525376
944176
464476
661158
257973
404364
318146
687071
404911
717406
811202
889332
280760
214521
926505
634074
665561
770216
241280
54329
726058
91058
32244
382115
917261
646498
271949
948167
718154
837977
970112
759882
298506
950941
421040
556479
355305
739186
759902
276568
972945
87456
165901
253705
301978
92406
404132
483891
378974
645412
54572
621384
252822
86816
519851
686435
249666
791801
150954
484172
146130
121067
244054
444636
588360
181447
1116
460017
920633
277370
736585
409930
364827
418838
179988
183157
27596
584120
667048
406570
229532
237972
544306
998706
324788
64158
685142
90806
855959
836096
574979
2089
473515
335385
446726
61875
516832
964194
38244
953818
241564
774830
363748
122743
193668
543736
305900
221265
127856
489300
144187
873740
727272
688494
872447
568412
752652
557589
659219
124963
910037
750550
643404
383553
85935
606482
961780
119120
570676
25
72938
328593
291207
436686
451336
484875
496775
273589
222492
140983
762889
883032
14724
490162
571526
403523
58574
840530
477464
234145
481845
387501
501047
125249
287406
103335
248084
249187
222455
818760
765564
811745
663705
56771
248431
631394
541646
261558
421335
280491
402542
184224
163523
933618
190738
251401
337141
249313
608283
814605
999810
90128
718458
17210
731729
522217
120545
979813
771404
859352
314926
53320
671097
494983
110091
435880
642729
168089
697439
64064
448580
616333
248289
128455
549951
439027
896208
403444
204692
504491
734401
720855
110971
452859
738065
359053
975076
374962
338866
262832
234314
170144
316152
905411
665128
942595
857643
307857
110685
555082
888274
75617
687767
136563
720425
237718
91942
616633
641162
812987
637477
375563
50194
264800
344775
788259
623853
836203
679573
479072
99036
913887
649216
931540
335650
830696
874136
709645
654906
501173
264728
543180
576790
468847
196095
297215
706566
288037
430201
864080
617376
67678
755996
667570
848830
100771
972181
472684
453326
651754
468108
68714
81993
117324
516607
933995
464373
390743
643641
119279
891916
424721
178811
985058
893568
374906
282274
600134
179295
712475
980567
796672
296505
736563
464242
145335
353686
952776
134371
323364
604530
602479
392079
686524
719804
908686
620519
700529
815781
264160
819808
707697
688881
514971
692755
582450
889877
491381
698936
69172
720208
195855
382196
16713
932418
362791
678401
802456
315567
812772
125821
920097
415252
34252
606621
651408
942938
743493
351937
758719
524005
688097
982768
729239
203068
191875
311689
609297
199609
526977
678469
919817
239185
60666
452883
171603
423457
131284
490412
739024
944056
132585
175473
359308
166837
298447
527068
109775
41940
879005
384846
82297
83454
367614
811536
802874
75841
639577
412171
275450
682907
606993
195268
922092
667659
164503
610047
607468
295787
100459
862844
756195
233044
554669
115504
916233
853116
158924
542360
411408
554282
927206
493706
637736
811172
305242
440611
403366
944820
369134
678816
627727
976127
390436
66171
160138
554939
676218
283958
367078
776678
146802
123274
526074
217824
755130
958660
70940
914054
501020
998701
468336
428227
492407
622425
755751
314001
63036
159117
775173
948522
354286
919252
924650
261074
985423
84788
816014
661642
368747
699444
954672
31901
822718
997098
249725
577848
955758
837018
8255
456779
835719
476591
401358
844478
99016
673461
158479
678404
348931
450005
626927
703217
369257
67929
964291
871033
152717
296657
532675
521464
996102
3699
69718
335172
797
319443
913021
956556
156461
921276
929687
508532
914219
331045
353010
529588
4506
27842
724344
353437
477847
867623
573006
847104
935552
53650
718137
88270
866659
767164
126086
379113
770863
195804
714286
288013
31600
143659
244569
704413
581287
174256
212946
495506
21653
82308
25094
542511
110150
265791
412301
587997
133414
985307
951454
68967
555309
185943
673589
421969
469460
799675
801082
240323
511832
31720
44688
543432
175379
289257
247845
756666
979865
977143
252173
517870
59452
793619
60382
169602
59410
472683
273952
709177
974342
225406
778144
529652
411349
451733
951621
397161
767760
269055
637485
279592
300776
198525
339376
992507
487783
587222
749174
984000
80717
517699
501871
140169
827670
562253
826124
403433
551288
100076
112610
525630
841834
890754
55282
769535
858839
523255
166697
626599
792311
320534
422544
609439
519059
761920
601946
523194
865494
867472
507195
946212
385171
525418
602733
212842
87671
945209
616275
638959
45285
728885
680941
403471
135991
736224
173007
511182
259479
339704
654133
568142
176590
76677
177581
695649
354950
295880
218844
220444
163352
726039
683008
548524
251457
802094
277718
855480
747303
410345
10791
308941
655582
691732
712412
791573
944308
401771
819107
203788
257827
473240
288282
434417
549918
982216
130067
421220
278096
348911
641664
957800
591302
841025
506324
359111
643119
300394
730943
906774
710739
258086
215715
366321
466170
444480
674246
410479
362603
493353
130619
620431
482946
418901
571200
549216
917469
701267
970436
195565
566530
612100
153366
674184
969477
176042
549647
128948
476437
280590
35723
703528
55028
767790
586202
521199
728622
776800
448030
91226
270154
578649
711657
269452
513902
799209
818668
431372
500477
789104
143289
583359
917556
813007
773896
887034
989050
323543
15982
981839
120486
568057
201719
175514
335848
787921
696713
64470
564722
661095
155696
351228
239744
383705
137032
269999
182915
955700
217723
199744
261156
361012
299455
178712
690372
73351
582098
195774
396895
114433
177613
33733
682490
895684
209247
534690
199958
422313
599161
281032
83408
271209
148612
839505
171267
285644
109504
870534
241344
843579
586630
502500
204591
886085
197564
411315
959437
779663
607089
872684
410448
784702
906417
609290
196739
632016
143981
396697
54329
259494
677729
654090
47055
826341
493595
734674
111985
119451
605208
869681
963030
191838
888533
683973
594276
86097
95289
70065
382112
702378
942749
792560
3433
365518
918203
200172
997534
62184
113221
568216
838030
790950
222306
401437
133643
715901
136112
761980
351704
741320
148013
314734
449511
36546
998707
43787
122643
93996
630204
504756
796375
572953
813668
799808
454823
731871
516332
968709
310407
629553
536925
148437
936855
275583
549875
586850
507836
202339
348830
859540
943659
496843
174274
909522
533389
689334
469661
172384
783330
99865
677140
96057
189170
490809
895865
643993
739032
928549
129055
49440
558102
665980
714229
494957
457916
264104
81807
965752
982795
946989
341645
442807
960184
515919
352329
9925
205253
338343
182310
504936
438208
859450
600993
627379
866611
13211
787724
605644
941760
916779
655084
16215
99112
885665
27524
557028
666122
625684
39132
648917
89025
380777
91724
49210
413049
960406
59135
618302
298749
241445
639590
736957
617248
756936
880688
211
770147
668413
122207
228259
101544
293643
760826
200656
179309
304703
274036
845431
930387
313169
494348
19412
693946
586073
584974
106995
546479
644110
241650
845228
401907
397592
98537
535507
154528
979226
52071
441027
163991
174278
185639
265535
467922
462817
466192
647231
767520
256580
9014
697907
569749
503362
233672
780048
605787
818646
403395
668618
979108
161397
30198
897368
558990
128736
949227
229870
624314
1298
187250
788305
175577
372889
53840
159851
835706
36384
807082
119579
292965
816096
817486
379066
835810
567510
159114
441598
902509
78862
110216
397969
240259
656767
295337
315601
785503
244565
61824
409817
762215
249074
198122
937792
621963
768314
613995
974021
804699
421077
93600
614016
753525
427439
993082
105688
511301
668549
547286
413810
747411
173854
811780
504022
830621
623469
335976
132476
384386
397800
58645
146602
646874
773119
600746
785189
541434
214742
759210
862485
152171
369163
476501
422049
312954
985935
527737
824255
654484
591375
754418
918247
281581
566198
938622
628555
189667
274598
761031
90406
188750
336029
237008
835624
109148
837754
620813
166934
568848
896375
29419
237372
781890
22272
659421
94844
8208
187158
435452
179044
294885
189870
613644
576466
272420
68618
721373
978439
343216
998757
68845
531966
334786
305853
883942
443934
659960
504755
127221
745160
917482
156640
982532
215725
178913
641953
826921
703473
345463
262373
398869
156700
968595
12513
249519
241015
597483
970892
735807
457051
969649
804652
989017
304435
626858
389311
264722
286818
410418
908295
548330
327901
64935
530863
59978
760200
689168
886899
980025
34632
149273
378895
191332
634220
907760
440851
391588
505244
928096
127395
962295
897745
932047
467665
718533
558905
373328
499607
362075
783747
407902
910406
628000
989189
957621
687978
749390
646789
574877
245767
197773
240502
624662
905458
874723
48775
346309
266311
70371
790757
910058
549018
688503
842105
16683
923388
917363
390012
422995
795790
690111
830897
222548
318111
820086
696521
522441
85828
343311
97318
331596
541084
337821
472610
962894
728896
37737
825556
511559
108108
616313
421617
173479
304816
780074
190162
228204
697437
96526
167551
9580
302989
514800
748480
621100
851239
445002
143541
937067
788313
757212
785015
845749
95033
773978
808644
340281
328067
634200
851840
952528
250513
273457
126007
71682
53531
832521
816238
267321
929048
983790
793253
232037
498590
541733
369490
349829
986735
29383
803249
291400
786595
104616
653502
397980
878594
978498
738261
723014
612698
590101
675542
379563
379910
801549
967597
949794
634070
783836
733467
79470
283978
526720
827860
782568
584805
197350
648750
87893
743085
968351
895645
529681
72967
549147
927661
467914
527645
665923
190928
656695
772376
866470
552611
152287
184371
520208
618433
334793
820396
351900
414264
104374
394972
758476
403295
496129
472178
568397
100374
215263
536748
996020
744944
609715
61519
188958
593981
589165
854881
784909
762212
143609
167731
314823
812248
868454
351384
430681
203248
688132
298933
133864
792507
210257
892340
712154
222739
880870
280551
323113
96133
817299
319133
357430
943366
380653
546388
537348
486170
917621
322257
248382
61230
6341
79558
873479
874795
947294
820512
594395
635426
119446
728259
944285
846055
136951
656439
68794
17821
936990
391908
630307
270641
227393
987737
214008
124398
50477
751356
610568
968098
589965
375303
29328
112658
971213
419159
503806
434859
239672
98201
70285
875470
342813
530923
721525
479764
187362
306672
13938
640705
214932
644245
911346
442325
148334
641706
566724
198811
909414
693644
166909
499380
68947
712589
128390
556512
131749
632196
991371
371421
730398
578009
763243
73211
108932
1120
69327
812646
307792
599617
453351
522724
760214
881050
481402
908548
39108
48126
623711
948523
258122
306972
964255
327070
535914
92645
399934
667663
724842
391306
555436
971592
969315
318679
561155
594599
319799
146834
407245
143944
746452
376949
666668
506666
774351
664422
931567
813459
712548
71630
761982
487023
378603
726237
330445
914517
818883
730379
98532
60077
121685
170320
548021
607352
5351
109176
201951
841502
772362
125549
985446
518814
18850
168467
541833
793201
832889
473400
606660
61790
545030
884995
548813
439985
611232
879258
870854
946467
609637
485738
522896
247675
656058
70917
371379
661409
696445
89683
19264
468808
215232
4710
503974
234082
689529
45807
543635
522419
35559
666647
100561
96942
551642
649374
536927
162875
44984
924134
625694
170973
409872
148591
935000
65931
735860
306380
243692
432306
396063
262956
417466
611295
784019
921440
361729
473548
483600
421716
512319
519159
88363
129232
616101
640006
294958
669381
319233
339942
593515
944927
27268
3387
609870
962268
585670
345731
268648
345715
294389
664711
125023
711855
792358
425394
149647
670439
898943
633247
92155
927614
152407
180519
56847
284860
336877
351805
954241
656110
208100
64108
117389
235368
583848
243612
197636
685870
589343
466285
31585
400084
647348
672961
628291
439707
98355
777938
110146
513650
927538
202302
441265
79945
899173
14464
881157
236050
882621
835399
408512
90721
899507
525901
842441
999707
769513
40078
685578
875208
22715
717163
791644
670063
390124
419935
109770
488480
197874
736269
518482
641764
454923
959747
238061
354096
490563
119218
106498
373185
470969
515010
980258
886829
40911
822700
886536
326777
379130
572114
718337
401845
289278
509982
588260
195754
929917
214383
200586
644143
950652
719069
802259
405575
195168
40320
759671
685732
159539
866169
575269
630508
381179
71879
517337
938442
410931
403874
781571
306413
975988
16261
708258
781618
526243
812871
493725
972512
27254
694311
133008
977906
929732
935267
383481
124901
491940
659504
326985
651479
42025
418606
798339
939556
490485
832029
394350
901417
235903
175922
207830
728243
708535
432441
26214
234778
761664
519939
723642
788918
730602
373002
766824
660335
824622
666657
785236
316562
842513
628573
484393
884538
47179
282732
824094
537664
114761
218444
955433
867016
910718
679616
111612
619253
628409
137826
370383
390073
174117
94026
178991
904719
983380
462167
565054
324354
645176
866642
640916
487689
495215
641661
888579
542394
440746
712673
596411
71859
447469
68196
455228
358188
747812
566840
977441
892573
221018
347825
282646
395135
958203
977989
816206
457935
956508
381261
782290
601684
764255
939558
605725
259471
581220
494304
318217
538318
723329
430980
610177
170799
15529
65405
528987
763341
148597
22780
172267
369615
370605
454913
281102
845160
949255
97309
303096
905763
994922
601738
23800
759177
541296
145877
535000
638868
156534
853218
177186
879863
800550
303716
50662
816079
885473
96001
95773
34071
118782
268040
403686
5739
239305
201141
850900
188560
298450
670348
610676
293372
272086
634476
52549
329734
780353
587550
968603
453239
957120
662141
333103
274022
965857
900117
90102
851331
512471
702227
885402
631253
970267
805440
153344
725924
522933
520596
914485
821383
190944
525161
631107
979382
675989
200009
309117
456342
303911
794072
909582
777383
456213
759037
51405
938423
659154
657859
789754
171625
360086
191508
319230
846705
513300
988927
572630
36234
509523
3467
373969
216820
528628
5077
196202
204617
721438
21671
177311
25349
815743
603245
802732
271957
362282
370489
726732
537789
28349
516486
225766
904787
224346
61349
267845
253998
50276
356827
290232
559799
360294
180554
776619
888922
701983
489174
609891
423421
510845
787202
965122
326589
906800
284206
114898
785434
654695
841630
839575
199396
874468
65342
104184
615166
643043
888381
869164
209671
245208
675749
769470
605502
856303
62442
10776
558286
67968
620667
498059
578813
924221
463181
421754
347373
747387
53004
132808
402082
410986
972383
117831
801806
554077
738367
416972
197120
626748
286137
406791
871956
961886
692614
993810
818189
271408
4586
892827
339376
141605
390886
434541
582178
370419
372648
929552
117806
942004
62360
36240
352991
34743
154071
154797
105173
408790
571770
302293
35538
374259
225437
423846
336145
434403
417656
670686
705811
938594
563513
561539
80199
470751
512432
662378
841170
885080
591930
475328
343437
170642
511568
696428
721737
181992
367577
826910
590782
939347
645556
142673
829958
870993
566519
166103
305396
500528
836789
527559
439122
916654
605450
35674
387405
117882
214404
228575
519315
322686
703903
862752
493328
731824
75532
215065
913816
443109
41976
20950
898809
687532
163623
728767
74877
730143
411223
896625
230671
248012
940536
186145
681019
545986
221819
68424
180220
952575
813352
215887
275261
517255
594991
768589
249079
670523
500007
679247
629985
58335
700198
45146
745867
380173
290265
337096
110316
701488
233721
857339
465853
174257
559837
146872
236595
298008
215296
416815
250584
28648
149055
42197
62256
744046
810787
827687
930922
827146
506935
560907
885481
723485
606053
147700
620010
896318
484796
246679
114159
234869
104018
580012
925478
180207
243236
162073
478216
458532
95240
245152
3533
760647
287349
582141
504694
614488
409828
435616
957986
433115
512875
843467
672952
635280
507519
292963
47950
508667
539642
162109
259888
160012
258473
185366
340220
501709
863791
334788
476594
475384
96292
996479
236031
899993
578620
257077
30834
504800
692693
988820
454268
721920
348640
127220
873552
856159
936535
921503
364827
992529
599964
624715
152542
374790
326434
9114
876499
706577
860254
869445
181961
472898
865924
934345
372891
960896
191422
403725
982049
400468
392546
436317
122388
741186
79889
995941
113697
532777
433796
994876
525306
550112
619592
677848
924902
462378
203314
801402
168955
579920
187199
350917
52818
53124
285262
425710
530372
993036
829435
28773
393504
738333
465090
515893
995871
61332
28186
109569
594109
978334
620797
119415
528446
756741
313616
453349
219119
33282
771103
904427
613203
958302
255344
666021
527778
56958
608083
58151
566346
953871
86924
959851
692204
68367
992096
204428
646051
536634
830349
240160
514968
451146
875927
43414
207888
705895
13115
943359
255530
784218
847786
868733
742521
619482
51106
270299
192792
659190
844802
759139
613061
448079
718990
821617
32798
711086
26045
678849
247720
372746
435361
279040
823893
827640
322454
548133
49888
335570
491492
821770
636140
855631
690503
378661
475113
257961
165313
667906
917151
526467
427045
46564
490898
146035
868182
40048
373473
410579
718897
137545
783326
670610
416585
123571
14603
739039
671704
580843
590961
679548
402613
743454
535179
609468
122115
526645
867429
803780
194551
300933
846600
621596
347497
337498
283983
732031
377547
657456
142611
612796
795001
442289
799759
727938
565860
330714
983329
753916
427909
574291
949816
830522
317745
1348
956342
956212
527993
340123
276345
722544
157408
639297
860492
504906
976795
144475
753289
870694
318283
412252
999843
629636
854541
799602
357574
936753
646668
340903
207021
74577
431546
673190
421451
265643
674538
377793
738208
202531
717916
530905
441427
875325
170202
818271
896583
146997
479098
166224
534044
797381
578477
533887
943369
949370
849841
817295
886124
496509
158198
609497
87438
106097
282687
508889
371740
473577
886682
626300
192460
120950
157205
633887
512627
327407
452158
925562
990757
931256
91787
41153
244989
670264
575040
704710
135986
941233
522005
538462
437742
196556
147960
525180
302653
946999
550421
190745
420577
437103
817046
613037
74405
490603
246925
587033
334363
215435
512595
325120
663044
120734
366273
424385
307350
457665
129096
443337
398898
651101
981799
352992
847657
646111
394524
666662
593111
944945
373760
13688
898400
190806
626725
972805
197761
390002
76190
532124
121790
105138
373596
784834
742224
256221
725571
49575
230238
854667
9264
145488
22121
991063
498480
386130
153527
409356
52793
746638
354301
426553
276678
769053
133711
903403
258211
847824
809758
850753
896301
931548
472243
269897
232734
214468
42471
958305
264043
272709
329325
273307
418198
867798
780722
433030
253928
934249
842387
823073
197239
713040
765978
473917
482094
416041
893673
256657
263866
703431
107410
160167
151331
579654
946416
900417
310474
988887
375074
574517
777949
704399
364176
196147
88549
661250
629177
342478
595500
987916
681903
309091
700957
447882
783009
699403
380275
193034
956060
160493
412817
579822
320660
564148
675828
783429
464565
986302
772316
839639
77171
66617
60391
441347
262764
148940
102598
408294
7770
214450
396210
689674
523541
97167
653908
822902
796570
550535
532288
268982
711029
945105
848805
31689
25605
40985
331470
6522
27288
620139
846162
104459
686756
422905
545807
949521
88197
164757
874167
95968
379207
270377
301994
419100
883897
472254
758355
196819
22789
290643
465802
733818
235749
830959
281860
777706
871944
613330
784229
415584
233469
146743
520044
920226
569648
582203
386099
657845
263312
260266
270165
158871
530643
88511
94323
414540
560765
852678
611360
99907
659674
593514
833725
895423
940825
115585
673129
329121
245268
973710
744706
478737
120453
781102
915315
690101
879657
301414
864299
659321
78032
650816
818192
125028
739328
912515
539568
816445
281546
667280
916352
941220
777146
750078
352995
717971
382015
542476
563445
627283
516187
308151
622373
636640
605605
54040
843094
1614
871807
707393
660935
949839
874561
479127
74867
130241
907994
130788
946687
189540
314420
863039
130760
91567
129469
483755
325890
27837
26232
889335
171472
542419
713838
793845
695411
319443
364238
538505
321057
236045
245898
498344
185884
636812
977471
260752
767053
885466
391540
713740
591358
222312
93132
722119
313879
738953
722226
156122
766790
748458
45457
938263
807229
275648
248460
502641
111443
612698
41146
948853
365095
803397
447197
550980
956561
941021
328084
723614
826487
235976
953707
417845
458288
46839
656316
772168
302144
378543
444642
68935
643353
6451
523550
450583
282099
288362
469576
909895
901061
27074
858748
782508
830471
305945
333488
787032
763318
661572
26999
589805
413900
980706
524003
872189
543897
696671
160709
846041
75214
605351
431328
718568
611802
954878
685503
893902
243241
671431
320149
660654
698505
178897
443162
45329
1194
293003
348713
764513
470927
375712
870670
884828
872770
394673
757017
416667
91345
917726
779061
682911
523077
210389
917831
651231
165268
119686
61485
924861
791117
381634
585515
489623
560531
545029
534952
78078
838032
400017
842591
308960
775730
713261
193788
648500
624287
467157
581520
231984
384883
360581
431247
424312
570970
349079
75543
252590
985117
137029
177451
776235
35015
279318
265858
595547
824348
317162
673625
178732
717179
32568
4044
9261
262181
714184
174114
402820
181341
271986
151156
82576
632567
582404
23240
719889
447835
615136
972480
432952
268517
666283
725539
303532
945602
991397
415431
286302
824911
89056
981386
58443
637976
985431
67704
900158
215967
758170
819330
397309
30156
970487
996237
662723
69243
535830
898965
33430
150966
387797
982734
419483
54080
708274
239367
516034
216023
654799
802336
40935
260207
300075
615730
898184
285506
199786
314694
501473
957957
134024
415134
988113
620863
927724
167189
206458
463554
582506
239888
130872
970303
222623
66707
24383
447249
306074
540418
663272
477225
859106
220559
737433
159181
836289
635617
961039
36076
466663
978865
510385
117039
910351
14850
254255
838075
698391
460713
817981
280897
216954
465205
251200
955929
531912
791936
403178
354339
332354
66450
831564
707812
803362
85349
866994
156003
237318
344385
708431
703981
323250
218816
821021
233602
233667
75276
588029
448410
52341
922363
729308
269295
387568
496860
225224
435833
288796
628402
306524
621150
211205
654440
845315
14567
739790
712309
686922
977108
56694
395354
681090
896297
614170
18463
129899
364189
610091
717928
812600
662432
156643
58260
448080
544212
555120
673304
496397
843917
301707
802921
981419
29264
457361
826734
560183
197151
55395
247105
690612
628442
642459
888054
524739
772982
906517
654638
653523
32960
888918
982475
211744
45562
40735
659824
106126
112208
333129
602523
956125
151188
921796
937544
696804
379157
280631
256987
92661
336026
20444
299625
480820
179256
187679
5559
952238
610548
176549
122113
643508
581820
104589
371604
143734
661676
31429
249860
773884
880910
368735
246361
548450
290531
700258
245254
186040
980889
18593
278701
833267
39037
578326
314088
218293
282357
835999
686883
892905
528901
325349
536413
110721
946290
908018
254455
607966
455799
20667
898203
853061
389402
144564
401511
679933
844822
646765
865973
825711
181710
661027
175331
220747
239353
5771
955393
38063
841770
158628
930968
887023
483977
983734
997744
430267
408104
768551
554586
863903
789218
452789
716964
178620
597353
634827
858553
958528
797944
724527
300591
979654
385554
475922
716753
141259
998045
188498
179322
356168
347127
110291
243191
347456
610377
240936
294076
18481
9487
848662
882384
798706
817803
115700
977326
931508
750527
352232
890036
548471
593111
706980
44477
978665
182902
761230
636276
697300
949729
331951
53468
813208
958594
296659
160664
568971
53947
454740
587452
579787
819754
986188
378493
153909
101888
872171
85418
368767
740755
491806
433590
333866
198786
478067
312531
898041
239297
465160
595341
705378
313463
165161
518586
272057
461820
195603
841028
515768
166695
944832
611907
986450
931020
990400
656711
549260
378923
742129
434379
119679
750288
867969
453545
465426
346036
282429
363467
101685
263941
475160
323416
577404
640321
842002
849461
618494
37605
206841
650614
204301
151673
262521
707103
599045
769273
363814
664657
148196
622296
99036
784227
372584
967005
237773
838010
829393
36554
717830
447430
300495
192990
770846
877899
349664
129201
243712
968158
683158
966905
618772
403811
634930
397645
627266
233975
166918
991081
414984
315114
129729
514020
615694
18665
997377
369819
373027
343122
406373
90857
790552
223220
800200
77751
617471
666216
723304
861183
634374
406462
344440
769498
326626
979370
167143
953892
729697
850413
944973
144681
681879
591054
175053
297573
609719
172430
667392
982747
31904
73765
73604
338808
813337
390156
416559
430808
56372
656215
808343
207098
62678
152783
492948
389304
132153
176443
343196
861850
26856
804522
6531
708736
395576
697936
6309
521648
870366
190054
504395
902270
780171
94351
757431
593509
484508
173990
24317
540880
346558
349013
264331
409236
501796
757279
314892
150302
933723
174440
12152
960579
495314
535036
185667
407243
232972
708329
928891
619691
898383
433286
38313
678554
527637
795744
272063
528497
486087
812733
585730
832645
161746
850061
758233
179894
607340
589477
330196
57415
763917
858701
534347
259232
910089
720014
182827
659413
428343
111718
279104
843078
545004
833770
521633
588993
629514
310048
117491
631953
122781
703221
464598
800879
553282
739183
980774
676974
328660
827322
734390
92578
686023
268737
868162
596112
505103
567341
255526
449799
679059
50982
292877
740415
884752
814510
329408
30619
640911
963251
662572
280044
666472
643523
80924
736106
899058
578050
413081
227719
405372
663823
836649
91396
448912
221163
203860
954015
788504
459386
403814
983915
26721
213044
724330
911473
27554
53738
458444
184817
533342
637369
464862
199814
797244
62138
935921
696302
640188
865354
924021
561912
45529
760670
169660
494441
498185
373521
964808
286689
349259
884975
270604
892332
98019
511286
803806
125573
81377
778602
826743
614719
415971
291605
814533
213215
870095
266806
909518
510283
648512
349891
588547
694041
626914
758208
188482
125099
648081
153291
928141
513692
38266
715097
406025
136285
226384
726183
778210
824113
504785
604953
438832
437109
412910
769717
166676
283005
36524
592546
309640
685036
942438
898188
379078
569352
172748
83912
210803
337181
237203
655296
850873
791821
370394
773250
444458
113130
499433
739021
937243
520571
343974
892427
957680
273237
662144
640708
556242
698668
233255
382235
900057
175693
796775
279135
261397
969523
879399
988552
306704
116603
643849
673929
424776
530595
447180
385587
160077
462965
124608
97320
983536
984934
989747
457568
258171
168243
98277
330766
866912
331532
713001
766969
23577
509776
562456
801326
995651
441855
789878
818707
74810
433727
8988
15939
964322
456168
401526
124399
435486
526134
738071
419022
27420
244170
392943
285592
412414
7572
132710
795678
855456
845711
78999
879033
871839
157807
680359
383842
599662
470237
202549
190825
420317
211537
723116
900991
184058
124642
541743
135896
167128
279814
71270
194548
40337
464213
996492
969103
471785
129202
764781
843593
491265
843780
722626
879456
1587
919337
263298
117601
905927
982199
824778
842596
710089
547894
743587
410499
188888
285330
546395
872368
81497
617665
583269
121834
598231
579761
90937
586368
225316
372070
429962
232933
215850
668940
112390
733789
588278
892040
367742
10557
874240
192521
853153
100681
256767
596740
511180
445656
398423
573927
834376
479920
191592
417645
118106
789823
513759
725395
892544
255427
97465
322506
488360
313315
991446
117102
563456
96076
9143
931198
622985
399735
640071
476138
500416
896839
589231
527948
858847
987654
101875
693223
983926
809819
627221
102032
115995
140980
827427
8539
396407
441244
331045
401119
754559
838843
518222
834367
934920
43717
765565
557905
443452
405637
550396
460220
818828
655979
504520
677675
159985
122747
887250
143911
932566
514471
762295
564913
171803
106074
573452
84562
547318
420849
485682
818229
776045
520256
652596
227317
563973
934513
301574
7425
856502
851970
983997
675330
507949
488517
869357
667934
611264
756608
328197
60182
787431
90492
141448
959235
712918
231252
560149
776588
652102
45831
594817
944499
566087
763765
171816
130060
698279
473390
653837
71133
841713
637834
746464
349662
642703
132173
533949
770319
888781
378498
830502
676213
468991
971950
151800
698261
719554
711949
474850
371656
274133
586019
832507
356572
349785
4323
2985
564416
994066
173174
635549
835779
327361
898365
185441
970064
30539
235742
740384
435672
614241
87238
111885
599584
575540
780037
297845
295094
8339
289047
183103
798824
875067
15610
671748
224852
536286
674733
305620
530352
364260
941169
366131
691621
355887
67924
661685
386426
303667
918421
822098
434260
522011
450336
33844
97551
746725
848041
908998
271416
137089
92101
70240
528508
624063
741989
269712
160349
933074
575332
690701
297334
32853
573184
988955
388740
641109
166993
291518
944776
85414
629969
379036
607426
596657
929232
221329
343382
777273
130327
131151
430714
738780
201391
959222
362844
459732
228934
39545
392807
320618
246599
690141
353472
819783
195449
742212
460892
362442
550083
922020
964208
180052
817408
87986
293061
262992
825668
152795
40266
472347
283946
987332
211128
485338
946555
90324
945070
691841
129869
854229
12460
892820
60723
365932
712604
256172
624496
689848
134966
690931
128221
615526
387335
461981
219865
680396
724974
45533
833192
281592
34232
117138
268924
245360
118828
731831
852036
63899
423673
981906
434480
952485
874726
495203
834769
103682
267727
975617
793531
402693
666549
438104
534572
53884
900085
754437
734281
625059
316322
567473
906651
350554
200963
691928
112267
319792
423759
964303
900043
363784
462561
334523
832621
853640
346079
667390
957322
613806
643008
267205
532852
309557
705309
67424
363441
121747
338213
614074
746806
170887
181547
169810
521441
898863
861738
150060
218655
801849
114364
635050
165634
576925
969573
998255
946917
315652
181998
904240
445811
825006
687797
978663
134563
909459
46087
14356
31206
900652
628431
294364
71539
326330
464174
109332
225193
325912
259393
960200
127762
890109
595250
809748
983386
81176
324355
930304
396828
506353
350896
842639
331359
555045
337654
982274
464504
383741
512983
12062
800745
657766
306427
872284
984096
770601
497969
725642
612866
757362
202194
256980
163823
797445
66728
147209
394973
391083
77513
308153
897437
944761
150793
745148
499807
4799
727423
964311
904893
240406
492726
705638
898172
799153
94275
398620
86106
592244
640614
698972
865958
842809
955952
29781
156606
539032
176990
551579
930116
770856
859732
343905
231969
526877
89053
731776
531677
332828
212440
436570
89586
705166
658560
504110
504319
752835
902731
590425
345079
59697
805750
211037
418858
761702
757170
575464
300735
934161
643395
747203
221369
19480
91108
453338
546357
696513
701467
594386
29342
913907
547308
118928
135425
205869
623039
156096
958704
42122
262873
820136
101819
68623
31173
520678
346678
788344
612494
163765
238857
255890
910968
976578
275370
518428
946268
338079
214941
164087
448818
760635
594346
996126
879564
729771
718347
18955
885867
677052
577429
665093
13540
195600
733716
44713
232630
596746
349409
845125
760511
104618
617367
671479
597548
409089
189907
60169
263520
921201
224256
712338
681836
818603
224817
77752
64726
943164
613059
466946
620216
190488
132039
633756
386089
382107
194822
618719
978854
60583
980196
739365
681554
597563
927197
795454
523004
633456
855623
302877
554657
596232
15215
752846
931187
240032
830598
995913
183197
443658
462859
319765
634146
111250
469874
536587
493358
181048
155307
988564
757983
135503
727929
439537
249419
655126
751344
288775
288583
606967
591652
359592
203199
123220
112438
650738
363252
943037
646652
62801
903047
625863
898919
537193
737114
368793
73781
746824
66193
745440
735388
824176
397295
979669
780066
163066
634796
531410
451842
439731
654729
43494
799323
374281
166714
428114
25019
46319
371151
188023
625472
274198
813887
524391
327743
67353
409536
917876
330529
475729
663316
582269
816258
576964
561938
112676
740030
713086
160438
191872
669169
815167
751719
468493
705800
434785
896607
730820
997456
784110
918843
622929
574660
249082
147320
902403
316435
73209
336632
163316
65290
516300
745585
881548
93264
307524
510576
833295
536962
671014
541519
206132
2534
809590
190977
708334
244376
603936
439154
241832
388046
874350
381113
962706
639784
528434
381461
956220
117995
718093
635888
183285
750746
381474
64834
844010
205350
91762
193657
742312
762777
735177
948444
281663
61119
655773
989997
305495
259709
945504
63680
647755
336206
961145
126813
975990
5931
24627
448562
123926
259072
84451
307212
9818
465925
888398
370181
187627
980160
563838
446291
259289
815367
911088
540952
876487
566861
530950
698334
826571
992806
278366
990678
329012
239512
633844
305002
245443
658471
753565
369370
917543
838016
192934
443714
820293
81332
813895
524272
61492
894085
970563
320782
709453
881651
861734
102292
448513
909036
800626
275084
901842
595345
782114
230854
351209
415958
535857
596652
74429
805774
482374
508325
643790
675308
468391
980435
272992
798638
504707
334485
692723
475270
171619
918528
873274
549705
20820
321787
975094
337799
113223
876936
933144
895337
624143
284353
827648
676352
397357
418429
482126
396084
926754
642268
587744
911497
139055
860737
710135
643762
711574
402859
635384
883193
321387
508658
949250
858560
346797
924344
196359
460020
801281
645855
871710
941776
446560
699358
618128
360269
117787
616606
756353
560894
258874
860450
472391
397929
721187
698879
558043
432761
101738
709779
832306
939477
218438
781556
798037
565235
705901
510748
541608
23534
672955
413318
481662
635867
629028
99790
996137
746815
716396
268842
824061
491622
129292
812805
405903
850479
511684
480298
799592
129774
190077
631898
69251
408515
929807
383641
490103
635708
894389
31711
175594
83697
961381
657256
719564
590409
273398
232053
853576
506146
500896
677638
997768
146540
6795
920023
513372
518479
400321
312964
648253
590398
461215
717504
515266
391022
617497
5369
543082
511887
37080
235028
111936
514813
892284
831500
105222
682034
63554
958798
188180
80802
152788
702300
743694
159583
622323
257066
194414
538996
86383
842667
129394
547598
76524
161012
454972
694021
166381
514406
722260
719813
749434
834196
234626
158070
182049
856200
840104
245603
814999
28284
842757
484139
730584
586451
643723
869259
843518
354489
408255
446253
197157
54001
993851
273681
215014
965175
484054
897747
479581
206315
617561
229015
40511
368539
903437
222560
224740
743541
984515
556091
771825
343624
40230
18761
930076
200305
888020
289946
554795
812627
736199
268304
382980
246402
541985
597994
727929
542391
12094
723862
748706
146007
469229
305570
514546
372666
44482
739286
116207
545350
295377
404384
888974
851960
423145
335402
52265
827517
625348
123412
640144
877899
391716
539476
640653
450053
653823
884934
992445
665917
608796
741151
811924
78025
563073
326470
450691
607556
582109
566898
152906
393838
971282
41880
245798
910779
377283
814416
738296
518983
937828
894792
913235
845897
434269
70240
295950
604444
955175
288395
270361
563971
545899
598637
641997
108972
925107
92688
716528
23568
175939
869434
417407
663573
427667
179557
574353
321302
993973
829001
356637
448154
240146
269872
294051
190767
340113
590001
795211
295288
394749
581924
859259
940648
180561
17608
49620
105668
626649
282501
645589
802588
668287
62996
982513
95954
242553
73218
933608
752879
902220
290246
201033
658718
560118
495084
849485
416583
601437
161048
228223
996186
742972
603835
936834
923533
621443
502807
545553
248092
785308
191142
567032
453595
254138
549546
65902
13044
622764
999510
765923
41336
806108
966956
700054
882579
978392
65891
299162
579829
226939
527386
576016
969911
131221
29202
893444
269016
532009
438998
517109
317317
146492
600493
287265
400631
150039
353167
930027
289156
869029
695950
846844
675138
179258
63251
557717
157650
129142
856879
737479
356082
900617
829847
842345
548190
859050
252142
817207
391059
207492
850668
224729
353984
967513
28346
270967
633905
381513
200994
923061
766894
413296
286257
442032
592554
349508
516101
750204
478651
889333
487684
351085
789950
833883
709782
854493
692933
961924
188052
600345
685768
555072
341426
39753
522585
369772
827072
156490
267637
28067
595903
34531
441363
882161
992916
33918
231669
509017
300474
710320
398350
304510
577757
704653
138394
287540
559146
831327
249464
747198
948024
935233
818622
289450
491338
341207
659222
318410
14050
926859
862829
609953
477743
820545
492114
470659
370815
240136
979676
671289
466808
378027
975800
44566
82680
114194
332106
158178
461873
97922
421728
409898
549507
240350
699348
40845
97909
874923
875608
111959
318134
738437
721913
795877
75334
730379
266536
446149
970515
762565
117439
437324
656944
609591
481890
255976
723785
330348
414154
185658
428270
352234
111908
977778
592584
811257
534975
690493
202532
926935
318805
520666
181725
40718
316544
257059
287449
99432
703209
257965
378349
337000
211641
35293
462943
693531
291269
186728
540231
221775
888738
484853
574009
516999
462631
682945
844608
513959
889791
47140
440894
208596
567806
622619
765666
400702
879679
53115
16487
99240
827432
394836
952592
39073
430130
415535
248956
237751
118615
789187
975879
523705
274041
549888
40704
253024
749186
885312
283335
155329
932452
724230
363925
16611
863201
645943
417313
742880
699058
950152
358472
526491
344989
827416
81916
775119
242951
330873
529222
877918
636412
505101
401624
910453
571342
958680
679830
836880
843993
963165
992209
292797
687395
872486
825760
550597
518429
759426
809829
217487
709578
684654
260330
54567
512070
342247
346038
271374
189472
391613
149292
825884
896714
550916
252690
984408
25949
932520
821288
869942
895685
813497
679091
99433
685983
21204
166382
204412
780630
492563
938252
6560
177217
714934
61128
689288
573533
923518
960662
763005
315131
626306
588890
728198
693575
841580
712606
719524
774100
533895
105818
186137
347392
784909
801922
549728
322465
968304
270492
103095
460868
208744
109656
154437
440031
687136
843725
13564
127006
320739
776570
442138
463398
881812
170336
156973
239744
882942
876497
530196
933189
982315
716333
796934
283576
518256
346662
606042
2912
617154
225489
463780
342251
335145
618218
782282
538633
978295
795846
665640
815387
88768
624130
278785
486932
310818
952110
726676
710112
828607
256872
643302
810922
489558
440236
94498
524166
786898
216892
527078
920404
442382
507211
262655
293879
641781
561289
832513
136428
873488
14505
468167
962256
638635
746952
965541
465805
215414
692217
175917
44021
949090
819219
371295
438648
775807
982146
962814
79057
199038
6244
999462
641420
513455
778469
935300
155236
339759
284165
808017
213247
815022
276184
691855
970009
539489
173748
435814
754903
865966
611731
798925
331408
430951
170220
286408
723110
668718
765574
802168
867757
771818
801630
25529
801626
96451
477181
473214
952562
761346
281231
682161
92720
557416
890369
62729
96905
64117
498543
851808
930083
110275
167085
261491
57578
853658
547899
780688
522376
313473
582856
906485
601644
900838
932015
403270
513642
409196
876484
466204
686895
157716
148366
779615
715132
38735
842345
328389
102852
340888
696549
32936
967515
863635
810779
25093
233645
358679
322134
756021
188504
904990
662507
790148
322181
594522
193418
835823
520070
69903
302027
206965
743971
450393
986581
459103
5480
828926
303844
108333
686166
393
141269
653682
380380
468400
195127
614025
827079
517261
886399
531936
422252
65258
322084
260785
176132
31855
612960
696202
618110
914987
903168
362081
881733
406101
337536
887213
235027
641380
511898
437545
158125
169519
91227
538506
637920
286355
152531
981351
803616
38930
513287
742220
104188
351724
519357
280320
899931
132317
976523
518041
563657
396043
396474
961742
802144
734010
365307
553523
891742
877206
991068
49867
46725
598648
588373
684645
401355
740905
182349
721323
296187
695636
979896
916728
563712
499253
197048
463643
147923
689923
981684
711580
602318
378158
189674
920814
628520
554981
474337
520262
432187
981758
570130
995265
96758
674855
196262
14465
932112
378611
735788
228300
590600
232036
145028
154312
247642
858428
617956
395565
64704
599640
623497
183374
494151
813171
104189
122671
368152
94878
159286
316692
592988
245768
311957
689746
920623
24571
220563
852736
403183
956352
597388
993783
704740
258768
148095
952382
633548
766051
347947
214604
882044
487796
397979
892547
300967
18520
531570
185472
113398
690856
18516
706387
452976
846825
912485
373600
871396
133049
742688
790931
605753
856428
784714
826845
631548
449162
779228
265096
731565
643527
996053
129961
131324
394032
22508
948643
928904
554079
134115
558654
761287
668983
265041
214264
515808
693879
104216
387205
343280
363256
178136
465385
219684
479203
292230
851232
928365
587810
632680
176282
231338
628733
306244
362662
539117
328752
311305
468021
399183
961773
26676
160471
630756
808069
891087
662917
18300
995303
566474
877932
358559
260962
343317
94595
256517
151900
945827
701234
739710
94859
877517
487400
723593
183761
850062
262710
28865
677720
247084
428049
639493
790112
104872
786601
598181
512311
965870
132834
23966
532344
10766
382525
309659
870436
993472
566176
538688
939299
267411
278398
34158
144928
765799
274103
845041
132213
53166
873906
809933
300250
818307
965778
90362
439531
268732
204895
951842
234602
337729
975808
283299
348496
874685
592958
735284
868157
675486
273972
323808
942897
68722
874319
87825
834521
148422
449218
483087
201588
323125
293020
18190
657784
775151
108552
97316
560235
829800
565510
311189
167529
57671
594488
32377
448708
703798
767661
833218
379285
41633
157026
838534
110356
547697
442712
461229
696120
891930
944316
414060
731407
753689
432251
389192
45192
57155
2860
605427
886955
84722
916616
54485
142393
27457
603214
107454
247607
370876
940672
143244
928861
614050
981779
39217
161748
424491
16799
374220
832773
477467
788280
564181
747508
736883
953373
792700
794039
956233
914479
680994
557307
831096
251831
699701
374905
855046
323507
622512
742274
264179
765757
671135
394581
263888
226705
556329
688379
243504
446901
521152
720971
235182
601685
468480
972065
555058
777532
282456
27643
692012
963451
584951
39460
731634
801004
414365
586680
124511
553229
328954
905042
835338
516442
299623
99226
743147
372305
303957
986651
819206
341462
223974
570740
943147
208806
542806
498206
986339
341614
42201
194703
305065
143504
234163
553052
944508
164880
656084
585371
718109
501391
490413
553448
17833
306389
169026
760980
678694
472984
263983
497900
814446
487957
68641
757593
213116
127799
772151
715807
469413
330705
910510
290831
474209
144673
843883
418718
309553
499967
520441
544014
1358
10855
613814
535543
317244
782841
296523
512290
255825
76858
10190
586623
81168
595183
344216
294284
239334
632720
10091
708748
479777
920601
515931
953986
581626
359814
889056
407531
376133
409498
951545
893844
936705
565360
429387
253949
348201
242263
766239
604026
319121
292781
190649
400289
404317
51217
210925
643651
200289
221016
352399
680066
657969
868330
634053
239595
744496
39461
163478
636982
448959
115024
530826
385664
680384
476565
155965
544937
235180
438556
665315
554302
247690
372316
470943
652007
939885
198221
295658
140175
419237
648058
336593
593559
32740
486998
349506
293589
526460
512985
930571
491771
628009
977749
393788
824745
970666
66105
886034
205847
504662
551349
276501
752352
923665
263796
404359
863550
462017
700017
520077
397607
864427
856671
507518
413520
343669
857024
223461
870129
886361
670384
361901
514370
648133
272041
855467
135151
338146
741501
857350
842808
809202
133851
111512
732867
914000
515871
112770
376017
732241
632847
289976
113020
489518
797494
42892
833188
654519
266353
703317
540880
936737
581570
571603
101222
853611
943422
236374
708110
201276
93724
550918
10478
743928
178783
743346
657928
211006
856116
550297
459599
5315
840274
572620
494834
637768
131864
328022
808639
398218
547691
865872
851307
645614
437475
952530
15577
897249
705256
723687
98525
315332
790958
109004
575612
969741
368702
749892
697099
741170
300190
156699
746485
140464
729319
757671
294584
377535
602045
103224
775753
149737
485448
143413
311703
922923
95943
843632
336524
317551
83672
435050
149235
390982
544054
724848
877075
429108
474740
574174
170278
774930
730873
433115
431746
976544
190787
242683
354080
792832
862259
646185
458921
347707
789598
770624
786982
401893
130609
123506
235796
214281
558556
385032
605263
618962
109880
482338
48070
584620
56512
734700
875903
303738
167816
824001
280282
358603
66684
150714
667787
445295
796900
126709
793002
102850
413685
579984
504744
544294
219843
740540
274927
778399
641924
880190
913714
751804
878880
478136
852777
451745
212837
245032
755483
897005
69033
35765
771960
652070
186480
439747
97365
499732
566456
890368
602582
496494
986704
107326
40788
722899
364219
832068
501299
6143
712258
931365
274300
107491
409501
127077
559236
138690
372109
314719
35695
957494
866836
324007
609564
569668
763755
706930
69400
846563
113650
188335
343057
616706
812013
900198
339606
692584
732266
357257
698728
960876
288622
489380
68367
214475
132809
143955
353166
504918
975026
905213
978764
841863
229221
588329
927883
509328
811611
513636
355891
441613
701971
215301
58319
30336
115499
914277
722921
364117
787886
938001
324993
592860
427381
909713
807336
560190
53668
676854
581460
28695
582067
560224
386910
327640
664905
831145
836968
476516
344781
709212
918129
563104
924513
492801
109793
40012
923430
832714
920481
711317
770715
245474
820529
198096
155187
627865
274638
725208
821071
856098
753903
919491
932674
657165
247131
597580
488310
600452
590448
349444
309664
24930
428900
234177
34083
538693
790541
957513
371407
711022
185182
658474
956496
5712
856570
628036
149929
647560
353244
487353
20010
623499
406844
952685
280664
170327
66617
285326
770779
657065
634770
596795
681995
63671
830972
716078
602364
621513
189944
490124
848887
891478
148598
321736
413542
521521
949772
79824
169081
819368
567177
189092
442867
490373
658129
239883
660700
724746
525209
947832
381811
676332
544627
580159
740003
891952
812589
858719
513465
518885
348843
878705
410364
497442
200441
823906
18963
666565
903730
704396
2285
470907
893488
445152
961280
551617
201387
138333
792715
242948
86165
690879
919280
147144
787390
659283
39096
599979
34355
68914
118865
383198
947619
45581
396992
664412
869487
415955
330977
289570
120352
333262
276829
530192
294766
754462
598162
12505
892795
390877
255453
495312
81756
174734
642456
869146
350369
681553
985478
384724
266819
620695
284275
214438
666276
681267
878850
535763
97223
726179
825333
733927
575793
618515
264119
870559
372977
862281
883064
265772
769511
654869
277436
367619
829603
919892
753118
696325
117797
738596
81049
384616
875643
365324
115406
541919
46592
994256
77682
660167
236787
419368
394094
812580
37883
174565
683139
927212
553199
82555
192984
839062
737425
470420
206681
83380
906664
959799
779705
24462
214747
377107
925430
90390
258783
40837
148661
821727
551445
742696
481894
788233
678416
392340
600813
716299
83258
800305
159863
636457
399212
352847
475519
652989
339619
198552
736370
246283
674704
32427
787097
405803
409534
712528
496194
184670
753365
161207
6397
304810
903903
488292
609395
582319
396984
726561
814970
480242
43218
974833
116699
442430
327680
108570
611772
183651
307123
864494
429935
981827
896921
733384
903982
822808
445912
916528
7478
715629
77736
530227
536792
981639
534871
146187
563959
931856
389100
378929
412098
432318
870115
45150
391101
714147
670072
519225
897799
977195
383719
844086
475374
280640
577470
379357
619800
23383
295885
143630
255364
889973
673858
792156
871613
208729
454696
951924
656937
843796
847205
69036
792467
717320
630538
699920
431468
300610
219145
329267
794158
602864
173353
785884
399856
267175
681593
536009
806910
493831
679639
62275
383804
869849
370783
255417
594931
825479
207341
251868
185628
570899
837256
494447
288219
984146
194367
719687
284757
929864
565306
595267
49080
255011
381151
448936
522187
62745
501297
329097
556576
697289
391372
456732
567138
278508
712150
678421
103987
435843
446642
805967
6742
800250
816766
811314
784397
527485
531001
585506
457349
96308
697125
506429
351319
78276
471718
389858
657373
973015
718956
730301
670304
626680
187034
753795
905188
415536
432216
525528
851379
395210
847847
374474
195461
664614
185788
496210
192099
233141
81716
649449
845801
778841
672230
713473
373469
143948
103331
30843
116964
822287
761144
303620
448968
464530
57415
870508
880066
5984
912388
247798
401194
760236
138624
596655
424850
840764
92865
616949
73905
690933
782750
919707
986126
971333
633180
359596
115281
252863
906791
748597
75151
184287
52218
40471
648818
109633
427331
528884
631969
339720
293034
33164
99956
431658
629819
524806
272422
239037
658107
346328
929970
957210
782387
916097
928543
931919
792045
560176
184782
698836
308774
776285
883123
877344
816756
531941
503329
244088
577178
135299
583808
870212
168463
200116
301871
314634
241274
90645
553671
415733
436973
999994
372943
735712
916091
817838
667631
708136
378015
368766
923324
203141
145051
806447
80485
961808
854741
100166
722248
431919
235465
822408
818483
920280
22524
636706
234915
780150
727352
788586
195883
680677
304932
568827
416390
221023
386665
600373
445511
281032
969139
368835
484173
114191
691635
81010
592351
546376
181177
314599
494647
932994
653359
313130
853275
675883
466189
88190
456033
193541
393128
651916
874218
698061
737095
290608
435436
640113
890982
397300
437497
376473
282487
921671
490664
974122
519033
83015
36850
216562
397614
531497
149557
567325
360980
2832
243208
827169
91022
215593
537062
502
383862
927632
698563
637309
734593
650352
277422
141927
47652
714920
518400
846491
152943
9065
820614
188328
92080
857464
404891
6047
905314
554448
573372
782646
73632
332933
609815
164654
64878
663229
165156
965092
590861
380072
602402
325454
546776
396176
467381
594428
627448
985782
440919
296743
511199
777885
485072
119631
151702
406315
642030
57016
477115
731755
839662
550747
581040
965829
231753
645918
145410
913261
127363
736271
809685
246117
61726
356461
642293
45459
950889
786094
547593
908161
599189
58792
202398
84261
694776
354100
6928
336806
927468
395
68561
767130
551142
165953
249311
299247
328224
394721
212509
455587
647345
22194
701704
225423
378656
860349
270882
845897
162795
334828
270410
761985
393620
472809
362598
604748
343261
369527
941555
270730
369922
526468
554212
437417
692422
803524
736664
20646
714597
465525
476233
361942
487720
694289
587365
382728
70990
374600
228625
233786
709428
499036
995771
103048
488197
874721
224149
831458
244248
165704
102188
130523
692172
172753
84292
900946
976277
820956
921592
207226
286482
914177
569169
290554
124818
156534
673282
195809
531134
418259
945947
240562
433647
458070
859963
921844
332791
84112
269655
93392
766168
371843
223915
974692
60948
824559
875639
37225
161867
313583
244452
964701
744113
329973
255255
868931
2859
444889
581092
50346
863149
43391
807260
296796
501461
183575
218641
834253
267687
488296
927645
550207
376491
667912
41252
437440
492471
916891
991017
170690
746826
751821
135392
7291
598146
390647
876223
601006
351889
973667
651352
215038
17059
458612
511834
518520
642188
246827
869125
426227
251475
796770
492787
144319
981034
534039
98111
989857
967282
89128
160548
714108
357302
295940
237752
955448
202939
113975
72806
554828
603994
724158
769866
621053
699123
798053
655926
857663
561232
41403
800242
812708
838174
293029
957027
335560
827068
571490
325418
310702
176970
485966
24811
534272
298258
778915
6073
501197
892890
78879
572378
13236
803038
858596
150642
18513
656649
322920
876176
734234
364323
676418
546942
202497
969448
20321
54410
312868
591811
379828
623571
768781
382146
164734
819406
680404
943649
825479
697953
352891
420710
270331
366127
223748
128928
33121
758613
301929
356041
634789
36163
720365
827560
99457
439214
313360
119778
493624
626228
227941
389804
766151
513075
771950
447237
332481
968706
907238
674312
666660
260129
95022
936991
142609
835123
582271
175730
593736
884201
48124
228526
436716
768489
572438
536174
207703
885798
655952
217680
28378
400246
607484
794530
913321
895787
758119
245802
380845
665358
920114
47505
925487
531488
500849
584448
366611
599472
276531
960348
25
324655
705226
436742
609496
277664
972916
333551
679814
145220
67583
708192
545466
191420
19074
458787
87207
777194
220941
984404
442552
657407
31910
884391
188896
49111
985192
71859
648583
261723
32207
164961
102730
253785
601703
228578
47801
90971
78481
727615
236191
146065
952160
298010
337485
971234
273149
941044
264780
494091
925448
707332
667850
473710
108076
373098
39173
93268
444958
687757
871343
993517
369070
490425
247303
970773
235355
811456
61744
313836
55424
814287
459901
7584
628649
313738
495170
901799
254782
759951
912242
696583
983635
580092
170293
91711
953191
209467
701331
914501
413576
572674
908018
782646
579451
671673
269771
814806
483130
847867
128643
54906
178506
104896
578842
807156
418635
74012
708955
189769
350315
137549
886352
333951
717641
56646
942014
187184
782465
159698
618037
196041
248724
526056
495039
828176
197729
764810
159334
197211
129029
287977
768469
307535
909226
347311
114691
327861
937676
339998
517630
287991
477547
403983
138294
711541
976981
596661
415077
275798
756359
33115
988191
521435
559171
483230
349611
273252
764392
508946
986816
409773
313275
271637
717308
222501
618949
832000
66714
556625
688350
584345
360968
165898
504680
15615
877439
998013
128628
808868
790163
884987
841983
778354
922774
917506
777936
272386
707111
58680
297684
693927
468453
127311
481916
185761
866165
100865
534113
932879
173842
222464
33576
51163
388362
54608
66778
782153
568973
195406
591021
359136
596745
949357
137490
519519
866863
915426
308257
573974
490458
122293
784253
958911
249605
266170
661025
115770
883387
195138
48649
57230
933954
598578
108393
838668
653186
691523
620821
222160
886929
728195
581296
26
677552
235139
35897
544415
666917
860507
634742
157376
982800
418995
116287
232405
201517
293664
864527
84905
488803
429529
658487
422757
28107
766880
261426
197645
458403
398599
419805
861684
643146
517454
378062
320698
752593
413959
381466
419510
274466
16208
576886
773619
951555
209526
522376
669425
503190
386904
754330
508345
332785
929169
447455
360892
696049
225233
558537
670804
623832
494695
48840
266979
12149
943254
104029
281094
873565
485495
700604
664384
18055
793843
438003
485963
3369
960379
671740
22911
863635
942422
531257
196420
871591
495064
73664
83992
720297
148554
754796
860481
643249
319988
643812
171750
263242
747842
452844
136807
749689
153448
801191
284097
947291
755546
286412
467012
715926
958152
6276
579561
900574
53885
292334
772165
548949
365998
856157
785598
514552
127305
646079
674153
447293
289892
845903
226887
554086
298747
880046
820127
968548
197590
620576
432191
953136
906988
415556
185414
865140
421832
281328
282066
475717
573662
54231
24666
456012
426740
810264
970565
70397
972695
644718
34042
778939
6974
260929
849377
822073
657328
669505
790621
854918
290081
739165
324406
197070
154721
509821
578562
576553
791149
376981
568622
881163
431212
109640
337175
374305
919904
824092
444702
408951
985163
478745
187891
992137
256026
37268
814210
913354
223125
121184
768272
29559
860349
92679
742981
531422
118852
321543
107975
426353
698524
192949
307516
646089
302589
161043
536746
738845
985136
497800
147796
970299
976545
852039
478788
748924
405660
809350
662278
628785
930534
946903
658344
307235
555934
401325
838657
674786
239221
462984
617491
454097
655933
441359
616538
958522
602402
153284
697367
103890
651085
361516
590541
143982
213555
585681
892906
619215
395032
71537
764353
325566
534792
422697
632802
90726
340375
987811
281864
95948
450796
899355
550045
106729
340714
682936
581604
459468
836220
795323
79711
3657
156839
670252
663992
886747
255934
73250
505962
650966
144787
270315
492884
679579
209365
642038
286657
66092
629850
568521
678392
596998
984228
744789
220079
841294
427725
318035
300763
263946
113359
380474
783955
270198
567078
447947
156945
339364
521198
179260
506682
182337
965927
999567
861917
691644
157957
664926
274088
304159
233448
952480
417509
217676
697270
637589
58971
124995
955624
876086
905293
585335
772912
205601
855534
339990
653548
528831
195707
691098
224443
702389
873436
190371
218308
251705
398367
376266
432983
672456
196777
666431
624936
614287
400460
838558
768228
975783
963554
240204
851869
385199
825540
141133
590800
197426
481123
760701
726257
193182
968151
467053
895572
357939
173776
113880
125996
572143
6498
558980
244599
719628
225411
385888
850267
142223
740798
618495
118006
704352
858699
486227
605904
684239
627360
713056
881665
624836
473757
124275
818018
441909
591328
229942
316200
765104
860175
442197
337247
866673
1177
98199
102653
226588
439
952920
885164
741237
571415
3170
961942
946467
5750
84198
630706
633110
797254
512372
774298
787364
152999
592317
229273
260679
338611
61825
25783
198786
504022
879382
581812
505199
493933
684465
248140
10724
153738
133304
751962
725153
652826
230256
671620
658576
314454
818679
808039
111708
847403
98689
899072
402
207358
644697
261081
545970
706523
803216
744756
210545
682598
326568
232097
692884
527386
480237
703608
681124
613541
455570
406277
782719
202178
594250
957648
516632
412929
765687
144693
776684
864376
43765
777086
71735
204815
554519
134057
911338
357735
878813
638235
556685
721734
870332
249569
249120
866921
469530
930244
996814
441452
852873
779534
643631
447123
737182
160263
376404
19221
304956
153088
399949
865074
446526
988036
69889
1045
122093
497579
875132
907
652166
431818
722641
38851
197739
971761
905772
667269
418357
902587
108722
271230
198473
752353
234706
935655
428968
127462
471228
250277
796903
871177
115351
243429
859214
701592
760827
981307
715523
635959
498566
884041
584129
737559
922892
298221
709320
345017
965490
127677
763956
590564
915260
962429
859269
149966
414436
288238
277428
885664
54867
74331
756841
686570
834113
616055
388162
594940
113715
620037
747251
612281
20430
847733
349841
459675
145954
575513
804692
627796
219543
568648
218361
134803
531077
77630
801121
461865
882220
78549
347529
937087
669233
104370
623657
503346
236778
528171
98286
866845
664560
361889
995478
684991
209622
861671
144666
871928
953537
949358
499725
173080
34358
718086
824235
81787
795716
141708
543652
194289
220257
891181
131376
405842
511903
755034
909188
265033
799557
523826
131878
464118
885716
643709
149109
611690
505380
293775
999971
458917
759485
499696
148349
793843
734134
488936
391982
46202
630644
935634
240491
367254
343167
371868
773096
371422
643254
682285
636456
442811
722463
284686
906929
124531
444747
572390
736222
950128
866165
252545
925397
142002
752241
590099
452197
486375
79035
844179
532577
226032
296165
289421
593286
639332
661289
882734
10755
820895
81371
163563
263706
803835
448249
686988
928366
892997
259378
180940
359477
641896
433485
801226
783898
702078
391325
236096
704805
986713
596627
753735
212745
892793
43156
322383
532125
704445
721469
59232
525340
802841
222795
305398
123028
187397
992386
567746
596746
251765
748687
472575
893661
698524
273801
193911
916955
665127
946359
621760
168192
542987
375495
380937
435780
418651
219672
484257
639448
941141
59842
681140
260334
282637
986539
383362
986386
978925
467461
583132
747042
732500
572059
157055
431024
845861
867319
864331
27340
813678
486092
195532
873017
377939
92821
308797
312943
312493
309407
952391
769986
369249
633532
546673
168238
136423
446387
154625
631700
913848
254109
895095
646348
826169
52150
593725
188382
919469
458056
215722
249500
460500
411254
122517
838440
20427
947667
151383
849272
257074
620126
135610
142675
770010
682283
827265
906433
645023
981890
54486
558871
752352
949581
721572
94873
518083
315297
283255
953905
289705
498977
203405
750206
426583
325922
104998
447010
789941
772733
812634
563367
392859
948244
706042
679222
146880
533308
102007
791903
31550
156493
350774
783902
622426
588698
878775
140510
903995
678382
94415
710053
177359
814172
976611
120294
140094
597961
83656
930036
370694
896290
493403
279905
844535
715798
959127
991415
765458
577487
299670
797008
733980
650444
97263
872759
239143
492390
13269
659490
170773
624036
885895
864484
438208
862506
984779
94654
460467
68435
24690
347513
481078
34446
627419
841965
266596
102898
349732
32054
680385
649402
345414
930718
816198
442677
803477
55341
451420
333098
231184
138545
957134
117079
3029
395342
495938
504160
489996
956405
88948
31039
303919
570026
581837
447690
411991
848433
66940
278075
880487
747326
927477
742253
194396
743675
184931
997873
315369
152703
847323
546553
291248
804457
179984
810629
716151
675922
314790
206147
632328
403738
753538
452599
973764
335375
900289
902107
183808
967229
180182
580647
230907
107659
322901
425303
367686
24184
939528
683055
693239
786851
229608
984487
107660
409593
795116
823811
601867
626258
546311
234195
29996
816201
203146
3760
151577
619787
422219
851737
103369
602401
948737
334276
226412
787990
275932
594099
812174
731812
277154
505413
35016
23115
6252
142676
949060
317720
482840
550927
943979
545503
785123
973975
361704
504621
494088
513281
124409
916307
881371
227778
35061
830108
562054
261473
618098
354338
371924
946624
602503
649079
968389
637519
672194
490993
296547
621254
325065
779387
688533
269044
841242
473656
759372
202947
978278
769812
232580
619039
686119
113951
846817
237532
460411
925223
15358
594861
279562
387282
541485
882065
36361
26226
35936
224907
33571
332483
362513
358637
628223
51047
627681
469465
41055
903405
188764
535685
673217
421345
154724
875689
535296
1541
113221
512060
443117
128579
106921
239031
32214
164759
637448
584927
190985
673384
809835
224557
522219
688700
583194
666794
256099
727227
652612
297155
630633
841376
349192
303850
262721
503917
695891
314370
21810
809113
826430
464927
454044
933351
220310
486258
98110
857758
587538
805448
531142
913725
546357
569714
602425
645903
236508
858525
889482
889120
672032
520115
246849
21224
340318
25922
525141
36209
856644
63304
361674
199426
44583
332071
132778
264894
334681
747240
122652
922219
69040
170147
835944
131749
739861
954722
777652
492721
813247
667135
898194
1631
703602
145043
22855
560272
687317
64349
112834
543962
127653
474508
743388
688588
322931
392518
953482
657613
656111
592487
96184
241503
762634
932129
373253
18847
886851
667257
511568
216450
334392
409762
218081
554347
71157
240936
114619
758475
821637
227453
818789
465642
218314
78529
154231
57597
471048
624065
231562
643511
216552
327747
885014
495538
776228
774619
514385
663079
441877
542306
395881
776269
952068
130314
846968
539578
887602
961588
814405
709240
705393
633194
174882
440059
711723
845465
14009
699123
469531
245571
342634
202435
573318
227649
697974
349546
2268
728711
528977
960497
271017
924858
736767
739438
571524
100087
279016
459127
61675
609773
168367
283421
242967
859601
239832
954690
705067
253841
170166
690950
499413
512800
893385
72731
256801
107711
938630
775422
352775
467607
735919
140144
908818
989038
395934
996694
89126
191302
455821
667153
801075
140540
466926
44042
142
706759
515085
705209
476952
685251
912511
976365
714403
322248
565449
971205
946312
20431
262979
299087
488038
998898
955583
913208
987937
351518
426255
593415
542820
882076
260568
343896
22617
727495
904290
22759
950606
419375
244320
427558
620978
673183
920276
335382
995431
485725
822939
941743
506156
85918
240830
510546
84816
196414
940107
589105
64284
366362
698872
607104
764790
475793
467352
787407
719640
371643
326518
670246
307370
570838
614156
928349
244021
534432
780083
239453
536509
603022
697548
559017
688940
454731
69564
290108
651145
526023
395566
231781
408737
94438
838885
173527
570231
822590
477287
289871
194233
803805
476469
501603
374644
90626
946304
135017
141410
726387
890822
677920
845761
588371
236937
534701
559454
822853
341162
726951
865228
736728
958732
790317
347518
313969
963845
434102
136559
441132
723973
330792
244937
716795
348748
135933
323773
811404
787303
465183
54144
194477
659455
899905
299200
412745
950959
858654
751950
292121
585605
617179
545201
544337
407496
892719
858307
887693
326821
994866
328825
567147
842011
90115
800294
190759
742400
124067
518515
46055
105602
572659
240533
765058
472565
539733
177803
423524
398388
929753
231997
500345
63284
293550
44683
470781
702621
902990
874826
545795
414208
720004
112942
256219
810119
429588
963330
68871
553655
998198
114927
175609
570857
355460
940667
43422
411545
634822
983298
809933
80928
731647
310279
144212
25197
871314
131345
727819
290656
6172
789966
704864
242528
902908
477436
52647
848848
957118
637870
402503
955316
752797
578112
42526
624609
35132
602300
36155
186306
101951
362440
267234
833598
189071
411447
375148
60385
59144
619319
351041
581668
409285
572258
824196
828545
566046
393195
677393
39516
31066
596248
511185
300215
690712
553711
924825
242196
672363
477332
428503
774314
839772
695737
124265
28844
623536
499413
605581
682681
635084
472975
780701
44369
561585
604898
389266
127631
998093
583011
683499
545511
179259
711036
845727
386323
781099
770552
628520
453463
247884
57023
227777
604008
269112
868394
632852
892649
367807
754786
91682
519243
227761
872383
79964
789346
477281
469230
433329
991727
52241
116828
537238
747852
827865
382965
650528
608964
669869
279048
578779
434105
852423
322909
554466
121535
191303
703670
530536
75463
458456
138570
594706
686217
10954
674671
475563
4587
660253
908892
996314
712495
542073
49905
976699
886290
949222
627227
11606
135444
422627
590386
85901
791402
913295
640367
429290
104598
344038
959826
696413
802494
98397
291120
488712
625703
965791
480627
630290
626044
905872
142957
854891
964297
192862
347943
850587
658436
975170
378545
793880
914150
968931
879782
705552
398578
36501
134842
19529
380539
611021
715942
183034
709418
7062
188098
335121
489205
185077
481763
631602
90949
624720
486493
55246
333934
834436
422185
508723
325959
800731
818955
756461
286014
215089
462013
684593
251591
596856
220474
632130
207877
936416
331516
433647
459831
35966
285120
465388
221044
766883
96990
828345
907956
99836
883592
758242
450624
822129
783317
776583
622860
602273
533044
908875
817362
511410
109820
68953
624618
330294
217436
832495
783062
65304
782494
759245
101271
67614
224634
322315
350849
837976
150660
775157
937812
550604
49752
388437
372734
833069
681372
511946
435342
730769
937173
769057
242179
46993
838010
383149
893639
571798
215644
193054
637103
514490
952299
738374
582104
693285
577041
449305
47614
244053
224463
985426
311010
790567
890215
200096
623636
87940
712042
575331
335061
649216
344388
93592
212561
698750
476741
622553
270549
208737
815607
424004
723227
284258
678730
821683
493896
772123
270988
541510
16176
11803
43288
327186
802370
449856
527282
942359
537796
755677
517690
872857
921245
862078
482801
133806
77180
959542
756359
347729
168279
88318
288085
891506
372577
966815
713189
866473
738938
500529
924335
271467
512333
967623
115005
831055
417479
158640
773414
471627
914317
291104
860836
351914
669534
343637
485720
746715
303179
758432
610796
471458
363102
898882
362964
735679
382049
592505
118504
637340
93035
42839
908807
121720
10463
23812
469127
944294
182452
242542
415922
613121
49998
276758
965035
719533
620396
967108
982600
923575
241892
109748
911386
604994
8630
790702
340674
907032
899560
459178
544372
992595
18370
969531
630667
28833
993343
99794
973127
692148
858688
389049
305269
908687
182160
786657
144572
318908
753765
127172
758835
995657
236920
670221
600651
761903
460924
457677
185287
360484
433208
246011
869431
451578
215542
16450
480411
725237
632596
969890
417385
491285
875292
239007
399972
57452
25664
60896
376360
295781
704420
135195
291438
457692
321769
408441
735947
299045
866119
921234
175881
299327
167245
45312
750905
899139
578114
747668
624377
210710
717558
558114
701995
592850
313473
618319
166654
339137
679215
59366
634918
383635
710914
442708
841328
32683
851150
93627
331728
717269
14862
23961
532948
698459
585625
283853
597599
163739
547873
738328
374449
265431
296442
592797
374634
609916
727468
57640
465405
406684
117007
616676
306671
344273
59384
664351
893308
426886
757979
741388
660507
289193
765349
193455
987652
350974
993660
101603
514713
541533
839931
405514
323317
136374
514663
214303
262642
242132
271943
728047
165168
905302
861075
988191
249575
436812
168895
659235
863698
926874
400623
524206
732419
165972
234013
720071
516946
227674
821675
548011
285559
661606
469878
608876
314332
984541
823179
576974
743025
611475
821374
908193
516777
682449
412737
282705
119261
581632
941940
499312
508506
342564
23518
757277
24888
773883
477348
541835
1557
815375
606198
287117
993334
76076
895993
307666
576970
235525
400993
836347
847000
222367
744541
880129
421168
673630
162834
56782
255262
621127
556094
280120
963691
95964
37397
504931
869847
31097
563118
871405
846473
169317
674874
356159
761745
87219
180177
855067
322744
581170
691415
686096
319889
952308
566226
257410
625938
245412
314192
881200
866539
386638
161320
346582
482602
198717
851514
868801
229814
414632
256558
592639
583949
931432
948798
862047
535004
128976
717114
857748
226498
924881
60197
62740
877189
626423
320150
503127
388187
634342
900679
254727
20980
61999
601309
19934
777068
452823
888735
523235
383808
145294
115874
484109
593078
581025
346156
128082
226353
579623
502183
452851
504504
562380
31943
381694
705155
352093
401173
93342
502787
301853
348069
40119
880204
465731
60053
657273
434906
465141
180508
818714
126787
812734
302824
719865
393759
165332
847948
136464
744955
866483
105668
249460
428863
137611
147506
134018
489705
548679
743712
508844
366884
608134
548964
247089
73865
125369
904362
508771
106862
601222
327486
233649
413956
146662
953515
324068
311994
317815
976884
573302
184298
82552
822762
129513
220164
486620
779883
226221
551651
523595
735065
918536
131729
800381
165625
205594
925751
586339
230718
32613
703913
74556
782615
117869
221218
736130
958289
49564
570297
935174
622866
270947
17726
961980
916812
754242
448600
696695
496815
252
736642
231881
435140
868372
548614
117117
590318
990717
703456
337388
23331
407369
411944
322298
41590
149514
574780
516232
199079
145077
451406
821945
932376
985484
300278
849188
256079
748878
545883
752894
265482
282525
501127
216974
667249
49742
334091
773920
40459
553899
111308
580142
477620
39605
902440
35563
189119
477220
551795
388198
138649
519553
726496
587377
505037
543126
436565
277468
292004
498800
30363
73839
297678
531490
290813
481279
97584
141257
255199
654396
695156
882860
750890
172777
922465
169683
724692
111584
163255
276487
16135
301905
796040
258983
405634
817429
802109
842200
94898
610465
857352
641613
684304
155030
689455
491470
636310
787040
632727
407861
957788
844235
290721
708678
533364
213186
878361
258056
841123
41617
534543
857258
859874
846935
632593
265508
180717
434702
624060
275615
45167
481413
433580
245824
152795
123035
737294
789105
910075
886373
713319
384215
730608
4040
92894
780325
733579
487607
38381
574702
529224
89277
948312
905450
936212
580905
170959
116929
15607
795019
908896
577126
792784
342476
822950
945580
465512
76596
251037
891939
962969
964356
276155
209930
484749
885401
990255
218328
373008
544988
309382
902233
634265
257694
807683
86830
354951
494994
203759
886910
806366
629008
464036
115502
971484
803339
61082
953348
879935
312120
845288
359257
792828
637795
85539
277577
523196
592146
495905
896204
137134
321639
314789
287752
95685
638825
374582
450636
133819
578341
337546
456537
207349
317935
572040
695186
121274
149474
648534
1209
461594
10174
876818
770775
647969
962357
48352
687517
70855
60610
583722
207990
382249
414863
495742
477935
53688
386676
928571
703860
965017
782470
160397
688719
100405
248789
900257
221679
398264
65143
739240
376210
75318
132411
146985
239639
94768
195338
443509
165624
255948
543583
889966
154549
958446
902060
632484
12135
288736
77408
715995
770105
859878
392744
975176
476635
157886
875433
698314
556150
456929
953906
448712
48599
86317
595698
288238
697438
307388
248099
379414
79688
791682
269380
234237
750129
687792
383074
762264
976528
460482
994611
262985
836712
903707
238162
313347
61593
629947
528013
134095
603228
481919
582808
651827
84589
178506
456418
782027
2246
704517
161441
81934
496200
947173
832523
246329
634965
215597
524945
127845
192431
35908
907182
29143
939615
145344
342490
517561
291644
870503
651656
894872
868775
234464
63052
469716
929322
519470
251743
447920
223987
929536
529854
236539
876709
878730
999220
28026
94327
524165
155871
286759
76425
63053
832254
532393
724750
174745
566306
532746
561600
217962
943970
946727
968779
7022
416443
414453
526492
184538
862374
266832
114074
908580
503371
507135
787310
502592
535161
397990
543109
207384
684749
619535
270438
517003
668280
511540
208100
234586
560638
286053
968900
504608
749132
937679
27983
165576
868485
554475
350114
730859
337659
980541
155791
841031
487676
943102
343623
22838
341092
886732
230222
542193
22619
17012
575548
207251
44904
783649
441837
605542
586054
410738
110151
335186
864769
138134
500762
733254
208961
367229
980465
546621
864122
136257
904004
351798
595711
247627
374636
936803
650711
121211
995348
673331
138223
570896
880582
183128
354545
838772
305022
456951
765862
415173
792138
630631
69659
809252
880238
794973
692833
860703
857946
556955
513312
761950
908754
109023
525929
799742
562178
176640
920953
557526
366323
575529
128423
763258
275009
999320
602030
580031
456272
367892
995205
248410
514875
581216
574014
395113
892541
266848
772169
750487
823803
285481
28789
248909
394505
554718
48652
956683
247711
485957
514210
614034
61486
158985
377292
336495
158305
495674
916527
614577
379918
428084
379339
894794
525652
469706
806259
418194
252906
578428
685033
76709
863910
230175
841971
774767
784893
406975
247802
548956
892932
278364
162991
954419
437349
56635
807266
112007
552310
723793
242936
448580
668229
138628
343374
193882
608334
149634
128428
861240
728062
813461
454301
108324
559988
812624
399443
861234
219599
647246
410190
112532
441962
89533
583303
395664
146169
390569
507671
214831
630715
750607
663411
815296
889235
523138
9178
13921
672772
653958
391513
917186
983772
845815
541863
543760
658439
941306
404994
878039
104904
815185
506923
546867
904718
90226
458883
567239
997147
966554
298422
627862
233513
478186
443159
639101
1324
968689
653022
190448
622648
44536
623986
606420
406703
165849
150180
65142
623508
71527
459533
728412
403064
966456
791631
824134
573034
250514
391374
570182
733420
206148
198044
966934
684334
157555
606035
202010
642597
775409
908810
781597
819945
49149
388017
226648
214998
54549
808143
354858
642428
267676
599623
45492
750485
907606
869627
323519
674473
777353
893701
407893
983501
608098
891179
184188
282005
497214
902550
924602
272624
811361
222551
608921
376862
126920
351922
108212
181470
160065
463071
340250
944093
62694
385743
210930
970300
255370
534450
161125
549075
944503
569019
532576
68953
460198
233116
350959
473765
135667
791913
262741
463380
14465
871662
840242
141385
739936
948454
839207
416353
927877
695810
360447
506923
81553
87729
993576
853275
138531
154701
402350
83035
723720
451278
668340
183919
200747
19299
174036
336414
327565
436777
316146
858382
308439
672740
516119
48376
621194
871679
464729
65424
567489
341528
572347
165394
945610
565923
535021
84141
720625
937371
683528
444345
905001
351869
144616
105748
887520
318652
958514
215085
755429
274660
589819
580221
947400
622291
144949
84947
493970
126030
150371
577811
983911
722718
743205
929521
804994
278226
530014
525619
731949
213543
486316
153302
565412
147285
259051
452932
982289
733917
184370
737719
524930
290541
834292
472330
912832
495593
73629
923154
621623
740352
500965
605534
979423
760522
51407
784417
38748
581422
826388
287049
794965
312704
440352
876729
459989
215755
846013
442279
949672
546735
696350
990954
837277
46994
463285
266461
542587
53266
189616
164210
793619
690581
286097
289394
451104
853856
73811
6204
435278
416551
293254
746595
729255
249958
623324
705597
465713
469338
664228
931737
16073
876930
922692
369702
923924
902329
636164
982863
471947
825780
663425
781918
32713
465874
71312
483817
319731
661475
6374
271361
78026
299628
17957
323634
65938
157633
29231
48003
143323
209811
496092
675749
86741
935136
45451
527017
353817
197967
509880
825765
23747
689657
607683
56461
155532
195348
56630
475263
373175
579356
746624
451202
878984
764581
291188
461274
438567
836771
509277
581890
46582
5370
257639
649675
940506
303091
693044
294324
501058
202924
636441
41158
408933
760476
613971
564465
472176
186953
39728
845352
766310
302705
812906
161646
583638
104094
622921
22205
940865
648550
604096
503799
653920
378087
153474
110779
197530
846518
921455
698589
565794
557896
256099
974727
834724
386422
55545
306901
573375
95273
152253
339685
914330
965159
17684
497969
585605
640605
36526
42822
289155
156974
546621
459428
535062
216447
86559
732592
579317
8014
947533
145111
82262
203632
636190
916986
590054
691735
223887
679782
303361
892492
535819
217691
857651
553503
232012
959608
710460
784891
2430
515968
941865
65403
491748
476927
281850
578307
209520
861167
586321
157053
522630
668583
877038
675173
585569
983444
366908
325809
663226
186621
218301
199046
920665
592305
268901
669029
551913
495714
453920
70696
11682
395786
652451
19782
872713
934302
598089
82233
311821
184410
755639
350804
369345
632677
25977
471266
616121
909237
797075
795700
95859
15377
994746
16524
124034
779999
685553
675947
275713
655826
262995
803747
51612
915447
823529
924325
366101
421618
522911
194274
122380
794902
545078
8077
427579
571055
479344
560052
480293
792771
355752
92504
324500
866850
625380
448534
163202
827285
640834
438915
483111
903829
759015
534723
335628
98896
459049
701729
520515
498312
896004
159247
293214
441082
683677
237145
528490
679373
797197
525135
472144
669302
133991
312997
52504
759371
761531
215706
586656
402365
170974
69768
822547
929989
604491
158175
28885
579892
376257
65752
594556
272261
741352
887770
229695
425029
641267
274537
104402
438465
316024
92898
624119
450015
405895
676623
209386
683779
408682
796043
602496
579656
865811
425043
25997
986654
99571
571234
82899
475828
636987
677455
748089
894691
81578
494136
319720
722845
768674
940474
677662
84698
549724
301781
534714
471972
494757
260452
672103
903439
56495
274599
999447
438658
215995
25444
941665
315566
596678
24564
791394
750017
702019
55835
644708
299949
66323
480780
22795
834997
937606
700457
436048
3683
518591
487114
475655
13348
747566
147758
433139
320414
938709
432586
759072
154704
974382
217089
470270
87412
241653
778016
837430
460025
350203
998490
759974
416527
479271
782769
767876
933229
999579
203924
936912
518170
207390
928919
47870
471309
593029
997361
791723
531739
946299
67147
202795
920681
284237
673066
524445
42242
967434
361875
502267
317638
360366
262242
734165
355989
561363
502041
289218
560942
222318
742483
595464
429708
671402
159686
417369
264432
673399
209092
312523
619698
792592
515318
56731
76829
704736
581177
119071
672171
459404
137691
506161
819770
916285
240326
692111
477648
258719
981330
554943
997389
723813
666759
943450
911567
342798
360819
692351
16197
569912
4874
635896
362504
520193
208979
955685
741281
306508
591108
929804
765913
728799
435965
102035
161436
192643
794147
639085
967715
775477
710380
965104
15642
377139
908554
927209
719937
269374
135913
736135
355638
140787
888383
234494
177332
613714
190179
918614
920223
297639
848418
686136
542791
800736
788171
704227
993379
98670
859664
961094
390499
570044
926199
406141
463536
351105
849703
183473
620479
985616
435960
976117
642755
840695
726963
820088
454410
433494
255054
890985
731134
619824
577121
790277
420560
881644
494504
413940
496667
354169
891386
887166
440565
817585
293308
904101
168691
659363
603927
305522
161331
39887
797992
804086
396935
524955
140526
851345
958450
395580
742330
205936
15405
835803
996213
952317
233799
7069
366257
730466
877590
257644
617633
834508
591581
427293
738609
276624
603008
342536
98499
764339
898776
896491
84777
812063
937798
741656
179760
412600
137236
922090
134888
668993
274245
647453
137663
24396
654523
503920
271215
48465
277916
888848
882973
385850
832493
621583
178826
951853
480471
277325
232544
895599
690168
317321
707662
144319
58977
403774
73271
712566
325864
208160
897911
116461
855613
35574
657210
26488
55847
928425
74954
850115
817273
957927
752317
166118
95862
931144
117971
92686
724821
866867
504637
931342
700540
728652
592013
275870
132426
665284
988436
974643
873444
402699
91104
245410
954626
748314
271898
10473
193091
863204
860588
10364
821132
129258
692834
433346
60402
327157
42384
301575
194024
547022
232917
894565
275674
824930
170435
408100
490215
675223
899095
880011
594274
990200
125421
548900
254866
913672
559373
447958
776876
936314
974674
114360
65572
183861
547707
642326
27370
590091
943901
737747
653465
693171
632312
929139
518101
319099
853592
524668
510674
752687
921032
104948
259239
562805
653849
30458
476477
729574
994768
253354
182240
485794
367714
764164
669655
431773
406490
213378
538217
866744
951125
191682
559915
583437
120822
594368
418888
490766
635389
445914
243453
556421
550862
19045
119226
721063
49503
595704
450638
44271
365410
632878
46417
249476
397043
232425
681250
319885
445803
219467
186629
396928
927501
746544
496717
564675
340913
431957
55441
976302
877871
815247
49075
428733
834292
168301
149797
400147
280357
116787
960770
162119
266017
7187
411596
179412
239612
609198
499298
201767
828665
202279
598695
272518
948824
611764
837194
806089
43721
892635
298743
921592
224234
864170
350326
58526
32471
16475
975025
829181
649614
935795
991300
915631
459335
919248
611396
215299
528446
627046
417067
873463
829325
532114
145982
294501
143879
983176
100590
187600
392163
915685
109193
616398
779855
975871
191276
328679
992346
166302
157860
158312
618449
665512
590295
77784
584761
201691
809436
113207
828737
226503
503023
658063
758617
649005
952564
418848
632181
569507
606449
540696
485192
715642
157094
781400
691513
348371
110079
200211
514673
784291
874875
133122
966155
465170
727259
550916
666862
536695
180476
495599
279550
199851
670014
554519
848856
622579
973368
997389
708438
579817
538085
709982
811811
695180
491382
19676
559903
117813
736239
74576
418456
611114
724050
384612
76284
967661
451880
259498
20708
148708
271450
816610
348559
941464
371130
197415
80395
860850
711156
788833
440667
249242
498816
768830
460774
506550
788506
20677
624364
41097
611605
42820
652211
852007
943784
244847
819669
912017
20698
356729
60725
292148
173340
409285
233612
544470
123052
830360
405320
350561
619193
362339
116155
118009
131169
576929
624560
436027
113958
765276
477124
725563
324448
645687
93922
268233
406886
429943
696602
427584
786673
757327
236084
960013
682964
986049
20835
322369
816409
942507
672930
435602
821198
789085
69964
468719
882366
210876
904746
512676
976152
898222
754591
300600
60261
848513
85185
467147
278457
781787
411084
581482
55467
647168
57847
254783
149569
78682
577152
965978
537541
766434
917933
358739
71871
987897
827458
954237
198773
248556
466913
691277
146778
221504
508229
723391
586370
109767
190538
864827
407906
117974
962661
463373
281495
20508
234509
431064
99190
811661
397043
153083
578096
314976
511822
166319
819225
855632
636909
534350
104188
103822
225627
767318
841679
250208
490709
944401
359975
197599
325580
767882
315574
288241
747607
597069
308749
982116
544485
924291
310130
941528
77374
404578
772856
589196
570897
592081
444828
207806
642783
65368
827981
868410
832686
186012
634971
323395
130413
994946
520994
455993
279180
352920
744234
543140
466341
569335
525256
10827
493626
351738
468707
571000
756316
241564
676548
327214
349997
637728
51372
992781
219448
879353
377543
52134
65365
12514
891881
712130
523813
929227
684475
319345
282148
428709
862485
264841
514396
904094
275668
8022
255832
744376
95374
12149
502292
288274
855715
852289
442354
907087
361422
661802
302793
255318
713936
884510
784184
122169
596641
824349
51397
281116
143695
849897
226178
6180
114738
256926
910274
906759
264949
166107
651135
876675
694608
153427
164950
550323
522068
607304
973762
399843
785459
792907
171513
499395
677418
472049
137917
790411
296399
189314
587879
440094
555563
330409
962626
186653
587336
872901
93412
368637
555360
744547
761664
766320
414326
926614
832995
452747
50271
323109
368942
835730
116017
540455
851477
309787
12504
505746
100198
825255
211412
204429
781701
766975
534839
744328
953629
638527
133581
563393
7164
205293
307941
768828
971613
238619
211795
804608
207718
778418
127717
576660
130500
760086
633467
498329
69873
162324
4076
686423
503931
215488
890853
285633
498816
942044
29961
452445
580571
679894
15838
587735
885187
840131
872915
856800
595103
84710
177760
319173
379480
821829
412186
509980
98268
45653
8310
168141
724329
528738
854565
228261
744226
261770
30246
243042
203814
576559
211839
784385
256453
744030
888472
141640
100513
761387
514792
695616
362450
208904
14790
741930
547085
943328
768263
645353
505333
292925
813495
229663
821663
184412
974276
82241
446182
520874
325284
649996
97433
53475
950733
353886
797505
839205
495526
898019
600592
526670
109987
479394
735574
641129
221325
799011
584457
505940
444365
89791
798865
257860
835806
620528
958624
326434
702769
404806
847308
544405
571154
944741
597881
521887
298627
911738
361092
310505
809757
478036
353527
436097
957431
89101
77226
695108
888112
178036
717400
848829
267827
516265
106689
619985
136793
581665
946419
355914
986471
310079
900320
73977
254820
14553
595864
69799
926291
473308
380304
252401
467697
733831
688498
941480
339284
282076
152940
743748
460112
870340
592578
244291
386605
215619
864276
39750
797285
327047
912016
300108
637126
328688
374086
891946
343241
486302
961745
785885
475963
858401
38286
460012
108584
243136
401492
447868
525212
554432
707969
985325
941124
300547
229616
844081
32518
610245
400183
829803
937292
312199
646264
574419
640888
536702
982717
500481
539356
460815
286366
15319
835568
841004
475331
944153
84140
393175
908373
609353
463959
616342
111030
405083
433241
856998
249164
465760
467243
649347
811915
920888
477899
974531
11659
635139
511233
510728
135620
50590
971543
938339
582261
323464
295695
57593
267617
379836
967120
175990
505541
431080
308685
132923
836163
258278
989921
601680
240390
973517
767379
568658
410757
245278
543189
422416
396769
54423
933144
532390
621365
421040
987081
203626
744504
282776
777571
528473
178964
744692
220815
684505
175772
529500
817428
528287
304131
323702
129967
544521
297219
897347
113179
224328
658977
656369
646744
55747
227144
96240
104489
848509
517280
607922
568487
778136
890698
346059
306609
69663
607103
527425
270520
299227
573277
604301
827514
877408
928003
473834
421930
741574
887533
535109
965902
546510
707830
128998
118609
934974
741590
739450
299835
258871
347372
868323
553359
754423
730734
376321
340438
337837
903746
610958
637064
993375
731611
980930
870784
175966
454764
292714
917540
858649
344175
399794
405160
568358
45144
40121
503332
786735
295924
803168
561958
643296
187843
115317
397719
918577
7990
254509
772766
911736
381820
926182
905112
113431
907112
292248
289398
878229
101314
723290
736878
961841
639437
658390
530199
684581
698512
33532
987668
510788
353052
549626
154084
540895
181296
68156
975824
189286
322665
748590
617375
704485
674772
38839
334269
581884
331087
623667
460113
432401
346957
713344
910594
502746
371734
440794
187328
586598
474326
174996
97386
343730
240975
767823
400977
938623
835979
376801
127909
674996
125391
261636
895834
800163
300475
746455
898399
147914
370122
358513
96667
233431
588209
7262
736178
959943
448056
439858
546542
438734
131206
160280
298816
888533
928103
699793
827156
280434
76594
471418
471783
201985
733054
883969
518500
549882
630424
416899
697796
516898
291764
310816
750329
879973
318078
2859
839917
282486
959069
902811
237572
90276
63091
536388
495161
507547
236181
322318
787981
312775
793736
259764
31112
43142
660085
549612
593024
290509
966511
807173
807407
258276
117989
74089
138249
436067
593300
494518
234905
552370
397329
472477
158998
976773
8865
654159
484320
245046
492829
272301
74173
286565
48418
105285
846060
708503
654897
439084
515365
137760
246257
322772
396036
364246
913213
50638
316665
506514
545156
551570
575236
458838
24047
250586
435611
32912
421097
919931
794310
913927
192232
868483
716844
757002
490120
562904
465506
661369
1989
497223
799130
764598
819995
711518
128845
249561
278508
961862
272427
823665
513433
847663
798855
53832
614601
234466
86745
35698
154397
397407
949625
862981
265891
182822
136336
272363
745726
118194
933733
264067
615417
732863
28666
951764
960733
673863
201325
239242
635725
473752
579259
665510
837767
378114
719343
452368
128932
322440
488067
799681
719847
954044
662662
502090
136866
798998
774454
398945
433544
224539
663012
48961
957402
208030
726
434487
881893
202051
190081
33971
192156
769340
699481
546275
663806
935176
998644
792738
257616
3063
592419
493816
473459
771434
512258
610326
86784
286712
9271
520329
511251
188635
569290
985005
396666
86368
935845
794911
804772
125926
828882
996928
411619
44716
543203
75425
979892
58199
384516
753861
577614
976935
247677
51074
264721
759935
661400
351506
563000
187023
388187
590603
892010
957477
91961
288676
560198
27806
83588
364970
153732
428822
878250
81703
473538
421453
157129
453431
996005
541645
207292
573619
34932
971321
624693
299654
731256
802445
167512
810608
505820
555699
401212
397831
29528
9525
686507
589726
37331
286447
471048
707415
715270
349298
789119
705160
770752
462600
158591
283109
520597
882235
856728
555529
853556
997774
371535
584813
800219
55399
911773
306040
611098
829337
220223
156979
838862
423082
263057
392545
709530
734106
616313
941152
83404
921784
646312
370508
900736
321256
653617
421333
203491
26698
493214
57048
540824
864750
158213
341043
436501
69986
163435
563952
415676
383658
720931
770890
806741
983988
163436
32623
234446
296101
490127
317851
217885
136439
204711
118621
974047
374681
56306
177539
917731
549520
234587
458555
930622
909152
315950
367124
495490
995738
931076
911166
379396
168359
682057
702489
668699
361845
251464
903146
657946
741591
737349
392183
394383
942060
27156
368430
833093
83462
62321
750824
632982
813260
209379
79957
722412
525330
447081
217903
521068
894509
645421
416816
62868
843830
635658
731567
205675
887122
634713
863621
145066
888414
772156
539449
346827
799312
424231
179920
882774
486553
930745
32109
299813
140124
112066
538578
181806
75499
272833
219226
970008
918254
152395
549228
762085
788053
280795
967760
191527
431861
347734
336593
320275
119890
876042
667102
435555
816626
847023
318329
303179
294120
866790
119344
950596
978856
657922
132403
570707
930755
867981
540715
849010
20376
89943
127447
808429
887091
611559
999957
318952
959293
336550
155579
595536
728945
339034
31091
545571
186057
865772
365102
996529
732563
484446
947125
227771
658721
79528
798479
589476
463862
855546
954838
484238
461842
82285
292668
348933
210197
808977
184237
169490
661879
339816
281378
390824
678850
828821
452747
381259
210946
334201
377788
459861
818648
841266
687632
477369
920794
2463
583197
384656
374362
538036
385247
836204
136673
677915
701489
346870
3244
885726
32713
665123
741894
830443
55948
937097
659265
25047
834708
386563
359249
728849
846424
694249
570115
50408
687970
7261
569224
271167
908270
943586
325555
293517
296142
462229
971432
997631
325451
491028
399709
358164
156151
141603
704960
728451
595052
880577
753499
429761
267140
629100
158610
113564
839701
728725
680324
527671
735986
249548
315190
644256
193134
640746
454125
489276
619327
425557
3259
461130
432937
402968
335647
589089
544572
40607
317540
139624
921184
587391
85737
188324
216491
244347
818240
56192
489424
498564
100215
741763
264465
415406
386019
457599
572504
840145
463228
708183
782054
466487
169313
214992
869456
504960
320433
930380
545567
637973
586356
983103
741717
672094
687779
958208
916441
506019
530753
922218
520936
147320
663981
785401
79078
566352
759352
651582
922849
738932
359765
221256
205420
45431
952600
591228
550391
273033
521608
612311
427358
624316
111766
169075
296410
799546
643636
729204
821917
690741
651422
859205
838061
315403
160958
917140
398107
920311
85074
320957
175595
961192
542213
897367
6623
494813
488595
73366
767846
526555
202029
711556
150872
313796
880632
963634
629694
40620
692838
451611
731361
860612
827169
569422
692367
988127
2914
90475
424790
604341
411432
600386
565533
469997
497753
88508
964810
502701
161874
249008
545608
880256
476916
696480
710404
357548
176467
340098
398168
869305
308061
129529
729918
135230
215304
422285
123358
734570
512760
64500
338911
440544
664886
904444
910541
678992
992952
391703
181693
671179
157063
243653
67787
633980
940134
778191
507880
116601
634641
906049
502258
459054
551930
232176
594285
283586
170814
233995
534509
199926
298495
873420
156823
479734
294217
583716
158726
803521
975420
856771
474700
648835
100424
58839
282815
556910
837030
307048
189863
988023
213097
692122
447078
281379
440650
557715
81318
127816
791710
615827
327743
606557
489247
484566
86291
299816
584634
761369
103338
560054
618140
94390
725242
234917
153230
8057
791827
990260
315105
981691
494636
44554
190165
941714
842286
147167
499429
923604
274984
807491
539431
119079
930400
545030
603645
533044
844847
704631
294413
948185
264686
912554
42575
989928
663823
712157
514337
455650
218770
345795
953693
713406
906701
143858
655120
748987
291026
670901
188943
566010
994744
244726
685089
925144
306109
805086
458188
150956
509717
752602
615493
290755
181508
174420
797035
845331
886578
827725
817333
621700
689872
771027
335106
596573
431237
506578
861913
722263
177479
567208
804625
688575
811935
6066
613719
118044
327504
588260
785352
837222
857214
917197
644329
38722
607969
957717
400405
10899
785442
734090
632599
991666
505117
967705
588239
936355
474283
966504
174970
168114
533713
979596
856689
862000
502014
986761
980044
829519
575021
281748
183093
948587
715297
827422
503661
323266
301491
904066
334166
603285
154508
483117
594951
175978
450823
183191
628685
441458
666047
803655
125925
199760
299603
498966
61760
801618
2079
558156
631137
577100
356256
330582
525687
71553
158004
29348
911172
975848
449766
761690
579133
120627
244807
174085
296605
211982
873628
925290
653441
539675
728945
295718
739436
544901
794684
317548
346519
796764
392057
494008
890216
748313
824590
932256
336219
498946
477956
247391
474794
444075
9081
570280
564702
253888
744365
377659
982223
617993
302949
152016
157668
548246
447734
413456
93147
758770
247357
956018
71886
155766
966378
962103
904079
790968
410711
756650
806267
405019
520393
797413
849094
529474
367693
930148
299715
112058
307807
281938
246403
127108
433954
920424
675355
398040
850232
284854
156810
613941
240873
228697
769707
207251
707152
190139
514572
634215
946789
320839
39234
467183
634604
404681
513009
2298
851181
329076
630708
158989
127366
877112
802449
77672
313888
477804
475712
164120
762659
148875
294414
519884
377572
64121
727135
601076
254260
758059
235291
717402
78898
274525
184585
229855
195558
213946
232153
46740
543023
862861
722081
670389
256325
524530
264414
86565
518687
740126
767038
797698
405353
61452
317582
782925
125573
561069
900353
896186
319129
135644
613588
914379
926522
314525
144234
122080
528471
892739
168820
587846
755601
890901
774588
528278
931784
39002
614844
450471
295480
381882
248169
700834
959686
565751
111
85259
643172
900465
497797
962301
552461
111385
393033
478983
942262
537267
117416
987086
430007
286236
574932
701960
693490
865872
746590
625274
421226
877786
75745
716707
259668
323914
933893
219354
406017
450356
820966
49189
350821
318763
527843
419635
946501
920876
898618
888763
974495
16034
875849
920854
818623
967134
622814
512113
833006
885757
137387
254233
763543
729484
487292
539564
569750
937537
758918
975767
387893
96236
541308
255067
931352
69151
674702
877853
990027
89672
766616
964523
622059
158818
885377
440682
125952
24544
469147
958958
910301
122886
729543
190196
852370
216835
729760
938472
154372
5031
914239
58618
101267
455547
313685
32619
41051
988387
426824
31078
78059
193441
511953
216470
868611
913683
657152
994563
454579
642651
953521
364880
765537
683065
71428
134259
416252
801189
589083
86977
806220
503322
145595
907487
475222
459280
456459
516273
447667
883283
63703
42078
593076
92009
258549
461687
5692
432053
456250
460271
591057
926124
341503
872946
125541
412931
523558
541793
214120
112641
628770
20340
132316
290717
444180
607538
749997
416991
640163
714016
300274
220218
272447
409703
312227
47348
871390
317919
995753
843993
294542
586810
770117
636045
459757
412010
565329
983315
953803
295801
612308
98926
832494
744624
389643
276674
868514
655993
693665
25029
370009
510291
245248
158808
919994
73827
206156
307737
908099
201910
668082
202641
305072
954551
355039
764829
366561
920368
264496
320364
732521
393157
935642
565015
137781
841638
841689
6296
497631
51706
547677
383992
78350
792925
542801
514696
383105
265309
338785
291204
467219
6867
10197
772292
961418
365236
53473
327979
801956
834322
164696
534478
227479
100338
615845
365260
458328
457535
887908
955959
25593
435586
856304
620295
744863
399105
134992
127968
180766
473777
935524
647986
480645
945722
936630
958415
827310
506455
286395
629267
340777
451091
680097
84608
67781
295942
966221
526110
269829
854129
998421
811775
806067
854725
432070
67283
770182
83414
195251
950949
73544
130776
115287
554189
76498
51917
28956
420160
74724
315351
49427
415502
766442
245876
16462
350576
58171
982683
876686
844352
353165
875107
656127
675584
246185
604550
742867
16367
204316
938119
967316
277860
585247
82603
348401
178097
650872
377358
598257
725597
692709
164037
657451
975504
926265
673913
842432
984436
172949
719118
828789
526114
110577
1268
201698
356762
122170
944566
889482
326487
399037
856798
120699
984284
455754
469101
678733
622978
362811
276990
864927
55520
957379
522378
547376
883645
712644
389808
868081
885593
625278
213222
411707
252208
730843
613405
608970
853013
74323
498452
695852
473360
871603
816552
973996
843709
802005
652729
466687
164816
446072
847967
736688
919803
370345
800417
803448
82989
706577
187882
968582
331856
401104
896641
100416
648299
26399
709386
501313
100722
724191
713517
90435
112146
46421
64431
955855
848426
233513
938894
529594
195937
786861
782635
115740
673559
583052
919189
272900
805981
107071
241483
654189
24527
654476
754605
672827
680875
463992
690492
781598
704535
404009
388385
816681
966783
452816
288888
331561
202681
744134
861156
398618
47348
160143
514359
720907
259547
949900
510159
65528
573323
267994
719718
597850
922471
474323
787029
603346
454667
477521
901296
675554
397883
289681
492235
881018
258850
297475
212579
461531
557962
73735
376502
605310
750230
407213
842569
9777
357113
352728
75306
930436
620723
795024
44638
59546
785699
348020
662892
756719
341893
80541
432273
256128
370222
440861
137146
145424
738336
349726
606956
812650
939813
983458
417960
690044
390671
776881
699821
264136
645962
291479
710924
266685
86503
755562
326231
388555
103582
505475
145274
961828
586016
93899
217956
472591
534760
355103
618015
789449
704829
741323
602099
160994
241133
536412
851038
631804
313293
67212
412292
959255
358691
123216
742292
961547
878779
584875
350102
498713
606703
11728
460541
709071
105627
194850
181662
640388
549953
316030
946189
771134
57353
548288
932128
298487
84700
783167
446643
914346
366731
858936
389953
725422
982152
132246
686969
377283
717121
553423
392349
323824
565151
369242
32896
187131
564092
730910
343871
114045
563292
290060
401531
136998
354700
333660
435485
955753
633179
398480
870099
999910
773768
260052
241684
272273
908650
928654
649556
625772
482077
558257
465948
563581
927500
15196
750712
491592
746107
94583
121990
825751
900995
523521
962749
255695
373533
914586
211448
6712
313067
597899
522974
603187
374304
764659
875460
282954
209665
41369
908726
208094
599626
891027
771675
527126
906223
38739
18719
168682
649674
657061
994434
550669
696934
957183
806365
70468
871770
534165
593532
701189
132065
632859
304376
22721
397518
696189
305675
123535
737558
730754
331629
337184
621781
619657
864311
44356
658396
399382
213039
824423
56443
723825
375092
753377
197360
697809
340197
585482
748327
933730
286671
396744
566589
107400
419465
480459
803589
725140
603994
541147
455894
451975
878331
594027
71632
258994
638384
246381
658376
367775
587156
231171
607952
962248
984549
805312
176410
324746
390795
924737
774828
193818
321481
341417
301218
740946
821876
621159
982438
942222
162306
438333
910550
556990
548712
498534
815984
187096
744915
990713
71223
332071
221884
679175
810672
722785
840
987082
563884
391635
911819
338712
585453
749652
680130
403024
490598
18358
24183
473036
476933
702842
427721
387483
259832
976434
886017
592168
679882
147285
582881
751106
995708
804766
946633
806380
527551
947473
309814
607787
855460
737985
946500
957266
487637
142982
360290
494587
677692
900825
483976
154625
603667
428049
58460
379851
404483
460830
488372
600718
608115
71253
868176
603823
392371
814809
926556
436275
278635
752722
44062
134095
490708
990562
91361
494697
133544
968003
989285
327589
868829
473261
482214
988848
901310
57027
368700
822146
517857
857072
939216
125972
444677
807392
246147
837049
138553
689055
789676
417188
441778
833738
67636
448838
340653
675349
943535
990549
643353
932820
318138
512182
922433
316705
17382
340096
373732
902434
678594
891589
759506
617810
533913
720536
425202
296412
557585
563755
985468
863613
497296
943598
697351
564932
392436
38004
240281
335971
28554
399986
785144
863044
428520
707577
179749
445903
564025
69833
348337
242619
961422
624196
860429
11687
344732
285631
824452
418669
365739
809920
282282
863035
269870
495985
944319
662306
533990
700952
514629
78896
100939
299773
458292
45811
7351
638042
491714
571376
707875
356404
330348
185650
496952
190777
713689
841684
476409
538141
776705
358500
864413
575339
737887
134283
71324
682206
312941
121666
899510
827571
716914
516801
127344
175207
562613
651047
813249
570679
738776
37476
443435
69124
223126
940387
259901
936816
298423
252662
991309
75128
611162
855723
650467
865401
990006
721792
547607
819300
843458
963470
646871
76725
480271
774215
251932
559236
941615
65181
646268
680391
619009
89703
265867
358488
546443
525768
295304
844866
294783
802965
919995
422297
658688
570462
287699
165047
808606
351658
984347
168417
315128
631218
245142
311752
921785
497074
387340
379752
78607
33608
576495
697616
639664
842362
56104
186107
368131
867760
30973
179266
187078
950968
601563
845766
37783
889262
527165
846389
240921
511512
14806
72401
659082
776300
900505
97220
273374
287846
993324
868333
321454
569820
82302
961118
412182
654758
663577
780313
38871
694551
475931
225949
645519
77495
71715
199654
966757
115233
46044
724030
626745
577202
312784
802180
353503
213289
415752
143229
17487
409076
527915
855294
978896
610217
332764
391079
781327
996342
687744
820198
690893
163676
46147
852764
757523
634215
52419
240632
749448
614815
964663
892545
192017
793799
694725
61872
523440
626829
721454
57280
35906
765721
912574
531154
892290
245338
438585
673617
241680
642682
493816
448925
806358
539963
301690
563881
690530
870461
804513
439978
485276
285528
332524
193645
595679
543601
771870
635472
170431
493324
692752
722689
259045
605326
253843
667687
367016
208781
341304
125049
851463
835120
573974
174173
891436
392016
254406
581966
778829
575271
21945
264105
860800
870821
974103
972831
414422
745973
608303
584853
239297
817407
823894
14694
422733
77738
682381
789750
802871
540037
914799
654334
891510
5125
828507
782946
913494
82913
881264
692323
658184
419561
472781
35336
290382
446884
524520
221157
192857
132823
806010
948506
950231
629905
479552
889316
223995
678285
195418
26866
218322
626569
197552
109832
631695
26059
409130
545189
625324
290395
753864
283508
226308
226645
835197
516691
673529
359717
254200
382738
8892
60210
331244
475475
206467
810796
364792
946814
489081
560210
973680
707404
186780
171232
333588
334827
713643
742719
396368
338967
33114
150232
138828
259422
893230
974025
292465
566759
333742
546665
465850
342634
123228
797094
818110
846047
607891
182902
792862
613324
259464
282894
837080
962596
970479
170669
297423
684122
913388
693791
539442
462854
360376
678270
722276
253606
652295
531094
336717
986037
594111
802567
845023
233691
599662
663133
79739
723905
362387
872601
853581
138204
155495
690662
100800
125974
861331
398224
326449
291071
608367
865891
753925
968743
544161
992553
222349
196456
523647
559067
698845
634111
877986
543868
867802
994000
723354
947541
234257
85741
336494
87839
223945
8342
294853
841098
650668
672536
239322
977117
963607
847689
359360
717532
332785
903521
710085
555134
616329
750085
630553
831526
384196
24892
375395
251998
18892
98749
715892
253150
700842
52386
857341
441140
60728
152194
282238
711397
341082
37912
204866
304689
401953
564227
22221
734738
984100
248658
806225
600430
998743
953130
431956
899291
978022
323703
667642
513267
938804
383534
282769
639647
952272
656462
597139
529353
325008
395729
757102
666090
433641
478320
970779
351946
42547
509352
86685
26648
274362
409262
143430
273106
878744
91738
688749
373119
415442
356391
886386
870598
256277
685507
510245
208550
341969
623736
254255
666977
19465
527709
849419
453106
6029
336550
321405
48577
362254
408090
591577
636616
333704
251359
426074
212448
343097
114824
585567
274891
471215
988305
145490
727493
673812
172087
452395
532133
795824
223002
715462
331641
750711
81233
784748
756740
417783
106153
321669
780037
30595
429598
416654
880651
680957
842728
609451
540407
957552
195019
331650
945120
699676
477140
188965
889841
165580
641360
938326
477756
864362
653789
809397
131425
735022
110497
888165
152806
733002
726187
449195
763597
155785
865849
160600
353095
224930
770052
409854
698834
481423
741504
643954
181099
734997
832919
70940
900577
990631
9267
378333
854993
179408
187730
502770
430782
298228
390936
99940
547582
633475
549136
827532
789260
931337
988132
658707
156267
758184
68561
855102
239607
810066
15408
937059
61415
848328
524351
961992
838959
49970
856677
210305
229378
560759
713075
176513
375339
620363
276453
922922
253838
341941
750454
559451
273279
254938
734510
945898
13123
803072
801000
769082
129490
816409
222493
707257
181089
746845
185601
536400
796815
42278
263057
542546
119389
492485
719059
494729
112848
511864
934003
883039
853806
200809
958842
127085
455747
693352
589335
468870
12776
390336
754305
658618
723097
976798
365875
420538
239995
551476
956938
36811
110106
736348
95709
229496
228833
814768
240577
341681
842984
174580
741072
696790
375389
699914
340227
831136
909619
929563
816359
438747
836251
87016
97366
75700
580166
979593
496238
820162
531070
969528
856973
641176
705876
952682
387024
934709
283802
627601
792743
126786
318533
533815
339929
210274
750082
680156
557763
176053
609719
890474
614800
962322
977490
228518
38022
74008
208112
534260
894170
739182
20141
267495
896710
726017
736529
283735
177079
536683
427688
969822
663470
262574
19989
519751
472848
770071
199907
30611
462476
325979
437437
77277
288301
414927
305795
326324
488936
513907
376936
899458
769441
397077
166954
182504
639447
903483
982591
816526
440167
410279
786348
619989
672853
322689
139740
662054
609113
855999
209017
71589
181978
646455
665218
986632
577734
971014
829308
66670
1273
722596
482481
287067
636026
649435
469571
275473
69270
452162
608351
25789
378793
911051
162130
567999
233740
818222
746405
842853
674222
955422
914443
372552
601877
579661
875536
179612
67027
221196
762634
584653
943793
245115
388072
579819
410902
373995
371644
996525
342509
979995
538666
721302
891046
217149
805653
641138
35371
552058
483992
225945
507481
914787
114850
625710
10800
990386
805322
594180
211583
84309
178833
671728
329424
83257
251547
256679
457252
623191
769556
799761
119538
308222
521063
526936
41723
843069
168074
77095
395127
652066
819392
418960
83205
934242
44671
94006
440981
366345
688186
168916
450654
383371
840644
296431
466628
92191
69462
923880
231734
839018
239993
867624
663592
277408
394560
705316
120477
562634
298763
31957
731053
118155
967269
814258
568750
528292
424616
9731
894638
112802
178647
861644
12525
19291
674427
479153
627834
743889
919385
375920
99259
159378
759896
762852
436787
154456
984520
73616
233442
799635
105573
964495
434142
589195
295106
2892
117487
719722
528975
528477
348877
223974
390122
361402
759617
64549
356908
903803
324791
792645
279723
424050
468376
39619
703254
421515
710427
687774
495131
943870
487409
117057
424717
921552
222604
719823
440796
340091
955898
969772
868569
821127
193746
775043
182529
469716
355944
55789
373519
680735
364787
653243
104786
349515
209214
808040
771030
435994
12167
782513
379864
499576
415922
320933
937480
638526
557109
378277
978618
513007
864401
363539
850486
574499
138582
549367
44215
10878
605157
417735
691614
486296
587330
312752
835811
796544
637144
123193
748890
649311
905706
645106
665240
837981
966040
602720
476507
523149
497349
971477
552508
878102
851368
402994
452602
989950
952361
496817
517181
73870
430904
208795
76518
18234
37899
912329
331131
675043
35522
80021
324355
457581
725128
505947
295562
691168
625019
772069
730669
122369
259899
799529
516823
111267
718875
969425
617570
671236
982595
134751
261459
413499
859898
337977
431734
897797
766659
279217
572840
318533
359238
413547
776114
84366
919494
588028
291886
544514
876450
538907
183235
136349
338436
700058
763968
57311
669484
381538
244900
168431
32641
22711
581930
892539
877040
530016
790336
160051
809233
363177
478585
168472
776724
771051
769190
212571
359080
577429
757085
235530
116336
940320
888231
971125
156730
652199
544788
826214
550090
306040
994645
582731
328751
92928
475271
722144
622944
265607
882195
432178
628784
877132
117002
921861
648184
402544
134432
7264
979973
407869
759146
612662
864541
647377
100139
21271
815928
644927
363838
366018
467320
874835
948750
312423
967763
424021
34567
590708
689628
433115
539238
834765
310247
172592
272978
474783
575136
923762
482047
71462
331631
757545
200476
196172
921274
300615
217443
737203
461894
581281
619573
929214
972469
568323
757990
940232
992344
308909
47292
198325
742024
102882
549442
568624
275474
822420
43407
850611
746182
41807
438425
594165
799352
638901
790337
236979
939516
524132
974182
917762
621766
593755
363329
594235
678431
121319
534467
187127
430228
98112
901804
688605
200994
451246
257229
476469
790018
300636
843432
52552
858795
798209
646717
658148
437110
953406
895127
892978
993891
385661
327092
615657
495768
690421
726244
174199
328092
777063
877679
274673
875175
779483
963278
592522
230730
736859
68991
537100
553847
428775
589653
412643
226984
752722
70791
180446
222481
482270
589776
216372
384283
916868
832029
880051
607290
74625
570603
935382
851688
448282
726407
243216
744117
689685
835738
974847
426544
421081
28300
980392
849856
617953
909387
593192
887027
496530
289990
109508
978800
879766
325880
879435
796634
674261
275838
920276
748886
846441
372011
116927
811075
98418
360143
555193
788104
195881
46392
731000
616962
74692
227744
983170
208997
137131
92714
96025
633661
382704
721885
128813
262470
47766
8248
575456
238379
284087
495733
987266
646880
867744
620545
974308
966162
980688
45853
270618
692921
92245
517971
309883
683290
745715
809405
408639
399199
902119
21016
32860
801175
742902
678026
579997
307020
202626
155453
545399
3065
651186
49017
649946
518930
669562
140606
1445
166602
186459
272063
859523
278704
306386
685758
478346
52102
495163
886986
451301
913634
908002
513
714809
650904
194891
294806
957924
397518
450260
19676
400583
617798
68693
50529
653081
738256
191135
654526
421210
893946
442941
280734
172651
749328
966492
167349
317782
978008
54335
285435
891642
962338
802300
122804
129594
997192
933962
603871
394710
900574
623547
795293
518373
208592
362175
687806
463200
69662
342332
884411
963609
301625
165145
652612
567305
647989
819961
885087
625997
390649
686874
33992
869339
489175
156796
998933
486367
607110
119156
881077
507685
259055
192722
542410
984000
71249
230216
447200
140912
88900
847963
620873
390525
13108
789837
474183
177450
609798
359270
803447
447
562497
837439
869786
51672
510587
385072
538039
117698
504228
935468
625383
279636
644542
167793
263636
715792
914361
227188
373056
3261
75152
993929
910138
604612
783766
384321
782062
909916
259944
585510
426716
822441
939301
296502
874113
449889
197926
928504
567587
218507
380324
709322
498143
24866
393467
278131
257010
307828
505319
630066
311089
580471
140347
737579
185084
440465
121901
967146
350382
381845
69008
293450
204286
8310
589952
594751
974551
304231
523255
58490
522738
419931
767812
537233
961149
677631
815364
218160
985459
837035
364578
812900
933859
504926
550479
118943
461743
672380
602441
328477
570577
187802
621927
774863
712464
728232
369614
687015
32463
409221
745505
71553
829152
29669
608786
790302
707300
940502
524814
209111
777537
889392
538363
227748
394318
605194
346691
856062
793927
465485
184539
364504
169639
322819
139368
882103
51051
25334
85470
83514
950908
830975
671419
780060
376996
280205
86714
600648
737059
611528
809759
30948
500921
864474
258697
411591
469668
121740
784005
263595
587225
484897
628100
273216
807716
283820
155319
375119
825506
240789
974985
776414
588116
646404
72827
481464
926609
159541
82112
663668
287422
408223
210968
304695
272697
469665
232638
742366
591406
532996
5961
694983
17893
150413
968200
341961
950585
123519
717080
776092
880661
208417
552506
468777
854821
625333
466594
781430
301227
548706
961450
105001
956930
172418
926048
229627
158436
675038
488345
749842
208034
10659
961177
742279
677424
929377
84240
628010
569249
317672
404102
449910
526089
472960
435039
897262
614646
901633
678692
915873
966692
156494
537226
923622
845265
979626
669601
520053
654664
674299
269895
862699
684958
231072
604978
878734
676802
205571
506744
246051
39595
910846
212313
82037
383807
163704
979299
998453
581690
174344
430678
548382
847190
484256
988356
208807
463882
174309
728860
118546
848608
515107
981245
49918
262532
102576
928653
939334
308147
951749
701737
864094
862596
914050
946131
762755
77754
441783
277560
659444
616127
708238
724178
979669
192494
712534
188477
172728
886844
917337
291274
251804
432445
788872
818075
694977
891448
263080
150663
715947
214829
852400
580041
593777
282802
42525
356532
876908
484308
634092
52705
616787
858682
776883
596456
567528
5770
784933
740256
408966
218623
547883
177122
167420
336755
995197
378749
744555
774629
529412
460502
989459
898164
556895
583236
697318
599420
456121
574226
600080
90213
143283
216867
465248
920167
329676
32776
442289
630961
289385
851255
849584
837268
28377
17004
690375
539927
395753
434930
314556
441517
895432
304015
339681
968679
403604
36999
84452
859725
127578
684532
466290
270861
417752
931538
707380
747428
480667
149669
378389
770052
924
744326
123672
545654
761330
814047
85581
673436
248977
916489
114953
660761
736857
970987
629440
140461
7986
713892
516538
135564
914777
499180
922778
332529
430719
630158
596309
427738
779828
491050
714142
297104
235376
837814
842758
513059
651861
444691
186495
900838
361181
817800
77951
98038
788787
707391
754851
313126
937636
271389
965042
852413
770569
887820
701294
717640
517979
297603
661730
814159
788653
375872
111263
540382
213686
470374
53441
381899
431417
756288
799089
308950
90440
877040
923340
879228
100784
678191
708706
38420
465932
673748
407185
752854
561569
108479
986846
595900
922434
648577
410059
711087
540801
521322
767821
270840
508048
821262
652739
939466
93902
451829
248416
184343
328869
171757
579923
946005
366300
288629
500777
348585
478729
907962
101439
556650
532793
88285
152550
455227
253214
562609
682667
310368
600284
450488
581208
624684
788103
233947
80502
882005
685776
328919
582700
530998
17028
678975
477003
899680
483956
494133
248265
962686
402095
349704
519336
934889
954342
188239
906468
723908
267200
589135
34276
383836
39624
615484
8521
827727
365784
89023
226084
567912
934294
325137
98910
467674
4112
92266
367355
4421
586399
615620
967107
504846
481677
2795
956087
952371
707386
862556
192631
974587
451691
743260
358423
7667
358744
883296
835394
240880
972320
577831
808793
906614
902968
907703
890641
423432
516321
257996
427853
619072
389968
911312
123919
387997
914108
596358
340368
137846
458914
533000
112433
426958
276260
987209
950977
151356
870505
302724
392237
842825
880555
717382
265792
783523
625085
156433
206955
657759
930781
151161
276831
320749
62473
917102
708747
492933
513461
565467
630780
488727
614819
743213
915685
407431
730422
866663
558788
600928
169387
467377
960105
566294
184759
742249
866169
326196
415034
589476
500307
345815
740637
777139
182917
803111
694241
408016
296044
724054
973483
443176
212782
588303
702742
644819
512086
433164
27834
587226
550444
713573
54603
26902
279867
755714
285503
146036
598263
700538
735513
98570
562705
992502
392061
745622
795613
86303
669990
608010
326709
643474
567538
539491
748129
270280
184311
260215
703445
728497
363794
770241
442071
934749
313495
721938
690464
598999
384327
805079
299537
119840
903649
862242
628694
812063
124217
424308
414718
794207
548670
741427
954033
116208
280919
218514
386489
981582
995082
606286
710079
358876
892879
668502
293625
206375
390441
500441
805374
291120
305520
621263
927312
725522
999857
556006
537585
640426
496666
952303
950986
45336
210082
905019
677897
7353
639886
580738
988935
634968
187024
215367
510196
596255
400221
803821
802630
307014
820615
124356
598134
126135
261971
525446
368009
261829
81453
421946
902255
578119
890601
853241
139808
100684
274613
817705
108037
914499
398443
613325
65819
101819
345044
576015
698074
745265
896188
17057
52280
716803
657765
166766
359291
919737
692213
243652
181566
290018
665599
600173
868137
556200
969767
524297
173236
760732
342002
797626
191583
256797
410951
257402
874968
272347
349769
89395
17612
245957
106452
586244
479113
764217
753011
838404
200306
961576
598408
381872
251594
264007
498398
636083
336560
984517
160381
26148
745249
18735
823774
453184
791885
234725
710586
666853
23424
576707
272600
41037
339016
379052
143633
818129
659622
412996
172885
859928
374572
771294
758153
626166
551653
772903
778602
888213
273772
938983
914362
19021
474070
254488
472205
265955
489214
699143
449161
512638
792202
721761
70027
131218
617166
730013
465700
276788
143009
638585
653068
517582
926231
927573
660100
477885
216828
955054
882450
490600
894037
796812
25973
368108
51301
14530
150415
56867
713673
599576
85857
22227
321338
672237
153446
938504
402250
619146
731644
61611
774083
901064
95545
700315
344990
271998
178200
561818
227052
577002
52419
121090
890167
78392
5550
941468
609275
155965
514687
839300
271894
116896
861528
593232
305485
14974
48088
224087
150472
779732
285699
924555
197148
381244
141222
542138
169594
319422
103957
396647
412777
672728
34089
302944
267472
555991
244412
876747
228308
275451
716048
500202
908699
577576
93434
214185
108902
141522
438272
259374
437606
240323
700281
634755
621568
841504
176893
307514
677278
797202
704161
90055
469930
254602
392999
253755
810593
153763
130502
38902
945566
362902
539104
854266
456830
148891
584803
565732
806765
23075
341458
244372
263399
558092
395479
401319
399596
88724
225185
593226
885927
929347
683282
872209
183949
592633
125964
510895
262749
772819
549797
208315
135721
605253
578933
592552
754144
680088
674636
560910
703164
16095
321634
482915
574187
717113
400586
490135
805837
142123
83361
208116
71470
282995
596678
771772
391981
722642
799019
654730
11813
348816
379397
147535
470421
474683
256439
224566
154771
931075
301828
857935
463522
623462
857202
554061
340575
774140
44196
662764
916264
643910
387233
504086
926905
983911
792210
318886
222905
591229
489968
234719
456397
869366
898606
926819
344049
671397
667737
498820
602472
969565
873108
582347
593027
246662
136408
449954
537155
180605
112718
969771
824515
16303
990209
267772
214
782420
103011
223120
890001
109331
974191
862751
495049
872797
789570
355450
544194
973659
370623
663018
943224
243731
245365
52603
6745
898126
502557
60252
78731
131627
30023
419598
147931
20233
203722
664497
319005
823085
403969
725358
932417
378160
588109
427466
767309
377679
299269
827855
867690
669892
7226
810914
429975
252591
863517
436720
150717
882426
13325
745800
14054
559700
681750
678337
96285
401825
342834
415290
741262
746804
140649
673679
641316
728758
617498
408626
622790
916767
236481
490480
586659
243707
817747
16634
12651
197616
969706
679720
80043
499383
941873
610449
59084
139975
805138
155369
58152
147972
570660
799415
411128
227661
989446
52445
472771
606944
977423
611913
40063
730256
618746
143074
490316
436493
676060
19319
150461
162119
215391
746856
661502
157264
357305
720586
813592
678795
875956
871744
343120
962968
671159
754248
190629
660606
323045
179752
783902
816820
791666
340318
63429
410412
999744
553745
363257
675805
573064
513718
354276
304807
260575
15778
978424
134232
252717
792016
813028
128673
180112
156148
607993
367624
426748
314974
28230
266146
494726
328484
599318
286392
185154
662747
213156
184899
216492
576413
377056
305908
90132
731332
610716
867059
747110
589140
517643
999827
897508
847023
644852
77620
519523
252845
445244
462624
567819
989826
728770
62546
834663
328088
865290
19817
507188
78447
204716
723680
654860
581772
545941
261344
829456
673009
644755
576567
778501
678751
92746
676009
525774
253951
269981
45298
506796
715226
507922
590968
221404
753044
169866
56067
597484
35156
592237
104672
629955
313305
344705
284816
411430
890646
62512
240886
80007
223620
333805
858508
902371
426552
50869
428145
680503
320850
989795
703651
36076
14069
294619
773833
283465
464485
829900
880950
15994
938489
985622
645949
251795
846679
447117
663225
737325
509630
420463
333684
249602
754269
192192
151973
180821
243061
96470
377676
563912
602618
81327
116340
616687
892299
890173
900153
356784
236426
297455
889130
691267
799429
535080
943062
646109
982197
122639
899786
8179
543103
233471
257781
297372
425663
926106
994545
185077
538929
372221
265341
141547
969900
381681
274586
862199
788207
174739
735336
540985
988546
624466
232252
787976
675898
691667
434085
174448
814306
850223
182627
357409
83694
956761
171133
25710
399219
165678
727139
938148
54251
992480
79695
24152
374161
354282
886351
678720
45373
621687
219705
550272
762506
968310
338248
438404
659977
288685
612852
990635
138908
311832
864397
738955
784945
35530
281017
184164
201209
8156
638665
771812
636
234712
795964
891149
105346
682316
569870
150720
820355
305927
700992
582861
274237
555592
537618
450566
360629
150470
441202
499537
462302
305599
754844
763599
857481
35861
947764
575042
44017
586429
346855
561005
821141
142819
452155
926488
341487
22025
593560
678195
844304
810904
261056
634894
882848
315026
85460
243477
465497
43014
259366
444151
864965
14211
207751
722447
566424
671867
297489
126794
258296
644344
687799
595789
303516
139954
38629
645003
678331
148541
839550
522636
475797
100607
157530
358645
415633
759342
118474
397482
802357
377841
357986
183674
908404
565737
906121
474828
237604
719963
601622
12252
364307
805774
124393
184175
945728
679375
345531
624060
827916
185081
663048
820066
802040
820578
178711
734026
96272
297186
131508
414981
191379
489494
598656
99783
571583
504777
574611
809187
224740
692586
337791
105400
498360
462185
289575
960440
141560
151458
100852
485828
336540
763900
305894
138580
100830
958
872606
713455
298144
520467
128436
489523
526313
727092
105658
97897
748222
680269
423436
972962
889207
761228
594714
903919
223413
400642
864360
881325
552100
965212
367153
404992
245465
189400
543573
862647
190358
932531
576102
4854
969350
704539
10729
495664
431631
116387
593561
179853
313008
533349
669168
202216
294577
780234
106135
34342
697228
486847
432019
249329
968412
799173
170673
213877
504925
714246
76524
695283
163130
168979
700137
132480
873518
710866
144496
821501
343605
254409
517707
656613
787759
186875
375181
82336
483461
481317
633031
180690
484516
65050
946371
452928
380575
117044
183157
885500
347643
776034
97135
510773
945013
797272
159605
334883
24490
820454
156384
368095
74863
674091
541061
862622
377318
916242
461311
860780
913911
94342
557822
398428
675744
504193
851356
56320
621237
550866
458172
485232
326900
555308
512357
271913
868932
188315
123148
409775
8769
279532
294222
83632
953624
835283
946255
847294
751526
923918
224426
665437
534612
782248
580217
210356
802793
947926
266676
940383
498792
241201
425615
342044
796509
454325
130309
665441
642640
253457
591568
651409
532989
885791
735041
2965
721074
197648
366612
988952
637918
591038
170742
172530
889639
267311
382887
692432
215237
165915
149167
230381
407116
91135
572425
719977
545460
702734
901771
188100
956191
493339
839509
5533
379130
90902
524850
616557
804903
891462
121861
442821
482501
808955
615352
888492
76267
514591
97276
291504
680506
246444
38238
603975
337579
610663
323952
883039
829750
225723
587491
302293
719063
427000
824178
614545
34254
349029
747454
839157
240491
869316
798331
239344
194623
930035
127836
270890
960978
225113
78747
641484
471557
116985
761811
325488
244000
85764
208527
590102
827839
796018
892396
63254
739370
716574
194152
289976
581955
941606
645486
822447
327274
443817
61791
521898
890204
705980
309140
851182
931093
387887
492666
919002
21224
770830
244490
265225
372946
969369
855327
200785
765387
264075
780392
21109
497002
974544
311085
595309
432502
956571
417756
759777
916740
995900
798027
806944
701880
107167
658126
149325
495055
667145
68327
516279
437975
312817
297856
327273
282186
669536
44410
563925
449963
824802
101386
463317
315698
412471
58627
748201
885395
992735
24330
802135
988635
822357
125432
206867
445876
783558
356192
457283
450703
424519
489915
405030
253688
787771
732303
52226
973659
776714
616151
939975
117868
233889
403292
433567
162713
461919
698120
48108
971007
722450
366595
959642
61159
492027
682862
23387
791938
39054
480671
758993
979926
970586
164024
749966
274709
412679
802193
248369
705745
934696
704696
823614
168586
107988
773533
331299
86260
471653
895759
57267
710455
778706
533261
771614
270734
216123
795001
579024
255178
792024
338017
751456
762610
502041
501422
553672
914721
819967
318393
620466
754664
23089
960432
439602
131077
733965
287253
217337
205618
183012
790956
916073
961718
324218
204039
748804
540341
515393
327828
311871
307417
665846
63327
586380
684239
81102
140052
115312
901069
458445
252131
172085
481534
212563
611687
612611
462881
898940
346301
668499
598304
137257
100925
76375
977827
821316
825179
518169
336709
669360
346392
644127
851558
926072
230507
535797
7174
370559
167462
424595
345356
419593
596681
826890
148508
724720
439501
611389
140013
302154
796241
738317
955764
413518
331044
933591
234834
156224
968112
571544
341936
830857
732023
193494
756929
478882
245643
280455
365793
929457
705050
711149
349050
818083
538039
13911
59156
493892
141652
199169
312399
937893
453838
268163
351411
784883
718106
102598
457459
202571
674142
315747
33428
922517
509241
790357
401399
271236
70812
767192
200694
292214
994693
66096
110298
532732
80007
169454
542976
738012
884975
855375
675905
338813
639890
543669
640048
357997
646267
613859
560568
836761
929606
593996
759278
955199
900705
677029
226436
971517
960573
943482
263731
955266
525930
890381
4350
605938
59835
547326
860302
944810
919054
536207
799976
558944
596228
956376
433293
758847
570236
993861
595608
16194
104209
871238
971394
4914
548267
714182
492783
508840
657664
272867
980458
183594
163248
984808
305884
739436
48487
166186
684246
967541
218746
574
42837
331326
473303
476131
90174
43539
986344
685782
59733
90554
557021
547479
611820
621640
261661
104604
130481
435677
377471
110939
135624
57071
612100
957860
796507
660587
640399
997106
144480
859145
997680
703669
706823
470983
179800
796997
30874
682497
999132
606960
773051
72505
154439
384871
694145
416101
5827
824626
368130
899650
451918
503754
956722
64018
461615
753229
240957
102014
750335
901789
477511
264368
605458
184334
735351
301611
981332
282578
984108
496816
889538
273511
569321
43977
658382
263466
976430
180562
604445
344561
80212
572715
848315
36934
153085
826282
306516
394042
928296
56851
812183
922159
321219
933993
106494
572923
235604
604178
371853
736064
100994
261391
9575
670315
821720
184310
450133
314503
364872
54578
659064
961436
627293
23731
514723
780378
366366
821239
690772
811014
394442
19307
733174
232014
953301
356020
321289
188905
960198
693142
924970
577544
470885
934545
764211
808957
635207
730696
123460
79
785275
298876
477868
928920
838960
992591
225651
205326
330182
432775
16340
724624
452083
265866
956638
405384
621886
794279
110641
98436
487421
35611
675980
474658
486509
956543
283616
638068
687240
923428
638148
988867
222305
632368
917787
577617
624959
659790
299295
955141
608918
315635
196117
61001
581502
669108
982737
719740
463387
93378
818177
467161
645342
10509
941819
648203
967053
741787
286271
170645
665216
440771
159512
403873
73139
593651
497842
214450
769794
797137
685943
378712
629124
882061
956065
726978
67521
938802
446719
530908
548532
264896
998069
193874
275405
456241
358429
758810
198028
161053
929455
379596
601824
88967
783469
191316
198971
281311
922118
968765
78448
608062
347477
707573
6475
303542
434551
73996
758696
397622
121256
307228
662518
119326
17455
454276
91919
375884
729438
289947
536937
658894
669544
655114
264213
969365
362782
979536
767029
284900
948301
361829
409314
812130
585754
932141
115672
536658
522489
874368
934280
643746
181597
113151
279424
199052
83779
371343
91288
813217
177642
144578
988463
847186
316044
769029
332904
678826
748565
99933
480078
213219
461762
405745
25349
47517
337886
141022
584175
860376
531742
34807
20474
229691
147958
299898
945095
231737
671241
36384
561307
848883
697314
549770
212422
13358
318799
545326
208536
583717
161611
204966
796936
139725
610711
822285
703594
464950
479659
804121
841678
11402
838929
862152
241093
986887
162050
186189
734977
349643
738925
296284
714878
436239
362406
927300
965949
197558
988978
174485
781275
666941
895803
94563
806667
506515
916848
510261
487817
912860
314383
329495
924262
153312
707999
681707
656551
870049
384248
907880
736044
123173
720516
450922
75764
82923
894575
558065
796833
399905
248902
578108
66847
144706
189023
389866
167573
622223
900127
655390
535083
730862
984885
459345
400526
209236
141053
573430
79285
41653
481310
331681
164827
718179
298955
756943
801102
193530
831361
597935
593436
80263
692395
176635
224969
881418
82853
392542
503641
499332
47932
38725
230195
549169
14422
147073
758405
671827
720503
354042
713481
718166
202075
394660
436345
501031
667955
753799
694561
499316
868086
804349
579580
76833
497336
320901
474603
580189
713444
494596
79522
277728
49673
826069
343250
64096
973142
618007
252275
209998
488402
965756
444516
206829
876768
397213
707860
544724
667364
918774
44040
535450
239475
139972
128635
736812
460874
603238
833353
690670
97834
429227
484750
147508
255296
344352
211604
744791
478712
980231
954789
483466
945988
915657
690295
822756
312870
398156
367480
980234
833282
927873
32036
72757
584197
160671
325921
45071
280261
159275
252093
378095
588502
253196
525603
360151
113900
253559
104942
592612
233791
576083
76078
696131
491740
282726
35239
320962
680882
919072
817548
514164
846945
365936
103273
431142
42959
429195
992566
323220
588470
761011
701315
693324
14207
743271
53475
128108
513182
674769
237072
263325
250852
313151
959456
258944
595877
994696
579906
793111
913768
397454
823627
277065
279742
926900
224559
322701
872447
217125
645921
977269
978137
863589
670594
508696
606860
240421
153156
636394
915191
390229
899720
166043
219732
375528
424988
331961
370224
521246
641424
800344
435053
981403
593761
714795
424655
818321
37497
297103
35446
683418
274372
529935
547007
944966
554984
670219
185388
708140
306614
616931
614721
206334
782974
350805
581862
724314
682766
468439
245561
324190
785135
680614
821945
378897
395409
246601
197218
949258
543704
749016
632677
334428
795304
696036
279395
350288
366256
981135
574780
189222
114418
189502
911908
897392
540307
493770
621707
739426
478561
383620
579968
263697
64234
401914
642594
975995
648515
356164
925254
708571
105180
74283
42999
900484
770319
838746
250772
652927
336233
341905
358501
450651
47759
270409
348044
588066
764180
486103
843844
759093
869723
423813
22790
450309
342079
181736
426304
990594
537900
867910
215517
643081
942193
258516
543565
228865
97263
310690
398144
433496
652595
756646
400500
700354
27055
748544
804772
307587
750999
164969
583033
137074
588782
605823
587383
447213
303912
530039
954159
841812
914302
169676
1245
372847
944544
61163
601712
41807
888205
516209
991656
540800
789207
392156
757506
332614
657052
78630
156554
924403
243599
739587
61477
348733
861762
165212
312298
165674
211603
266457
523839
125905
436133
525084
15105
380678
102599
616817
938837
990804
649378
446845
531604
438585
355353
805462
771200
528757
400445
927754
453160
160396
667341
30989
25482
45455
712553
337780
211130
924157
604238
734969
566414
556723
776405
581519
453753
879005
714689
392591
869809
880419
355788
917766
319005
711142
239580
606557
239899
640025
534311
209412
316774
718004
240401
342256
763459
469307
680036
490941
909816
800626
742262
992582
357350
518668
90454
811103
914025
805143
203694
300186
201914
559483
734304
520919
786977
973885
643828
26876
130262
178139
752640
447036
412495
509394
789292
692307
978701
985681
183248
888517
786307
925511
881099
143657
960531
971553
471113
390908
293048
674807
691094
494963
750642
425399
532234
53971
915636
176063
597200
45898
870554
349840
9287
799402
859234
314931
491709
354287
300612
674957
242804
603272
116820
640256
263281
593703
128161
734394
984611
421210
925554
192058
432525
192548
133809
481111
246520
49445
657174
843720
611695
44081
709912
137334
843483
569147
452266
851544
923434
269230
526501
682591
872502
159674
839199
135784
753377
967360
870178
254341
904922
312084
446399
337447
504633
580208
818559
751153
146005
992085
111225
274052
552518
821137
411387
912353
390284
863653
763897
830071
649235
806751
29014
521738
966425
868213
173874
236154
351925
560404
490495
256848
872489
936894
110647
377122
33454
929206
128275
695811
437644
239500
969864
990162
60637
897603
418868
967274
277608
182765
313697
926843
989516
859063
964933
472293
243628
138807
708448
595553
699212
198943
368753
571701
652190
479401
465175
201996
408607
109802
897808
362603
349302
384024
869118
926291
797979
287986
409917
75587
470751
239966
518782
976620
99029
483716
448913
342657
138875
157361
454563
838087
872657
823316
926140
524847
302717
907667
726843
227677
17469
141003
590280
883123
525027
975750
809415
839358
263736
735684
914945
250840
975651
433728
227460
74680
433796
192725
933690
572671
866439
388253
410759
739096
727921
853251
780295
30639
760919
23490
258316
778388
164494
364948
661512
205873
340699
987279
45232
120787
722963
476529
371627
214966
910257
115439
805999
860405
308165
739689
433077
174604
644294
360188
430052
372215
213439
210347
919206
490710
233837
693874
785451
398331
575175
963315
120557
915874
466946
165789
553013
706261
158670
440993
921228
68928
556432
727227
929333
380949
983268
878762
71905
143914
238950
501957
32481
452390
228656
951688
459452
462494
161914
244903
377177
737089
724570
14086
169315
191516
179875
722329
897778
338546
163322
335358
923826
236106
578937
369511
133408
562205
248274
205313
222471
487224
223623
254952
455966
452279
722992
431771
914773
884907
193026
808303
138348
917597
822389
307664
625465
518617
546345
523243
373515
709667
374953
813693
462125
953890
699556
595533
516095
947830
317199
254918
951407
540822
509871
923725
993101
749215
871848
424227
150474
64875
232530
288823
498824
54919
112839
124289
89888
659184
163885
463403
885203
538838
793448
347328
492729
493005
459214
525176
440835
776413
780095
908594
317235
806318
348672
310336
71885
220520
734563
738712
801747
483445
27535
300571
54717
656726
424861
144605
315910
588746
124361
717465
127584
917809
581145
136665
410814
40359
661842
368002
816772
958289
792948
650359
764607
657972
477048
352844
878493
211611
91556
680240
211409
635443
980812
266126
292169
922025
927083
124431
510771
567796
841896
154707
485606
423042
291373
412772
979753
953215
297126
312878
427856
90075
963237
192463
748047
440285
61659
142892
168249
153216
339485
896010
788659
836649
678488
597181
758674
605571
721612
785797
173368
79861
940504
175326
19255
231877
104450
515360
701444
401577
828238
129300
8004
307828
838115
272403
748113
899775
415296
432714
569343
271133
328724
874354
107782
7212
471535
382808
129136
709500
168605
818856
305713
109109
510534
841320
857339
614984
356680
558783
16561
184919
688084
540917
9099
42551
813321
757212
458678
744969
706279
28021
16102
551355
902376
640236
74920
373911
23044
204056
599763
191649
539264
905476
817110
49798
746796
674449
664782
619829
749585
197696
321100
954021
738613
330199
996572
68286
87411
455251
813255
310042
483272
829357
377750
902000
469593
452670
275912
8989
173078
392027
716990
712342
813856
534101
762140
77004
724902
943274
696833
474487
657322
17933
428508
912288
348132
425081
980574
951896
880332
793830
778290
879956
139539
156040
781957
609133
608710
574221
134474
781788
482600
851465
494130
296456
385566
772622
373461
110468
715897
70294
584956
889571
604580
13464
801859
952712
954897
782434
420960
351581
576264
199251
231538
715803
355291
529847
841288
480354
104068
975763
262142
586668
343580
272625
399477
729146
561599
772938
355966
793848
359584
457274
683420
480516
987091
485279
949581
941988
267713
370541
293570
360329
569792
41460
592485
441436
571307
950125
921790
191727
442240
700284
294747
785820
972909
210576
31318
534509
983514
387285
844709
859451
844559
528129
339967
831650
13409
289548
289991
797474
176442
583561
157804
262586
141373
266641
704022
229032
216766
142164
420759
175359
842449
231858
961179
331710
442435
992498
382571
942301
896135
227281
318104
257046
755410
174424
88697
285171
980324
378688
82646
156766
478601
756802
419353
619974
23443
639727
849006
756561
781892
786117
931920
140693
534327
409452
472403
493114
918302
854975
951768
814437
82256
269872
71483
354018
960648
676532
639190
940973
571572
721836
614091
566525
478638
549796
702851
18433
705876
551857
774994
487768
854326
223267
628461
905006
149071
617216
398120
67373
472191
349888
398162
70799
136113
985997
424818
96761
662530
64008
554086
750454
785844
684530
316980
780834
234326
19831
799267
940202
88041
90613
944322
458719
830232
89135
363725
979303
706352
278198
563028
694895
628086
961190
765695
280551
947188
190513
377313
126070
254521
447751
876524
556717
132281
709856
853903
882960
246040
169522
339514
334081
776487
283837
309152
606720
889324
672878
102375
112028
467428
665404
806924
611866
626594
572619
892418
90134
279484
786083
216204
534005
233834
609081
607074
882468
318937
460977
765428
564977
146851
104942
415410
923338
905131
724563
530058
794456
913793
148786
906484
381221
330542
229760
993087
957136
802379
401857
563623
81863
187940
779827
132220
421775
905260
255646
304243
224198
232975
586023
305527
379826
690965
237290
303165
596097
478205
349575
906905
391998
498361
329741
289571
828903
559502
799010
302392
878233
200868
382367
476449
905160
678546
125021
843287
583807
380668
147530
324357
613643
249905
629884
993470
940871
867174
812987
53320
861731
162562
960225
253729
177276
806318
59652
522531
365820
375015
341275
760406
92235
723642
236855
997395
402189
361876
840683
985996
742544
504565
310353
872540
754471
456589
382362
211694
840116
711701
265014
701847
874263
741591
471929
567891
547909
47933
606775
430082
422948
948050
190488
515183
188045
427343
28931
590234
305571
869614
92582
564468
890531
919287
437008
645002
892228
335722
856696
248696
47423
638062
950544
438038
379653
938825
522282
443915
986758
129057
873997
409707
77107
580837
441242
781504
524532
470173
888090
830103
856139
980672
394571
746671
416311
347931
908025
308540
200005
764722
557236
247428
919136
24132
201819
815142
962957
724101
259057
466068
853158
649406
392127
446617
230243
833369
228122
754775
819895
116212
584878
676034
613237
495802
422705
545900
843733
330731
370792
43739
611805
928029
807519
530941
468513
9338
862435
947823
249791
121492
413891
102949
770898
806018
65919
1141
155739
810393
755916
975634
442957
857147
651669
56194
352949
74374
118447
713034
921457
489239
273125
533262
933620
80645
580556
402134
606335
442991
349957
856127
80836
280200
475428
368086
602570
541347
369228
758309
868092
641496
733944
311050
14995
385613
367244
367944
976339
485691
597331
414149
491283
870456
463763
424903
467453
44319
827037
590141
3663
693346
962620
600851
489898
954400
968937
92468
12100
854517
850778
880192
496014
101074
191242
27361
3039
74839
911658
979378
76882
508989
909879
568165
895797
373643
993069
879603
934314
336458
469744
937977
29805
948716
55180
519703
903116
24118
128524
915216
878635
495654
795409
891001
596728
986651
918363
599767
61490
830021
95497
654725
339010
5377
222890
234807
379020
215959
630762
313334
552418
100506
767664
98575
49222
822844
134630
468691
846962
263154
383907
241950
758808
179316
132951
871888
682320
51314
471655
260162
881335
83505
914887
736697
88882
137778
487857
984254
870089
118619
297588
422507
735478
581604
37434
784700
920801
172065
769743
284115
951571
153651
526065
226732
849319
659017
614972
531639
226683
86628
791802
108019
170133
223041
844716
775367
360819
332573
759621
230909
967545
573561
169768
703023
671518
207203
4075
592319
895620
773819
876434
363543
927470
918852
106627
293141
577869
721600
824781
804552
324580
132935
428923
11065
355976
789992
786432
233148
638917
62405
464057
606462
152318
150177
309485
823836
873732
313561
932507
285704
87380
808942
165600
531202
244146
272227
824343
822015
510179
165476
142919
834759
814763
88195
362176
170740
878187
148608
920240
33456
727365
384297
639919
879684
50826
465756
219872
924559
779317
152380
210263
383049
477674
375863
430603
721820
164443
771299
60187
674622
936775
719458
25734
267891
807653
387910
954983
202192
52871
875223
235649
296588
775872
391920
692624
826698
857676
912497
751257
636994
581229
477873
536395
58903
370088
966999
297075
50883
738298
357262
725506
191425
76720
267592
459316
400726
655502
414299
119270
224725
289522
354919
521314
65394
746839
213938
408445
120868
642787
676054
757862
224016
153927
294257
799271
40368
777608
96346
91251
32258
969960
333109
223684
563033
600701
199352
963759
772556
130004
83029
513633
419526
954301
34947
1273
217492
765238
926070
338360
408025
602124
612574
148394
756052
423184
947665
312772
200792
44012
920375
749403
13972
253485
973087
577005
370538
688791
57116
143094
818795
656498
173080
238322
610799
208027
755947
344643
489617
682017
199356
413995
284141
811930
562389
556545
751466
510054
385669
468611
554066
306045
218014
84391
559530
191101
177748
446420
879892
234865
105867
215040
891363
278947
969714
18514
3326
725661
879509
492944
924030
78865
906939
724523
407148
469328
797421
158614
495734
183090
627225
566153
5487
845239
650544
81369
552692
828292
527790
948937
579509
633657
163977
470872
912604
133691
5738
432282
375704
885248
925226
299734
964113
348517
540609
371261
334197
338030
46228
829932
37473
673453
396085
42960
35045
562981
124330
587737
907625
652120
536674
487135
802129
217003
958007
231085
350694
963746
663367
726398
365346
104946
542484
329459
453463
83094
217073
787661
421124
263301
133945
974949
453106
46382
17910
488151
125715
658592
592241
33340
310712
128915
520475
629193
862271
994835
860278
212965
474933
523645
455716
840279
144943
998200
686090
598407
81294
903163
902420
18771
682816
552717
510072
135923
599099
527982
140426
724814
186574
732667
758154
13638
377935
794982
642831
240206
306169
19461
453171
781102
59459
425239
137733
204402
423440
823823
802809
21086
243339
221581
556209
926155
774298
66282
578430
889749
110616
718857
614563
297191
967876
889070
827181
345811
200404
470013
102369
506573
5826
71893
804027
65285
497132
941760
269688
436924
765583
588849
458011
8922
326783
530572
451430
101081
596854
29860
990831
707471
265069
121746
521014
749298
527168
348195
611461
727572
334560
713831
750497
340387
302076
554524
405672
799208
496284
191712
236133
778220
296914
210496
303494
623697
741068
754924
241130
337923
301137
231961
561746
566206
870060
82760
315504
397228
947307
443318
641153
281868
157149
391650
138607
459225
946175
60631
774785
958811
768696
527270
737031
65610
737766
40526
689307
995187
311802
930437
849462
612939
678751
411208
695498
65163
10320
527354
978743
473979
970672
619896
272199
644173
11547
410806
103398
957722
987790
394536
916533
756486
438158
169917
822096
175925
726795
27755
687464
38597
474544
536926
651537
669647
464486
347035
251162
474806
390741
229906
948785
361414
849802
220985
5587
861349
148143
625338
335423
135933
536226
768309
408771
974384
938226
230867
150309
665021
774974
354125
703618
765871
891051
871507
435518
355537
734894
686681
346695
125636
916587
811833
487050
282741
549170
8989
144091
213665
634327
479514
349599
170553
247823
274722
144938
702401
505590
811599
367422
796916
682077
587393
562787
573128
975252
514658
445018
710147
201339
308065
352135
634278
119898
355537
917019
185420
364526
577462
915438
515206
573329
781389
202111
821152
56111
863401
39906
561701
191353
407328
874970
873430
511073
437757
446558
486326
952415
407928
712825
670106
715994
64960
304384
352244
420497
737756
54017
785023
315218
969455
816581
888547
750844
18693
226052
806955
882094
265958
885009
73447
189638
759979
463229
217064
197736
909788
703390
666504
834068
416215
336610
550062
997527
157347
418659
418024
411455
472676
719399
243025
442131
535981
131573
192975
71026
873977
999930
469472
656287
401291
59272
845925
161270
522501
579341
875359
948641
282731
541863
782710
215298
394825
332772
212825
68524
267783
147201
479979
740459
866601
723005
698942
918934
370930
891917
506312
761259
408200
975784
417546
809491
35056
779823
487114
557558
359165
362473
506199
158248
904336
288909
373547
299161
138034
102724
884038
405817
766278
364017
662629
149231
603374
361571
68165
974304
253489
90829
251915
178041
66613
669461
503884
101670
965637
990998
659228
324802
353471
681779
999402
774159
970689
889301
73321
625075
992026
957359
30892
274656
837728
693521
423887
441103
55093
8404
931759
824934
99233
183675
519327
165846
369488
23211
267516
335125
14210
443096
176279
884033
124876
175682
658193
611917
64983
247866
236992
573361
721577
784236
848017
559305
994110
271904
516760
49203
796660
964872
390489
895893
148547
909816
578092
34387
449379
361960
369513
463589
805057
62144
863975
446285
237826
522168
58202
819162
286386
811546
392523
7963
595782
756893
83620
589892
545149
600381
155447
341810
81605
62288
237703
746504
972104
815795
780891
421484
694108
666756
401425
499165
728901
265400
461802
966727
303920
36356
785889
590306
847902
694765
598269
960036
451658
198242
66281
996807
314975
221728
338617
396580
284017
92673
143084
772473
424820
440327
710309
118928
107084
111735
134445
835985
893487
596247
319064
713760
632603
621306
304066
996857
316071
418688
956894
767729
133282
23175
280888
448257
761255
135858
844837
561624
228531
504273
334098
169703
944600
560759
804984
51684
672494
939429
404021
82334
52029
723086
312446
684632
344392
616512
197842
176815
551552
154736
460896
684834
694263
741784
133091
455518
877642
494280
17143
622525
998553
867593
792229
459506
428352
597213
511190
617199
52994
431564
215885
105023
154650
528331
306008
15394
661195
503850
708561
212748
658586
169457
413934
869201
427593
63378
324719
305236
74010
858214
444113
72564
725807
752694
532070
670512
349907
559612
287711
919254
991176
503596
24277
662178
548279
846637
193924
209474
350487
418837
422222
525425
588294
352509
394626
15888
415887
235698
837476
489897
93912
281589
78813
336072
34284
127235
6584
900543
203200
810647
819797
710728
830595
360427
889259
378874
723416
599535
588348
73904
18373
526923
115681
606667
395784
26660
138907
328023
262358
976383
334272
872622
774325
413086
725046
808609
56673
731630
225504
776225
58629
561654
486954
889224
438433
892565
784450
161849
492100
889151
752105
510473
416074
384139
633493
811858
410799
772400
656233
189509
265136
990505
62131
555813
919943
787178
880774
492969
35160
106278
269194
610142
184284
272500
499366
622717
165065
800169
784567
173518
689320
53024
683991
621746
437163
833836
949956
847962
122589
606189
553823
387725
596694
615955
943538
516638
919485
824312
9607
470997
446942
795153
81139
631227
67654
96858
253944
232719
897027
554863
406237
586347
124240
606581
208093
561403
440417
158049
925718
79358
764238
479541
467083
877284
611848
926973
393922
531333
267637
919881
2331
714580
715035
599822
862159
782689
696680
632455
531760
593707
187319
454350
696406
311559
577283
420851
389314
534052
95252
315032
613411
375842
310926
596846
253127
922774
523820
163401
970460
307809
83283
489143
22389
314670
88965
400900
613711
301998
33356
661823
895705
220675
116173
108464
48586
209808
529315
954252
743861
624568
785637
873624
410
96563
470470
253537
535689
510642
933291
22501
818452
532926
27996
357193
847596
116962
758094
461307
418960
791450
123130
831017
12125
755656
939481
577063
481816
985149
531315
225677
126069
316952
615653
126479
929867
86124
896369
465557
596766
829660
4410
415218
878938
32407
772412
726534
665721
530506
704193
84681
321956
343675
432050
850433
99331
887884
427496
581148
389385
475163
323177
515454
792116
938831
641933
238335
541307
54654
220244
138073
400666
224655
69644
279604
257062
358408
522490
922783
405266
226683
523816
727222
570359
472218
94007
186042
360102
37855
283542
265839
513018
123072
781293
821486
578255
939579
576174
119562
994233
796418
773987
911252
21073
843631
190856
278135
718391
229699
717270
123657
456382
241086
367231
543093
229657
461238
729136
589759
15445
529030
855599
44816
652102
153244
382654
230357
92823
958828
349919
603409
755247
123907
514661
776320
483890
221869
570808
202282
451568
804430
325939
424303
45517
693171
967396
791526
670761
212884
381285
686207
741915
753236
731023
910369
422833
630029
140727
515656
588858
6998
119065
344105
647257
150078
636777
131148
888300
723937
849782
339868
528368
175721
280523
90237
385244
247920
881763
572358
460804
779400
774917
719071
48989
22292
629441
471822
652321
770168
503830
241179
293518
139248
585284
940776
289326
738414
588276
693978
462351
438058
550199
990719
613779
830722
597308
515376
78642
479071
87734
55799
258472
862651
774870
823813
884943
404311
295635
537264
690831
799465
778444
984350
938713
880080
441478
744392
618494
29754
438370
597198
467812
988569
104269
597943
819292
701578
113319
414286
697001
717405
470085
955473
96408
761308
295638
981351
681971
591273
34968
372803
907091
329764
873505
845804
726196
314983
106548
861043
861089
544919
458241
328901
49840
562510
926844
869132
780440
556516
283419
477442
790273
269856
949267
886682
31164
244906
384385
713136
836179
419353
602291
259622
265469
992148
621779
991666
307131
728327
852709
684572
273246
310950
13473
839439
389812
456669
708571
170253
529537
508342
647695
319811
294551
596962
206493
842067
358220
590878
71555
194400
526584
673846
970374
792053
182346
592153
300071
489477
320481
152780
690401
110079
980082
703874
949518
886247
160544
174442
56500
206433
682784
220547
526244
493687
333861
249089
335755
692082
839968
923662
402834
882904
113861
373208
191309
296207
965362
491381
302037
285843
160513
992438
912274
140596
696313
861793
543195
373209
36235
116047
579642
235371
336594
622239
245411
186807
871328
581166
878889
227648
21180
798075
110552
135041
171284
818214
431249
136646
825947
733286
938841
986460
725724
851115
643408
938389
229260
186603
311598
265495
302650
407593
17219
155596
29832
262630
342404
417512
360148
221293
645161
381328
19369
272065
516370
707005
90279
947619
360003
916226
197257
815196
419039
922981
666311
62447
861371
411924
765403
689321
193771
68053
96914
210990
223650
643098
989972
82406
60611
350120
820051
222124
247801
355772
494189
280523
62777
100821
228142
939132
533399
941751
754328
952438
864732
936992
531238
242455
348916
296641
931777
542687
881046
545043
270030
621048
704494
260002
703454
281457
126475
523506
503581
374276
879278
514122
654799
458408
131295
399293
397540
664695
341044
151869
133485
722128
88861
181075
964584
954129
477716
896361
496816
875115
957756
766846
496163
662250
543201
199618
943707
669676
723124
447288
560304
118754
477763
731455
577162
609058
130748
974703
790105
988144
642924
439943
226624
248137
621018
191208
202266
615087
603921
699082
490202
561678
982281
986365
223928
525482
702335
167636
195158
425459
131276
755462
60566
609039
486917
154080
734450
134017
128783
524555
638513
288059
480850
865137
536196
101869
572698
738462
233308
176619
953897
723510
254649
936178
226227
478578
978012
928563
162566
173170
870374
810194
444984
930940
419234
448253
85021
670036
582270
730156
710943
737135
18216
191794
602272
70764
810015
174970
325579
43323
867942
279476
283185
122591
732006
509412
117521
710018
437975
280087
399540
308350
90282
844524
755642
25868
292777
840663
695904
391399
87172
406847
128534
621740
114993
247158
692504
925008
938481
18083
968331
806423
813911
767868
445366
545917
277281
562888
255935
715256
359327
655475
539958
965961
16351
295601
991829
309128
652616
204085
700527
739788
127285
345413
361528
242278
592572
54033
167287
47405
588468
651970
370180
402380
419839
815546
948297
213472
894786
720585
928728
254114
376060
985039
220075
392412
280640
728257
217892
449608
932342
434772
189397
575979
780185
550925
818258
889109
121310
501897
936514
709779
153867
823046
628511
90058
638593
576808
303530
49731
813745
748611
303845
189806
250002
40273
98570
46994
284882
832814
496602
733576
267586
685999
309556
564124
753277
127814
969585
874587
629711
422452
100718
299930
245498
729229
906341
884091
822390
209871
933823
636135
474834
754020
342293
724836
310645
957215
771830
595527
790030
268433
329104
573968
470784
638660
138092
224061
282826
624030
615001
912537
46482
232071
728819
291980
477653
635160
692424
300043
361384
142599
452530
352570
412971
311176
77407
723617
268391
365589
835496
574773
150374
680952
148742
137511
319612
803186
877924
118790
427216
492925
547679
473698
241349
276499
282031
719002
428011
974455
535397
789395
117054
504279
141966
46377
815455
735725
769994
83847
617666
605491
174972
768041
802795
323714
421904
122408
643253
299828
757550
70469
792754
305230
60520
550455
98081
342551
269457
526092
317006
321206
831840
950412
825485
973806
996789
640941
225883
283136
241140
843549
404979
932464
127942
207774
256179
549846
846534
415784
849675
604085
486253
158781
425667
63125
709236
523748
405676
495045
49840
239034
816251
881680
705798
158088
371838
218940
315381
597721
502076
72873
957623
423407
5338
85565
147533
261517
151764
994068
677301
1439
114505
679906
676572
540172
743032
902160
580272
665060
913557
630112
904095
246160
28145
609893
404248
916335
828833
719630
30409
847261
792503
988032
787020
797841
589949
934554
575710
741713
444974
769363
259504
559479
965622
452428
616003
225006
354588
196275
890066
268145
342739
794161
30657
887236
920407
434906
803572
265592
670888
833981
112854
979743
338365
416226
293937
444666
350780
869647
186380
795754
155363
962236
871585
120985
931017
487588
862343
285605
683863
752409
70103
542955
62923
100760
430191
983330
52018
233763
248922
722906
584096
878128
219002
438813
294355
512939
883480
161487
382586
586212
957242
54301
548448
828827
691638
479465
832768
553981
281423
516631
306391
867878
59586
885666
484990
6130
868996
53361
756245
634270
776267
340342
512399
995269
779155
323106
24560
662635
484593
923499
248847
958187
977800
313648
303367
185791
309465
136135
739772
107240
169118
562515
491470
745057
448181
976461
751187
833529
29822
507432
467800
322441
364126
496551
834063
659634
819657
858623
838621
820602
782122
603821
295142
276275
917469
114861
462066
743286
767348
718190
850527
936466
797058
341997
197875
761591
834810
949062
595121
380984
972847
62921
219778
853325
559472
53841
512959
895481
428816
351581
232435
727291
955402
43929
519918
389223
158790
981984
648861
926138
216526
15740
378957
13584
874090
576832
775176
708900
42247
370297
606237
531446
949570
826015
384771
25394
396208
897731
437227
825024
765664
669662
68667
237418
229944
588585
142993
905086
570569
791854
831225
303448
807595
726534
317032
681685
819718
608560
390585
861965
978857
513174
393411
444779
339189
294535
470173
735397
708618
907400
76774
474282
93415
145441
228052
323359
734027
371045
228445
820948
162899
576022
124396
970494
818908
441429
652179
638627
566341
559117
500592
545199
72291
410356
989978
927833
704891
976504
663230
413509
400256
740004
404143
493671
401798
632195
333382
135825
3240
78180
956773
166139
654202
597522
652986
989463
555303
305165
628090
121644
380634
645034
183195
969278
571742
689526
897111
276633
666030
560341
206494
66286
816698
126989
76310
218496
275536
409692
870673
278776
487872
343798
961268
658427
941320
130606
647890
496623
435771
792332
134620
332758
437366
317815
302036
9109
7341
715499
802094
673371
792192
524941
256010
608890
651930
332320
343738
443819
742012
214411
238947
746237
74562
200215
404664
15882
330821
568906
28858
282945
361238
163478
132055
314956
481293
950443
324065
488635
665942
642512
678358
458134
167453
934368
67025
335735
783040
927115
779554
525053
657879
534854
271290
732441
735069
192306
264675
582243
761212
293533
381540
638802
457011
29947
953758
454657
980390
794176
459644
646332
436688
138002
104466
120493
588723
687843
972580
371763
614959
268487
896816
272838
803341
684458
521631
54762
393116
786306
153357
670680
596192
534897
309482
569555
81196
263241
24212
61586
573769
483856
707918
10457
138211
812385
647302
726934
16580
619882
98697
631539
888369
511866
420729
208062
712676
458712
262825
105793
245019
416182
776473
841211
467432
602308
927118
548628
381901
951331
610215
955670
951539
318133
482479
89750
646870
129781
816684
663451
749663
431734
811342
154385
943600
232072
362447
172628
690784
141624
278421
452155
557807
571247
809718
25239
689907
736837
573867
71808
204520
184082
27478
156059
18568
509957
245810
181790
639738
578846
845241
905753
10580
656584
576490
470532
405008
455290
159513
612144
596914
954286
580652
671073
525533
390370
696312
731792
127207
270180
803600
331727
970614
831078
4139
505534
857387
766301
687325
497125
345147
48918
919231
872080
705502
12073
858964
626862
467363
18477
755359
580630
972764
336011
251703
14649
726381
948016
746442
369941
734548
550042
218020
221514
897473
738511
727049
754860
504812
414374
768338
849960
463292
687569
238392
685147
699642
97356
828361
683358
632186
100072
263988
604950
436083
32043
135951
678817
496411
882393
565110
747311
948788
299482
968826
846261
37994
212227
117473
542806
142953
885811
909118
122597
89732
147510
807744
305727
761219
152458
989085
393405
252530
769425
514707
204966
317820
650658
883783
814232
533052
965245
561543
998192
264727
530369
360805
302721
742596
478278
361880
401901
880442
270998
524499
970174
934861
848595
792253
696080
1053
781338
89485
769936
67115
604192
974902
384936
771202
375037
715520
820606
340282
277063
818798
605009
323785
179603
424083
582733
174234
785963
984635
54676
573313
509134
541202
508174
357729
333456
720606
875135
631146
326443
645071
214614
446987
136325
115902
218190
511362
831422
38796
851644
108485
373947
973005
948622
69902
913440
531356
244136
215755
515991
815164
789069
25125
872719
813595
899206
722527
534202
774341
353673
860645
935764
568287
823985
72089
200541
42175
99803
31963
597323
467799
656801
971270
440805
605423
41173
870597
136779
801661
86353
169122
616826
875422
710599
5897
689017
609806
728424
739571
900499
598449
116569
836264
166737
940554
424705
883630
499081
524509
915594
96404
992308
88747
67675
949465
694170
108848
820063
347302
910509
906416
516424
43687
781838
227024
565936
987207
353182
294360
243131
253681
892810
359700
89945
575899
816606
514651
459529
315687
555512
891475
412091
547820
980222
996118
497286
674393
104966
317349
21695
531828
740117
54471
91867
521955
281495
657804
25514
634677
952164
784997
404711
361326
144697
11008
937225
477655
42011
913107
309694
597523
804582
721786
145344
784805
717904
158982
975550
339223
476331
513597
387403
216448
568068
995622
254755
365916
653426
796621
593
121943
581619
921656
483269
242668
932665
936847
236676
974676
849954
546370
572200
170888
268156
233896
472045
502413
392878
447595
357988
385561
961192
261743
118361
529261
257365
889468
895177
427144
686089
412122
549087
784060
850131
548708
26729
782796
1907
263405
273824
851861
326127
362376
539102
110636
112624
11147
613049
505502
458743
487389
891063
936287
265484
525776
981900
522849
415244
393429
949993
617686
321904
15432
401746
172035
564141
944827
471183
566048
724584
261359
934262
50712
623736
989716
161348
736360
863
290749
758215
975958
778138
165630
428598
559974
691407
410498
82823
106651
320280
549169
724337
642184
564601
642436
330571
645094
587263
801754
727495
311848
579465
178109
362560
719553
167825
523908
972266
168688
814657
730481
660999
109147
412463
89597
669121
103870
16447
268296
726874
336727
333817
967563
978911
898419
609999
309482
59865
713615
627588
787360
25463
723406
481821
904375
442959
649646
428283
415225
334687
759292
662058
995686
384791
74522
601635
570264
178392
618082
838560
421618
471162
688730
905534
450073
103501
515533
275908
163366
229148
419848
467079
770963
143254
948900
675338
586214
114899
619973
517791
449586
379265
179850
961624
280408
770724
79611
850672
949116
214045
205585
887087
685207
894315
792621
135281
997816
824506
927541
677534
570007
347389
660965
340970
6996
609866
532661
109562
241117
152634
143705
690703
48252
323555
168679
328660
94279
248290
695685
559748
462335
417622
963187
147543
311937
755808
799176
826105
96666
243069
19991
666673
106810
680957
523996
113806
807175
56657
739720
48292
209291
883426
255347
773895
206981
940378
618908
817613
705020
314593
893713
167355
732215
856900
831250
560504
129060
146778
902961
225726
389847
439304
408752
496658
120261
932748
126816
443788
989405
866537
492080
715048
749963
263779
488944
473296
204157
107852
290909
909177
938797
700974
592885
187364
557874
940487
264220
203286
87266
683533
945365
993465
122837
354117
6475
759451
286865
133292
203239
792622
999829
211672
507670
749792
475451
512966
223088
195961
620818
30350
105138
75967
731324
698023
263331
805551
154863
527551
8837
242129
211084
954202
751946
850274
824671
758422
609725
111536
891714
812964
904158
407895
24636
928181
674039
16440
441147
897127
212401
578318
443829
317539
654285
175154
531915
433969
980705
686778
961520
505894
445259
688957
976449
713557
539231
801120
471979
665308
912657
880045
478272
333167
804292
19261
777700
478331
35701
218848
891811
764454
797166
335640
81993
967803
27146
130260
401772
524203
333390
879645
30098
295001
568602
6547
8559
624185
807667
996890
289493
236676
876936
284117
86196
681228
303378
863896
675912
855431
599096
567723
619885
396262
903363
218231
880418
930510
864843
282190
454713
198234
678187
1163
9587
246789
7710
18146
387326
331730
15037
193171
84758
408325
477289
170954
605905
297019
34851
281817
668803
150299
849540
805040
62914
269256
23271
943332
199766
404467
741874
170831
119053
420062
688347
128640
183203
212409
663139
570530
544139
194528
280053
145250
119205
273694
316204
725110
570714
867407
523280
755869
17707
889172
560909
80621
158428
100533
540305
874546
505000
282179
561730
140405
702241
250077
785397
885445
462486
448536
972327
522978
643064
252380
668228
762269
526075
500784
3732
613141
368192
43364
369010
902251
932536
446271
499224
90965
546804
39529
481863
568156
321708
43593
708561
23950
810022
493959
425747
272509
458847
398074
795487
618264
650454
980067
896885
692881
480851
416969
306022
365395
460333
191384
267646
392870
637656
766870
187
184460
806399
998402
268969
644460
41996
493882
668410
368370
504193
610509
640879
963041
8583
952718
581305
175389
449137
994542
868271
929989
411512
690645
295384
871845
882030
563031
781067
519686
846253
781254
220498
652653
296009
5819
297113
854357
499702
481875
222727
3895
92384
863607
483288
617319
332677
580945
792708
781815
575488
177331
711804
987000
867977
523540
375197
750007
86571
156265
786045
449177
453871
522895
101830
749880
45067
915295
604237
544769
913522
826965
65016
5906
206924
64657
139577
539601
645602
932285
837768
737442
109617
65924
240794
977594
589465
615992
243953
192388
772257
546350
641565
226128
585597
259747
492361
630664
175042
96598
691785
88564
439915
273154
610822
646839
337811
750399
702793
499765
199037
540561
753560
308654
606486
994354
802600
195951
610346
562905
904691
898955
109255
546257
641436
211204
806004
133797
841869
497399
746747
533654
585963
186663
806808
713138
349854
660971
979889
52647
160737
178926
109561
914297
3932
232399
425003
322884
944702
551702
885789
849393
450657
511396
395650
608445
722601
718007
258594
80822
215406
5342
130828
317721
708357
453989
30859
58211
114960
527101
627211
792049
222379
253124
222698
226312
485523
647702
549196
430225
199404
434986
279618
166413
462734
191621
774859
701687
909628
33453
782509
125034
555147
913338
959107
263504
367327
506319
838068
482287
33420
981631
790689
255799
234755
13387
998463
720278
661089
547660
150503
376845
498998
946473
59611
961732
138094
834470
179772
564074
384275
962281
205460
939423
875619
164568
719279
759298
670887
73699
757938
220659
55330
548627
476458
806437
562014
474922
526715
739456
538934
193570
632653
37932
656396
692264
516016
794490
43086
695788
874917
427362
174422
80377
883137
50041
244945
118768
325692
915832
192468
83630
136491
764150
632257
129302
570588
194271
120576
613655
450079
659510
323578
82733
213794
979974
774997
246162
290816
818084
941951
165733
761798
632725
246111
161287
682766
491056
280055
524810
923241
988875
608440
576084
269378
240697
221738
839966
951321
342314
969973
917752
518176
809903
485
731970
789877
291835
978133
80694
626271
436436
246427
904421
69161
8890
65708
268279
16299
345763
793090
939540
850991
401530
31976
120369
158580
253715
476687
626253
112381
446660
544005
630558
256564
60843
362528
562793
869030
340661
643487
11653
293449
406267
916074
362610
415157
981782
630890
431456
843897
940332
887348
694888
858214
435677
815257
16794
689392
291944
159399
318125
254957
219757
948683
27873
796952
311212
107018
665982
168225
750506
677635
978027
673125
110061
340637
604634
91843
487879
552443
452092
944563
956143
663333
802778
391820
994942
335924
597564
286887
495324
915690
58196
231433
864373
602421
28385
691937
709439
210719
376515
976297
888354
354542
165774
514767
211531
770409
122962
215763
839204
575054
160326
795347
238387
963104
187168
233330
815381
784732
36569
827057
700422
611117
58490
81148
729890
603227
773085
439329
813946
665952
931979
218652
20494
97753
733419
748378
868162
856381
964141
707366
947787
124467
19066
186175
603924
206234
935857
419305
507318
488778
762714
207741
616247
337556
805241
346137
940783
578326
301818
754729
244279
233797
973381
781125
331551
706800
529503
716065
79533
493644
939784
27320
134464
958850
729847
254740
165084
665704
190397
672402
670834
953111
396495
287081
290667
201736
149570
231450
296415
451389
986179
57046
201538
475912
354523
533089
699064
884027
249155
778597
894023
705291
805917
544839
664141
535765
799579
345577
717821
989976
534331
905008
943087
930827
708441
750106
648915
858012
981556
461682
825753
484087
518728
27291
476351
873252
76733
175415
273631
842240
954012
167654
547531
276282
712494
728024
812047
28425
73601
46220
18402
607932
951228
961489
55111
659670
227948
704027
34034
209504
682061
376139
209944
200790
403430
686295
590394
996515
861711
380377
838755
332075
64383
386286
608357
293229
114310
936756
321655
704263
982977
340057
312196
934205
817898
367307
110227
45846
587686
660613
771703
786100
36752
497999
503242
440183
184294
93636
436698
562357
990365
791806
410785
54748
178092
19142
347978
808755
955899
669633
513018
455228
526042
341566
905785
343940
225226
16013
906139
329264
676626
194194
115364
713379
692193
618606
669914
392839
228594
622964
955197
735311
414770
882334
790060
109215
417828
654390
434322
373727
840375
947340
345307
366417
805259
251093
226709
30485
783458
649200
876101
460084
843394
507818
689815
535587
642776
876081
928427
871371
499046
399976
123034
913816
798662
913094
539383
216490
567484
973705
106570
407859
921046
451877
290628
242657
702970
517338
789494
486428
166538
665595
462865
526285
173413
152680
578224
816190
28762
506651
203913
44160
422979
326947
474328
221641
756394
13712
438132
840230
987417
544702
764442
424815
512931
55070
667472
215902
88760
456966
218682
771651
638914
681547
297936
328679
350580
876160
661221
895694
899164
865134
939854
838495
708434
414182
576489
981180
944246
14621
821410
931664
75675
585852
356479
104958
157275
540304
320860
246035
513622
539543
534038
152536
737442
831974
481216
88022
224487
142437
500068
640003
523924
956274
478498
748710
886809
54987
729890
831055
585960
67652
762719
177987
653505
635551
282946
327132
175855
603806
573167
689477
659701
107206
358366
913496
455532
355934
517870
196371
498371
17939
836374
538647
974213
314873
287357
377374
369860
533599
208430
472173
601252
487501
650160
254757
639404
933106
581889
331611
53265
671408
21089
229318
294966
895807
142814
266851
251741
177037
463222
266464
194976
815949
805112
685541
130822
608821
579268
17034
142421
787698
489207
743673
791551
655720
514782
430956
588826
613023
762567
158443
284431
300008
387762
95750
195815
46928
878953
963908
223965
342175
230373
418941
158124
35485
620835
805298
644306
200103
338685
303079
504153
827892
46752
295704
483612
561534
726660
588791
174557
5580
747234
975341
305588
134996
71091
17756
181925
950044
981664
405890
808571
212037
341184
483048
763874
478371
804698
924533
194826
143383
227612
698979
487628
790717
994683
487592
352251
237696
76383
43161
759628
339970
18502
581568
991318
605945
599324
173243
72341
97341
95486
397264
309378
953022
880312
589605
947745
685011
30490
142571
344746
258102
841550
832374
565171
352585
319967
917423
106633
396350
476936
382613
252672
495438
964182
243991
101383
563506
933586
690076
660847
545424
87340
486578
498446
484005
592535
962543
685368
623025
105114
30114
397479
463016
862489
962651
331954
698808
396426
438587
611510
873362
337553
864183
885152
301735
108174
986535
865241
41760
192963
42441
587185
280303
45371
601983
764308
637906
564527
966028
260931
669641
996143
658410
132658
374984
137413
980964
73792
533839
419551
685302
923553
273456
549485
808705
575191
657659
311592
956785
215772
504555
999226
802957
301211
560949
404940
581871
198855
969467
547900
976138
155461
544043
150900
804471
919027
288314
785435
509171
338505
721338
194473
262059
994795
260311
70764
569986
434322
382357
526771
650094
403264
42349
453051
704475
603298
374344
286347
318505
343811
834247
294643
15624
894642
445544
820095
330021
250210
605530
839192
588715
326869
550017
367126
321664
326680
954243
891650
761003
336600
934774
411097
256216
977123
380501
960692
96774
754845
763391
415279
615008
113990
709923
630633
8632
671819
450728
855005
922029
56259
694197
27096
899480
760566
394223
221144
87247
348466
629146
848250
201418
563920
775699
973986
57396
156200
934678
670522
427397
214421
85801
42406
328411
312076
189391
853395
983895
156471
708400
422276
729082
918949
449373
628562
195868
359948
366058
283115
224766
995205
647717
942536
75477
939768
916522
649225
95969
367553
319747
39718
581974
921901
598476
426738
233977
304219
280133
734225
460691
504886
156501
189773
423835
122226
334688
619703
482174
700746
419170
223292
695951
583239
165828
287781
523008
82351
453358
135329
449904
773106
175047
548230
695007
289876
974968
445336
594095
771454
179561
54786
276340
852415
760912
216527
974641
95600
352583
973168
796346
288105
196460
8650
871345
362289
296431
394353
444640
749789
46034
410896
39247
221081
959126
250606
27309
934095
695943
621405
705549
391856
192543
498241
244271
953455
714768
218913
49055
583703
192081
361754
871809
904893
370404
743154
267182
183187
653859
228174
449328
699893
639070
4928
437326
598197
255534
464636
48644
467829
86041
754193
859686
278584
768786
103957
748392
483554
839222
797447
67258
547655
159201
455419
452549
45957
198573
236083
229144
852432
464258
194825
68677
619680
199753
506003
217877
455287
970639
266521
439469
573032
537066
299155
851617
305852
919464
116361
305759
758687
913808
889369
306342
589362
344788
275243
635319
59713
511327
380816
912145
975585
91993
980822
111617
291746
3177
329495
263385
973817
112368
702854
546849
165787
518361
914818
987991
437826
31179
810102
196513
461340
215823
19207
567054
560611
294451
202373
136676
805778
99541
565173
297715
707886
545995
409332
999632
65525
255179
779370
39342
883900
998576
102543
566039
516938
17362
70382
954764
564893
880485
151277
26233
96308
686836
109639
173272
981287
828365
309948
787065
927906
875122
601132
635793
937469
526817
151777
2994
781996
931147
558688
182248
929724
661232
748287
963014
194946
818670
917778
276191
215507
585407
818777
828167
272243
928416
517791
253531
756781
827740
556948
201040
219214
674433
353185
673035
201250
504962
192382
499598
952462
751070
681847
398538
928654
946486
361552
639952
281508
795682
432496
13367
381089
251273
841535
169684
179689
359326
423215
452823
703418
496516
653863
438984
170949
7048
112020
888551
28362
304402
388149
980824
571824
586348
895714
16831
49187
257266
173135
330695
569300
605631
344063
950389
856904
701950
120074
552946
61276
59641
5769
281047
72509
175984
720031
243458
183032
348403
648361
727746
169157
36511
224923
257334
139211
120637
274165
188398
894256
447300
519094
463556
569284
379509
930298
426188
81459
50372
495486
659087
626365
17607
940134
698875
193591
176518
458685
892975
524921
107047
620722
694079
659910
845645
951413
799121
482634
741930
987520
376890
705582
22966
840447
274866
402475
770745
217407
483934
337469
712893
659373
963834
730501
599508
179061
440444
776026
154099
333420
300947
261146
470494
511378
921056
832491
462791
236529
315125
721073
224049
692016
426656
247015
532463
701522
649490
819560
918929
649776
157029
148175
309150
637215
878676
425010
332629
835472
717388
486728
168892
534687
264226
155738
46066
185282
988229
25209
938163
303355
746283
162213
995371
172939
925580
44186
390813
91423
380098
309743
741199
53479
974270
566701
690694
369298
508063
539675
204770
225451
26403
890015
760139
806981
45753
322557
508615
33983
864118
446779
337338
610401
608992
849061
299692
534572
409599
690506
625995
789697
516601
883547
843176
490871
966600
50222
860169
991016
589898
581291
216467
132653
471306
492958
939635
517060
331867
448250
67395
195986
895029
921085
806387
20373
286498
622432
71298
696097
829290
213645
485794
345891
613544
328970
353114
580145
895544
729635
87513
485442
310926
303980
134448
298585
313291
590435
331997
645158
38685
399392
841144
450067
836829
163884
470440
123327
786316
58090
819424
615606
271736
305218
477849
885280
150540
347315
981777
46084
76950
69290
47879
904228
889623
698679
719165
202914
289114
51162
364424
327799
966906
205569
294218
803735
885805
281011
927062
672121
339101
262838
804079
610837
568056
281928
12470
234948
629243
994247
797385
222545
63538
361616
643125
953161
60295
362291
672427
349409
929805
36851
193560
896712
758772
487779
700447
644577
768790
143862
316698
624243
406700
637129
751433
491109
919057
763903
242409
64652
758150
39794
287197
338040
401410
446675
807553
461705
808966
996332
811114
255123
33184
4675
151835
308308
8806
368635
952886
293948
512497
785936
918191
435549
423066
669624
926658
858475
433527
169068
923128
708030
725214
726677
562422
126625
173352
369976
104682
498670
882660
432149
753794
915844
953176
421981
740505
961982
790616
693391
255930
819465
995679
174121
255015
418745
360098
698025
277221
309977
867093
716701
534359
592308
443378
96782
235285
133083
983110
856319
631753
865770
288468
901899
297967
241644
323881
38472
719978
630849
248215
975908
450315
243894
666382
221682
178992
542832
919707
972565
852809
303153
689266
387169
895461
132644
303
647098
782079
983413
503417
413833
365535
308238
832084
663502
66234
155965
218326
786213
786815
466541
278473
753482
226788
461207
975164
405780
4039
894871
378345
856849
198024
583963
760370
609837
716607
760673
773287
15039
260438
793057
428872
625973
101295
260956
805828
167529
933274
540506
470094
236441
523400
748568
989923
750188
209775
965087
672320
213815
376310
567017
587016
90687
150980
863738
700524
383939
140763
473812
398978
917553
266869
344202
59878
884516
121511
865706
568397
54785
922565
38492
807578
445965
787060
797501
712505
996835
278940
901177
727002
171602
468194
830370
262289
619174
694108
479166
519465
351223
952978
918444
268776
736199
262646
328655
137067
384157
710713
705464
955294
633278
743956
762872
595595
47368
76725
308100
560556
872017
209277
803910
559972
193823
634281
822261
329349
844741
301427
848815
195965
770757
767259
464741
23308
546257
793396
160375
446767
504110
382192
402061
137388
642500
681286
732984
206221
274363
557436
766777
146381
283066
570687
222705
476889
721320
44966
806239
566062
862746
655054
762027
149855
422313
226768
173164
484922
536517
849891
931689
40627
748435
333751
694367
390936
531389
943703
597157
805752
501140
880286
468485
784206
967325
691190
261095
688646
252509
583686
254708
631607
238740
533087
781462
177405
276207
470978
662328
812724
320870
594017
369703
585657
444120
64071
976593
975509
7774
90102
297614
25266
970388
766099
325824
454066
973642
586920
142712
226151
686958
913772
857758
925699
446859
155572
619456
723066
626551
281784
535791
947421
392154
421846
49430
352626
485917
26024
844488
10044
632478
142102
551662
119219
424553
877487
573285
398195
980759
715997
140698
667717
629769
514808
593416
592980
670381
212873
316046
296932
11009
368189
760705
919515
