100000
406539
457906
148123
756953
200028
315503
151855
5506
864871
339181
816085
606378
109107
742907
873264
949115
604804
104515
326815
237850
25433
51448
98161
27053
455374
994515
302568
813441
397433
490959
464862
320324
948865
129337
77277
148893
961193
745485
154399
826064
84666
486836
948794
710125
746095
822059
659241
867251
442926
502408
105101
468359
70208
719614
11764
525583
714130
830685
855376
627915
321644
836590
948239
270509
482280
541869
935754
443473
803706
606505
269537
404724
609693
218332
114849
872140
556743
290442
739392
516021
792850
360845
500732
379411
80460
28848
421346
310942
859533
276722
938857
181177
629665
403448
968038
111945
945317
420144
555418
265375
26649
824955
670099
636342
559639
784949
508483
632734
75391
764227
148755
384594
125072
165839
764005
721884
194688
185351
32826
54221
978425
971683
751751
608090
375132
719789
720035
836801
139934
791805
102177
682935
133113
288628
835630
692752
73577
860465
841839
665321
624692
506946
566267
266116
672786
846624
988001
867474
548327
537179
438047
526752
508863
189798
651195
400347
425940
887582
753500
565874
679388
372029
765161
812501
177010
600791
21605
250587
461256
379796
432260
602300
886743
514879
868417
559529
361503
372770
943355
426182
909949
381402
952935
935164
571201
120482
851863
997141
524416
121716
79367
203804
493745
844528
532657
187107
961672
70615
437695
939280
450411
386307
541581
337154
417539
926350
413035
779042
815472
356390
721577
725421
254145
674512
176938
825346
311346
28801
338839
835762
666869
418206
555919
676967
779086
604928
864074
257110
675543
818121
196391
125955
720781
254324
979461
138320
697026
908849
433714
512498
265239
155291
754271
519384
346155
931209
861082
657501
476363
199921
9616
143232
134479
565535
820199
429918
170463
684274
687028
362359
18747
399771
4666
739528
654095
984127
877848
351121
892976
311563
379971
674568
466854
134243
710304
329362
65452
571387
986863
58167
287660
512831
201400
938492
78366
537951
884762
765182
738577
88142
127541
757325
487914
132207
496853
658361
632686
374702
525835
525663
202617
905806
716583
185823
40049
426887
515185
621854
998274
18401
680021
802287
531232
397773
740779
125951
935725
141893
891133
190654
230035
18674
947979
717949
667233
961185
376311
299919
852239
902146
825582
54856
324304
58517
757031
364354
485405
272217
986208
483679
290618
182581
802318
338202
580355
59449
464153
32432
201342
355286
223086
431378
890312
687418
149327
557545
648603
41990
857465
500842
460488
199399
72050
784793
257917
829081
149147
259674
617650
651707
259705
424620
350640
62024
762823
930995
121473
743328
479779
322816
98615
702866
754194
505279
390284
419873
579177
555239
978216
952994
572433
438704
668745
644483
223497
443014
989916
888996
702688
123919
57055
962394
548539
407696
24418
827714
855043
145891
571043
334823
985059
186010
554041
255605
691289
460677
675479
270466
15916
653695
223460
588349
608751
892206
749184
832249
335220
255452
237597
554261
379371
294653
516655
927911
218701
541073
271977
73744
203316
843020
924919
704728
29030
478960
960333
236672
939637
152164
23490
471905
322211
246951
576606
930963
655509
325790
279564
507081
97595
517161
61342
476966
328166
94349
921229
546867
635422
193207
136964
355091
36227
61883
59819
581610
540844
20152
334634
996833
688669
358124
468739
10880
121427
45345
941843
293288
887488
737759
316722
985083
771273
378064
462049
615791
472414
899631
162659
624188
92838
815975
495631
645417
877858
555450
743379
418702
91955
78013
931888
296976
952490
400627
307856
73917
962324
766052
367206
849812
503811
200280
351247
791436
578344
329649
407228
567110
229280
86239
707651
838470
902214
203282
239
780072
275085
743619
715127
883392
337984
647015
180368
290474
563994
488224
880744
526318
770628
764302
892483
274440
964582
760082
582228
59278
606083
989456
626389
835363
75695
850392
190185
977909
53674
190425
757982
845111
934044
989461
728503
788380
152828
908871
78855
716822
913448
959599
759492
684076
240253
168327
958516
204835
928410
540745
264113
534493
46553
406854
886209
122249
257246
76394
100158
827273
783171
374492
672384
717215
880305
400888
21948
33133
826111
100803
749955
739559
576754
25800
423636
817007
194127
898504
538194
638889
955601
802307
689735
2155
725514
575944
124404
982760
168690
740914
326385
951862
631759
998770
185429
512064
916010
207377
545198
742121
824532
811505
481681
917638
837305
421669
250997
31433
320173
789191
186674
275775
107851
876409
794282
833365
968705
918686
332477
137396
175952
658863
605610
324063
173985
307391
836128
89995
31121
897678
348468
855653
709183
346501
289644
62841
768170
540641
94274
88344
846185
280948
880471
954036
673710
674753
303753
642415
109791
152582
296163
802095
811445
418125
126159
501782
725517
478639
108129
756638
376317
456598
128643
601852
803099
418287
664693
87622
475281
275319
692318
321466
72620
572789
275502
746330
763894
95607
905097
873685
248189
201261
675780
575987
619386
318291
77769
861255
796930
185899
134245
689599
158849
262889
807804
478300
197528
988849
82274
672809
264169
774592
510627
853141
863733
302481
115823
627627
398088
20920
501312
162630
738533
693445
738617
874272
528088
332738
735527
841371
518637
386125
530970
193838
649014
855126
188491
362894
843976
270765
552056
624497
45358
62683
477638
909091
365165
109813
536719
279605
130733
554383
442235
385619
764180
180852
259891
808621
513591
511770
649992
548580
897895
697314
258771
63261
552441
447262
942508
912769
234379
494564
537266
796089
73599
531256
705181
955116
641069
758252
234722
288154
828987
193309
673773
109520
890514
450016
918141
920457
478139
568133
985389
892386
781799
760512
472000
334240
724126
414508
763361
958506
425424
300627
754595
499023
348235
976128
970492
989304
734380
721566
277459
79720
914875
467584
189240
805389
917601
623733
242198
912092
191866
227588
804478
973665
988100
276478
824258
712227
207338
587619
187085
632762
404599
941680
648138
752834
917809
618630
258491
168541
340196
535950
764613
255071
3534
953853
576813
437487
577586
335363
349579
285804
79303
670410
775822
583756
946888
116432
295983
670579
220403
999420
303341
625002
457452
951479
894189
891613
570109
152680
60155
426657
204982
824768
681729
724868
294974
774894
162356
872560
110257
28287
674717
189561
698697
450539
773317
161938
566971
585652
832517
303726
101424
652210
928729
558876
603690
339270
450490
690151
491950
26997
116809
213284
851765
314890
938152
663091
606136
616860
52004
232745
645148
726721
938658
860197
693612
228327
538487
260583
330331
887356
564309
431755
539567
9390
990632
659609
865012
957474
349760
356962
984471
982921
86598
352588
814163
24751
15680
420299
641611
67684
653045
803111
794405
591703
663309
4369
820031
718148
781304
150362
605505
861965
98470
145072
871356
89102
804681
736368
46576
670793
609683
547399
170067
212633
899987
984230
237384
915667
404530
878996
499703
57575
198459
810460
165630
861768
814829
985661
579917
596133
652376
701774
458099
750846
846846
845807
356300
167879
98527
919228
355024
224562
466627
525091
437196
366614
509322
674580
798634
430204
69928
298337
4131
268388
108798
169761
646508
923627
671775
742777
36113
840503
444551
494212
591349
807749
340019
464001
491980
954898
383229
847005
179461
849856
888448
616657
732822
914122
807589
531456
860678
393870
346146
864809
662258
971296
550923
825118
411275
222698
567896
447388
63201
528799
457952
170902
852901
314323
634903
344881
269222
18132
708238
448683
384340
113039
581692
117162
27161
905633
164971
887840
299503
27469
269001
478113
998765
819924
819584
410040
42622
903832
373781
622175
432631
831733
793077
285532
146057
944332
630414
931631
962464
855004
896666
346804
968043
994710
980319
511557
900343
661642
399397
716199
689111
184750
194312
204228
4675
13896
130620
563649
917728
504401
185825
866712
852487
495254
668596
514896
439587
815362
446527
918403
670367
343193
781560
638410
854255
761879
149967
754598
939873
65716
470797
145336
250467
181462
349564
771494
711710
480184
335143
145791
500938
37320
12503
353425
48927
681099
868321
488514
496462
831200
923269
683181
690745
704829
837943
545000
983060
987911
299598
922933
569979
286748
584621
336798
468210
934185
108292
696272
930722
959788
842063
431660
513460
370918
301437
78739
52018
686110
567253
64832
517310
490523
264365
208055
711704
102308
753055
694765
90219
569005
134050
176551
372105
718672
513349
356667
652857
137994
52940
99931
614134
895003
531591
643946
265922
349380
722686
834292
35490
806291
415476
552800
813166
679841
277207
524871
782149
546614
219636
388721
115620
353686
81624
4077
72358
594973
360745
241568
249319
413685
341499
379805
825040
389443
23752
607314
255175
262790
957958
290666
69081
889786
359818
882248
569627
637026
923471
868129
183640
659459
773202
815612
529497
854826
819690
601856
966151
696787
359776
731823
110472
217627
627980
451864
123422
651732
575531
378598
430874
533489
185616
16308
423276
545434
414908
509255
698812
338379
893736
882453
997838
666938
214417
527335
38116
550459
645543
520620
247246
521671
252443
874070
255651
880423
842287
379073
48508
417818
274023
995734
951307
459639
12042
890935
521426
426950
400191
220238
765329
293927
619043
279519
477218
349813
323207
515334
900272
968750
552306
663871
6774
804749
54293
262425
201525
896580
157850
766385
314398
431874
762119
782058
407865
774162
672993
445643
717464
589536
182234
999146
399816
317629
278665
877034
667442
601872
908720
84067
86975
461027
264290
93749
782128
318583
872526
983653
731516
30376
266390
562266
978602
28510
344324
386468
319024
533670
348463
36488
639558
530697
35634
39374
848327
830652
432760
32121
948876
341481
116188
35851
318860
380478
645952
100988
215414
34830
600994
946930
65207
867384
509196
43809
412246
369873
946629
247622
419895
811445
800463
59453
342142
836097
98828
706821
183101
531588
738943
131978
389421
371483
167829
708281
268314
330134
809270
483728
364964
926616
947010
946523
310352
972558
990333
238951
342431
453314
486573
762326
264759
287036
821780
123254
639486
436960
346427
822587
968548
85370
954565
874322
973206
638747
582603
241520
968881
908225
241600
850197
834841
188610
796721
661546
161168
303406
900497
503600
273072
903422
782278
54184
190459
120410
177438
829945
557370
40217
168884
42271
125588
123450
916593
98794
278549
499196
856666
763782
923774
98266
613979
274967
803228
927052
936513
964396
230458
353362
984348
19883
256785
282979
74067
447244
403389
767857
793541
960760
808074
478777
3031
450014
118579
919624
548808
397128
935172
921826
160910
375298
20092
291242
650266
339672
734646
586779
304069
965105
456494
804769
501340
713279
87748
575407
676875
491138
343264
470416
451898
151338
949193
971281
601353
584125
407257
666513
981253
858781
104692
658516
234080
641136
949758
884346
980809
200756
987477
801230
682213
443971
605999
183553
673602
210100
758960
350477
701238
618576
337245
669488
286267
802791
157121
403972
386916
564378
586837
368169
423159
691529
543037
173591
332666
492795
574289
829827
209904
561767
631057
892117
522090
237056
75671
195693
963508
834631
62522
664746
969560
399768
850586
255827
202559
7707
659799
105827
572085
762988
473996
511597
454518
17034
201540
303536
26181
775830
133363
236085
853949
764420
644555
376039
517828
720226
88084
997689
71209
666959
662435
40769
66727
513022
812948
785638
520729
989099
891465
609167
752088
881813
637116
206606
415199
838656
26494
957733
130838
159857
710170
984787
440629
354725
877179
474809
74951
481615
472498
146161
148574
651286
703282
731653
680660
516231
33643
717741
505330
441460
326908
257418
323274
480376
980376
254825
835385
523222
212558
966223
199431
439081
951011
156412
793806
828190
147574
385110
826157
136424
47623
974732
787710
750905
222737
468370
783488
256381
702464
805171
697841
29372
578941
537467
26101
559318
792293
861486
598892
521203
827709
798324
960284
295072
954736
270443
123262
102310
655553
465772
238735
219528
440504
542797
970433
663241
527520
270274
435974
229984
75445
133816
775708
654386
187635
801809
730056
979928
179647
328949
17484
7357
127273
494120
302429
598361
764563
942044
217024
936468
407816
972111
155996
364672
514908
642782
544265
558780
913056
980240
788764
504853
630408
80825
159239
818043
398986
889296
314324
578634
218245
848160
102343
861870
342280
921124
976583
623196
863168
193607
76016
787336
165718
748365
152008
196979
907499
212626
755759
820555
709218
60876
325408
339626
658053
999
674021
57039
890295
504697
152025
624892
352857
254368
3114
211490
175493
979698
834686
555013
689657
910702
342350
371728
175419
10710
85059
82918
223336
840818
419825
932554
418046
261585
788532
76099
262585
978906
649491
669232
483603
801516
294125
836461
55885
813591
47951
747730
309641
398989
302743
999299
826043
645093
887379
1463
172156
972438
600733
395492
329608
20559
844399
747655
282144
149283
340106
544729
128189
989597
730314
611793
307466
24439
964606
363351
354382
528909
111081
664024
927898
413824
179675
270293
575270
67054
271756
747426
555844
872490
659270
885452
409401
20021
633107
691545
169305
489566
752627
297494
995515
482941
909287
302981
23732
873893
666332
378114
402802
293765
558490
847052
223942
254517
117346
799212
321571
905454
62990
877415
294296
238612
279220
703697
258634
912327
395243
427939
918245
147870
725433
913761
147163
151073
216742
170895
24966
399427
65361
944121
693192
623852
791173
917134
878369
424871
232698
716293
330326
812040
110060
624622
50653
389280
328320
309287
817960
239915
253578
252557
387785
979011
166318
534948
130084
383061
222195
671403
298840
287556
131876
992032
911408
923049
425519
306130
864273
174569
538775
194599
986610
165187
335573
553615
70820
180245
379254
888780
420160
632832
141337
807945
611843
824008
859245
258280
723421
81440
446035
22261
885349
577911
530645
796757
17312
472516
619239
881585
647086
158014
592536
150048
839554
928110
703663
910374
108355
599269
799154
528516
232101
456843
852813
360296
280851
228411
134928
520624
826203
580963
542885
711552
158874
73531
508310
176187
546047
643901
574124
709485
318268
166661
859533
157822
94771
79548
68196
719478
678817
383702
764346
427270
356897
617160
787567
154101
845571
922495
674725
188126
503459
217611
899679
178685
807494
924341
871224
869893
568242
445349
579379
886510
128362
955264
560684
223133
34813
628880
458963
229982
12582
223310
657253
369480
356822
961172
523581
718745
400019
714658
906871
419830
932269
806550
598516
739763
730891
986092
609657
815486
431441
705388
218348
559803
660652
779033
299288
211817
924265
274604
441800
936848
497914
615405
822680
371088
92929
862613
89833
492948
577271
996704
912779
25893
319607
27647
282008
566850
13739
408017
382336
961533
113405
117037
37688
290410
896070
853329
502227
820335
127933
460379
273535
142199
592136
612567
513287
685065
991532
119472
694366
568804
632528
607145
111049
952135
151144
393057
35338
164883
317427
417674
642768
430832
534711
680457
721242
947133
533786
739822
283821
178071
200201
557356
320270
792338
686276
349909
993755
677808
469381
688121
762964
101909
295266
874013
570397
962762
783423
605735
643998
100850
539761
286766
48034
590825
483575
285629
54310
533713
25451
338131
711784
742004
411840
548406
534342
98116
898315
528098
775924
884048
732571
55241
502310
27838
929254
589059
506952
229029
194794
150950
329879
250907
437717
894266
358084
437644
179895
412395
971358
721698
266878
199494
463702
678718
747901
514397
776834
162568
558847
69111
46617
291418
124352
65279
835608
569958
654338
342561
798988
365484
493511
128867
616391
447580
539485
490828
885225
719380
419575
372935
441078
686453
572429
421133
365172
320330
935530
658358
482899
494377
727469
45868
785795
368173
111147
621404
938132
765485
963965
737120
647321
457476
382339
780064
421409
921825
270892
306634
157557
690467
679569
598636
376921
768350
19769
742093
88681
471651
400451
87932
966028
644273
133800
751823
12446
761299
373227
950578
43136
853544
204050
690457
311021
586390
470521
248782
24567
257766
71768
182124
948233
267689
297112
841506
36039
833233
99951
124720
304884
500403
729004
787264
661028
379156
539088
673474
140455
428667
140405
699943
282212
344455
906752
109585
447197
893626
358367
471764
151392
430135
170241
615977
697824
983705
457484
733863
816939
73787
374936
638175
574190
103940
425440
751570
999449
480880
425045
656256
909547
565450
356200
191759
426257
779304
817696
873455
672930
176063
861571
340674
122550
31812
956652
336726
15518
930488
586942
348809
4275
961878
503336
94818
582170
445128
846388
581619
926008
787785
237876
351908
869587
110428
60019
295845
889732
877716
685652
79015
570131
547223
419689
692682
579036
892693
29408
110906
339533
616350
976067
860161
94580
995755
954979
193103
957236
317719
291074
399596
621857
45302
751504
491444
155730
327876
303641
561815
205592
989293
640830
775723
536517
576871
468405
631905
469565
14166
259163
325450
630516
751582
185611
241449
747337
656942
434552
704573
974662
725626
620522
112871
770929
372026
120667
926659
699902
424309
4826
421846
929954
645656
197570
982823
738880
182327
131080
208445
196493
390243
533895
343362
658177
235859
584811
405515
892801
19363
626440
383815
744989
763314
496686
32270
135341
617354
958930
351595
558015
480108
289794
4321
125765
487364
987145
380997
186043
118225
589442
898889
24821
639689
758603
682998
875548
343414
604865
768350
879129
747658
152165
140470
510972
165204
172741
162665
298910
648023
30613
373277
128131
320407
377598
770248
324123
881095
151245
26518
515673
257039
925407
540494
413081
684010
739844
288629
543776
861062
573331
939257
608720
241849
79728
636044
923405
768821
315062
222315
933196
345675
595592
61327
666082
973190
347928
990205
370638
15525
16723
886311
272565
458483
943157
685646
658845
683001
490627
202622
60415
580311
658231
185487
338512
254311
821532
261917
23132
136594
484232
956328
998621
596176
534008
664703
85718
881936
171260
456356
413813
704335
342667
686378
162818
802176
888376
821664
485178
895356
540638
61945
475667
715221
247433
814179
969533
585317
76096
992665
238263
76680
465346
236884
672856
999354
901587
758574
397642
589199
731283
811455
293534
73950
14186
456353
876127
902562
794369
877657
797918
851359
455954
789937
566580
703387
604116
536113
805056
196564
45131
43319
789596
510477
280203
462452
26183
698142
737379
940177
287341
468662
751632
580876
58964
282170
553581
451443
184733
864302
845452
499003
715661
301407
805293
798593
521146
925761
851059
326203
122326
896190
885874
428274
923019
166078
890727
465554
864220
144458
405731
667914
129472
673715
248790
704788
955886
802371
156232
656971
183025
518036
672326
415038
335795
477619
213631
373294
403381
581042
215849
42059
993584
101723
470333
916603
267801
877412
898509
648374
21870
304240
316288
667694
494308
81430
372483
450194
400153
45067
107165
583178
79455
779491
998216
415251
773463
728199
788545
176844
309242
520746
735255
302826
622469
205588
735782
406623
599353
634291
54997
621223
454884
887637
805270
949192
969067
177753
399386
885572
739172
22903
468750
818627
318746
466966
233878
92209
195165
538775
785405
504407
59521
37012
323586
198343
242601
59368
604966
841954
693659
176315
979529
148543
580304
301151
97735
65723
478904
13473
951295
734428
36376
420045
553056
871475
403363
303286
963684
114880
358414
265442
135640
934287
302454
459226
132630
61407
518594
737596
419713
728605
430263
915595
877149
10567
216746
491236
76290
212003
504710
27585
946431
57438
963982
15839
928913
367345
319126
408950
998578
677540
674392
650570
611827
493198
109796
260810
554606
144742
998406
490671
873347
945022
406266
266848
955589
623013
758085
31880
351368
779147
575817
297799
836585
539800
313639
765499
423497
149117
174449
422075
343009
365193
588997
954836
374743
698793
731998
445701
359887
730405
936373
749587
675427
858991
532787
147368
998356
807224
179248
349724
586371
755066
163876
422957
811218
993867
704808
234715
142984
395609
173143
485993
277154
762140
957181
651897
977286
689180
97599
853525
935937
550324
603112
127716
409315
652252
275084
407672
459476
970685
757396
562200
242103
437624
501509
53321
431491
206317
288036
574475
118278
977531
576820
395432
739672
534002
47329
716958
739534
661280
86835
675471
211604
206300
319539
620920
858552
110975
28592
318028
81660
302340
880228
323763
256317
898089
377084
687808
104406
181473
778636
739036
159004
355456
134468
415028
405810
698150
648338
661696
359430
735174
337167
571035
941474
173058
708307
800026
284034
253251
634406
365694
71943
30987
205810
328260
929076
99246
16069
549835
280719
311057
288871
956076
182865
423340
371104
588676
121490
19443
766724
997272
754617
103892
568307
212443
793302
276614
12469
77336
46217
646875
959383
118161
194214
165193
446421
123291
264439
978842
189478
61511
289899
478349
17587
472765
418041
905043
577793
539531
924486
344517
53156
195455
964761
621463
407898
758064
414430
936719
351752
976999
99947
311135
95160
294161
476328
541582
933804
257120
36776
123282
318631
326676
601632
852570
315793
19673
757613
409938
75557
198452
270807
128713
910259
235569
266528
318158
509985
197310
771229
378089
174310
871176
689225
269470
165338
681905
327404
99142
455377
880533
738777
774008
723561
340409
142930
39354
876434
900544
965644
951991
615348
236451
597056
525607
988372
379937
360117
498357
577247
131347
392799
751557
2523
82024
537380
684213
280281
381136
299708
735659
261669
38485
26019
985230
895246
168950
540936
771680
585846
506580
240024
201194
743032
353432
726801
247756
733369
603271
746114
310617
734618
655265
578526
737141
737289
115906
937707
17570
13395
237415
269581
275064
275900
295601
260295
687498
464551
801231
459178
50397
824164
699202
767943
567196
568987
11096
814952
302356
614367
77418
612973
348985
732683
707852
602479
986324
340110
56538
520247
353505
293953
789828
628570
86205
85429
405217
773703
66332
206448
749233
633081
30612
964788
401024
114160
533775
928473
445465
836131
59192
39235
965457
924530
288271
673309
527009
790947
13419
99899
311194
366925
393852
617375
995495
996409
219156
400712
770112
285489
123512
519345
434922
670477
484133
352299
300989
17908
280772
262806
370392
339964
302042
335849
264494
106665
9158
307855
897612
538929
407754
725159
905854
317958
858886
417701
314367
78042
334765
600831
363531
974630
636529
798454
645107
120662
667105
462448
654923
947877
725255
541667
804193
543649
877516
68688
650314
403026
892895
64278
941955
300650
305789
847810
134960
164675
781863
449328
242718
632981
50159
122601
607611
686688
437407
769070
323703
104512
231518
494978
568741
956773
36645
372935
500422
430513
957975
667088
833539
850870
247719
775494
667872
553508
139656
802833
234536
921520
252161
993606
554501
818672
116207
678464
21713
69967
447534
861768
690831
679052
356746
259573
152178
909743
148860
652600
340256
106835
836041
173795
957705
83760
949289
625578
153620
605298
944763
388156
43170
713276
381762
597671
531948
14322
792487
70013
600641
240021
931781
291472
919073
288527
67397
71251
198270
216257
240204
54878
323092
592597
228673
797150
676357
694315
422728
346329
299613
883843
250838
859135
597119
148952
973158
645419
679626
765645
715433
280267
5666
647214
88092
441091
452094
671841
28695
166716
888099
268899
221595
727543
861496
966620
524693
54205
660935
463773
916886
476900
347616
167724
852387
944735
833029
825545
106507
512655
591190
821940
309275
596856
469154
397367
554300
437600
69208
582995
604317
473659
851894
342264
201203
229742
308884
725896
800299
486172
706022
233537
479424
53638
401262
331812
514726
750643
157357
621233
263298
748548
959525
572573
861756
945031
486292
416056
382632
555501
999051
503301
545512
367297
845565
746715
113391
670801
988964
913690
156973
694986
147228
636398
264976
64842
968210
296054
815485
641919
433639
595135
390467
909516
167709
768576
854548
170353
700984
237180
725854
700036
256833
787719
583685
102398
534434
697077
773199
39750
127119
446525
251088
274347
82923
32417
855541
567485
844823
187378
209404
278463
782514
116224
187979
466575
884800
558879
636928
585784
312411
879135
802172
569244
666854
385858
187994
717640
599287
477546
757391
726406
924071
8479
517106
523346
557248
888999
607183
402072
76378
816587
196887
858892
449163
384866
325467
333963
460098
478747
436100
772509
357882
754624
341754
24736
656834
46100
742377
256121
523646
16120
498880
964069
540951
532338
487415
98200
421337
94598
500272
497715
427538
697159
872959
876701
598377
714778
727017
574827
193526
679469
347337
551408
434093
689091
92497
607280
735191
351226
379753
775190
367346
878633
739259
908297
410971
743027
6497
348661
353977
23121
846376
297867
236632
235688
690921
351362
950466
417938
926189
143992
613759
273526
211753
47852
478969
304250
171484
730513
655476
551238
22055
539174
946223
761314
447471
357195
20693
970321
705856
891023
509794
68584
188890
262779
304272
879811
130493
771091
814101
56682
915083
427860
846561
643188
992065
841882
463790
163549
88747
635618
714787
110802
174792
661011
388469
138616
534558
925514
108937
756766
816537
135083
341702
5428
397862
162327
401591
528355
933418
215693
101390
364853
643553
947951
524394
635618
306185
988184
315520
394933
623803
30307
22087
798595
207670
410556
937211
258580
336071
562500
531698
152608
697584
873401
674388
611798
552080
75980
140154
485498
291673
241544
366703
451578
705847
891097
87197
528384
879282
402717
439669
19437
949376
461757
334384
673399
872313
787948
448331
724736
350448
980030
393697
564384
369783
584437
176183
438215
660417
832689
440065
468442
590585
806768
436373
812784
697866
523570
341168
93500
442639
780838
629289
908367
758947
963673
98118
631260
751621
546450
872349
618422
42832
782398
182806
928967
366835
875341
367182
543605
224382
807247
528399
814967
614015
964772
144103
828233
4694
485272
438085
963685
782462
67374
872053
541409
31048
486523
689021
782669
32973
77722
917443
75805
860120
100250
4772
743308
491943
371954
803265
716326
695553
331664
47645
309569
812789
191749
654154
817483
193373
92240
781169
975835
159614
169574
33596
707014
656097
238969
489684
205423
316692
407127
281228
693164
23729
802353
436472
32025
690659
239737
748351
386213
87754
795996
212134
900543
504097
866288
234378
697470
958528
531899
673305
634495
701473
223253
341509
873923
462223
347545
79346
295267
271025
876926
988431
811106
195631
941256
843131
402643
697345
591482
788856
785099
903831
517342
201994
407928
383630
436373
105399
858511
968272
295056
493006
186098
34662
350867
576373
496885
698413
172071
308504
485790
48997
296935
296896
760981
238191
140028
163624
935537
247862
468832
236988
668045
986174
438983
75974
369804
391708
697725
744667
876332
509133
754025
62430
543795
104893
155155
557032
319658
327226
865536
321800
376224
678824
618696
653557
433367
758724
817181
885256
522939
286013
122245
190984
272187
77580
783310
158343
985640
997387
419363
861972
22873
173388
440755
83020
794633
595910
156405
630643
923137
538293
952443
815713
217117
571140
469270
650485
846216
802803
52093
885507
88816
690690
76492
877355
768270
376154
35698
753910
373542
455061
132235
912767
144802
572990
995787
939435
168900
152192
570079
608389
690486
38874
424102
907603
610014
409724
74440
972583
212527
642886
858090
301343
333576
934582
695050
101847
827089
247101
372109
716983
218514
504344
629750
363316
593686
625537
819104
762587
294082
905535
370976
984568
944409
311431
408523
70776
721155
999316
43359
933683
642202
901449
751378
975778
352384
446429
593977
179473
209882
966087
412808
428396
986783
42558
791713
580470
668095
127169
859409
962177
32704
746737
463097
493465
58168
871621
564241
295676
387289
607600
229359
29491
25402
497089
5269
377786
459870
115599
73611
669752
81686
486419
98149
584821
45329
406214
681643
229776
533383
541052
708306
82439
804142
171403
575904
862310
559376
140146
157986
946665
747746
903697
492508
289500
917139
497778
183638
377009
613377
257249
563114
211415
260020
661263
312588
821701
583829
994232
51478
117212
51636
759784
199651
372130
447539
775555
234441
6916
432053
908779
469933
179800
328829
962442
985652
762320
976572
169291
139329
106301
942892
218795
834068
202913
396410
146656
24614
980239
657240
592444
613803
225229
352228
329806
597359
316120
621714
348152
323036
53767
773284
309321
749919
618465
788115
735572
380785
764687
904863
36466
870988
847755
255262
221408
567020
651672
884417
107987
148264
541657
700431
278419
283238
569012
608226
396950
885132
229940
261454
724520
800059
34738
550193
549979
169555
338309
801903
550340
619348
223118
103159
6689
587225
358421
228097
154246
526445
112514
778585
191061
170524
995368
469481
453762
80732
594059
850712
482216
823999
628519
723088
140410
179609
273282
206741
349165
611591
8644
415857
747291
231762
519016
753980
818988
393789
982078
489586
436587
94592
784523
627648
265116
779891
613481
235231
860624
207540
602295
342840
547891
230814
65929
688302
410424
855563
895043
275941
983506
420040
691798
730797
168154
210815
484778
503494
120956
466856
993080
557543
77800
777603
701544
859269
73847
315025
610852
934471
522566
213147
793663
70457
960314
375944
275111
887090
231507
170155
163031
215013
106547
854829
945811
274701
581996
946941
778196
702953
930149
287628
776848
7949
581584
478392
383570
655431
309770
994422
106254
348688
723922
899917
419145
684236
792214
210609
571326
23721
897116
250709
755087
3663
105538
217250
278364
203887
164191
56560
423192
94340
344189
200040
618641
925773
194785
518564
97556
504555
29338
203810
853243
753260
620079
788740
953848
412293
999349
525174
952367
896465
292235
707454
900128
397774
924704
694845
601661
605247
751405
24853
215939
611946
741245
350932
54071
936030
869496
151627
956937
898835
871789
326532
168447
8221
115273
122296
420514
630974
163822
889233
43792
456058
596687
460272
370184
37743
155117
488197
159342
422875
513050
375281
551173
770647
726214
605245
223030
112062
273224
179967
527249
145014
506500
695697
669587
138125
334345
606453
285451
498167
495687
329243
954225
608726
305868
840761
646470
460985
328958
322164
400212
358360
697446
951386
129008
940012
556631
352038
568426
346207
48357
95676
7573
554857
307725
677160
209334
642070
283614
494786
140237
779301
340381
610815
388027
646249
451576
550849
623587
296887
389366
23799
655247
603164
491537
784255
543176
564520
652645
627954
910728
701003
723630
918301
255860
547707
595462
981547
189777
879076
476333
846367
174729
816714
973534
79108
462964
941462
146310
602903
238349
535676
626702
893597
138840
634592
677852
198368
199112
330498
826322
109840
547853
66305
28142
320065
614012
139956
301612
320142
535384
777945
166509
710113
111012
140043
305573
90328
597857
968235
693231
836207
503911
836285
729804
159103
470877
924008
873823
669990
770858
700146
779830
318711
282803
324324
638777
413167
980632
940389
733309
516016
234687
416170
742481
345699
72565
564407
952379
670423
532642
645610
506630
36554
481895
752786
712009
952773
676794
585833
622763
447653
802331
918945
282716
85134
759622
921493
498301
740254
378235
747963
772623
612922
164133
515104
474973
236699
79511
427352
423474
612154
72962
930104
165060
71209
682890
393421
23982
876036
979254
163097
840041
297937
598395
122758
383071
358017
44251
397725
614623
422486
145688
387246
551760
826173
418703
543085
579224
14566
970437
2698
143072
559751
932802
308132
630961
132044
217906
171295
524433
713512
850745
364474
11450
449140
487232
910873
323509
47836
308598
454484
986674
970638
358083
538435
796812
776786
597872
376036
791352
568310
378735
934425
644413
827889
758909
275374
476286
976815
963022
719
690328
813767
881545
218130
779259
368778
129003
619120
416614
437602
73604
919640
924592
431687
974427
721404
724825
572300
613793
516178
656962
508880
966955
301375
853121
725864
93102
845759
219032
56124
846478
425712
386243
728024
643842
165502
613154
772845
300974
546120
726799
374578
465760
651392
322618
956540
889148
47443
528840
19293
79973
185802
528173
46928
487177
897647
289145
96631
743406
24529
152755
106237
450241
538998
350613
94083
220852
963767
383280
521826
26239
626432
412757
8351
277824
251727
964891
683324
299170
10083
702618
895496
195885
747143
942424
199415
644790
747921
296046
388197
772450
965154
10786
222691
504152
361399
833126
241357
841518
732759
279535
384109
359191
692292
392460
153367
944019
357352
353043
759542
367435
55661
655038
79673
802805
113814
795440
963947
378088
91486
868496
150538
56640
879282
889582
77145
757033
239060
834854
598551
971819
114389
982660
847362
806682
891473
517081
267053
765177
870125
26595
132612
442138
197985
728637
761295
311800
524077
725243
689888
131916
110091
356778
704908
989374
246360
298405
262759
1773
133259
377663
489944
247649
360323
337307
570683
768148
370740
837736
533325
757217
380684
182290
715708
578669
910927
477003
406821
951357
718598
613061
83273
828690
486192
304533
334416
732552
602939
597175
250677
736198
974838
740622
500199
851514
594281
70882
619662
965021
424971
669340
238591
322007
851630
954299
417028
278909
431302
823850
230266
666253
953263
829891
494943
439455
134425
345711
688360
253716
459238
939037
989914
950429
679659
6466
801943
273940
593700
937957
755314
535023
607297
993905
857030
975279
948204
274059
254189
895858
614261
484455
562111
567524
830699
573406
523332
965124
919117
211692
218840
378356
667081
725106
328785
863093
247924
647080
653385
841625
101389
408699
376648
225039
918956
750031
200318
867160
24090
970859
279371
154703
971667
841482
238579
802366
414889
761911
283842
850358
489955
19034
745066
157037
744140
73851
536482
508417
237283
189867
866394
855025
598567
243042
596416
33875
509425
313086
417388
49867
283946
696759
204570
255613
54593
443150
57979
985834
205061
341821
836193
211369
360855
581259
368406
621347
171463
421240
129764
925098
611107
996158
780123
726026
755553
892891
759902
264978
205978
177290
831198
489924
874049
35768
261889
444994
478918
319868
430829
200332
178041
267022
411701
55248
364633
296459
676595
52448
717699
322712
977547
328806
835222
274022
54833
107127
166914
331087
888458
889244
508377
719656
379168
898778
755424
157409
343772
234343
477277
774601
434675
171670
557975
846376
226918
438961
142835
903513
491409
376886
742577
468956
705692
577800
259331
276877
684927
426245
607964
573385
315489
632693
293041
211009
531471
564818
368418
391596
315513
362047
682549
750188
533717
756877
112916
276987
195838
772103
696852
687247
665341
439430
672556
371033
533582
931887
164263
734861
874484
772227
308247
706325
921273
117640
433686
452744
198810
318456
360692
514323
196855
43242
780863
730572
800119
893779
523911
512309
182234
220763
199556
847575
660193
388464
734961
710127
320351
899224
444989
711187
187803
269588
933864
109076
387228
367550
78173
102391
686006
438865
616714
882861
998459
397578
129785
314930
807709
170048
827239
506296
390812
26796
870223
567357
415260
605184
277485
251964
20760
722474
479503
724916
508414
413368
833992
895642
780918
428517
514385
983277
383735
131100
382490
382194
528678
28628
697125
336387
198676
524364
359035
105840
67512
229259
673198
999125
834443
467035
767441
371556
705861
246944
96472
214275
660312
446816
626269
957583
875334
140655
457212
775421
271755
356054
157615
316785
384682
371092
169524
99711
895457
528560
205551
479321
757819
395101
478446
108614
862136
245887
480170
84349
9184
92994
298624
669496
539811
441246
143431
931497
581901
600643
706918
370008
473050
380885
203145
857732
751978
372669
957443
163787
901229
679347
643108
175400
74448
637907
284015
936585
400146
280537
537286
925682
889884
835911
111531
946047
277157
254962
393896
375410
371958
100814
261770
845008
998051
464915
219092
750029
837584
176536
430168
255166
372235
589629
946918
446683
743888
230933
899620
660386
27823
436907
586069
434059
789170
697600
380106
582679
952562
774002
958089
840872
391168
736211
685880
905571
717478
904973
171953
71414
597861
602121
326580
486448
191750
273499
933131
451990
20784
832752
112377
564959
786011
698446
999018
575181
396046
895476
157860
864960
185830
632301
705833
93350
884864
908065
998922
602342
329390
170875
673756
443603
289348
337
930051
997451
790188
863183
449441
327324
212287
561818
892284
998298
260264
407654
89831
656310
819483
247691
37623
521665
396344
743456
615016
281208
651521
130290
883550
980912
817517
557306
424515
106865
73995
354567
104316
864183
734102
553758
707860
946389
115576
116496
461039
892193
524150
550870
64855
859985
798561
102478
381651
194905
845934
513019
992465
13808
643309
876015
994720
460826
433321
935587
84043
507317
806506
188360
887852
540608
742118
595712
3349
374046
712208
464388
266239
752711
15258
331095
129048
330171
433573
510699
41428
795860
540070
33893
809668
699731
909908
320740
676909
859582
256327
760953
883251
579186
949313
287455
119794
691431
883168
123144
581829
111728
103884
848069
380791
119143
695516
509840
965666
129089
536891
7095
924949
76962
40988
250969
776693
467249
571709
453603
843183
828037
214556
726434
407223
163869
530241
43369
371652
413409
682865
953481
41490
786750
317902
422281
905893
13418
932121
871559
658860
469013
395006
583809
62327
952347
834779
839020
935948
922840
808975
779131
750877
539883
21917
674452
703752
552158
234174
591756
481920
917039
61590
523410
703789
895844
945691
126034
909263
394165
513946
568123
379530
908952
668284
441857
377651
19415
280877
313599
942256
606205
92730
209485
146088
630999
400290
366193
183158
634464
474301
665078
551503
535891
704840
771645
431736
166883
897679
857351
561048
927977
941826
940578
836930
610110
898787
730933
145878
696017
44533
88134
302222
653615
297619
448310
284615
214261
330855
467773
848725
805157
649203
400229
857400
354043
171874
289136
37278
585905
662839
598327
513883
604665
55257
867165
731128
954045
598098
877006
650062
642631
965140
468636
812599
779111
916946
97214
993373
764154
81339
358450
569311
730542
758679
426711
600937
446905
232200
638215
32811
895039
752894
63046
16057
324504
930211
747185
794901
44661
624191
444963
687293
105683
429951
499892
401146
346897
113458
910871
111051
194797
269322
196714
441691
544353
623426
42628
507611
855626
197195
56774
267017
466442
119820
283074
790946
566383
30259
585847
611044
170802
547162
298337
792837
977113
314581
193984
840362
428039
104855
467766
139188
890529
664480
580879
434883
287906
139859
458846
659884
337055
515620
926902
803497
635440
726328
110795
201823
272940
696642
812867
443742
760156
627557
236580
737269
458490
946916
93983
402882
568123
561749
542070
458653
226230
639302
409888
30488
779161
868734
206725
116216
384354
649979
436065
536146
376307
546860
254321
649247
759854
583540
609342
36362
211097
845922
773631
185940
309190
383967
588822
877313
945716
647244
335966
688298
286546
262206
235139
65708
130940
441864
698276
31646
91843
650694
84144
984502
197554
338465
633750
473761
922006
759444
510123
649455
605366
800107
351747
430908
184074
940569
308221
646142
104166
644188
334441
907064
422746
569580
489124
553687
527796
187401
101685
135991
838095
185830
120493
552001
40647
270595
542114
479005
30039
568590
644813
151757
368697
996560
582665
69123
453482
890887
715265
74000
51427
566058
981064
474173
651990
470189
544212
179786
657590
645898
315777
12037
348080
436271
80390
905079
223218
622505
900437
253258
191095
545250
405015
76144
58162
987681
145267
511644
878568
860532
585644
446347
942943
83061
920520
594933
553250
981085
774720
210840
626983
606849
739229
491415
559472
819619
396494
782691
958476
296931
35949
149571
358533
440964
225715
416696
428645
887334
444692
823565
264219
546689
269912
207162
629750
706785
802095
183000
687870
93167
910192
831205
700017
165773
838972
259489
985392
751818
42180
943869
48750
594481
609792
923635
35446
351860
856683
980443
239194
301376
320361
19765
364417
106625
226927
994167
813410
545375
177167
17632
638542
603711
365189
338559
769484
204161
114401
271228
955980
672933
215097
521082
267415
341242
444717
819213
693102
301401
316008
448648
119129
636369
468414
483546
742995
211693
994065
72757
757068
171232
606742
395611
291295
971931
250522
60779
176093
364923
332007
648425
554209
63457
169507
337976
921051
130576
157189
130505
948329
473197
579153
67458
625919
563919
67356
368914
775613
61421
958023
49033
749005
564765
444644
40300
53049
211519
617431
745494
92794
465791
393919
647003
529248
79778
984979
966651
210354
658520
97156
158684
131718
192661
742494
757637
756581
326203
642903
48546
903976
117278
97579
169334
198396
58576
725986
251445
270095
343418
513291
879241
809209
423562
526245
854809
503340
27576
821460
230046
686097
434968
905082
334167
627629
647577
608156
384210
490132
251059
949108
910460
368337
563040
79794
83085
621616
805781
334530
408063
149199
364173
287304
474760
787735
329901
845921
291075
873830
183733
521122
559927
618701
942556
894094
762682
590133
502250
663245
596617
269661
612353
507078
154350
175393
586872
237436
797009
909005
88318
721424
58204
452492
525081
49316
240227
854982
411589
47655
728812
111674
85129
805091
246727
27685
215537
9410
134171
234139
672655
247140
20152
285008
270570
174503
976754
857443
928291
773763
766448
16609
11540
341005
985453
536621
906673
742033
907955
834615
306040
153120
946289
391169
958211
193017
935206
690101
202427
585729
924240
391434
349222
460745
676442
619792
635248
653196
477235
563539
943312
760036
96500
471204
617393
81954
7825
40418
823987
432132
875033
130027
585252
821323
37548
59816
14340
489106
266269
733119
591188
706861
124553
940410
167606
317347
560202
802854
486896
553790
882745
946560
830178
495598
417764
447571
577552
941941
4341
917891
374073
879375
564270
475678
700698
118170
51846
231390
607276
318115
480861
198464
24976
121766
138874
192583
439113
215429
511789
442361
769219
910887
388921
599397
406485
806685
563320
500389
748626
567661
418280
639052
447036
982550
114730
664086
617072
682928
411828
224348
1043
892689
939165
26019
530807
594391
734954
969921
809820
763096
928634
579039
673983
317556
694788
80468
640593
258108
580857
389220
825770
515489
544624
789158
14391
175706
453245
631463
858634
381425
855811
859677
274115
311328
402048
321274
905720
653355
807547
715540
416451
736182
810932
90434
53738
505720
687254
694331
280181
268111
599903
105951
783600
660879
895109
797991
836585
864706
945806
211571
246132
801617
587600
36599
629298
989649
357873
535018
159356
165421
766910
575807
901603
94194
182593
471693
116267
869847
166024
396448
137958
282280
502399
437910
943159
913860
752253
296097
294919
698059
507668
57403
16028
95269
610354
645326
601270
968227
696696
760626
650000
979959
336433
67955
74153
35378
56000
190420
905225
222025
586868
43183
20657
605619
997445
480168
35832
749698
776265
847103
447757
283934
904506
980137
379203
514860
625464
496825
999439
838512
257451
649440
818471
110236
233747
408977
145614
289748
599397
50839
28125
702618
610374
565134
824589
124171
45302
860421
873869
821568
707524
837978
105502
128382
334467
1057
643242
959931
14234
159034
314796
271685
324826
133267
898273
558573
542244
560239
364673
657994
127430
392798
876964
254156
957932
701553
378327
519587
78327
768548
341155
302203
606526
963009
946938
940993
480418
590180
417277
494652
749214
732073
282689
590392
381692
697314
148966
923937
257553
29991
98283
384983
422790
975247
639139
897074
193152
533818
416661
787831
302366
274168
90035
908892
237177
36973
366237
233947
143505
299866
728599
409072
31939
527640
999464
413632
224954
664782
853921
482507
694774
468556
383842
633916
443803
539333
530990
153307
73151
464004
941139
375517
738172
31174
284409
491702
584499
166999
725649
244356
466865
454249
653428
15157
981889
169245
945141
723196
834027
315414
205703
45153
783970
589546
679069
227773
128879
726412
381080
202031
706768
838571
93900
444940
869745
378310
452994
970596
61661
178644
214953
44878
149245
384733
60035
647486
70330
521528
370682
904358
836942
92738
465863
620912
682284
661285
365037
327515
387697
262470
45898
94465
101041
139799
55757
487139
34461
25104
974087
612474
203748
705392
657352
352993
90126
233740
516831
160456
755268
887514
581166
108563
980252
563382
245827
178888
224667
127217
22755
128716
389687
585006
739533
7080
724805
795290
10571
275618
820394
501011
888092
540494
206403
545444
409839
812881
295536
926671
973338
50805
330537
70856
675720
827141
150590
921547
6029
375257
48764
545136
503973
954803
130142
243506
478236
854947
555149
5159
646917
891895
506170
51361
948742
712574
596806
358581
525455
408694
801604
15145
975851
132141
602354
651571
959282
752944
89471
481663
128202
138235
26800
148527
609391
156942
908386
87627
528242
463535
92786
175159
871782
598957
226521
820524
827883
339679
179106
353338
264725
980710
884836
240577
629204
487190
892148
104838
756486
981619
586502
884688
636207
129654
549568
245598
286596
457954
849577
331190
921489
942363
22702
309623
57672
249223
130148
885555
105254
825606
755246
886331
806316
640082
126908
951872
643624
535409
56711
400110
517028
159565
801151
669587
289219
350719
915185
575815
808673
764762
907006
246514
223478
929708
556137
281150
695283
202637
683058
316889
28243
438304
203220
350912
594738
846481
302784
238362
381890
875847
154824
415270
35412
955975
84858
324631
306694
516395
416799
631719
797510
840157
394585
537340
286217
467075
818490
497852
669712
17900
814741
697956
456204
534313
565220
50942
380794
868004
805656
279036
260204
960481
694307
295616
916456
779165
136600
739503
811912
553399
887574
609422
909908
798512
146762
196125
265587
481605
693977
451651
499505
25070
665959
472062
75735
231179
39356
456530
615536
361365
251918
875740
321846
946225
687708
754654
241742
824308
10509
53655
894059
414436
179429
803967
212948
326192
516444
478535
324149
210421
446538
340006
751843
112498
328420
827579
343677
367777
800461
475565
245494
52379
351305
567340
998605
39014
838346
240347
379674
848856
810354
273734
263292
989784
594053
992592
832328
110498
471127
672829
837271
434017
12835
105467
546515
857608
933046
406545
741737
249859
882110
987231
302238
233416
554571
817195
788782
909269
573895
168456
274477
384249
958542
537769
890385
68948
46713
239065
179446
517840
911894
533069
468210
441082
638536
14725
298690
87934
421270
40427
337793
819733
27658
640032
53149
98581
973579
358283
524202
547474
43091
798680
448076
1634
852801
338461
70582
899515
577527
766380
933707
5773
815801
401917
446855
970690
416643
261897
58624
354265
302324
912770
173998
846334
69154
743499
461267
42733
101782
985470
590208
144874
784150
554636
662860
636951
893097
733442
536466
986976
16174
470174
992750
348327
388443
955957
319017
805086
217855
377642
675704
36531
806764
849702
399218
875918
593202
376837
918651
211336
362307
25211
872562
662809
579847
535422
816113
472945
785216
352579
976273
801390
339105
485375
149718
727549
441333
985087
48987
175540
879081
724691
728423
685845
90746
643993
561763
200300
20831
480415
927988
899490
505626
800551
562300
85474
335973
378413
74771
121190
247344
51044
438932
102802
536420
588650
346703
494105
90090
912042
185997
969171
153086
430772
655017
243832
74766
216780
960484
95597
697195
888472
511439
719174
689023
73739
804648
24997
968504
395771
662539
732201
446815
101471
835003
499587
206474
698058
510044
296564
610100
696041
265735
763186
126814
920752
523370
717932
653885
206
813529
351080
888679
841320
586606
94054
915060
391254
635403
399916
787025
814294
132117
750193
915766
483472
766132
122240
181530
276177
935156
307983
488570
717243
587521
131736
637996
627244
849668
291881
627450
179549
159313
32481
20870
745920
642888
935930
653526
278291
852198
956904
92586
984316
707097
524704
984140
473229
163296
682023
265758
98452
506358
754329
815695
93879
886065
970043
721123
735734
778276
864926
915283
453942
413759
936153
199862
56647
388435
369740
851291
240634
326644
943877
741302
550093
984933
241794
539675
148229
923817
321785
763033
430175
76114
95080
40407
478532
65124
277882
730618
359752
142808
162253
813694
556568
98407
529908
613215
3194
416001
464506
760180
742645
924735
17834
809091
426020
259629
865118
574249
183446
186903
853634
129974
263018
948715
170381
257902
530191
448263
988520
889943
107424
150773
219990
663992
765532
749898
793559
285079
165899
774418
45259
424897
699153
63094
750340
641526
839075
615458
215775
538873
802361
585762
668847
581731
534477
355580
839633
581020
320196
828153
470963
427620
495279
207305
607964
260811
473556
401523
545890
155807
692293
107502
580704
907799
686948
847396
549325
526023
462854
281452
64896
265216
867214
733744
846947
401691
605676
202933
982711
925872
547438
970027
353492
42717
177332
477808
819881
650888
395684
882123
806696
87977
989625
903752
995776
192925
751149
545101
718948
730355
826554
783845
995571
693768
517589
358871
611812
123265
78156
110875
565490
625594
80902
435334
184664
774587
913143
520897
941827
308827
403020
264875
396804
908998
684980
908933
101923
436129
454034
820872
166484
280588
604717
678408
490709
638658
553631
102521
278275
148139
729748
843765
290085
810651
795452
474749
101590
708595
995646
559769
533774
915019
824645
446930
340369
509625
355863
958644
462106
326250
779516
144942
606838
900585
339702
613899
55595
409685
232772
850223
557824
962521
693988
847910
289524
489440
322659
907466
714387
834658
467235
764513
266029
291880
211444
606398
317857
567307
565042
779963
893557
860911
924906
16748
277848
780960
146999
333444
190646
379772
183667
748470
858645
394007
596380
148169
399800
435392
55635
630539
786402
522870
395053
52431
331103
606497
175181
648960
690156
740223
945276
100066
117486
870182
116814
395335
651142
780165
245131
358140
159937
945150
106611
18582
855509
219343
683103
255309
171087
738738
885849
473841
777961
797254
526272
109064
403751
217805
274376
93907
958029
219652
193973
591867
606186
827139
503554
773681
607305
748685
131821
283594
210187
238432
818529
65697
974128
501632
321006
145215
756723
723207
135409
534684
520461
661681
160100
440564
879487
434476
50824
353868
654129
761149
462087
260315
104641
965642
33996
711946
230679
165818
511892
440867
920602
330421
506564
411082
832054
827570
72650
588777
67130
208059
639813
103943
386092
799913
544508
781931
234389
111684
652151
888518
872833
114239
665186
977474
79881
215534
205772
310560
897704
234017
267779
818307
564438
774343
745741
912844
118266
818391
17973
185396
26450
657786
805691
412543
974051
866551
194474
208441
978235
846626
613311
367421
477217
794849
344895
73450
10384
67020
384010
908088
301037
168142
242747
381827
942485
988489
294672
60751
323232
828997
762499
349683
3136
568191
278578
977187
434742
989404
701980
929330
836030
315292
296751
829599
110141
157998
903049
636877
225018
803412
61318
42407
971554
304065
424235
914039
808906
235259
974791
132139
64256
253642
998174
67392
821833
793104
560932
772928
782508
262912
702258
134891
578204
515361
964490
204698
673359
867540
357927
898378
670952
419245
940785
642506
239663
881372
556545
48569
116631
47688
697060
697240
817683
211586
280984
155868
4690
841916
928796
787199
104829
147406
922090
199385
662767
402932
404083
336127
270472
278363
750857
941424
697608
207994
100282
937271
89367
173180
502193
722350
737220
715605
419590
554903
927192
700575
710772
448234
58843
155920
751785
163672
303327
190227
363058
482446
593160
283493
334925
863632
561856
85782
321409
775817
810129
421691
713088
415848
111223
731633
138198
848444
447239
74141
919699
890783
291068
630471
339017
349911
786392
90803
513584
606071
281030
392994
604869
874190
676487
939795
254175
754696
541929
91936
530513
352058
29979
759953
767906
141203
7939
422457
505999
455178
496598
425698
862313
304018
56170
717682
170281
358914
808485
683865
481337
605868
593211
86206
996410
786051
26001
766937
540747
567931
858873
587612
436341
888853
863917
204248
546408
871856
143057
52407
843386
156007
478105
705699
460025
50627
423382
630306
409541
748219
830524
890878
870439
423735
493437
383202
726138
519438
150139
783237
603721
9013
370849
40063
414218
751119
760663
960626
622975
903720
529385
466362
59727
7490
688413
36104
58118
628147
666410
984011
892719
13286
391242
763158
437022
884679
146360
679512
920469
296500
462750
524191
821865
349951
80606
752435
101070
357621
713061
724046
261341
242446
706760
837420
766288
911525
873524
340758
539673
56286
324770
948744
69573
232364
711902
22947
117043
374615
702459
553864
187467
165209
78055
525684
515161
675013
278119
616231
32634
991180
856629
810327
749978
79741
647747
32618
991267
37623
373377
47292
93910
214499
996036
679835
446863
224290
702782
80258
115257
921593
634122
302724
603155
228530
828408
118316
903543
106527
250899
936178
614059
623881
262857
880389
703622
910605
913008
211241
464580
286385
258533
74842
500884
770921
754677
464099
511564
973811
544357
626821
895405
178479
929546
498560
407009
274306
133228
826905
897186
900479
279435
511245
524360
542292
907987
744335
969249
820995
955576
950182
623732
730462
25024
124616
17735
296054
588715
529299
269865
649424
156121
681622
344255
602019
696534
267617
876325
346114
94522
773511
246594
373957
801109
287306
432601
709096
547993
401851
46443
19922
868385
670175
750384
893409
311143
768119
189463
899858
297419
975681
65634
453540
173655
409889
571911
386542
677506
448236
732656
772028
738100
495602
662337
539209
299261
611291
764657
847254
529494
811100
867176
397879
481275
133912
291288
308770
902032
997104
208628
715803
489137
790614
685695
179144
200503
257606
565686
394362
222194
814695
166390
960294
826649
345080
15855
125910
956371
296864
489517
485865
107964
873045
883744
105591
523310
691384
414361
941694
688488
139341
657497
693977
929955
859544
873122
646811
117150
955160
41173
855696
769855
723915
815991
596505
68995
348198
238767
541718
645063
244636
543935
269379
634034
427679
374971
157344
635416
305684
615390
840256
445026
272887
534234
891333
648783
407356
54496
282285
878868
95669
137981
648724
335937
470324
761581
921284
818523
516700
463003
979938
277689
6938
249317
911723
950970
140640
585419
586386
446325
717161
426642
407703
506400
477228
815388
155183
400936
869885
437468
279805
481906
91801
928529
334195
562126
206462
255480
897001
239514
718483
393291
517203
241773
642608
945278
192743
299601
47049
295481
262278
764210
238476
669981
270610
715704
1721
942145
116641
387958
895965
396446
386217
987767
841327
720412
66245
564141
975892
963246
803655
210727
872889
837211
452501
515497
782489
161596
331450
829539
973430
593728
110101
211906
780061
897064
927610
781783
839209
560603
686093
735175
473401
72310
239294
831080
309075
305539
395221
284967
268785
198877
12047
141674
36088
980900
173523
334929
142496
21326
680820
632278
615054
790922
844184
395116
204338
288147
693251
559899
848750
895696
295074
838504
484359
534368
669584
793434
839907
64806
594753
625044
780035
606800
283070
332475
587700
972946
667404
246549
994272
864577
878827
125678
171851
239364
37146
376189
527511
730397
936088
892613
142446
747515
731117
626805
798235
400702
420239
154495
981860
14992
779539
761895
138145
578962
610722
242197
68260
794478
488746
62532
659055
883926
704562
830906
123290
741709
207095
650801
988458
659536
59766
130904
407051
790884
757709
205286
707938
177948
359781
689798
709293
655673
968045
847438
750987
95119
605987
819247
889597
94734
398131
548653
978660
102693
895911
618302
844402
619359
269103
349213
278895
845221
480117
202298
636105
237827
923936
860395
932127
283718
66545
641420
455743
34590
5210
206730
129709
611198
542329
535659
222284
940460
600664
717296
559505
496575
335598
920260
115934
121053
269473
911181
482626
265942
113479
118732
503769
37416
495479
952249
837486
562025
110021
809581
112967
115232
532663
759029
242782
74992
294688
981418
531804
895352
215066
607661
908279
67016
527921
24214
704421
313746
451747
187047
579689
81579
822131
599810
118995
317611
552059
472833
879636
662081
798766
508955
293665
331429
267984
52799
922773
79024
550569
454577
490728
765635
578590
399008
832651
106512
939574
537072
936610
391321
240471
32651
472900
62603
148814
108247
380214
700873
581080
776202
879306
896198
285157
689323
227627
69494
258474
150400
148518
809043
121329
639247
91030
699920
38255
923681
322784
977829
977105
259394
885502
217577
808398
358403
796532
957212
466650
176746
174437
564083
952948
570096
976633
754457
259419
204261
823951
34246
354661
972470
843289
992343
128069
450672
692263
682676
890705
15047
176857
867811
790793
62359
601740
599191
937114
398272
72755
920117
91370
247193
484200
44318
333641
460833
315127
109412
181446
139079
143658
52460
627901
503300
44803
755970
953972
253418
438646
844677
784817
615503
228840
575610
194214
346932
691154
131329
261556
280261
51446
352926
527454
51998
913596
861095
29183
228724
970508
210630
367803
630518
779442
995704
133818
824245
268026
87790
594015
706672
448820
378832
838527
677660
954442
32741
540945
161948
164070
802501
442210
731868
155428
486016
783866
585376
863464
813050
814100
350324
540032
698255
980842
319474
210311
114661
660071
478337
718803
254086
701361
683975
632918
56240
877988
103712
88982
418933
265661
769404
221434
707871
501273
376862
710239
801491
962239
573703
614541
292691
924027
670925
507299
904870
990399
717610
535883
650470
712300
771038
420908
413661
455014
53826
986254
333002
157539
75236
751935
939552
360992
489721
647423
378617
382936
874014
180109
861527
447718
311002
154218
371745
981928
661517
792967
972327
895480
845202
139150
607780
132593
560058
537793
103959
130237
524047
953313
287776
115635
221600
743680
476628
711321
907455
855245
94257
781469
551706
955784
229187
862709
626355
117285
844637
287872
426604
333316
183352
788159
472466
307484
920752
548877
845278
24711
195466
369325
494376
483242
484961
715976
226922
477941
427297
650729
333186
37907
432198
401245
993691
661386
263954
620046
295023
108591
424271
237979
958259
123975
26138
947078
431460
946890
495955
276738
487953
691421
162415
982329
691015
163728
214657
434289
641669
641955
85018
491208
196214
33568
892453
189905
694954
156407
326304
506329
781350
266927
744309
739609
390902
770447
686687
338714
233690
698994
131804
237995
906767
294220
736677
114134
974300
951334
64775
615970
109641
666145
107178
305855
699714
515983
12113
911020
672390
854769
417350
970092
121696
678011
709701
28950
964810
912741
884017
714852
128087
15821
469200
34855
826393
722229
665341
800694
189915
730117
933016
299557
396262
556546
121764
612328
72529
650229
523349
744919
504998
457051
715011
143046
135062
941064
688349
616224
853805
572366
331077
981893
104539
800277
533100
447285
522506
198441
764331
712421
444910
697347
528330
841173
253893
166447
453501
326422
816676
493202
587693
321675
950253
302704
981073
85315
760120
669422
217892
130278
758140
548969
112171
862680
865598
161623
309965
904456
360064
74296
133229
321327
287995
661560
162500
541888
828007
132353
868310
161035
625556
972355
482710
92161
275059
980136
693829
551531
649558
911721
681809
407699
460690
310332
786731
842640
471955
96696
747096
348372
687344
880325
669699
975339
58237
348551
517227
402596
997256
901889
563632
139164
874244
562694
231326
665655
542830
925155
217186
192389
353228
415348
116440
330270
725680
903171
172910
197636
516219
920006
546008
203563
316683
732059
178902
374921
80610
212481
777517
77866
630722
341149
733383
504966
903844
964709
686973
963026
406216
420511
155415
759444
835859
788207
89714
561540
691378
778976
275528
207597
215334
337888
927512
532017
69947
106414
423290
666909
835247
200808
261127
465969
58309
994510
487287
478505
959219
174260
441532
881787
111124
113299
641231
946983
901507
247297
24875
109237
26273
300403
833187
241607
154643
760699
773625
224590
383466
196915
407851
735065
914075
668979
201035
972385
179841
204674
967242
655413
378935
408774
537200
490059
522074
178432
953394
939933
942081
494622
565522
968355
795025
398709
726314
466021
675761
16291
690611
575579
213207
614815
310644
643634
283794
511679
132371
463635
716354
99614
635400
611641
508388
172601
618052
546814
867385
87798
3099
809466
582420
568622
294173
893798
967331
20488
359819
159444
36779
566782
735023
766338
181597
45668
409973
981743
73699
58696
961731
790053
158310
597131
918046
183051
769732
52450
729865
637117
140249
732965
962936
722669
301587
257109
132819
785270
793949
492638
944715
830729
59421
679738
113419
241018
725406
39744
222762
799106
98441
184493
105511
256751
297976
539910
439802
67709
592360
686020
221178
248961
418985
184114
487983
236924
957576
620802
22194
751525
113441
483261
98606
689214
163000
728378
446584
404758
768122
185698
720216
382915
370191
342080
639667
184520
881990
595821
252229
990702
798193
473407
756016
733530
173874
243999
970454
647802
381153
509001
399327
10946
992262
14286
700160
671614
259016
146745
592725
27138
332443
829293
410054
218987
171373
566073
403507
569715
678246
172088
76770
476440
161847
832786
209970
335721
593137
696777
983523
974290
722130
899203
985237
230744
429841
201749
902359
688857
348494
11436
232347
197290
840729
158753
932629
528455
241178
336136
614522
435777
24576
691292
428569
186423
40430
638539
38497
149919
851668
22020
124210
573798
437575
625799
804543
383768
827548
223254
72625
692395
751042
821325
889685
108123
980078
822314
636578
737609
674802
767453
173386
699378
458745
601955
885801
15528
756846
924298
165447
608515
462671
806009
698665
416598
431808
503208
800367
259357
242814
389344
951752
993856
210669
357789
101980
707100
180103
254910
444709
371257
22363
618095
586987
997461
736402
472788
12989
493248
913439
694788
618115
892462
500798
316781
309060
932606
336341
625779
708315
579156
15124
660067
89364
742145
534208
707696
965597
230663
962607
926658
601920
501322
61105
188907
498783
797507
178048
28124
290756
607839
239265
425223
500301
740063
742004
325713
189021
78346
951493
897337
173854
482969
73756
779570
741466
607965
487267
223416
354980
966226
150074
956901
467548
211180
662160
966332
8687
840208
510808
815795
448047
750073
241019
464700
6488
499375
306766
195510
94073
258259
609199
784279
257580
199307
563850
515398
323624
51117
738814
678605
17343
888889
151858
1243
616421
814018
967575
141460
654227
994736
473608
618626
261161
230979
599679
267650
730354
906445
463160
824428
681056
588711
125059
454988
788018
688909
970386
111643
740026
225553
306600
273721
630794
458458
274965
247215
272476
758892
388675
443055
269980
862283
578034
531142
93262
177713
798792
339969
600510
778304
680749
281566
367015
805808
736554
671385
494718
223292
783028
751096
448845
605980
541170
79639
64438
332487
843206
336915
607731
748234
779970
877712
126869
874356
408854
736484
52069
723998
76453
652579
502302
757202
450497
385669
79362
187051
57054
90432
926696
356435
357881
375541
962415
899051
971533
26854
747890
331091
880121
355621
79325
176443
233333
206195
50800
158539
942679
619221
398889
19132
788153
901191
292686
238650
803212
888400
942054
860267
978833
868750
733054
336714
760643
695469
752117
248528
238675
500007
579620
635148
855628
658945
811592
605314
865140
378744
280205
807819
997965
679095
343303
786118
96638
152341
24769
899851
40742
483175
276470
535927
351925
9524
872641
112568
221345
141110
361097
976373
641117
457069
127873
13097
116014
939465
134763
497507
834561
414969
821678
832527
610416
164982
134997
707054
833675
676118
123257
874417
159293
399727
926696
511218
925603
799337
140139
663301
456799
17588
156026
97916
474657
283899
627366
107023
739717
762129
604530
574278
693450
426209
923157
303866
107543
58155
527273
941218
250625
650530
331988
409919
566610
258684
437489
8565
574374
93980
188218
547525
111568
344244
645442
102577
628144
789160
209601
367861
67641
330483
458491
761092
273044
381649
581310
380587
956156
108583
838158
206781
275466
686498
133052
358428
461534
86894
883345
552260
180874
71564
99786
808795
415808
261580
911372
560304
50740
637325
444517
118381
967809
903009
395825
240853
801010
977136
137793
757166
602071
492303
480299
393889
178801
613352
752317
640335
700246
635663
708948
397472
707227
808734
206267
639387
70314
117640
199692
637406
754965
644209
755787
239126
63570
667965
996332
864580
645101
134125
621746
247172
626428
618398
157414
321581
231750
909731
478268
448348
61746
187216
845820
285325
995950
52088
924713
582616
686080
640757
220022
957397
801318
492162
196524
864889
160127
709208
729469
321580
843333
867568
85104
986113
485966
242518
824046
234068
668602
302314
198768
730348
5883
44588
15674
518185
613028
456739
100802
299108
97496
837176
256506
898814
845690
969382
763703
522169
678590
9525
843749
38275
393445
928854
24388
395763
687724
364786
629831
356326
667100
828599
86675
672983
389539
618701
191169
2568
75440
808323
301676
172936
645499
74534
588102
7542
43916
868158
529711
722506
877683
373461
760781
787480
818667
301521
183243
506391
666307
329426
862718
849760
674377
465745
39095
63916
84446
746616
66484
676238
554939
884513
365526
716791
959047
953628
724333
519316
821786
254044
241822
215821
143857
518956
519653
962524
336829
702896
985268
519489
32322
364338
369249
706699
830083
408344
286968
430881
671313
869804
107119
226252
754317
472645
459395
229717
942625
183728
265385
280764
954125
507207
12937
614334
542515
532591
93211
879345
751839
78479
915186
300514
442817
284435
523565
789252
209131
810533
220133
880444
680338
843604
623049
951007
832601
82444
697076
291578
266173
962461
572342
736650
986021
585280
350984
528536
634223
444195
924233
386062
39026
839419
686576
998195
640206
210142
787447
365690
20675
523932
246134
217365
883888
869183
168373
716489
467980
381801
8068
734153
344263
96762
987155
330284
682042
854491
375172
832617
815039
815758
218680
370417
171529
421608
368613
811736
631750
672412
177426
168778
196345
939912
902495
80233
325448
70868
313075
793428
452670
321143
43933
313285
934257
31088
643569
616300
401931
535093
965269
216970
350851
183949
587388
522381
121910
472353
850469
753660
144765
544247
438790
341110
484159
341286
937696
325959
928506
250771
119387
897528
88266
163320
210813
22523
710760
370734
155175
629044
905828
636797
362366
773031
820746
466106
295412
942656
938459
662233
212669
83225
206480
167811
940687
206992
509097
878383
532951
953956
645506
168691
851484
250124
848363
62298
789000
75476
949384
460527
704520
855212
97324
66886
144596
434423
49345
956360
893431
987804
618594
622452
71029
341426
790264
11717
548418
299361
406452
597722
253317
568311
282765
621154
818435
131128
199804
123787
722956
149188
100667
943828
520753
197991
527067
665349
148766
576412
621709
42198
564216
756655
664650
635246
98082
454914
163315
162852
270628
86119
276926
40297
654430
559691
661451
989218
207172
377607
113005
930128
526796
730024
873957
47549
928016
401024
229250
76782
977436
850959
635332
541652
607615
299983
693250
222049
271249
372917
384901
58229
459037
661828
98527
629819
737871
276330
619037
945043
653938
248395
875172
697086
978419
265481
744635
422787
182857
490237
499570
160293
857548
651254
218297
465163
951237
427900
687212
738839
800817
588466
797068
259854
766646
895595
889674
504517
688278
25063
449561
342216
273458
841085
39302
768230
622918
300289
191017
805775
306878
206939
966068
164426
858194
700717
145942
325783
128617
833154
64622
929435
937972
861691
705641
704618
273638
111667
209136
961916
653083
175049
820484
442893
16134
376138
211123
155404
192779
918493
961179
16009
125432
443599
180436
499978
144316
326378
825762
272934
675884
890384
718721
613857
268427
940714
834827
58418
568734
43963
536686
738169
219012
357171
181062
751498
249661
908538
906902
958793
827031
384433
974802
952463
828032
155238
452442
972349
997968
794556
761635
673853
684940
996708
287710
469720
453774
122537
528138
538860
682853
64824
277029
418217
938347
458092
686068
704361
366630
109322
663154
193661
493756
154308
662476
321788
309547
631270
810489
823867
425826
572124
497720
627119
85184
301782
96839
538959
424320
624977
77819
623525
206153
354849
41742
144501
329293
244162
848862
695923
353485
28368
405936
847241
182676
584764
685381
8575
216035
495871
832443
158213
584347
330163
785332
185884
631946
882171
241195
572618
23500
835366
196143
229654
190215
754237
890507
35860
998400
739369
248135
868237
767737
654071
231830
466765
238836
917211
475341
971223
929434
824136
129436
30134
154299
914769
216018
302597
313292
973565
875215
336793
808931
587710
82799
515499
858300
973306
551359
856700
229027
799495
724937
513116
969918
956767
979881
208754
390330
971574
696329
836117
795710
825766
866251
466362
740535
598621
768959
570179
572186
160527
906972
897469
748237
506123
412968
606537
995781
964328
979589
224808
280175
220878
737924
250093
693997
234158
975200
84328
205732
671529
920445
517795
13647
303048
984157
754182
418021
753116
840714
506559
913643
747686
404028
178233
770162
816997
784770
765943
297677
280712
990752
577852
501590
245028
344297
195588
995538
835849
279916
201271
23731
716713
235418
37378
536113
219575
307913
954134
489043
148627
977045
402687
412665
381073
580920
182827
714422
882042
948771
12099
162754
455875
106303
664345
700903
966953
376285
696442
802802
656201
414065
342885
889266
649483
380264
425379
385410
688177
895865
874453
353156
872910
793492
765821
770335
374412
948649
484758
772807
413772
13209
451913
869647
635865
632610
86902
602818
8895
299696
921972
181448
713761
264858
70714
879596
161474
12445
265006
366003
424662
139460
719159
297572
932952
484980
584260
823717
949981
69018
112876
880105
598579
81141
749752
234444
713752
353007
837262
722647
652703
275587
420448
882817
540445
491162
762413
701919
19960
543772
67922
444622
199584
303433
258547
648888
304765
842807
472605
254747
428177
101833
651204
26756
182975
917309
261201
413079
270316
614815
652078
923019
890402
72526
322188
947199
80041
84602
165470
100001
628374
749744
60975
827958
53177
319522
476846
357943
678681
465804
129042
623210
83989
780246
649967
783316
213907
427520
196395
484223
42335
848474
923595
449090
921000
245783
396289
1041
846737
78112
617394
475111
827856
678370
819421
881034
514244
812620
755329
709278
794776
400723
332488
878765
697321
498807
662082
911229
926327
858477
911804
485015
706951
835399
934105
144304
597535
846746
661697
960624
924858
279092
435736
752715
473814
771509
150101
504410
584129
421782
730040
378905
822505
62529
774023
36178
561336
436105
947407
4016
810934
859212
489031
34238
210963
423136
178542
324850
786234
840239
285475
711093
635683
237563
980160
625849
9072
646613
646612
109554
584747
376652
4811
923604
955533
295186
959782
516870
731291
907190
520886
542226
282754
526269
576464
10069
465757
271358
334920
251991
627949
136747
479436
779985
374310
459596
405834
899734
622561
568798
525640
207308
945451
530452
647264
900984
825638
607047
934206
73282
30589
971444
131860
829695
497713
224676
839764
963470
12386
691036
731814
640335
827783
211250
420320
202093
187199
342507
101828
809760
911305
143820
533421
373108
190624
180685
790445
532615
304084
724651
605897
334673
696096
254109
164368
710161
478785
520485
189984
491171
211521
921798
647858
39305
133048
584531
757750
320247
443390
375930
646360
354695
519751
179781
244156
710375
876818
34601
242990
180903
275604
365239
31928
971700
619348
712649
198214
614485
749486
388198
622008
961007
826348
269867
516664
959396
370750
790767
795996
814140
683049
442356
685187
202800
138489
929343
429528
15307
480296
188870
712562
755901
70462
260843
243953
689810
973492
442167
820648
722978
346717
442656
200337
173065
228875
233354
648814
599625
24121
444810
930117
223522
887166
615305
426323
25655
61000
372203
557314
541297
77425
269877
813550
147887
530720
57503
354050
20564
16023
174698
259894
362740
133706
460231
52158
362582
209937
700972
478559
750410
145782
925029
973933
549300
540334
916608
91307
117686
288811
648621
175335
882588
918498
988885
30476
965570
46389
384526
986134
62412
75576
762380
941504
209282
738964
993662
88216
948901
210986
83128
215664
873120
8157
189597
938772
64843
106205
30079
182529
911368
678701
874217
793956
113551
863102
340784
79122
909491
725310
581608
488255
317238
343989
946112
526521
599305
456126
614737
548206
667113
697865
763870
56585
222374
469819
995358
803569
576024
25437
502451
3744
220490
376668
314053
334042
239770
654837
413164
665614
896500
511124
670221
213738
371465
616333
256611
970770
588812
871349
35329
772277
85566
799199
828862
824293
785371
340572
627862
877747
366010
130313
881492
102852
23333
711897
436894
263104
883086
366410
445070
295938
877535
115291
26029
765352
247977
282640
736123
836789
670341
771452
609066
272260
87003
437928
96553
872374
294853
240767
750122
177215
887433
631614
280067
910766
859863
716962
173870
742949
83372
135292
38888
477259
250584
64917
242612
14913
863909
495087
851702
534251
266539
460768
322863
353542
415048
935768
225917
709901
176535
492391
887116
580320
124005
167184
491087
500220
400498
181309
243169
222
316602
798409
993834
83538
379678
752798
98451
759940
247885
950153
810543
514424
927273
133406
384318
342321
69174
126587
568575
762061
618978
972043
342382
259335
655579
833469
759555
56077
531130
519077
572652
847732
317486
566486
931270
213517
319284
29721
973457
567169
496226
784000
597945
423499
917406
982263
282173
502932
625203
850748
781345
244181
822791
123727
503517
994723
473548
779424
50800
4679
298501
139804
368763
132340
222642
300034
345857
541926
846107
319314
625447
342334
619666
223392
765833
53424
722008
48006
556356
347211
415106
337701
107744
754250
977781
611261
748973
967681
390686
316125
488712
205539
455930
857476
337879
678572
157510
683736
736851
3617
519402
362298
862303
139068
102043
628137
192492
340403
192495
265200
203966
607602
119254
311710
361852
97035
922972
110825
581068
830010
426950
69781
35549
399232
927257
373429
77805
601119
573517
814656
121088
92920
693306
983392
231988
311701
611529
940833
652104
804024
206033
856070
927978
325287
167781
289830
938674
607105
917007
519743
953467
343958
105876
505368
259542
33133
878797
337347
634252
968667
668355
755340
61587
878014
738732
809927
189715
866613
267112
358172
186990
473146
214242
114968
314785
898375
921151
769812
505480
838158
805907
975299
698468
911783
480668
958011
461268
875817
811710
95520
844484
480066
367212
422423
874432
622297
748703
580499
5262
15815
938671
192252
5313
152914
823573
320099
51289
744724
89911
73122
582882
895818
564773
281351
323953
45441
755714
785221
921259
567424
397093
282095
47490
280657
704519
438274
902954
453222
18774
424569
469037
957445
133173
474351
626711
956746
310802
194353
217822
917065
267475
317057
329235
348600
114760
653188
394042
870474
438409
831653
437898
351854
113748
1741
632511
818267
440015
535466
787841
458789
476387
256879
932587
609560
247582
559298
82659
558384
753651
300481
991801
537478
617538
321036
886079
732298
490576
796473
602772
928985
628126
557023
797191
741874
558764
429702
76494
998779
481520
864335
973921
957907
637566
906508
567468
885148
982158
166479
959884
735810
466960
951685
789640
600851
789073
675719
333149
279649
988544
452274
724986
616670
9297
522177
358545
568061
951880
951391
83192
433400
815726
573465
907660
453293
479973
991480
854793
978484
157959
814678
714294
624919
282715
20286
225770
588141
212358
75272
867790
200902
43898
592777
817573
53195
631306
692470
137608
99538
643861
220800
532939
459587
794266
440599
429232
790591
432079
284026
769075
590038
615056
999721
731309
414123
536360
473432
2264
748718
548704
870055
949620
592602
979184
283545
162149
126842
976015
299757
226381
136228
36909
759320
112168
347527
716271
541400
654471
664702
341778
423546
771092
956834
939620
18753
370958
992332
492185
373222
741050
557241
759629
207022
149843
255165
490568
828344
382008
982935
128101
608389
635516
681363
884061
747684
28890
116684
805436
683361
297738
147215
623260
585182
104049
79232
603935
991359
71564
96121
364582
328966
169714
640563
535988
835910
895729
542908
664254
794089
42196
308708
918830
194064
990071
319243
458100
535313
435927
263536
735027
250017
410751
874639
835199
31153
953871
439134
22512
541787
51607
903446
387105
221322
544010
439445
573584
956091
498706
237838
266532
57254
546546
185362
251318
536617
504605
709418
588283
456884
972954
323310
706901
900058
197949
542100
931211
668172
497586
470075
726311
65546
373522
629768
803220
433884
69213
376804
906327
567919
614642
172859
625173
677541
874573
392843
730510
379178
102261
318793
836062
591568
158455
59315
7978
356404
117767
455541
540928
615353
925616
783591
197251
815490
413359
471
765726
482573
893627
188405
566844
508270
361264
708370
702163
752189
101213
432673
647719
719827
751467
483781
827747
909922
59448
835725
782679
177215
807618
839959
308921
733234
139903
506172
65077
553262
22996
830803
552187
916623
19209
635384
424893
896825
343754
127056
649015
961319
76082
296734
197498
827549
296868
541597
253823
872668
893674
552854
49884
701292
909166
875157
434527
49069
381329
499604
118683
404325
846759
670871
320949
382320
306255
262194
279146
166361
905603
444513
644032
981685
257599
357883
325586
70819
899480
95761
943488
793155
164968
509724
10799
74134
384881
445326
639555
282562
461282
758238
686888
824394
429109
524189
206714
251716
302735
485860
934429
208338
446725
578462
706375
704325
452697
548313
291496
352177
644075
234984
661684
809043
744708
672484
399529
645941
634162
39084
928504
611797
797322
131744
436191
742784
655933
642905
510852
475020
645118
961634
683359
608195
56448
906086
828872
509145
454400
120369
861322
614827
355353
39359
940222
616414
711843
339751
778707
346005
895187
707211
957802
208861
838955
910345
951645
11240
69603
978850
486261
231073
940484
685972
839268
996932
108410
668141
506077
79162
304862
883751
693989
660215
923110
150563
792981
634953
6666
571689
497311
901853
795252
971465
110715
150560
881811
578712
161800
951414
557562
164413
182487
498046
850385
538107
11330
475148
722600
517407
554310
27462
401159
764652
204030
324269
431567
997011
475575
438234
85052
972886
856439
396657
944351
483506
547217
342514
578571
225369
810280
136133
389783
509119
150532
756520
47227
161862
231668
769827
195622
302331
313642
113133
66983
517672
953754
14902
31035
429329
453136
116088
918567
825928
29097
379271
309434
576314
721785
888005
801683
48418
540491
707818
557537
207375
980691
121116
885589
728711
407296
81211
31042
720938
710696
614377
238610
664451
629280
269645
610132
598768
902085
45052
424696
931182
424323
734131
507496
662460
138488
825532
710878
678979
49702
784768
886354
30393
905884
771944
759105
313180
369507
306499
34118
80204
920877
789080
744655
550157
58726
871139
665277
960811
916191
89974
408346
340514
824105
432194
519327
478945
774078
746557
674277
823781
531325
560631
854174
953562
848927
129631
266742
734787
436131
817213
814991
873360
122645
75998
939869
181371
947137
605146
658535
379681
695120
66881
236547
35577
15427
755874
514523
789506
502432
188800
613287
550109
265783
983813
503671
631063
629797
286766
365850
65928
620331
180841
455640
742976
773191
395509
440700
236680
655
615587
616361
695776
198820
852909
247705
214247
125135
762228
3753
143919
467380
133392
210381
733164
633558
230404
364227
263355
517170
246429
845635
653853
943622
301275
913182
716813
696784
353882
953493
213791
969469
86207
425919
684641
455468
673625
898888
96955
952205
418994
240875
419586
552386
451256
669102
185944
681660
549681
965651
715183
796110
811286
885388
739732
112561
314922
972897
325697
668804
442742
539489
154625
45301
481760
839266
500769
155385
254507
597725
623943
673501
354952
559881
742239
322560
745335
928184
520572
295016
410187
752107
607478
221474
153848
863562
850387
468770
352811
176085
137575
795553
231926
808552
840855
230038
164171
857976
385424
935030
972053
525719
608531
843357
85600
350770
165917
830935
795306
202842
642303
205494
954949
766133
943320
108797
629695
793707
93920
982506
486144
747847
294411
718070
556399
651618
948109
236922
25947
849885
171952
514352
891956
296835
357710
977556
647606
39979
324843
959264
242821
967146
681110
714123
733279
624430
339272
879326
934490
433192
378184
420634
181039
188947
138705
253791
840566
603166
490713
382865
969403
179018
897217
377711
475853
771279
355267
639811
811259
196462
115428
570432
679960
796538
800907
929591
937321
140180
808917
871811
89724
703453
292445
787116
892400
947502
557259
249318
67020
47972
632183
552775
743342
529401
930486
735548
300680
802105
375359
628291
998567
490787
198724
678527
803678
999631
608118
257351
656163
933387
129162
262240
636840
937959
49356
529241
885462
122967
294911
468834
687291
927095
21610
430634
972848
468448
166182
789880
270554
541541
418172
269121
548681
133248
464001
868711
649231
72119
126062
821747
521859
771576
83987
158699
709535
649695
204292
111349
772662
499204
96536
459953
426299
118146
890587
915499
586594
573121
705379
373500
631015
123551
642622
696048
773151
622975
564759
422383
695094
207173
244130
733305
978749
328117
892005
204636
494164
612649
315986
266826
111853
412522
243131
54504
47020
650071
970003
149966
223192
191735
523467
370559
831638
682441
66607
604790
305416
147718
27173
516862
354891
271303
250168
849992
115772
658525
54629
126288
271174
370615
393114
899380
299489
152597
953884
862861
802668
440240
12827
542213
148327
52646
429124
979965
735087
495732
584755
556855
643450
611928
73718
514694
399583
323886
364686
31707
498763
419315
157995
769937
306282
67461
669317
122123
220059
139554
984984
539079
96146
997812
597644
244473
50458
26769
740790
301898
38853
325546
858753
682303
453826
448823
713349
369762
772709
78036
401469
787824
13703
75817
557762
319986
143278
743431
442109
879689
399337
943446
935121
11835
941258
49117
772660
508068
75886
513451
326318
114739
838997
185072
313395
292823
633895
26744
178937
922957
621132
96759
227133
151188
172576
784895
987526
832206
44679
945987
228248
960368
889433
679721
972204
347043
728838
744864
371464
804725
258315
697782
435816
97312
399206
265563
906488
549454
808660
601777
988763
429792
698536
215896
97332
871112
517144
84858
703319
561823
30846
447919
522191
436631
127640
494395
783675
856478
755612
155139
177555
13927
369273
613372
627592
768480
878935
50432
317934
203947
652209
306697
633740
350746
522593
247424
221858
556089
332283
441529
117912
879481
405800
156456
832464
533440
167203
616139
906271
922815
287630
83826
453095
656904
213550
80687
941736
608838
647471
259670
812785
299680
82719
962877
650426
121664
210302
388637
677754
58937
346518
312018
454770
752319
468474
287234
802111
635678
419726
708382
74845
223708
308561
527940
880612
38463
124979
822348
647301
772450
598370
976439
588483
681089
455668
238909
319106
665970
143898
996860
241259
6769
308878
212381
275440
293705
15968
77551
929383
435694
302286
4228
659402
610847
48521
56367
165662
173500
395067
812964
462303
993438
305755
50786
190879
761423
806047
26337
943746
466298
23197
701357
473067
848428
913739
264859
142133
929707
342410
587868
881753
161048
108448
541155
288247
156969
113874
453910
846822
508942
783226
825477
18732
88981
876263
725963
850404
198662
752301
310502
664960
291850
11860
654379
140278
925599
919238
798763
855306
778001
386631
253411
939049
495080
794566
227297
168401
424793
197559
531575
933735
980785
357052
468819
69766
749667
194782
436522
464682
463435
747025
645994
755286
758885
300374
411916
200836
735964
210680
572494
513965
113663
825905
969367
125095
620471
713016
293497
561616
910575
341424
495351
891360
214829
480522
477478
480848
675305
914000
945530
138740
661025
591525
410378
936262
891899
822295
137098
144215
32975
709592
174533
146638
535497
143900
271734
672321
856916
81583
233937
767491
939359
245641
175203
154188
726163
652681
635037
917820
566681
96919
572913
744059
688444
983291
680321
96695
805586
333772
240911
354913
43364
415444
17904
95214
75696
805990
283887
932612
887573
34176
216455
343284
796169
391658
13825
38685
44339
648862
472857
127372
262133
45770
871431
950578
545414
68105
47273
351000
401877
804536
222266
961593
736332
240170
573159
812028
46160
373398
744640
450085
923927
477447
793369
720096
869105
807194
758781
429796
972408
231639
73521
234542
793761
461304
701472
339175
529409
265097
206528
447638
69634
945146
925584
322318
185316
15095
134347
747828
388494
395339
197913
312421
872787
507634
548869
258244
831181
307651
204393
319941
55642
277914
554483
365755
739218
772307
704931
268628
37405
427811
232618
623391
372957
158202
945709
74625
173298
80056
822453
78144
475396
536718
906917
864535
44352
455786
122779
875533
279789
327172
195475
335431
605086
266310
217539
860657
554970
438822
645637
592375
866633
878255
215766
755942
552810
677827
830567
242460
757884
169372
320604
749632
706090
227521
614167
266794
683307
253298
658680
963097
580471
370507
814880
701909
636817
548771
562566
708139
987593
208203
300514
370578
602811
32632
126520
155621
710460
473439
398081
984696
642811
235037
734328
865253
978910
864847
132048
178569
118145
790728
141666
214968
161235
472899
916878
314404
21670
995796
22544
525616
720352
839410
896194
839515
872043
22715
995136
98855
12506
909569
599903
655318
660958
850583
36923
639868
715430
168971
818437
349927
476051
476456
564896
637286
465707
998126
468043
487377
510274
490587
529345
746978
329997
425540
586493
718392
448255
97981
333599
460761
523902
933502
632431
184860
784085
669355
824728
15867
354678
159518
365795
830730
635974
447043
984368
101681
445169
452411
105410
471795
459350
634756
218774
305700
60296
321619
24092
24903
419601
874044
2016
943503
807546
150800
128364
107984
336507
469444
123851
691185
145314
5998
38267
781288
453041
22636
399321
414562
475047
21084
886358
934398
172192
621484
240098
748840
943103
780542
773743
879056
170938
292111
822560
978485
442911
467276
602821
295770
453072
243024
503308
598387
249023
541575
896027
702064
564211
295349
632979
555611
832785
35689
6361
4977
657173
762811
753817
116628
59705
43912
512037
230644
852375
850949
725481
811639
834577
328302
107409
287649
571326
610717
402388
820349
152293
298416
38766
232856
110117
671745
304819
459254
223786
827532
464231
880959
590343
734400
513939
166401
294664
25976
397045
147039
876925
122526
958678
711502
967180
66088
515504
54858
193157
917892
391560
861802
732660
430326
94659
359129
618423
915830
818383
842209
743363
282614
239520
850058
533366
269811
16459
828030
812140
929856
491422
205417
568734
450100
433272
535914
32540
948776
590773
742050
383020
498685
603852
632033
929011
214863
991162
63786
130694
325898
422347
390409
124864
178219
756819
658231
964382
773279
2613
776522
219487
494035
981940
788222
460488
931564
840488
493028
396692
947613
751430
296064
446298
355283
928097
891661
570146
435612
471799
217192
277862
894146
607601
402726
588717
364421
577309
553100
654052
579923
845974
389891
73958
344266
178113
50798
275830
18602
60179
672522
966215
811609
968587
928866
166892
413036
820527
737039
365000
292327
470583
642862
702825
594537
45589
291543
475310
622898
844643
129362
719173
690617
519253
309484
551236
213719
360282
827066
232321
420461
15941
714888
232071
500880
643754
915315
913916
980634
168706
795269
272961
639290
438131
975786
233827
72
783681
709137
139323
628324
354851
374848
835294
390456
684332
386530
604175
44615
729948
352848
981428
745889
584089
729851
246769
744195
645167
677038
724829
813873
472307
997790
453163
426790
489929
203342
943215
273610
912479
82538
418287
783682
457386
253581
174139
658071
156463
778314
219038
402763
647515
200466
148653
231604
930318
911774
975799
575485
588812
700629
389358
61119
214771
358874
4262
704700
562216
947477
978311
991048
546367
396598
774730
520105
166531
948869
178176
839346
243536
397214
758461
891051
114033
907114
639007
44351
818889
131158
136188
924053
831787
525546
985173
562911
400772
505787
783963
962989
969616
762274
954037
515983
675224
728767
552440
358107
677637
246969
713805
437525
644183
472267
328576
274568
895733
483935
318919
714622
615093
455107
638676
963233
497006
140201
526144
897778
162340
310107
377119
131956
588734
331156
164291
780310
576276
716731
654770
770265
963700
368575
207790
124236
357194
52718
398804
252928
536653
234076
483902
151746
205535
638930
114979
218893
295483
157475
116672
457823
467583
10143
589779
572669
341300
754070
869331
433928
987154
524101
204193
950854
892677
928335
591442
766223
981053
990247
19151
517706
740675
503054
185804
946210
141984
300784
165104
953820
458259
798128
411643
442194
808271
517775
531215
665923
788197
400547
99851
775351
924648
820396
242558
333677
748731
834000
99901
729784
340599
635404
763842
81274
138458
949647
27485
796795
250431
708941
750615
225042
507069
678610
183589
315340
712737
231156
497616
17287
631703
113819
792638
72704
934216
551548
922733
199299
901901
22634
929084
242500
658039
209278
323775
312849
158925
867612
625996
925708
576553
892963
667103
83622
87926
367044
915314
800663
598200
929282
817950
746256
43102
126941
335312
493670
194841
258045
692969
96742
797032
138405
339243
971423
347684
179370
800624
22961
46982
426621
948670
623535
319584
615773
223509
923862
982817
655175
724526
97369
584458
58828
843625
143912
185769
695289
637582
380611
953335
330551
477353
266719
985309
332948
238142
332993
512318
555118
355954
559300
981739
820976
699187
817676
953101
439048
741538
452270
610576
982416
549640
711386
41245
909617
855298
227014
604907
9232
123977
74594
856135
601331
341313
841444
934279
95807
690789
962950
650925
46744
38602
149017
384072
737790
966693
337174
693190
224583
789444
303766
207000
855436
531504
248245
281406
386802
991611
886313
912386
115589
477259
768522
233272
334924
609966
683903
430731
300756
646853
598008
863852
685456
747025
247924
939598
230070
101450
149140
454654
407247
969259
178006
262683
500763
426251
544089
403918
934214
946754
316304
49803
940365
84826
799427
275289
211145
483331
222372
511901
646536
820381
375753
331992
567406
140029
787942
797477
241480
937083
768483
648727
422694
946489
427762
923457
889092
488204
843727
823306
951310
160032
389462
891676
761210
188889
683317
972355
672220
905690
484256
318757
726071
376361
167101
809829
516391
955044
123658
274223
408479
892141
439302
831173
354982
383416
270982
244074
871620
114710
67381
339283
791094
456843
747311
552304
645732
430628
41012
834305
852670
525268
669414
578741
417982
836515
904923
450725
307911
544933
241300
232742
437075
680602
580267
308409
580370
851250
552484
968343
482312
136217
307626
273406
109412
54937
342062
271496
1917
383074
622153
854588
424695
291567
949681
842677
128083
854604
293402
952346
399538
534702
185089
352965
731656
765356
177726
312026
132958
246562
280369
615270
382779
587995
888676
8543
159284
747091
796392
677554
130165
418545
532142
554860
710113
998175
397537
354548
369132
207291
306894
285022
258345
491983
154339
990001
773692
332065
818380
906650
578628
98749
521921
477759
203097
926949
486303
878733
674040
799047
556287
320558
217592
604781
875418
444057
602957
789308
798605
972089
512951
105500
257111
771297
113835
927802
277650
887527
259867
612382
794178
838495
711132
316099
832607
430581
759400
835262
309314
433441
634309
381954
270351
368253
503087
662121
812311
106044
451429
610916
594485
480733
716416
367948
768382
830252
295750
562384
717779
555618
174767
28309
910465
885899
344408
743072
832832
103809
94686
142146
53602
728995
40452
323953
97249
543540
502426
909560
165936
953856
36828
760422
950941
753245
644722
719323
99849
940473
281707
333980
12443
456474
362290
439260
858725
223050
698685
691557
843211
793371
350056
896813
522367
906860
737118
135968
450400
239545
561880
132689
709753
598708
893111
177046
868305
54185
896369
484506
994658
694428
334839
523453
667255
697129
962714
42332
920179
661399
250242
279743
454770
600298
176556
493489
23510
430027
145809
990263
185924
707689
122952
412029
822750
532415
589075
207407
586600
1796
691914
97611
212576
26753
621064
879831
240234
583778
922164
676765
245177
172406
956508
216300
289056
649417
226141
828918
595796
371951
819181
298072
595992
942133
710101
935094
990900
815528
142502
577501
333676
350768
675112
546252
893873
296176
942436
134107
396307
380952
810872
157836
553358
283733
374136
358766
933150
600278
187684
528946
488581
523218
343370
84573
465351
569823
536020
972604
385351
678522
550105
235379
545642
741569
297983
439515
554097
240419
89974
950404
621371
900846
624593
691081
700931
998729
49847
634081
115359
753884
679379
120292
277102
22749
721218
258805
592572
257238
231409
494275
452112
297866
246006
997754
555787
543990
437269
109885
784409
527243
576641
922133
944441
201234
613214
645373
716316
179414
795806
348027
933298
991538
468320
726752
530639
189538
985557
639564
446776
216967
650191
898888
31185
896198
412994
586973
956540
850263
696858
740949
893858
789851
179434
838299
991086
792649
24
223754
972063
312183
571781
421713
820073
40101
148465
350712
745991
134022
506628
192767
867341
156820
608007
898527
569370
21001
1852
525910
387616
215062
783211
281474
4913
962646
636126
512351
271647
152502
736105
243710
464685
824239
181775
284758
864340
330240
151823
610332
980614
658451
319451
364308
331623
443811
779187
417345
981164
781039
459607
368781
996101
242819
166607
1014
721817
802733
513366
993464
955236
765823
753526
936273
590062
935301
221032
970755
781893
889207
97439
762507
64010
933242
126815
395634
377053
422354
329331
358218
203393
788939
243351
199494
31758
409958
200509
269927
729044
230227
263391
684280
512402
16917
620553
618817
468570
357937
589572
250463
247144
203363
529322
311155
136605
172490
223141
30011
594844
552472
904581
314590
857763
147932
514084
889521
74242
230945
675800
803286
977524
939191
3918
489927
472460
140824
625096
457382
498761
214668
224197
262258
934383
269872
89765
70988
442362
312906
100999
553558
381730
521932
868148
239494
669864
898585
645367
260459
129530
837520
63745
623407
776711
584016
113334
765524
724840
254782
222906
223601
469450
447104
2211
920185
233328
91976
991173
675690
921234
608525
745600
819317
130457
130101
575163
316674
28686
736882
577133
674568
574402
157230
297975
351114
741246
927661
632990
466086
182443
855896
206040
168245
819352
208251
88430
52680
300228
595956
244722
737814
720833
506675
557131
851290
153128
132294
684316
698166
869177
261449
372734
443579
418680
187062
311045
676278
631075
944035
142365
329871
316284
348405
498116
651988
73008
102899
221021
889588
215207
982095
627403
936040
5122
184534
787330
158250
316829
987999
856416
702358
249448
745503
145937
184480
932565
973335
860759
563640
917370
519476
893511
750006
384233
907980
918347
457241
527231
139368
346830
742438
637815
974233
194830
642938
675119
498512
317540
991948
486511
173957
694306
735960
435812
356596
436792
368377
329931
297551
448369
763653
333379
858233
30012
717612
282565
948359
691206
809796
604079
554388
68586
241894
44973
263416
401184
720092
761928
718725
228393
248440
409034
439051
500752
844846
795647
937544
729575
641930
751448
694296
921936
84827
552529
951948
318792
351446
900307
526350
677594
20738
80738
746180
778984
642063
525948
180169
362155
804229
415246
106900
52669
340632
545952
69773
701830
857951
7317
431405
499882
758765
125701
421818
359945
194583
890118
678737
62381
306777
205087
739976
327515
802177
2508
106499
444240
528457
803020
322747
332686
218266
429648
901707
558898
975600
971480
777080
349903
495149
208485
849785
770267
850539
787955
130212
561474
194425
325301
623855
501202
46740
363831
828717
848917
882692
935217
809509
411149
738237
132256
260187
472856
561904
678246
548106
53856
166078
325187
403760
661227
50024
769897
431494
900563
74205
78058
978389
268630
403359
602245
286185
450099
482428
114902
815368
365120
566471
624877
292621
821061
757134
552808
293917
835390
747406
358375
405599
913484
683562
809359
574712
733587
95608
522558
150502
686165
600617
128892
471148
520328
247489
757333
486780
729917
872235
302148
611390
955059
927026
904011
776120
200512
973172
70037
35902
720578
428412
441501
150415
628327
767212
241479
878266
379173
764037
28768
65338
881006
674012
536486
917687
921501
810171
404467
167771
198759
706615
779161
153818
633641
199524
929938
834153
689048
516327
386408
409627
944739
344261
76394
89418
111474
317873
967684
6999
81910
996453
72337
479269
186817
125176
396956
108319
451699
801423
276090
650458
508038
571603
804276
658032
771127
734214
8537
460176
250541
911297
386155
711633
255559
462549
317403
883385
780422
285088
890384
378684
797893
479073
374305
984710
120601
287613
609381
572301
89036
885471
222759
113427
973426
27036
287811
260906
277602
812700
721082
528144
723998
623589
756129
979557
602490
73532
862942
899264
874972
269678
794300
672865
748751
168606
657576
385705
456219
266957
958006
61608
668781
180765
691387
158559
724153
979198
419465
1756
791898
656899
46252
32248
280488
318733
11805
399330
908617
874747
298594
783590
660777
92895
456455
409529
777853
630383
795234
750424
413693
269592
328384
82474
966709
19771
241033
690863
515321
176851
208971
823572
833750
771575
855820
630591
90308
867626
29921
998925
258725
844868
782515
919503
454115
755323
845384
231968
385706
156970
498744
799399
426562
827129
398225
393271
846900
155611
600486
878574
332462
809457
702146
682564
581032
557966
313155
187692
941944
859429
186618
717022
704297
485485
152877
158412
240808
998261
906732
626515
671583
921828
942266
98145
748957
856844
7768
112210
12455
608255
990784
861269
934064
209282
543833
31449
283600
373341
219141
225545
232770
405759
942567
937067
407597
611796
611831
648405
610057
34915
791272
281640
956743
733539
896137
222053
106735
903905
334263
635542
28512
841399
496811
962577
567033
556996
994026
850633
930337
729519
76178
679459
651631
535097
132878
59228
146893
261061
707633
273302
295976
15258
71294
769072
265149
967431
991125
371884
387689
841740
7426
416201
199491
504237
895130
766524
577585
405508
617157
24275
135028
209688
703734
786659
261137
352965
362239
924383
614026
586224
714037
910003
601482
785332
195427
866631
269115
186552
238515
173156
544644
245941
589358
744135
266530
840
27011
844116
922701
644168
384743
57729
370208
88477
360740
147698
957794
239331
72081
571821
825555
786118
998176
427038
87802
193603
293669
873270
380155
532185
46426
441151
294478
152136
701638
561009
152977
728649
921477
75678
889169
306220
649759
259378
911049
526851
407076
868844
766182
995509
440665
591737
297979
438841
535127
385782
148796
828797
775404
45303
877334
821830
486454
171812
973967
188092
249173
126944
916741
170650
718974
322262
993222
368733
97992
420624
411936
21420
289468
178118
16929
246485
286207
314909
201678
821335
217043
350474
166484
992447
395777
43818
330629
398583
731982
304596
586675
981156
431540
19768
668158
666866
342030
177733
551951
440023
598357
963887
461443
887825
658357
994725
650662
944565
825986
852340
282252
559381
719166
448736
68180
631295
492554
398809
29878
224536
703406
616553
722044
651298
636321
906555
318165
494703
84288
870116
451078
682645
350356
912522
86822
8713
423599
737484
953278
249585
106176
751882
808966
825342
200618
393498
456637
209524
792307
486515
950413
495713
619420
672457
663364
772093
579012
981529
266796
663300
367997
717875
862297
718353
146749
949119
243419
570348
686603
196697
336285
792779
948580
661603
134473
665550
55101
107462
875075
363760
593977
825488
859474
729749
14297
39190
501842
109662
537071
768639
289314
905068
2866
151612
139774
665967
100731
383193
752667
303687
96242
88952
612818
561174
266907
747292
226725
322008
854754
618152
685768
965084
959992
61594
694833
974289
617136
196676
83951
154207
481667
373266
575628
885
41230
715402
666852
658313
614947
419519
962000
227541
24823
574819
305068
291730
322111
48145
130090
693217
666297
332210
658301
626289
393805
869487
116930
527293
582515
200882
681501
64182
90500
257129
581419
648082
488883
248271
306395
103830
184142
268396
847723
208965
843215
152791
17047
681678
200936
147137
891247
867233
479347
65901
9874
389504
935388
126805
916798
517903
844039
598299
98437
450891
855428
196208
98973
860663
960831
405368
964493
144973
673764
328568
870290
33331
481360
887337
231361
198648
34474
122609
65882
513821
188510
592108
419678
640250
718913
336476
674505
562952
451127
289294
13843
822907
485502
629168
683570
446333
34537
164415
107658
224653
492983
977948
774337
490695
865285
5698
689344
899759
128307
271578
929932
833169
863686
349610
989771
98952
202438
664276
178256
169917
953570
708452
992824
955424
337620
676394
918109
888509
357161
25767
113163
366497
3715
887500
857192
869000
409550
546536
768759
54210
334466
215044
887379
714505
564654
877151
813457
283445
57779
508065
453362
527702
216517
446187
483126
70490
638933
401236
958999
512447
427003
588514
878944
947071
992366
736136
816071
401917
799025
584831
972479
649843
316227
859858
364348
880881
253361
694157
680678
827493
202223
134041
355195
935092
96580
354673
5582
735513
755909
480934
247960
699265
585800
643256
646336
94519
379393
978759
12788
694770
79942
985267
344613
396169
845125
708962
277051
614839
403119
957729
958684
121694
608122
313879
56787
704702
668552
578721
956568
940814
576007
204528
156431
678160
364137
319119
772679
743530
297878
785467
954652
377821
770734
299265
773990
132211
524579
567393
263402
444051
41475
222086
565745
649597
535965
622532
354300
720870
717606
827220
661684
293613
31748
334467
971773
912237
653586
744452
655767
951464
46271
126771
845637
817005
426037
619628
949217
466968
703373
212619
911019
744848
434706
476765
910798
487023
99297
781450
207893
816903
608670
385929
626869
156770
236748
598642
69008
890334
859447
241127
358151
905718
367899
720140
239076
310288
339768
188293
777256
559494
917264
688276
304342
351970
165041
731492
355346
780690
512942
563239
113946
121612
465521
740815
794735
702269
855809
863743
108956
231608
104870
467107
137327
472769
187247
376403
299409
43368
81048
76666
602862
998312
764942
423556
866635
446335
671401
221981
227025
184343
301572
340971
822308
283445
598138
617043
985715
970300
480786
94671
201908
102008
78130
339235
91130
781729
231990
390539
341449
829390
467205
460663
827703
748499
400572
210690
194834
71973
949023
421860
256316
250595
279183
594976
534041
393674
212019
36108
363974
209157
647131
565882
827518
725261
421470
435000
23342
169812
825539
364792
999203
809097
825455
343258
557596
226027
553948
268783
814352
502971
206995
587021
269918
486178
181997
320311
879852
910369
356419
760178
635878
3550
326061
979748
245163
263883
414748
268506
433695
756640
633298
949250
565737
975105
292508
639685
717485
362808
424820
531837
382131
631815
118858
168402
634346
817208
488713
30550
727577
845133
790729
879807
365035
633142
859556
610199
897025
274304
395057
330720
30944
28355
796323
113033
519812
88831
269071
237297
967992
693891
285487
350123
842059
404345
518525
476405
221553
523591
506955
465482
885076
297684
345290
250111
930826
204846
376662
344203
995502
771719
674924
542799
316426
471247
172184
352591
76430
957607
589888
44422
167851
391727
910898
9910
796073
429423
486315
533978
953014
509622
515813
838090
807307
861103
604554
254485
582301
981216
598689
94155
269288
789965
636954
585714
777564
325491
938305
370346
283098
44546
414769
450949
436273
842019
977211
748698
271442
463526
799029
740809
489501
314842
95251
813160
692297
699805
67645
790950
681022
182686
885105
466662
489003
38412
52376
266567
363903
507034
153266
647001
67932
84387
614303
504205
926406
591514
769256
197848
571393
568285
455009
60894
399479
550261
874054
91776
250066
458051
882726
447440
640738
767831
914102
129741
322595
482831
912661
686498
506217
582279
849852
574149
666666
464155
594706
593072
572021
880314
307272
143414
448599
278634
720660
364430
828895
594714
456206
595313
52766
338932
42754
209856
623116
473208
855949
945711
472391
284962
148562
494960
867241
998414
585461
533907
978921
180168
643331
550942
576834
466956
210709
25434
745590
931369
389864
574485
526084
362423
169798
95202
217707
728904
305058
357175
718465
677359
819239
707208
962322
967801
202169
829563
482567
787630
879823
461488
484150
39506
528782
60985
506462
255843
602771
252052
187213
508987
342889
229649
871410
29040
841203
605470
757944
662613
962645
992761
339972
781884
699970
302294
266037
418491
648210
748604
722473
528033
726444
206624
567539
771579
783961
590354
27422
386732
842406
730987
412071
185296
960636
799834
214336
801839
405304
488632
464452
884301
997746
320777
182538
214068
623071
448575
632559
787633
713532
355032
315666
956328
78008
399558
727907
861969
989912
271682
765053
348670
2669
177125
533966
479658
493311
264654
797849
898615
269639
778654
299268
267385
99431
481806
481453
238854
930382
630364
26488
160266
985396
858506
116594
63405
258064
360854
441726
764328
632536
206780
112999
151557
900257
163317
147567
393568
944324
945417
292183
730315
724071
107803
997700
339854
589610
995505
578708
36344
142221
121548
196610
643969
980055
829556
707374
754471
190410
665453
35152
339298
872233
148151
490856
772490
827820
638423
166058
772144
100192
974593
502459
340615
82396
16511
680469
188358
528368
775530
224702
670589
897078
421312
314559
877133
767221
538285
147957
957631
203738
183109
813282
592323
847612
304138
881165
675432
458913
563575
963929
75458
538168
982740
416073
136917
515604
96543
325275
43972
872073
549978
230914
769151
487642
61825
162637
254863
116462
826946
728847
836553
10055
542129
428876
857667
362619
826394
49451
337884
389969
529732
413342
928138
512473
829416
581407
544429
442311
906682
104753
314384
973012
335667
599887
977007
913844
278876
748222
30307
105822
993421
866860
115877
51902
812088
489896
414521
638482
55700
268758
28452
585432
198452
472942
614257
544220
570701
158686
986531
477383
263440
817267
966748
115459
933507
943755
545656
212383
208329
92315
318206
201751
959175
950435
253653
287615
956684
184527
442450
12384
453285
987254
114168
168089
460196
728426
712310
547249
403464
698841
24632
183256
32461
507732
815068
965968
967839
360724
178351
176169
453039
12909
377920
928566
963345
147925
732533
436381
332452
174983
448765
302089
162237
562933
470179
138785
807711
698841
686034
211176
914034
227019
910784
946495
251103
725852
912463
218943
602928
607167
911464
572319
620076
805736
500885
99773
953661
749771
536154
802466
924754
501271
104555
603344
580557
91086
742129
388268
789927
944516
115796
703962
171535
26581
650457
422638
268785
79273
157933
871714
202792
69397
444033
822868
875133
461271
438994
828795
211042
491500
631261
652148
992772
252168
255492
573329
343255
513974
477949
649534
458490
110098
353496
146377
653031
520306
569015
921816
115931
726949
309882
318723
312698
270268
657943
187832
247891
96937
532979
458933
588438
680592
627433
97562
932760
882926
670891
792367
396900
665192
441902
371742
291642
311750
518119
944673
832056
603486
382842
947987
330435
692724
266710
643134
479344
924654
347318
727235
537943
880297
702520
126381
560889
329954
740295
10001
729232
927538
318721
642484
592731
760623
14226
884373
72373
48697
345399
420782
652183
728241
885121
982619
937317
668184
142105
416662
109190
5775
660249
647133
886072
362770
289867
963313
209076
30162
489666
938308
957701
808387
97144
66784
85362
111370
467509
674088
676419
812908
94870
328602
541149
496343
827573
478467
164527
486030
411481
273717
491805
71730
437203
894229
950852
243422
373894
159928
273584
863561
614588
747637
188300
711732
814421
273663
339454
798283
947751
15873
611191
558973
344476
152341
55316
688401
147160
736196
174432
558641
526265
666237
146723
963468
560467
613928
206890
450713
773856
996827
314274
904797
260816
18927
132881
591590
292590
988688
389873
756693
520913
1064
315666
865389
669757
887334
70143
816917
623530
244575
891910
149796
910812
554986
629616
987631
168914
352859
438345
459122
349686
268971
363919
126854
287898
13153
718444
96840
1841
108317
853533
522754
625734
685551
904496
295491
572886
974639
112409
712768
219214
520671
862564
646378
75657
8533
150362
244571
361392
588707
703694
227430
374030
583965
354284
178281
597118
589081
275121
115311
213750
645007
638066
839484
330558
58914
134976
419796
33553
763737
132565
769119
800760
511481
415497
876418
520014
565859
120989
397758
670918
341035
625188
561301
925001
495825
739582
38471
84906
531055
153783
815008
176062
791849
654493
22973
850763
305821
442769
400668
585910
575334
169787
386670
603168
101636
263088
123182
183848
900430
37293
371118
241465
662481
932419
682818
674658
188353
721290
275916
719409
875073
90925
411823
183274
261770
434796
550389
567591
393918
467409
669853
969252
637196
56523
572420
255184
835964
211955
955384
736394
249248
326503
977859
428081
775274
177030
102740
963628
898320
895008
199389
289745
985933
127564
473019
764055
562361
539760
331646
472631
7169
1499
441883
644365
574375
530656
415901
410339
258963
371286
146733
24563
697789
640944
452644
989415
817974
71736
953043
232646
966745
668784
522391
469030
796349
511762
233086
875062
51522
81084
347693
58691
598936
305928
219408
173311
836584
635310
583650
611899
522948
246735
636462
737089
404031
89107
726504
738358
677195
679548
971004
160292
348332
493396
145675
144681
5158
895113
536095
573033
976197
883788
631724
91485
189717
851133
264796
542653
486443
364798
154553
525743
127885
307367
262832
531917
912826
989336
270275
590022
185236
241279
266666
49921
251027
412341
710954
772538
307454
247050
345571
800004
130838
977295
891489
836907
344780
672638
379561
347575
37436
50466
873318
681674
357833
136150
213591
270660
641839
218
377034
343427
241497
643700
393348
8877
56042
104303
297767
879848
351353
643338
679852
998543
136985
571342
351803
481766
243980
247716
829341
797768
298182
219012
479442
172367
871514
693033
959379
513353
209603
336413
856781
451101
496466
766481
976330
68860
870784
274097
948708
738489
433787
628561
253385
570772
716255
605188
568890
476587
852904
914584
274355
667438
133596
753798
356157
5110
963183
315537
34816
172787
168302
407949
140240
664768
174430
632922
249980
561567
907019
198689
300056
857158
343602
69793
427930
59857
674981
513173
536444
44237
427757
327151
228027
77705
597301
100537
82815
76837
416074
633983
249624
100728
41932
906216
281849
216363
55490
531829
777930
962509
246870
594338
336019
590472
664132
763949
650329
855465
793474
703125
416055
221231
30277
160434
298936
627578
260971
898104
704415
193397
532087
470391
810478
90372
892959
608679
823087
948449
140508
117369
427310
387379
228059
763329
977851
408543
43631
144533
264009
837105
847658
196416
58337
877935
873202
873625
505514
650526
771729
209929
843923
820169
680321
170753
426893
573280
779432
249980
38082
919941
367349
465392
823672
111760
228722
317875
520304
272353
462408
300665
109458
826419
497081
684147
704354
886635
557773
726220
537161
845854
452502
897437
182375
649175
68190
609268
738807
847623
375600
776889
283916
259301
242282
623940
371062
987356
941815
891366
776061
920576
192031
885519
746995
205464
86019
967701
92099
160144
210274
145613
5998
662776
43050
704726
828303
111240
830346
567110
475215
205947
344000
759131
465248
102634
383071
836310
606342
841239
244028
382403
761815
436059
784274
25162
157875
870293
509215
249975
30437
719489
911940
552788
898617
954990
773866
726920
582582
604212
294031
57798
810159
154383
816929
791760
773369
716353
628070
379711
557592
872099
278466
319407
824510
62740
860921
982386
449386
370136
748713
996175
89626
660653
548963
988243
131995
839181
231516
714577
443394
525547
772375
769905
196282
105657
561665
969651
822010
706088
865714
379602
94539
144180
215361
919049
206920
76282
417787
656306
446418
682852
652482
52396
859857
717797
556992
991852
73331
788508
222782
516725
314055
995157
802982
26689
617166
364648
996340
955528
70736
862054
335130
165275
522586
66843
600676
729506
143125
18464
902165
105896
217668
70999
158292
77526
788796
715284
69378
862127
20144
292160
895204
850551
803670
698187
877240
937188
579187
873580
892717
649923
251986
744199
331550
774572
811043
932226
20431
470520
467042
922596
576416
684711
509947
251061
762237
298743
482697
347967
677223
502842
156480
88779
353393
960150
303318
230634
413690
882505
620566
306407
532428
388905
50607
380330
163477
861650
828909
700260
332170
295951
139208
424939
497014
649155
676000
775603
464251
675049
639923
657826
177891
796403
746605
47637
272905
49924
278271
686595
448781
415189
993003
497562
804094
559962
877892
483924
421612
706801
184184
270134
519105
839745
211425
532471
488900
403777
308075
953151
78827
947998
610977
773070
260753
873935
820707
533658
440211
615330
220253
888992
30520
729608
386554
350966
289570
264447
834890
227534
487600
535427
14021
6705
375172
225446
539177
864072
629224
363604
333576
708051
311602
460905
481121
572355
334840
818181
622365
775051
433511
358970
664044
980383
88579
50598
847702
894501
315045
682592
122036
318998
734371
136057
325703
625895
877855
381232
6320
507079
744836
339896
731482
572790
800801
728956
661497
651994
547137
283862
427045
497000
642833
91089
477384
247764
658040
325086
142265
489437
524030
264301
808435
774754
916710
134139
400649
794566
515371
406969
817997
776560
263217
549480
349350
580371
278436
10848
232365
341925
294710
659410
838925
453895
266852
832661
701659
924892
674099
843925
414329
714482
624578
222765
489236
541289
873256
406237
852207
904979
329559
670204
681539
592776
219684
30890
173147
14472
558090
921864
356397
369152
97627
195323
823048
364479
27984
524707
805723
218436
884984
220052
932918
509563
959169
422154
567204
348777
828391
935763
253757
157950
605967
935296
267079
342004
482538
956578
356476
556980
878443
229226
926133
976070
424549
749181
856901
968885
790240
662624
703673
191577
399028
636591
701140
358198
58745
784696
223327
403489
720459
477084
77791
842778
928733
344870
701134
927623
301449
573963
484604
696244
803189
410737
188666
744090
676270
45567
229327
466510
224543
933001
658087
623571
569592
875579
498121
144690
176627
721449
548179
413438
714885
142322
772569
643618
487193
473703
87594
304994
47666
572198
517590
850855
499287
706256
111297
175557
268175
340625
158419
492718
273626
816507
116289
359570
208438
614411
504260
385066
852212
568791
314856
567097
711114
87425
727068
714659
561129
814662
19653
125147
386860
537243
492355
402499
759851
603652
578056
28026
944277
736475
520744
217903
69334
637033
93826
277773
767796
598086
179191
136360
166878
10399
703458
394344
97825
946878
109003
175306
761540
645008
300453
664752
698603
792808
67251
974806
396461
645307
2832
857090
898134
523576
74994
967469
676961
685172
761594
961110
283258
457137
97470
966488
467536
317280
877184
565361
264158
986187
740667
542050
147547
557473
723154
362502
866633
790405
337308
263094
952064
340140
120185
850199
380068
711531
334020
573382
396703
95614
534492
196313
552751
148314
162802
20287
981947
556338
102001
762457
542526
359020
304508
206425
916493
27662
85280
783127
334420
422588
562573
286484
279081
199110
653035
659149
426993
987055
748883
340048
599021
283375
536362
151772
948042
215516
688412
446341
771854
790413
208798
830732
149433
29658
553510
65927
573673
638790
365406
908093
61378
444331
710929
340459
643442
880317
515961
70435
867372
264844
410484
982746
64572
463198
134518
528966
678714
339282
975307
966920
129695
184105
797653
279129
213764
351163
861408
303789
989953
743166
211882
567683
187497
439163
424495
830939
319480
940456
417727
703205
721652
344563
685951
786224
807761
336821
315190
486475
676104
290497
969747
322151
990955
767400
117632
721071
634915
979040
24860
141220
238558
236742
708904
426056
192257
133399
773347
511738
590207
191074
214943
311859
51989
417246
98084
859750
270419
413274
862577
946523
220124
832325
268675
211079
599725
386307
932150
750993
881700
957010
892213
636610
710104
117469
62666
902361
250868
352366
930451
841075
59792
661746
152935
111782
78992
767371
971532
349412
696997
834110
812287
917121
182787
597314
644552
298864
499974
93054
49857
898026
50064
942071
534636
276520
575892
113655
695234
826761
466021
625685
184188
42165
287432
853475
670299
882776
620846
641832
748540
834196
992294
560828
751317
175081
674494
912222
990297
174468
5276
40155
72494
571693
498578
123483
848213
74470
237138
59799
417583
219511
685485
601772
261676
489269
971599
931976
372045
592446
90160
120586
426642
598806
197766
694311
290239
872260
606533
280536
46729
128162
837043
635575
699855
335621
759058
64420
926444
512548
124220
344027
732059
326057
462151
510088
815326
433751
958416
187371
26197
564928
307957
969191
163734
505723
179854
970325
894336
302740
250861
941065
430902
87905
92992
130757
939878
852051
711529
866322
364599
835749
210350
613011
678158
188853
123099
493484
622604
597867
197208
165153
162795
505165
134344
326529
527241
314199
296854
421577
616939
64067
878994
564193
668324
488338
211302
608203
340389
922831
990877
221341
274933
717579
350704
953091
906433
990155
962928
529037
588022
160136
694191
750817
181653
344887
77346
708894
175438
890552
646823
308729
470971
42169
872922
139296
530508
84224
747499
387249
523408
254728
124942
798341
972308
991998
751432
878741
982153
714360
924130
570175
874496
618321
320992
572502
479561
914690
281396
654999
321594
444572
480081
792566
3093
353003
448214
49953
953580
712065
953555
476988
966793
78497
275329
939101
586848
543113
334194
569001
773826
258325
655529
164674
876646
492873
737176
872559
407564
534925
527559
245510
495849
7640
554428
15294
876995
2642
65248
830575
714707
18803
823915
681501
613652
99244
620602
200500
158710
954797
285854
448888
729474
941383
613562
606120
434256
867091
478680
358172
402016
522591
603683
414217
46583
674463
429511
923578
677106
494759
270506
908165
29914
94421
589666
159919
710018
726621
876771
385080
197770
162625
833968
927244
104008
447530
49716
54617
314621
44748
412789
232989
83691
532824
647206
130274
723640
76718
53853
400746
87829
840711
308911
634096
935132
414930
794015
161502
141551
670786
546582
855673
349764
380550
299269
970124
344433
348985
24741
175406
910086
953883
408396
993777
486707
571954
124052
726699
165024
694257
127445
769206
534968
952709
403302
986452
367639
713669
664307
25542
900807
210889
397567
250571
107792
696836
220696
968577
562173
245437
143983
472259
715672
68731
466037
718732
157038
106441
445431
322062
800698
572877
607620
852018
41938
10922
354822
925929
240943
535481
951471
141751
746371
349038
392322
370515
562226
613018
339092
124399
374808
483075
596659
90480
68159
579048
325564
225197
685489
770996
63611
2539
860225
671232
370909
902163
198506
725731
828092
439450
261213
295915
581201
523936
161305
973523
410803
723531
102894
749895
847930
477702
749322
960941
84534
817481
539989
410099
559030
741830
697447
622642
744369
557672
293874
115278
459835
8732
357362
804279
448182
134927
100194
29383
658863
261499
519259
586018
985030
622153
335913
349312
616207
601587
826606
217093
935421
366595
143544
494451
108426
840991
633445
369147
398663
443671
484426
374850
452404
358140
179129
900586
493067
279323
446322
668282
57174
965581
254300
558556
587734
106565
424221
720293
708152
250827
937386
159925
617422
80931
654377
242200
921922
287822
611348
836938
247846
612126
211788
700250
486618
907270
600836
496037
702945
47158
164319
276472
529091
934971
835028
116825
557888
259249
353470
266040
510076
290857
942318
643851
888140
596695
402403
326414
400869
530103
163352
648715
658581
891493
865317
145199
315115
466154
641236
18060
29664
321907
294532
558756
773230
645913
191933
331118
421514
545404
113511
447943
352613
55829
91794
240753
168876
10549
567167
569745
540653
246872
734813
199234
654717
600130
860786
969832
582636
18374
504244
128653
340282
798777
203761
113512
961042
912046
960983
382556
973802
74494
830499
326415
130323
438645
83520
299199
449195
167040
385296
506200
413912
636461
221786
68629
752944
82572
554813
851932
617299
59057
980585
473933
374186
184346
103797
335228
612745
64780
234137
586547
139274
64636
912963
269597
19634
512835
85148
468829
679875
470445
491381
93787
623258
713167
678768
376202
312092
749933
228135
929391
808991
725072
919676
699529
909419
23473
551110
38516
604606
785247
625063
743880
366235
54378
529830
385869
567214
131330
854698
247089
118127
862431
857229
741386
575599
535997
117588
404043
802283
862075
849786
611274
587148
769462
827155
12919
309287
378265
51435
913893
163512
676498
174126
529748
730877
220308
915617
814443
351638
286668
61532
986118
665451
918761
727504
241050
971111
361444
161445
773394
223520
11231
901020
327020
780693
728175
339939
606333
622793
907726
36578
302657
100576
210704
832405
347805
947364
264375
162248
815355
67395
223781
801473
732846
658894
528977
490249
630005
406773
651694
919751
630293
179278
337123
473665
476323
581651
329956
82656
204444
237682
119235
507101
338259
846291
855859
202416
793656
636586
364665
609011
220333
104798
410484
469531
763692
455813
959780
910050
862586
127827
346153
492880
307105
683277
482897
783428
264928
812854
382437
985724
50536
501672
492825
905147
347963
865036
623916
657971
501622
988581
266982
238307
609731
677466
707839
889775
649631
183971
316177
512218
311798
662331
521450
135255
861960
4347
435036
643240
817201
817473
628964
384090
835497
638141
805589
699812
503178
429505
357784
521152
934438
624766
759460
60521
818585
983651
950297
468216
167622
782826
980434
995773
445157
501884
647380
823469
22584
82416
466709
356137
416241
95673
740227
768090
250167
62169
467903
753345
8026
825687
790849
458817
966805
66661
519338
785390
50312
985987
769959
217935
768814
266745
730060
730323
284982
377440
553793
307566
976209
536854
663703
908802
632528
920283
676893
399047
982452
144796
152392
506830
970483
459593
965647
937288
526255
484986
239031
576567
987325
525342
310854
756139
792087
557266
486463
77069
934707
556608
900987
427268
93462
81043
336070
242342
1326
12963
641389
500130
157759
310133
6960
644594
769727
488960
98235
295982
490298
337266
388901
477623
378960
216108
233763
171047
773374
236578
764469
224433
309538
665456
651701
403000
262851
987772
161695
264177
517087
319436
280659
191199
629570
803972
835793
915649
292932
934028
727983
783230
787646
116884
260853
166606
332992
10968
854006
622719
763898
618475
847152
73436
800283
498854
992789
63135
2978
154484
843664
36417
473920
124324
227616
619842
928296
579762
535491
737580
30142
263474
520810
817789
896711
298015
500747
746055
825336
871105
368774
589234
5932
732279
662671
806216
747485
655460
385703
266815
326296
229367
303232
316568
870043
530849
936411
314691
110611
988254
52271
140753
768081
89433
474894
181144
903801
491994
927199
729137
879451
812326
318371
885384
544605
497394
207952
808442
152854
593655
75257
995502
339374
378489
312071
725770
425690
764834
40461
52653
753088
609085
709759
37521
214870
184653
218665
118671
192999
145865
847808
72451
474543
682532
957835
19148
179926
165787
827590
849133
275794
419199
844635
615168
797688
156706
340938
739731
921540
897752
792384
190981
506837
502143
228502
721707
686797
963520
356731
396148
625737
720891
468599
100280
403423
942786
635780
99702
624925
979722
948835
900719
398921
793470
32240
712961
950177
889530
452692
388069
787282
245077
95402
810471
747220
840257
48531
950369
803777
405262
346518
429514
126153
331469
46146
45929
790608
681926
145631
415533
661648
610818
832605
576921
404288
864845
289882
870817
270727
742575
258887
58010
987652
870641
868481
251224
710898
433364
201594
514675
838626
64464
460541
481132
912285
506687
43413
702893
704965
705396
634779
882965
316214
983736
459886
720502
364933
749769
107672
635660
8696
366559
693670
512700
753552
78504
763924
464451
511868
481870
979126
866847
546334
439668
864331
974972
462707
907744
677865
167673
613140
828996
50638
929354
812732
26877
166208
177665
292998
273880
813326
301694
156791
23348
814394
910344
618204
94670
374795
130073
576541
870273
513272
122875
826293
377603
97847
289001
801699
292065
973026
931191
637413
540016
376897
966498
566893
59457
660515
859891
333338
990193
677937
6481
13542
492331
433177
631746
103354
807972
278171
679895
194598
307795
319122
20891
201750
933322
826244
519801
741739
315622
450992
379152
855639
344241
345650
422532
403699
522518
798776
253389
512711
476713
259870
42605
485397
209400
190704
588751
533724
468875
268646
728322
293023
104120
265566
494773
37442
608162
14575
779181
923785
981919
674686
779424
326161
536688
718308
246212
59206
517084
499601
571918
993798
275823
614523
995547
485223
805227
584298
535300
790455
369296
263622
83478
473416
45540
94603
510859
653703
109178
806392
93840
91098
481078
873264
933611
17767
107924
179823
76973
625009
195776
165243
135159
987951
296119
130706
989527
617698
231356
524827
408153
600652
304801
7983
590420
350342
102587
617631
520397
728117
424024
614237
335567
905102
3853
785530
439221
111777
965353
32547
253138
677481
197790
904649
665433
10261
551707
171312
627960
783063
696139
552465
900067
940
560449
490488
351282
179388
108119
871679
423857
532143
2268
759425
953598
6121
544955
909171
117899
26661
941718
887389
704142
655861
792039
885927
666122
343746
57239
294082
643162
753378
362900
543229
270671
923349
33717
138305
619089
141837
526337
42946
190332
528605
802371
660282
534727
863679
569454
168978
890340
27524
56367
110834
199737
364758
513114
865860
708505
570353
676294
351667
840084
39194
411248
627107
478895
444966
765412
614336
103155
291749
657283
809839
820355
976006
986474
355082
839685
72280
40412
246377
99804
96779
873564
815894
461538
386678
681754
686395
473383
874400
554414
313467
429947
482014
456926
425194
926980
222339
39531
546487
514088
696814
872679
850795
672820
859153
205877
28858
931433
762641
791587
547589
859421
665151
363483
837311
568181
561589
40058
41565
952342
110824
871384
382289
592838
328311
323835
36171
550650
363366
582658
581090
60180
971689
431886
249353
830842
154115
794563
278627
916757
102502
342569
292530
767654
706052
129841
852187
783994
686251
893752
736336
797075
765137
634977
906265
609800
958812
942436
676802
322179
41447
257892
898711
13136
206130
664416
360331
360246
975331
155310
793355
77834
497879
85885
361840
720284
732078
214027
504278
418329
107780
756966
731756
389269
391943
154373
515421
867107
613162
192223
705638
654609
966467
120702
184097
172598
301470
60780
49196
276802
216091
842551
354636
713970
928436
716476
434254
176866
446855
454884
595195
554635
211850
843303
460256
120145
997676
975677
987253
610838
684252
209243
781799
650720
329945
482249
339670
631416
543029
388866
908218
275472
747769
779206
989443
676205
12034
940049
853071
458889
394934
964618
13525
123136
324273
990133
243282
838301
965811
230535
965492
650063
439778
263643
817135
286076
745892
156805
917492
805274
62023
342062
80746
809792
121268
586541
2349
649654
42943
371772
108543
437877
336390
638420
561013
177015
628554
320647
15317
110717
67534
980809
277132
507313
244452
94268
309741
506697
767425
743585
311971
829449
85647
909069
155593
723267
11963
157943
372921
54906
529715
997816
9135
382458
152589
86500
559473
781143
407148
91142
408212
474682
71951
201696
498347
832756
812316
808088
855805
579742
551673
167776
925543
153672
593197
81136
876939
605160
755431
766212
660066
285147
280381
669201
183957
432970
755702
259782
730465
679202
350925
138677
153884
939228
340373
652232
771984
669042
976672
144141
248784
44698
311917
690679
198370
421467
771815
591662
26627
43599
357874
686694
328746
154607
872247
29055
587577
144301
288837
318042
823503
639762
973071
977388
578991
829797
145972
867327
498839
122644
11469
263975
167342
839738
954654
365713
261205
242821
473727
804185
286420
347953
7231
131518
502561
879478
160573
90138
23780
965763
924533
847283
605525
897604
341023
700868
243753
486995
568196
742592
609640
96017
522919
293334
452107
477573
175399
229665
720395
649126
33850
523167
997080
41081
171038
15993
436911
331611
106131
460691
297374
547016
824327
419252
960973
681702
120120
204726
168698
204668
463671
294690
817037
986590
104376
269145
464164
279776
15162
700911
445254
49012
740430
442334
606445
911468
974679
43356
759432
597163
20400
573158
144179
844727
992410
105152
526429
628883
826231
211479
833551
289902
22521
166941
276492
126898
952438
257008
406674
967600
474271
851928
16612
214702
810615
623057
126170
785294
182765
401954
382457
203165
975113
526637
564244
967523
148141
607026
596406
974372
818505
946310
780626
841027
113251
573471
484277
65689
830479
890951
33289
821103
259231
566253
35805
69846
705662
678327
371493
888427
80282
753950
607945
55395
796939
172189
539270
461433
295567
652029
952157
630425
598339
732784
987804
227942
822607
472081
809983
653086
363032
843272
990541
138615
925877
26346
208462
147891
221026
579955
552670
817660
850257
160615
389407
163549
849157
445029
141334
144724
97058
93491
291501
695397
342627
279305
439691
165234
751386
249674
334673
630770
609298
325214
769386
535175
867913
494200
683066
605291
590507
235737
422951
957116
912704
328710
120665
761861
773739
778351
422938
870798
871843
714439
82547
730822
510097
522239
896057
261483
771913
747082
408606
381212
72296
177992
432739
940209
188544
115806
545500
779051
867895
484803
736167
780599
813513
373185
58813
587253
151536
481751
458051
539731
712542
56950
270554
222639
579189
682963
475
351103
430045
409081
248667
18693
103425
681406
475255
291969
313564
537107
587372
181459
21911
839891
478411
835424
729428
537224
939029
880965
535327
913432
937048
764221
970383
723954
986861
65924
923269
987336
417027
353314
912769
182046
888360
16194
863453
363615
824515
177017
900722
928239
874829
922633
768130
869592
274410
497559
923168
729791
894876
458495
159576
831924
739068
129959
72231
725929
195883
995500
229617
129263
865167
658738
827661
753527
191284
691114
117142
532151
384484
17864
460390
259313
456850
744873
645257
247612
242432
568425
977403
653660
543272
136979
1936
282340
783290
74167
524622
495526
69668
270591
141141
451187
929330
968802
204714
120614
176269
838208
169118
560753
372424
629508
336418
829274
374381
981675
593238
133165
550100
86994
786825
93372
223973
788762
892064
523616
862929
416686
19142
448949
687278
676635
416488
132960
645437
621202
769926
821706
975762
939044
898811
348187
84905
235229
693813
459286
216904
287052
108804
283356
374046
895629
893080
114371
200743
785145
637987
580025
718183
173481
28974
921813
850116
961815
54773
11906
99369
341052
349964
75132
280096
248776
423319
365001
484005
633484
340640
217262
920536
965796
500618
810934
861425
910051
441658
62169
695196
595997
642194
413379
769479
187520
335193
135947
665687
906318
664205
765057
247370
14170
840189
43819
262946
779860
925172
746951
413344
782164
480565
850233
747960
497536
661167
125738
407587
619177
187907
102783
215175
346453
32514
501006
50325
884059
153305
716013
306730
817511
997422
554100
348033
837611
114271
610979
617471
39444
874282
30815
821608
354848
881048
85921
852384
58568
211659
776323
677745
915918
879106
409272
778723
427972
910278
345400
828384
579936
61413
135114
397447
58835
205566
745480
412798
319838
872811
30269
875634
263445
577437
213594
134645
458485
299515
503381
33405
511174
279704
227503
427092
675162
636775
722167
103135
63406
67568
447871
643342
645333
99337
557141
220521
304903
818973
633319
141093
691784
663589
533079
955229
757378
746674
606227
732215
562541
109608
765621
73716
389313
993124
17160
64475
146251
739328
683962
209657
806896
648185
852999
452229
747522
926492
672750
568778
745465
822422
709871
437249
2363
759303
908831
759741
505977
515058
491956
68518
141018
257577
658586
530331
767053
675747
111159
913305
931427
311473
639314
254675
959659
8666
223256
707181
935158
412359
275959
680624
234781
502183
634225
753496
261486
543056
513237
283815
574466
521545
352333
715485
295475
527272
762168
62528
719371
873327
492185
650798
701153
647852
421825
660812
656518
161433
884345
591676
573792
676657
272300
324925
695192
422878
594773
473030
965934
108010
756845
56753
145908
625530
288590
441383
152802
50758
20263
872173
440438
28801
39323
141591
676653
461148
318755
333171
138934
719452
441199
712726
396109
229852
554004
607653
652730
148777
80683
135016
773140
837528
191769
919048
463059
480359
876783
132213
47470
897046
4387
487908
925847
43710
145851
118852
21211
464606
452023
160145
184058
409575
389223
96520
639427
459579
704173
292157
124709
784857
943525
897849
138737
135295
333249
118148
132006
726384
250362
695828
623430
771101
183736
65630
331163
845939
184482
352374
826897
152858
28871
10956
562433
934447
623828
201860
394026
844353
10369
518735
145562
953894
932936
284300
605541
782537
402448
253900
508921
169162
949728
648704
940263
649817
714334
271427
495756
415168
140153
322654
568026
685377
849962
130459
619824
473790
848671
13850
834495
375392
48938
980058
845639
498226
264358
451180
280764
183158
705080
306037
868673
171161
954741
808936
820978
669075
596715
316734
600596
736869
155740
168622
422246
5702
815434
558422
995844
180457
88624
830340
555850
137562
810398
401489
635789
591108
369021
432905
290618
590454
738942
159291
761615
693684
484580
582593
879111
81295
415679
479707
334516
571420
164682
273114
577122
496468
831536
89319
676925
920161
919659
749127
57723
730057
666968
209864
837517
35990
159121
128135
142796
898064
287427
904411
108100
772007
3356
503563
853302
935387
499623
187819
23159
664305
977285
600282
160773
808822
205953
354050
728983
125612
103178
303058
372021
286498
29275
209538
838840
188396
337673
981636
602812
625100
402399
710912
397107
922107
214476
766762
857495
230451
470933
880654
894756
448218
997288
571881
773392
203241
442283
18727
328853
61813
321786
700874
348312
867413
910412
187152
572161
764438
168789
174974
389538
571188
402238
302998
493296
133066
586112
867143
363517
57045
747797
258273
21615
261438
346506
795008
464679
788790
813735
309885
850603
651873
527111
715267
519286
953876
902420
91448
718314
587561
782774
107852
158749
185012
927202
168397
318079
513314
35540
681596
86711
299690
456222
108327
561128
319080
903335
542159
624222
233422
852044
474826
885296
379156
706445
404582
333032
608865
12382
51346
196426
795156
675550
871528
980169
119105
39925
814600
632419
591818
12548
719131
407860
985122
343810
968988
304203
247145
511147
928425
480567
879544
919603
882215
258700
626049
286798
108084
751266
815532
675782
947693
127041
867684
819221
623562
986789
375498
438162
135561
483668
450710
371044
891528
952185
714854
376868
256388
478351
404368
701165
475270
283912
620769
357486
58964
763170
160636
683400
514436
492520
359182
978481
619561
743218
797702
243123
246360
689553
197637
381921
689573
648348
269317
97454
116885
500523
990674
373273
495226
395042
74438
970496
195306
211559
844334
770622
491081
521322
454022
5518
13843
329556
983999
633404
72775
298054
392880
319135
503959
590517
217408
193532
755217
3077
807338
872102
19952
798013
245375
515178
709407
836166
2026
421066
564077
362713
708040
55159
884035
678415
60677
897878
7971
561028
47635
597098
859082
440515
432585
879393
547384
166345
589278
302602
169422
396616
174704
705726
710981
936432
220904
936741
288950
739283
357807
853027
101996
582199
908186
986031
260614
485215
400262
784938
562596
964249
898388
938030
921116
330974
817424
468500
13671
406702
771102
699446
319670
462159
405172
30652
398591
142429
483745
687541
881712
357904
56920
983708
940103
481459
486091
200718
483026
402705
502008
45622
366954
400396
983653
288070
731370
801077
272923
745042
724131
560377
444488
43801
22536
366012
590805
937479
508441
74550
625020
390153
432454
198293
890213
888910
679752
376305
89628
162778
295362
107988
208401
662317
508384
192054
466739
239755
509483
256014
501149
233614
816392
461989
793767
838928
828001
384573
776408
336443
975475
917780
242948
924282
632425
133162
813192
312177
25819
419172
991308
321181
527160
716061
499850
35544
424467
482942
791651
933950
738956
809152
683916
71700
271141
477683
426981
615495
378608
719741
468290
354084
153873
711238
794718
786299
360752
607910
614828
386571
543434
606136
224105
586946
838549
240307
138842
263016
723249
930494
713318
978558
739646
397234
50258
527140
391270
477239
142635
769878
196980
127277
640314
350854
838515
435032
653505
715620
559294
268333
618543
619080
390822
842648
206026
745723
599308
344869
8740
838909
791715
238410
817467
47713
151997
384078
574853
543267
377669
233840
829497
91002
361117
469812
958208
715985
904844
611713
947957
980491
396398
566500
599571
303572
925501
805598
49296
524809
666819
574388
363718
458534
812798
697538
22599
964795
81616
597453
24414
975637
347645
853912
66639
225115
323724
24847
457452
744920
152912
405409
725411
65663
971909
324983
369235
897410
646933
418531
938571
830104
992919
302290
288638
322070
999828
311237
286865
597796
425042
827632
573433
289040
681544
640073
30507
5268
181272
487959
266540
850537
409720
991952
916200
897981
833287
285435
795392
996572
703967
733963
826676
213238
552605
631666
535308
552433
942903
338526
666581
884298
166158
240015
689690
364054
396440
720197
369322
577712
724508
635862
428249
134228
144166
344449
32209
493805
146237
343953
490377
366556
594269
317053
579794
146874
948719
631455
215660
407975
486333
882241
808625
168843
638608
498315
532897
35048
218512
418571
129113
459372
570785
73714
593600
714952
418164
142161
208757
80753
486115
215487
447309
596736
532540
543455
259962
997612
691262
475622
405587
693947
874216
214212
862790
29176
228879
912039
64225
447391
846962
193338
423115
417748
267052
16715
649052
201568
675228
374161
798673
677695
589648
245982
274431
638541
789438
534394
636153
997052
526368
41740
691000
916936
772304
553790
946113
1183
982182
10338
964926
829144
720028
904393
246892
503432
921108
412296
221353
112688
786458
20026
790384
376106
266009
64815
530999
571799
115561
167152
85203
158282
725244
776203
75218
13900
846346
21331
531435
828528
548021
12713
174024
268049
917106
937269
287834
354566
349565
509187
467255
136023
529213
257639
28482
311574
838806
559481
399725
470720
242986
484929
629002
968230
777484
704220
982131
623830
725552
29918
968710
273573
42632
142735
57975
959738
80004
345809
314305
945921
371348
781560
598297
416913
555551
626779
244840
910709
702612
644565
381429
461950
645846
10431
430181
423331
231004
928664
563513
956556
474934
532224
746481
517566
191311
320808
477305
787667
182969
791610
733588
554317
89522
331885
971231
645073
475016
216071
555782
693981
376988
453564
155931
539187
463995
102464
478870
211351
547480
42383
167907
22415
90959
430741
539981
282270
751549
17286
69937
934519
325248
803526
5188
931122
651763
976419
92547
126780
708842
648330
820761
602183
618246
976692
141370
598593
79157
136592
809945
626637
695327
494204
649052
786287
924945
705386
584909
192847
239024
654847
643718
564273
974725
648906
11747
142840
141678
104295
269620
366872
268977
90381
485407
887223
583426
143129
485816
178935
279721
295761
321924
975049
306318
487329
761336
231263
192715
346245
940462
431739
517444
100532
512364
8521
749439
524112
151362
407469
628407
937334
290693
897384
544068
776101
300959
127494
919230
786775
306429
715304
598889
628353
690353
905207
632034
968041
652822
824749
830638
109637
772841
864435
210169
285205
389308
475960
325669
540670
399781
954076
994357
690475
367812
538425
982928
185123
665919
418510
488251
488700
133814
603492
633405
824167
25051
265440
308560
677873
606541
139199
303862
379382
519986
514032
664588
909294
506344
990257
966317
906126
460686
960674
596601
344850
499099
95881
46326
681370
514391
534577
686422
648206
138069
836179
988725
163120
617971
297286
357345
224513
952837
661208
603895
472823
691592
784835
898469
197936
291445
864786
104062
268483
825460
217015
129685
840911
312896
176011
522281
827288
710588
725055
991846
365009
561235
980571
528129
179206
794209
401827
403719
263398
63035
523967
252573
754627
308802
151043
468915
116599
15829
572978
385082
357642
306345
514768
198553
619242
207131
237187
962882
917720
962242
471080
799081
39829
968003
327211
219036
278565
729038
139107
541963
308425
179426
794537
579404
488229
461932
48319
604828
994113
137649
506263
351755
443995
537383
550309
579589
744514
303848
542471
178586
266090
13551
977668
305920
497906
304879
41308
776471
550269
696767
318435
375046
876194
629324
954450
880775
91256
519121
1955
85369
656771
508218
953477
100766
45601
503786
680355
790116
323986
739178
485054
590076
269081
462722
412348
766987
283953
970008
543459
834222
666776
378246
209268
542970
7570
680070
423745
615178
199192
425700
216899
855963
450271
170376
473081
12224
190514
669788
318692
514500
408966
803747
620929
678047
266469
549629
961386
550423
519638
504845
900997
702766
399443
626618
762088
923365
306688
702185
54895
505880
644237
271795
878195
94508
958523
867628
106733
665390
537416
425425
179890
946382
229172
317171
140781
11994
866801
102168
562417
902791
123365
979766
121909
522809
606384
883997
962526
913073
586182
17422
935305
230419
805569
329853
841280
764092
197481
948013
429482
734898
889790
125725
681280
635315
959248
822062
647309
826049
440582
726078
245192
563947
705844
367101
603108
312229
767450
565635
225302
353632
99409
676959
100404
904978
6812
941684
185422
204294
406049
131257
939192
812191
256982
136824
447506
216230
475238
611167
558632
915820
337245
320176
996120
559442
687278
599228
871671
454728
681215
613325
324713
296976
806636
941469
201954
813449
399505
903729
17743
805554
34986
473287
134097
808320
610111
581604
540902
85350
709123
615886
517522
562721
936063
513642
122163
139693
629223
510186
110773
826790
639863
435486
123767
446499
376955
842073
776300
776460
745802
310395
98366
297140
783682
232464
621812
910146
330420
162715
511848
555895
778601
29370
118616
231016
543013
757131
370709
172236
783669
481483
515378
423532
433321
639145
386384
326629
481219
162684
619441
743373
989432
234160
40514
773114
982976
662326
199612
313396
341393
711460
385643
636347
740831
20612
867363
800196
777743
754425
488784
561413
752260
4162
501297
185581
643308
887681
28562
640879
566718
648004
384252
556150
398516
941118
845616
381492
119797
45229
211240
461190
273041
596883
97537
530224
617495
481253
330420
395239
235678
819204
473004
987938
339719
490653
689871
983027
894687
234786
140258
461405
399142
524510
533907
797658
981981
895875
179150
101778
457456
390390
79320
730498
987273
693210
260722
121121
174463
107495
32712
926493
443051
505716
430783
782770
512721
120654
282149
407408
871792
422407
868813
270934
463270
919072
68592
445251
331300
247742
63381
305108
638132
142701
551958
141758
835911
812681
779231
526726
436528
811943
453219
879579
834011
884002
662350
346732
521009
460851
754141
392801
883259
139306
663736
862881
574731
732328
308132
906031
496423
887865
211139
650907
30566
279450
309017
382830
608483
88248
909556
45011
900191
362776
924590
734202
763130
103292
597287
284139
564144
351428
193293
963755
7086
373381
826636
581817
622061
651120
4200
118484
538985
215340
769392
85903
11142
594761
468733
619625
683010
894642
664636
583201
257418
105578
833756
536900
725223
947395
337392
289367
298823
530685
769474
305909
420418
112462
404079
42479
763582
408279
160964
818919
139971
446708
904822
151113
41469
889908
770738
240831
784550
435374
340385
558320
540953
690493
95220
266176
637888
948964
71895
936711
996001
357721
758972
416419
470183
163051
458899
750117
571331
136215
569036
711302
99275
473858
862416
657096
363766
149506
897928
664668
584881
238313
222988
642186
928806
834561
424714
83046
783525
496609
536109
779527
370682
295081
195946
840865
974485
654845
590982
62168
307412
160018
289822
406687
150228
668590
63784
30347
818097
478064
695015
402978
716377
434356
561516
161535
268917
986230
244581
52442
999191
780690
348321
369873
592123
544268
727090
82960
715465
318072
145128
22878
994442
434951
945917
144670
103541
9701
691369
437990
487765
902737
840968
720494
337093
918836
398381
606010
905066
159314
174804
904257
940004
523126
790482
48480
67394
517572
131440
299211
835644
792921
838441
346438
227872
784359
7461
847765
794060
698830
285756
798178
601567
643076
35024
938660
561913
433406
61022
983331
592720
752179
403941
49077
275305
194423
613909
859051
711996
745349
674614
63992
538270
513056
410431
282494
297415
417892
646612
607827
633074
932368
406005
234642
91796
957382
689654
170061
907140
267029
153393
16212
19208
557334
581641
810865
268109
195550
669916
980105
457252
344530
560450
995522
373938
970881
794369
671353
905125
440981
279181
538199
889701
201538
772841
497849
158920
978848
667911
582412
245877
337656
598625
265085
894990
180266
75950
163099
375817
262218
659557
833069
123100
220007
344943
497039
707240
655664
168392
612365
96645
963925
150564
502698
165464
439758
548
840736
418606
668459
423149
180835
6115
538126
962272
417457
718392
554574
96908
610561
816792
272817
959982
456244
9176
821278
469635
716416
476942
154380
845133
89940
118305
995698
592638
800121
951808
593186
640858
886766
777997
580359
67601
300464
118485
546225
717921
353229
100799
331182
963791
433943
603999
440125
890187
613176
261403
876175
845944
738346
30555
691078
344638
148860
203128
937276
465334
154936
46815
622544
558054
341164
202903
142007
641629
837740
688232
875902
190969
789031
207084
671112
222974
811084
627590
629513
940612
888993
505688
786556
143691
536243
993986
488329
201456
197114
941958
666790
868402
505125
289334
426456
846289
8589
568463
487918
846329
256695
363821
553650
562078
87257
741115
785052
414693
368705
414566
355305
774050
920254
658214
917742
972850
652200
922423
174306
849315
380733
357448
234069
885858
646782
660526
248500
171723
745341
252770
534404
518389
132943
88054
80467
220201
345521
381872
634894
714226
796438
506552
4629
233044
164766
922371
722246
333318
361146
412904
698985
258232
770352
933055
660442
933486
593581
908942
105209
855274
161713
639613
373663
811008
244020
454131
31209
589541
352355
182456
820120
665145
689008
824749
414541
370126
263472
136788
219796
624618
549692
918782
882850
320045
851837
59645
253531
961770
968587
875093
817044
646652
514706
707060
457661
758726
677543
5222
348268
29898
187678
168388
695043
393038
509489
109584
279516
772961
246372
15665
913931
312417
934447
313134
148814
302636
372779
402345
780758
341366
793790
114154
504371
308497
821214
962032
67223
15109
483606
931843
45007
187637
616583
740050
97027
126072
365987
892896
899033
128711
908561
812965
441128
359360
126099
589942
661996
498878
508640
959106
356596
302430
73260
860967
127279
410827
339351
710855
425936
339310
642698
470944
526947
775634
727346
623974
418058
609685
516870
833444
738397
425431
646409
695877
784791
288860
285820
963139
304090
310812
922245
177038
129594
511858
554358
256874
922685
410061
967729
348621
749371
126779
335917
276318
902413
579616
900293
836824
189301
933515
670268
444050
875299
833029
139928
176442
638241
942100
655934
458683
769264
578179
635721
898858
606389
706431
155732
45426
116493
639813
394048
865864
282945
246317
142183
701710
342285
558828
538534
47939
8695
208802
491989
883994
41831
148269
60437
680072
606721
716371
138755
375985
810902
290829
791196
933644
997260
463280
979070
113753
103094
889470
979618
386039
135788
638153
87749
994425
713333
142636
42364
722028
351438
50706
606023
909622
715327
182812
589694
322049
415535
244802
214386
226437
535631
5582
160081
49243
468863
655504
162997
88309
544974
658967
990700
197114
813472
594801
191540
526805
737437
750256
248833
88876
800962
371208
998498
516290
70372
104544
354691
485907
865698
569077
712345
401329
574660
388778
966925
559875
44282
646274
164536
105609
821593
155236
302723
635065
750037
10615
678222
3827
760872
443407
609055
561834
814616
607553
594476
401340
228449
949167
887248
94148
34597
115945
11829
609257
504723
978754
685484
65358
141380
850020
687319
962973
5256
990042
598038
271645
658
792612
791824
277882
236020
400879
356068
566988
524784
950545
968328
753234
416064
855576
847382
450661
971521
375563
576270
992597
870670
261754
574307
12050
628126
261626
975024
149734
768020
89414
937732
285030
882027
729556
562912
634399
130436
918981
201387
655220
385878
686067
408454
801942
541644
772188
768956
29517
664104
345226
538466
534774
123333
112773
546824
751459
890751
38200
901194
658772
127615
355278
943802
525994
84834
506715
160393
215270
425696
361780
870491
811574
564199
795297
129868
622195
83838
898824
651713
747942
760403
190179
282716
883736
819305
829540
151547
710056
867741
569093
368828
511708
924371
312631
37702
9206
335698
198095
740828
761394
76227
611319
89320
640426
922969
219188
262622
6807
634365
430687
754749
394768
620866
553817
794856
956523
383357
462755
666580
767450
31849
35408
795510
472572
864391
833212
998130
200089
547659
738959
477835
623886
866630
567155
264313
789599
302696
43287
796406
453413
473974
67507
364533
611192
621324
159389
567716
521034
622144
234296
804836
170345
786056
600347
159270
166800
433559
157400
366889
981219
896359
844725
121457
279342
928232
902122
68941
747280
945409
381700
200693
935735
449207
565226
546928
586884
240967
630996
107918
379464
865292
429106
549809
167700
29453
225431
334500
979365
382832
701390
476936
795543
62467
598393
74885
507051
500516
660179
254332
962277
41879
971377
898013
7438
52956
961293
594322
293923
592289
218592
673387
457581
647699
739549
141633
193504
964980
476134
172869
864164
693876
649805
659708
272695
248199
250945
779746
265067
911124
550430
227344
953003
38160
641709
476794
91116
603002
587468
385039
195291
806061
574779
169224
970112
830680
310858
163616
312012
303344
852838
176177
513572
18995
352237
786267
783546
119534
82365
48613
30659
149148
792310
500014
187308
434019
493160
794776
553374
80629
696167
748665
403042
787298
434242
889506
617978
261452
569474
929991
564796
422312
622520
594720
441308
491109
897339
224854
610643
979704
789820
157654
645204
582130
657669
348864
532501
667181
143640
85875
747810
356160
350893
150852
143458
301487
40358
761437
562939
609833
207780
644087
548497
830300
238807
989805
321409
136146
731012
448404
632202
520832
606059
277407
619314
780080
626271
151815
447261
286264
754043
195072
642424
104936
862276
785882
406423
418987
63671
485714
545172
271451
129801
93669
618103
884960
599827
455864
537458
330839
904269
169660
851671
510328
963419
470985
806760
106043
139152
254021
392307
893195
965445
551083
514483
827722
853317
437258
246709
916989
922972
308233
188440
569125
401902
322896
454085
1729
778760
991543
332568
683029
677556
700591
709709
640975
687928
516469
263370
827081
286843
172029
236628
252288
723112
751112
596362
576430
704722
359423
493419
627695
667656
198211
713172
69559
521107
167258
587640
816220
675153
436561
499249
869061
653504
725311
510037
341433
758132
289759
684866
44975
461789
437846
813616
184901
705310
409978
277683
410033
769402
771102
554080
437058
485666
267252
22969
523125
434510
610610
339345
626016
563523
354947
495077
217027
596610
521466
558460
354742
811226
759678
916070
273015
197525
729686
974268
419187
139664
251952
829220
425418
539406
383300
378829
25072
650553
401798
64550
601415
528760
920247
743783
92283
791546
238861
825663
388156
276679
900475
742899
87905
660154
658969
877272
374031
905007
851541
793218
44671
103493
138791
470090
642899
522091
848919
184324
688996
767069
765226
806764
812182
685473
550547
904465
477020
305760
730128
381528
582440
146956
640779
186697
807110
816100
63970
697493
721107
431863
7063
765779
51708
145854
752221
210959
667946
117492
911635
873294
884561
676861
680058
696743
878687
746958
117561
355707
52718
364041
253587
635158
510997
894367
338208
834459
710467
918530
531952
431575
866745
539016
713706
918453
684870
465927
645764
869168
583419
557400
742463
467980
750613
938873
681076
629300
685831
798637
501359
738550
679030
754947
890060
190028
649314
744620
24487
876133
663150
72792
307708
529895
611808
21414
964700
813030
487341
610465
682199
587112
684217
941014
571445
434830
396239
252521
580483
82071
567510
81842
336973
246540
353141
743385
952920
518807
488006
977408
394941
151156
566552
219001
197404
178360
240416
162104
507742
244109
772569
706293
347574
973138
647307
919019
407969
559899
687892
988452
641970
255402
586646
495295
18294
456140
238680
971215
974947
243038
464975
886240
394195
31527
621594
107951
726239
378362
270055
233981
138823
558977
940275
486397
532115
103934
921768
456436
663833
609660
444888
822155
381414
547887
833802
399709
4027
72483
887276
495326
315521
352251
897919
226068
900130
519513
334019
626369
414227
120427
376702
553050
679404
316977
39448
727871
937264
961216
184308
117449
570877
145548
455957
468643
693435
289759
868352
213814
362242
755628
225493
194116
624231
639764
936536
524361
675629
270556
150730
89856
390983
527433
642906
586739
360762
198706
314610
814378
159923
498918
931828
247152
644467
387785
715795
854254
677544
100500
68069
556139
372480
809914
266607
996712
449678
203143
521073
125307
990051
188156
215163
381034
715589
374421
484125
592703
573128
798736
407082
733051
814006
855262
496555
974825
243047
728702
829080
436943
829202
413501
509434
718035
223415
776041
714747
189445
495537
752172
314752
485588
940328
46267
866623
172269
420688
867100
281325
993816
665836
688407
243219
996195
543669
739774
971020
303068
984829
800100
256363
330383
729953
765798
48418
953368
58191
279517
142813
553728
31690
973917
39317
488370
20184
422292
176992
957225
805744
458317
951041
471581
663076
710613
984128
206745
966739
955148
26165
951568
271601
282528
281952
1554
564678
846722
471275
139222
126240
130440
209302
674282
104358
248619
162652
640894
187263
339644
114471
993008
797961
65513
980941
461037
776126
965069
184134
742865
436569
726651
210786
708170
525532
9090
226077
606562
855812
697352
745784
982052
827792
955087
172686
448502
720058
335339
605749
907322
674983
720220
416682
989297
302085
913975
966686
78211
395396
667173
337429
831965
393824
64567
56488
919356
73657
282565
525919
929469
496269
788055
427874
840413
743142
600560
288916
979553
452251
894665
403227
127235
131237
819909
632884
433323
733884
115922
27886
645632
783095
365315
993949
176920
429882
50437
612628
19891
849354
654899
949361
345623
442955
893587
186037
702449
494147
991305
682002
946399
402322
85229
589986
533559
421490
739222
966882
671726
855144
994769
317358
154592
876436
311308
331512
822671
878097
460492
842562
727452
115392
308275
589427
74699
201862
291816
777148
212362
283121
975503
675113
201795
60732
781451
735355
482223
520673
702237
670301
892169
213358
987660
46761
89795
298968
894625
912466
177065
355118
271380
420869
986862
579656
10297
577913
781518
818465
871413
510232
101587
846916
185345
303382
424001
483148
555089
422576
3821
257327
92877
412343
470685
80537
459104
76832
895857
870082
989298
72923
741552
260679
10144
728414
356687
20441
306327
654557
838907
177740
164790
456846
541009
866487
276580
965010
349636
831670
387586
869809
605349
480463
282152
592386
77353
257609
669219
973210
127691
174869
562485
869243
951900
572630
114009
308587
109423
936688
479497
464682
630780
644287
437880
171789
27126
714461
653151
376762
62483
40737
762924
184184
37553
45076
776570
114906
819037
962141
604468
946728
653363
166954
332323
605263
255936
962684
430203
881711
899372
909700
346394
530153
70339
784274
218294
97465
15087
871446
990580
593922
428535
753504
778106
982440
314932
71029
613698
133970
549522
218167
80698
202885
901473
929374
808149
157409
892058
238352
39120
791431
664404
901866
837936
734743
202493
572582
832208
217580
960380
822788
811503
388916
92644
105961
371356
407577
176990
985055
541547
726513
719574
138597
445750
621047
67971
253899
294808
960030
8603
850280
267813
673007
752147
622101
407750
954640
711035
756311
688572
671416
95451
16427
60332
188096
122389
948040
595673
815731
449447
653572
58596
169021
792169
504347
306420
860141
274598
601228
336523
283202
451509
120688
956209
720008
259141
880312
191000
970176
636623
879572
641592
248426
896000
218276
436522
534741
166317
548547
350472
132116
202119
925421
301138
510641
429768
607558
887134
220718
725139
740009
503920
693000
860697
976482
413008
636190
373146
120360
606366
526121
999932
247959
774547
412284
982587
211070
947025
148904
275969
813850
797373
994441
739271
98511
505082
685391
222421
908568
906109
463912
648577
926382
156912
25626
902864
86272
661816
276010
206632
268182
802131
206565
32493
576678
618849
15081
304100
82227
680337
96422
896077
477710
90863
635348
92573
112297
837091
831347
20865
743200
295259
185794
669582
452172
211420
88798
538444
873236
364808
261429
141418
683291
984346
690264
776322
119547
705345
596774
201774
902034
209548
97851
379745
816763
249551
988670
929060
86642
820017
466277
346195
115277
652071
15777
83801
379843
104576
622245
253079
985736
400026
910850
185380
384372
601114
478054
503920
822811
74828
705694
724845
284377
319898
620942
617492
569449
609613
62905
172444
945982
529182
518639
61259
697606
534416
145060
77449
155344
283658
846881
657433
683684
757731
842813
68057
875197
837219
88329
698008
912047
794023
939205
712776
113921
76500
330269
199723
202465
393174
372167
148447
438708
890806
726059
652666
941574
387471
730116
96919
671129
93349
270704
871166
851080
629869
455575
726277
467088
543904
940637
379135
854279
396194
608264
484553
472694
454885
684276
191511
364411
56443
339959
319471
463601
582370
972138
405175
969841
218606
18446
157323
311955
289150
28489
679387
919019
416
405664
386107
544320
862653
281595
914951
258847
406211
399504
247894
861096
83780
439405
741859
656575
295716
61330
120176
878086
549820
525352
364280
768426
543798
521603
596733
349301
66444
276120
268320
66860
681784
170780
127532
60789
452375
42483
319637
858586
441988
83883
236034
42120
523288
977893
698696
335357
555575
335224
729795
105396
376928
94075
873822
920727
132030
470556
786380
198474
746676
54700
781686
944813
225480
425570
5602
194207
468054
841591
52793
426394
925474
805179
984866
965115
783072
199914
300472
338648
535139
546619
960396
912067
640695
834218
349146
289077
821126
135526
3904
84155
706579
785590
28968
448411
211161
550922
642619
195567
392514
211764
138313
317988
16944
123179
799455
316368
323094
99927
171368
374585
646547
131764
286652
803594
482335
635799
92671
303461
287677
96575
387616
510608
398518
932936
959020
126031
483859
117991
321598
392725
329755
459911
227065
863051
99442
26521
695772
938888
126448
867140
313473
289347
515257
600126
609293
513944
752277
701965
817405
556306
314892
721374
66915
229762
654310
25935
355793
654521
143926
677391
47246
990033
653654
274312
853085
753097
300833
548857
691985
943633
932349
5459
749333
963958
121937
358626
477902
390566
576943
811660
946872
891836
533034
13787
121598
703696
556074
477392
358218
700000
671135
921816
690034
324790
196128
59471
594239
13313
124680
802576
473299
573381
808035
222632
537340
446324
581258
531594
836890
158202
343254
300115
566390
392640
313902
204340
96337
869977
681732
970907
86329
869220
892723
292715
194010
605204
352186
304601
618517
476866
107177
608168
50248
431565
830800
103940
877889
928411
635534
231132
86613
978789
531247
653003
887781
361501
857343
984118
747830
55428
471377
834160
441000
364101
126875
151362
485657
995414
455963
620526
472280
563140
228695
38880
994705
59495
659172
388947
987906
294707
136431
590871
789848
667678
760226
677629
545531
133922
178100
293362
705702
649477
643874
146702
529930
770749
298064
15587
282515
754027
636114
271148
833519
381161
310028
828225
440656
969201
733524
944915
780260
869955
52138
86460
53985
812365
764089
115868
462639
942189
409230
168341
108019
53104
315043
637949
340206
129459
169889
622721
883486
322355
410221
717005
703516
720250
61582
660524
205803
311458
121791
502415
181413
173930
588875
751750
502647
869316
867619
965286
327858
793201
133627
435877
846306
965022
590178
702864
94481
760067
841937
494319
82422
252159
727676
785938
488761
305611
962815
210916
617069
84606
713331
314835
258536
818558
66585
277535
687874
934204
242821
15732
727406
892800
451609
90064
374174
41788
309280
468655
318207
667569
479326
916982
436080
207003
219272
924841
512614
182087
652109
129683
266694
365440
444518
41582
183998
27456
319118
871873
478012
78291
403957
721770
971092
855567
811834
345266
413707
637466
330274
248266
305036
809600
165248
257468
532955
384521
182310
45569
82960
834419
691605
349654
716212
652475
907589
416562
679931
226707
804787
674296
304998
208745
396066
792442
580664
207901
654061
510723
361719
984335
758989
183107
793935
924238
440576
326891
825111
139238
888812
908071
490009
96769
774078
722573
265597
198019
655488
945528
424726
460275
619824
246076
185372
532243
554871
766036
256496
208932
276759
618215
193267
552101
317675
503554
992691
758251
346797
817802
413841
751962
242225
903850
848731
532655
142776
114328
730674
798264
576209
671752
258539
712385
434181
960264
244628
989052
242652
501124
197984
35764
635692
907603
587865
953367
927509
580556
227970
274307
914710
641811
26269
673287
62013
391352
205943
204789
22033
936617
519405
114594
608370
294297
343331
42551
254561
587960
547955
497213
605436
262291
532977
757480
169894
637194
710847
97403
734102
455169
888062
648812
96980
914331
322100
675346
822036
528043
396487
844069
981012
915893
475015
105734
210190
818346
664637
981103
922658
212592
478316
528095
474883
527646
285575
161129
681192
512775
258533
415295
967944
146595
64107
581277
577279
902559
772975
915667
946954
169462
759736
444319
601707
751103
550053
811897
569449
214691
309352
492108
427283
304021
536555
418519
831667
338482
579648
29211
851257
354533
444506
335554
501129
24966
433183
594760
443877
206158
510427
390832
375620
786515
835151
977328
537618
901556
305577
107067
116247
614930
115527
59883
435303
652082
994754
266970
990565
574402
812533
841822
928936
257040
693728
946417
282006
126911
57529
725883
333069
84308
633067
225042
870823
984570
718722
924793
886127
540651
548212
2374
671933
663740
578609
107236
315822
573363
890558
306387
664118
703092
664562
109406
960132
874642
572175
758490
1554
629704
725
850975
714012
150145
592369
101187
134715
827443
542332
20842
368095
90544
539569
556380
270636
118178
663617
102811
207894
70527
925550
872012
773619
106464
981418
250103
981107
553593
524945
499013
183297
42023
866340
413661
708520
458710
31200
843235
286153
89884
380430
170600
696780
919999
243333
967417
38177
423302
70228
246071
493829
512130
634435
783801
618595
615853
550256
599702
169446
591554
615067
869095
149929
481407
799108
858449
456469
346660
701684
258975
436544
82114
945927
133325
518465
189260
100742
72995
612562
687322
835418
106392
199452
469854
406545
334399
85707
473153
450453
771506
64707
65520
156953
214636
63280
956062
589437
519749
302722
807474
778724
739267
405940
241004
872592
924406
430264
489686
997401
42827
693360
832819
665571
409164
819025
588468
743564
904733
61621
710369
192591
126329
775890
349544
857317
839170
305606
963107
875271
124681
770581
170348
380300
176521
411352
769244
100927
841616
258930
614680
400795
468642
963852
66366
877806
782877
171186
137722
203962
232808
848092
396553
875489
140334
262450
249158
495856
568056
212265
371127
209089
982846
57827
589389
159368
469179
358633
776647
827148
133915
391328
227943
602557
355180
810662
996716
138057
498200
134438
858372
731008
498882
254925
606497
639216
517375
855656
135072
601784
67921
506200
327225
567120
80379
916615
242840
549559
791600
19487
893059
441868
927167
637354
44425
282347
964368
557493
936757
462569
691932
795129
193577
707166
566406
316427
346383
600134
688435
481455
201918
272708
504007
45495
839828
584387
962110
82668
650298
270063
618508
543357
711931
545675
697063
272708
828023
661432
830202
281132
124001
38486
592613
833930
745652
159019
150357
608387
275505
838792
89843
993775
111501
593850
39271
467681
694589
517733
66702
344887
787796
685210
404596
16079
230885
101660
805140
575260
763092
635342
372744
403445
190180
965357
753727
452184
640729
904085
60572
916234
259229
666767
910010
887082
776969
949281
871116
471559
467014
937818
332798
771163
623028
737395
787242
853913
355407
592382
945526
634851
744076
318270
38296
450608
283628
792023
419145
440709
212460
996069
356943
988042
662836
266953
875124
956157
732586
262592
944068
715953
200410
276867
487116
823438
530614
790710
193704
886021
899445
139230
37224
159873
973852
75520
610482
773832
383895
545979
214541
112708
542048
571485
100750
721236
354790
492226
677393
87377
754819
137814
803330
955229
414681
806798
295020
461647
597508
488724
864020
13305
144306
901244
173179
634510
493116
783661
408343
393363
845992
622884
506071
388040
710721
123173
625628
65512
615400
303021
669241
886571
957187
472571
358152
371868
795721
653172
349867
393229
658248
730239
406535
318906
631483
579714
953417
640951
879727
361760
34315
242071
500996
56738
630111
211718
179912
772091
277230
311664
75112
946471
714587
548652
935394
72739
436872
731115
725912
786740
640696
384160
516979
563583
703067
664815
659649
172836
822118
55728
534596
372785
297799
35592
429524
444262
247310
125788
216353
40892
953804
807818
503715
668391
356470
955461
741130
793342
686576
983394
96434
843625
367555
613414
407208
586974
794581
66858
759810
616699
638938
810758
989485
936738
362702
935361
381000
126365
61149
113706
683609
531305
921524
187325
199696
277994
142786
457178
587688
345715
440573
684123
189340
324480
813889
112900
427806
608470
696110
703968
741521
335049
31078
731006
788139
393780
666367
685491
520145
243868
799197
203755
775173
237073
907432
491221
515067
566570
464752
619108
912285
421677
303231
617977
746157
117120
730878
690315
241942
426988
394283
983463
278389
425361
714470
66528
819141
897189
268372
855639
657410
67569
575746
432583
304643
999530
440157
336062
566100
421261
955170
478386
842938
774753
96363
589095
408225
343593
279410
650167
286934
190045
633631
565323
615406
864453
148204
950899
761642
416576
322890
419052
497
414988
367988
305140
414518
324497
157555
496971
745758
629077
975357
588696
403831
588072
694143
812056
448018
489905
462224
734952
679950
612207
816627
811708
476660
481183
278959
754654
414111
601850
690059
414609
533190
574399
236101
947709
898896
393656
444680
161006
539086
936389
749702
942917
40813
960197
271325
488831
450102
733549
740135
646404
862108
556763
974464
338768
37946
253423
609775
968410
371625
299834
383019
904816
874233
135472
368877
289481
529129
329909
450487
584567
782650
716541
527484
823463
676738
798809
828647
643192
48711
568782
805948
427171
125545
780412
282292
679844
33835
892067
648254
405461
191901
547625
826629
582486
683097
195506
871967
728578
41767
838806
313145
824417
555347
356981
647880
748437
672143
476527
907981
237206
561662
713929
664377
687207
494341
946669
883403
44528
838736
48009
966341
546989
111986
792970
645827
795084
504828
34146
40014
546595
872952
353160
887364
944651
226493
535245
693088
898636
528124
117421
135842
89786
831350
800220
293346
842043
263241
693101
886572
101978
257463
369265
165319
369449
162236
811147
680885
183416
361645
720900
246364
234598
74060
133728
179249
300553
185325
388690
715542
229802
506111
851384
835940
853814
167956
129286
695857
431198
338740
98781
49528
596203
468047
214847
482004
146635
542346
162890
330051
903992
883790
92767
654942
474202
742848
350543
291107
444525
255585
6649
674327
278049
374386
26620
131863
542342
155906
344072
489892
10998
442854
539420
607201
427253
270620
89206
573888
329318
252096
420291
749662
652238
513059
404604
126440
772259
271500
417547
216784
527085
940549
407464
805134
314935
434084
453349
857277
106342
797422
347170
117341
756628
402942
240894
183881
189914
846452
274121
519233
614900
694412
268895
267138
723823
189852
909930
496082
461352
327478
229219
504789
268027
153035
309924
99314
587119
279625
956591
209813
593399
820113
327154
866379
739408
84401
50260
929322
930853
840733
964907
545754
535146
750155
329244
775321
940007
239175
787756
917711
566653
16975
422500
351032
686362
248776
450346
273481
528402
923289
999646
638153
259755
843153
504533
515515
927554
71145
444837
858407
911879
926097
920513
963377
676252
249758
738698
616259
5285
526454
50322
88290
59781
472822
439322
746143
237951
406020
535976
282705
845661
51975
920858
621768
895128
425391
137283
822682
12889
98473
197441
924768
24570
634307
888145
700822
400417
143195
833433
405702
186002
883755
493992
762135
356577
449666
508279
110880
855686
560607
393585
217699
612582
314444
839468
507710
256187
976751
846744
269076
75224
560538
710196
99794
194845
114693
316968
595262
257889
150401
964
960243
34156
494956
722378
907086
944622
747009
17966
316660
307617
411552
534359
436551
242348
890179
460614
498535
866931
823710
283964
458507
384248
994160
74654
579093
108854
391622
690707
883095
542024
691671
843338
92532
702979
565716
999618
163953
312726
17585
480613
136695
945489
531325
573246
187837
421504
550212
202724
804787
373923
486688
263295
274523
480849
854301
853617
589703
245923
544324
472798
304299
752348
316136
396832
455327
398204
396450
135633
710930
930387
132598
847625
392228
663923
937224
580065
601780
3788
299142
406567
894063
785830
186214
168587
783031
40515
538556
372734
802791
82880
361884
107090
351580
194372
20274
323260
592577
933077
458893
819859
379816
591491
667485
772045
255415
121061
868462
373547
124849
167604
780114
18913
953435
966329
187500
252818
523196
726056
625553
325987
325288
503789
949430
676869
214514
969704
129
323443
419133
975374
143302
798950
566865
810787
570995
338632
931848
955809
712179
573050
123414
8646
591963
593201
491327
779463
846019
14523
21871
987924
856863
347159
8066
322645
540380
222580
808701
56861
546023
227835
32235
689325
26785
115453
16465
114132
454085
464665
69941
682617
37715
709707
691263
629678
819260
182590
925493
665280
713465
947364
169556
86680
294524
177622
409325
351256
400202
218027
408118
462577
962214
440353
151903
505351
555806
168368
619483
526244
149385
205776
208861
187101
431836
416476
816779
251096
115418
742273
916376
345235
689637
85933
431916
500513
779907
841241
368122
180110
575620
776240
642687
537834
732945
310942
43185
805104
995662
179020
331348
145048
901149
56561
332149
332985
989389
665280
584081
104807
407553
16810
450042
613543
619095
881958
630408
399002
239552
514882
95464
815172
291122
254504
869359
540420
565446
428896
345524
77461
607917
193224
222509
25418
766137
71010
358403
755526
736290
458836
376685
660196
991998
826727
790091
127445
225038
936851
42800
980942
451734
654616
312466
259208
909120
181825
799628
990919
610722
145152
68380
734991
338376
807241
760409
104513
394603
635164
376391
647245
610352
753076
823793
118703
96156
613884
762500
321194
67088
805300
818488
518822
459917
130954
778030
885389
829132
94011
876308
956206
239163
461040
207549
93892
784633
484310
714757
695588
635826
91149
342834
246178
360577
166627
881233
456733
296864
643734
294279
880304
965386
112767
915478
425303
243722
693508
310693
589206
303871
703353
545412
543035
680746
752961
153279
465379
753623
868036
677320
389449
475537
20154
635627
836115
703133
33213
292848
516349
193299
587128
396653
158685
216247
312131
583989
459969
521992
411034
565527
825863
630739
627291
885250
311485
896604
38529
293217
650227
906566
970537
39676
898455
507043
191656
734570
210176
224869
543771
242878
418168
130899
639531
576853
347146
468015
677194
323468
990007
604580
405347
332222
235320
32639
217473
63157
929243
772354
356374
579471
195272
843263
619147
93728
350306
810803
344650
560483
552024
888421
319713
970192
535672
959244
63398
882819
943611
256944
722639
449970
377877
127986
782193
129549
676977
516018
192706
606221
288372
65433
185692
483645
908696
321191
93725
775355
648347
438375
852190
200371
326797
171903
686916
862469
647499
266666
261640
591111
523610
500631
41081
417839
628618
339626
547388
821947
855644
256447
428168
660369
321880
130212
660366
746928
451404
754091
522283
616103
192466
890825
816474
35615
62728
503390
898085
710228
286408
676077
301339
326371
176709
858772
744210
321679
198399
807951
143626
570395
64398
571795
747116
902630
218359
407482
165910
186115
677925
204546
802218
870392
95371
618693
422359
158100
638435
320444
868328
924844
512874
686019
767567
689583
544791
511777
11262
259542
319728
154888
346290
900478
726683
93406
803108
461395
17241
969019
647510
695166
173565
449729
81910
268936
68422
504270
427036
223209
341066
811716
664405
853940
14087
431972
59875
75231
460102
71137
334773
296182
226026
197415
196661
469061
807174
999769
930456
824415
968788
577967
35933
658705
27696
634196
927642
612470
654818
871030
352031
995884
199099
532789
366177
213186
481113
426052
288417
941215
13542
139543
753750
239568
336958
950411
224981
144132
950180
155438
484899
435321
249757
37185
610378
793805
671381
538020
922627
326199
925403
274658
838435
124502
323799
204612
337688
804913
147017
142458
262480
160559
282001
16230
916479
618959
966641
141460
279444
433174
813250
280695
384847
63007
317880
995225
856812
989261
49598
779439
315460
491353
570450
153896
615855
894249
874860
469895
699162
538229
612353
961643
215140
410706
977873
131619
546018
460867
789432
341814
894041
602682
622509
795240
665690
940390
790465
38854
446003
356415
818294
761464
847768
905096
431712
979975
799345
822924
966223
14860
877506
94928
492855
92646
505635
987080
740618
51653
447947
530050
393467
858340
132732
15976
653580
314774
472718
960398
353629
918722
833165
171923
196538
680934
77019
144602
177261
392716
483878
143484
407576
361384
238413
416783
970383
744048
403864
227353
312053
368163
757403
705520
226504
406487
237848
396436
721262
226919
873186
74891
145641
706352
763166
858531
903638
356537
3133
80899
749253
3363
224384
673182
881100
462797
89965
851483
206845
10181
78836
518898
378345
352591
740770
604849
759078
494970
517637
480340
721889
390824
71583
383882
97176
834749
758765
517166
191286
278250
598065
456892
281614
822449
130074
162714
285246
736391
530549
8443
746573
125737
43693
124918
478328
300815
246119
753758
312138
763756
750451
34027
670932
822034
934262
768108
656784
693027
285274
364422
971278
399692
821314
252892
222141
467740
931958
23740
204132
462507
548535
467057
588244
108581
591975
582924
409396
354446
336682
721534
118202
87133
271914
789135
425520
722528
73595
598656
415555
875222
963078
386833
274914
300745
156077
13407
768485
88035
553499
972617
66894
102035
956026
655138
210616
548001
754414
136364
902447
91097
374251
537002
694582
162517
842489
120102
885045
432436
718758
816952
307658
198189
203786
98924
498934
876215
112332
783771
480603
665831
272741
547497
284218
228767
718988
11186
776769
473402
663903
195568
80851
38154
248922
775434
717023
91411
895536
602068
523848
130647
935372
347858
845188
139158
446783
860474
531726
75467
644245
12329
257650
916986
76178
541869
145754
795166
69407
438875
784921
733310
150795
865772
287816
399718
641206
4839
7481
53095
123259
47681
700094
58632
911892
545282
714142
358675
922108
245868
950494
566353
774549
208144
999692
850728
266365
145446
162246
335773
100673
463519
69083
251468
329292
356900
167538
486850
878091
691372
539945
1351
739053
756391
576335
650945
818025
290477
525972
740133
52698
992818
822839
827247
200963
822531
194327
983680
484329
872926
835805
585002
336445
421241
352822
182089
294493
520361
668940
172584
211733
725237
690287
467138
481629
266622
118084
816006
73452
160408
556140
126150
153227
378979
953397
870542
201510
664077
370574
685839
53355
206380
787193
389800
627621
140015
88242
438466
660376
757182
127402
388461
482419
817690
855600
480400
600664
490036
296407
674116
166796
368899
800266
836375
747878
270016
706917
465740
934093
77492
667931
503800
800224
971476
893600
944197
111491
981842
382663
288220
255376
510065
193033
254148
844107
564985
734548
444772
571373
547307
118888
738170
916206
919155
574545
180436
705523
797815
162528
639616
875307
830459
659768
191883
318287
69720
136080
429779
51563
35095
234351
823291
61512
427384
77439
905620
992370
328340
350392
563743
875647
985632
818265
308206
421139
392811
488642
126662
190626
651171
282630
582285
997982
942398
290520
316270
12119
426600
262401
580034
978047
496752
403325
39559
440488
997117
461531
432858
325457
811923
512954
717456
313908
331219
25662
735047
240382
30657
861710
947360
198180
144340
45997
712514
86739
336517
28784
98858
279469
807537
678892
257516
820641
598569
813428
261130
595686
274959
210340
437495
603235
239646
154952
917143
570866
696966
652190
327600
243975
513900
274961
442155
174593
837310
154670
261332
173828
699806
876542
453297
507344
71786
227166
327985
670355
40594
589115
782394
315553
315808
219889
918788
555454
891193
835931
642672
104512
4474
970273
348487
34726
761586
790643
209319
598896
461665
987003
289076
161471
379897
742374
185167
451683
969540
513153
638391
526486
618620
937137
842039
450780
157026
760828
6235
564572
113111
648907
669084
117585
135532
533923
152312
897118
840918
877983
12367
302583
864987
817795
464055
244884
560169
165574
212920
46061
678727
367663
572547
813700
304800
930939
264480
978178
691767
270715
542750
804878
435975
728186
438816
571507
262110
591128
984978
619380
469111
513697
921964
850450
331492
902371
95335
408014
67945
824607
454075
263025
192270
542975
76725
497070
473914
857557
475248
682033
644625
534351
3263
80600
778889
442079
168459
557351
33207
153437
176732
18671
667134
98696
869121
514979
517419
480808
922993
585364
305415
893420
848389
14037
952747
441466
27459
426661
299024
19060
625046
943649
553411
628310
540601
848652
70389
709060
406004
619949
862498
582736
638620
45984
197784
507741
560963
715203
504902
308
300567
326669
893729
665309
340707
846476
106775
368166
789490
922151
387226
930888
382152
456989
559198
922753
305642
629588
631814
227998
765889
10664
810734
404509
56648
8518
428602
133964
240073
933504
134272
540640
260174
544353
722301
600881
907182
345429
485399
696672
267580
388978
627560
166085
845967
703111
88838
667961
849051
720652
895959
614940
731316
223045
19449
304317
747915
448051
438281
987988
897908
88905
44981
158082
633259
767282
275315
540441
112711
760714
753465
896644
666044
897377
62729
28364
600488
667919
696325
965891
388572
108637
580831
636240
331682
600280
940557
79598
564684
895190
583938
462592
984096
628919
137026
133707
396202
412341
190500
25265
689407
460317
438261
355452
357694
17342
900168
474535
685262
112845
440426
590186
221482
21258
226426
69517
137890
166984
665467
218926
62174
249405
197870
562622
878325
334896
696329
790879
263589
403181
332496
952997
863498
770758
824801
221193
304452
724969
212080
989714
354166
652506
579900
575649
190116
806327
161518
844359
489663
826985
63285
68189
592742
261156
147164
987419
596052
843493
778298
859642
246675
627147
328991
626525
914257
670144
847718
218709
911465
576150
724776
265631
228657
304676
357632
935125
627355
519150
779484
633370
862487
842770
217912
971582
620278
365076
959001
732682
724921
253652
108676
487948
880799
437667
114474
311408
624163
478544
530117
51980
54695
254893
317612
799704
75922
191596
734829
219629
227099
30666
369352
89586
389788
587264
577520
10066
952340
536522
742748
193613
306526
851425
681562
703677
805444
796036
15085
945960
274580
61554
997940
845627
832800
831904
645331
908722
23501
896513
644703
250600
927179
14055
856538
316967
117671
434059
843385
586363
486933
102485
779977
793459
470262
461539
497136
792059
773927
28573
738019
48507
90127
252311
894135
922927
84216
55818
348001
107717
952331
992705
874669
395862
523112
731207
229181
157136
165266
72566
743499
168551
691404
39828
962010
161666
501367
975498
953725
275294
4071
208096
840154
94199
460408
250641
533478
544624
822811
881480
168693
775143
874185
43362
171005
913649
774569
400187
70785
456188
989105
330637
141091
680509
370465
619454
358528
388185
594952
828605
179831
115376
36702
536337
725927
13462
303330
259405
74438
126142
140885
243131
417637
531422
802845
588642
445072
93766
505181
32209
66306
10639
879198
207398
207500
249664
826852
566028
154201
938156
394634
334032
53532
947688
386722
779459
961150
690052
555217
35588
816194
696102
795071
233831
227525
597916
338826
188949
691682
360359
737510
757989
887350
616709
965387
94851
382725
308591
177231
536926
246747
88217
387310
816632
35905
774032
596091
513407
464085
667660
548995
796631
363763
860418
546815
107640
458334
885641
812941
666369
762352
550451
424358
649703
683512
906097
260906
66237
214688
438137
119515
977787
526355
23178
794419
562260
797210
906863
592020
777647
574523
141015
90631
454638
517786
637446
562278
976120
39439
375219
642489
801791
442023
583199
967846
125535
489296
228752
708125
220336
666890
827640
714476
709597
850818
25247
271857
164381
932110
380229
458380
22986
37597
549011
477624
555383
702809
556255
531503
258600
447826
690345
60392
889849
273544
544590
531737
279193
773343
239862
15881
956585
583854
246709
666182
434673
271957
454391
115406
720419
834621
90138
743405
872218
155502
737382
427601
858311
809989
475456
116912
774167
165801
693656
180369
955698
238246
712106
751243
527941
468320
283476
484526
52174
530186
150708
3199
802143
605100
118605
522562
439721
208744
782320
311939
364246
36054
255892
738909
846043
731348
372173
620210
897150
65829
800579
369200
820428
29037
636795
348369
497357
920271
832896
549532
450457
499956
69083
768952
105056
187689
807867
61129
912785
106539
373068
793383
142593
628960
48644
504988
360309
420818
641550
773811
2999
958482
659363
823427
987519
296158
688149
1229
216429
37397
67113
183239
537353
136196
952191
642410
840237
276410
703539
269374
382949
592960
579109
41894
738272
627754
546882
614933
48572
704785
905096
567923
663267
564459
391351
167138
376969
595852
168367
593399
633249
235480
292990
170602
888029
245181
329364
728266
37944
549256
513993
420893
658568
93102
979140
913192
720856
526022
528126
285780
230807
433222
853704
410426
514034
761407
577565
891003
873611
745932
754
506860
497765
293744
193814
902146
55278
39531
146764
93222
105139
660757
30467
763707
753860
9607
676899
991068
51982
721377
793201
799141
154600
163257
209568
184986
441016
787133
592341
314627
49417
593096
821487
63534
886840
531653
965680
942118
571184
112445
551692
676323
773202
582160
956382
43414
108119
633282
550835
676453
354659
860388
475595
25611
23645
685163
726949
464661
988648
319291
295640
38065
912387
117127
617952
315579
165132
583632
774050
736317
212429
325742
928992
985632
424254
885375
545398
48726
518657
612585
725179
389668
472973
200774
931632
496618
402289
174933
477631
390937
494224
773271
945355
922963
406750
563307
238543
88235
146939
12593
824552
875721
854687
753544
861353
278942
638919
923103
327668
673928
535689
569199
579949
525014
769974
27933
537985
172263
202866
531968
79553
697091
821592
24908
620054
228342
588215
374949
832929
251506
387542
657481
127227
242230
927378
504932
37524
82649
944388
881544
756578
996429
450743
852879
521443
737069
880812
59428
909333
83678
591397
988886
297121
929341
530146
917176
674035
634713
808477
506965
402571
196020
164446
46151
954602
608176
551083
508478
690826
11823
390022
963756
8252
357117
816635
46048
94187
213799
621828
519872
297477
729577
25110
110951
658918
555256
544479
332954
706321
352956
839919
108892
65328
520717
155043
19930
128894
222479
44760
336072
234302
951134
299828
758907
308252
632815
804955
918791
846614
943135
955015
660443
672713
980125
771394
847983
51733
315873
180937
758054
185182
537208
866946
250510
57926
21990
786793
703172
760821
831553
39244
995123
782688
855424
754030
607292
4591
75337
526083
367557
18473
481098
544352
207538
977575
315747
55521
29308
147972
752811
303714
849506
290019
170660
100017
864297
709002
886810
567469
469823
718363
123065
981299
17403
494841
251681
624695
15784
327019
150778
383341
861844
148228
927694
69382
125803
759793
641255
671463
424117
910418
975177
273624
200438
662190
373641
64735
887544
776803
148557
873720
11518
787974
855019
28922
799168
106700
653617
814952
950071
320748
714646
328267
468976
158692
914001
111132
434837
555257
298947
858954
465675
790477
648930
182465
969019
538923
763553
856563
315726
428462
246635
327245
732788
101654
356167
48308
724707
526136
863261
191130
846884
94259
519398
832213
252951
433399
459697
204140
505008
758644
63094
487036
65473
712025
669501
34492
767300
949406
891056
83027
377868
137691
926624
627009
755698
799143
675317
996757
325279
54930
704239
172164
149189
739989
520729
918492
173389
980426
122632
194749
255422
702079
198137
320896
930456
383991
355388
697756
333397
762796
780783
227618
416840
223759
854627
688890
22902
529944
201999
348182
584875
906238
36698
250416
646228
557427
168909
335969
537853
807893
530718
309627
509972
728856
630523
956780
629199
502264
654537
962596
265060
951672
190214
198252
175432
44841
887142
198334
91138
89141
62868
676013
511732
99566
442781
157960
656993
611690
10281
711198
935936
57351
20826
962260
302559
651349
919041
931758
153613
573578
894355
935026
525250
600921
649630
217034
162115
53125
415369
253253
658618
994589
445618
170350
94156
888399
844662
751149
16442
854943
462348
952378
912295
483174
914638
214854
650875
350031
146613
320841
439961
557320
772219
965212
158241
421849
698598
320356
474974
630319
573609
133593
624909
535579
820295
719065
423979
664958
470214
440421
36253
448914
909151
464900
932088
340141
196107
582964
690173
859072
903805
130134
416392
676024
611698
90985
614225
310297
411342
89200
940616
501303
739145
81877
36883
75792
800942
977214
257102
787509
417635
293356
236423
326786
758256
684864
666927
470715
267828
873452
329787
687985
3587
262531
880361
131637
353517
10938
441934
281211
616490
898903
782514
355635
980780
335749
947780
298075
312963
204882
85584
246950
498238
838359
573736
772847
523223
757016
243562
307403
630468
89702
511740
150407
352233
908453
282045
705750
919392
240331
986961
535882
139234
285828
407870
636367
137929
355650
450794
450893
560532
536378
214195
58771
891089
787932
347970
414313
61300
107884
721716
208120
197586
749809
358528
66172
658262
156925
771922
577654
397256
275236
113537
52843
77416
521407
689210
215345
877057
656356
666238
953941
192734
880434
529064
600175
184718
877034
14488
762370
501271
252557
970490
215209
2366
845370
281381
660628
2295
569656
754635
915904
844892
868172
968747
438660
905931
174309
654005
299340
830665
320244
253281
539751
717030
782346
139926
418100
175732
154415
696822
677003
923324
183664
892213
925690
29035
689946
102670
547682
259602
857305
463586
620846
241829
432333
59506
147760
606642
713512
963452
437307
550108
216734
977058
783490
999080
116985
717942
174812
787752
414764
368168
711076
598428
260381
153118
627463
950327
772140
691498
726282
629446
155084
347128
387627
103770
922987
535388
710412
636499
15192
664072
702959
231926
157482
486449
747358
790819
204391
438523
578571
135507
806691
805999
733935
67072
959117
877751
533751
731258
569249
260033
877056
240685
123514
264683
344455
46501
316423
571220
199352
331616
235292
902311
79894
392774
905112
827253
183594
625855
265776
278517
761362
72467
84517
495297
655891
559986
889400
705994
807596
458649
966028
201004
215687
605894
982040
560142
168747
814815
131362
368099
146431
883006
786762
742678
792133
691874
569931
492079
317729
352059
770596
595443
424526
371465
90740
596769
447804
980141
302763
771752
955142
785143
972757
170829
391037
954797
247324
559784
769612
895038
444235
432396
778045
230997
175074
570178
439223
261357
578609
273304
613416
349205
868747
37942
237023
959488
151063
201179
455981
453826
972931
927475
238970
945688
614657
146359
416837
861981
222496
186450
757019
666731
135198
51416
414081
826624
137946
853304
87981
716555
642961
701397
582113
511708
255691
335488
987548
406754
536667
443529
860580
509598
887357
615902
971639
502014
762262
388476
880347
984758
91278
153718
167841
226476
205135
581922
569452
859433
951579
657433
575989
594540
875182
158102
106248
647225
493590
610149
53979
30257
53678
430912
56207
457387
563166
27846
475753
325428
416323
356100
826538
23953
26171
510732
766782
747658
609006
336234
607091
560585
510020
183080
671477
385202
341182
294078
32428
351124
904227
602759
897733
474257
550023
953941
931645
629542
498139
923750
471322
430814
279851
297861
454768
822374
324945
737902
570032
933951
74136
177123
494537
100508
360204
682366
485711
217738
976444
34491
85215
397023
153602
982948
871281
219978
453241
319278
849520
951381
243028
320842
898547
39231
135055
869667
861605
460000
607569
431637
393952
198058
608761
404841
298566
485317
87207
300629
703055
580004
851472
788270
977027
521427
287571
364660
741405
740812
683938
107277
208545
443319
944471
623445
482550
79527
493112
860508
55879
100682
292145
449831
298740
417258
371024
597306
902575
974584
414288
121983
554588
265760
426605
47967
787187
714176
412628
44944
971341
612918
152221
696238
572589
96693
319683
571492
692572
812796
432000
748451
429830
240497
714635
728570
174108
85659
842228
593035
576595
772868
715018
131183
38629
657976
695503
342168
888504
624483
387113
376197
237401
539334
72436
326343
152379
908471
897835
844951
237619
329835
109755
667449
86684
824390
912371
260792
426401
270952
853828
2997
43820
85198
650532
598801
743174
862387
940970
631679
486870
328083
7876
240624
383769
596664
566967
536149
505136
464802
897452
742755
310989
7207
926557
397673
831597
355280
658466
774351
626232
28646
293700
186405
113844
944232
785206
857019
806620
726176
488698
809842
570611
12926
50466
954381
609591
617433
6882
631079
598587
420686
890186
909576
427894
816743
823602
775843
172024
998420
550194
314608
27066
360246
501013
140910
304479
286220
997929
627451
528748
2979
953645
615712
532258
4112
86445
658201
137897
93327
289280
736485
30365
179466
162413
458259
512562
986015
234103
200938
984435
300649
515546
11501
660896
532912
668764
481727
335484
666693
625530
864232
186025
579175
996296
234635
99639
82741
892836
237537
692420
182116
974022
722786
877934
652787
181045
390496
638803
931500
591434
623238
748502
623333
151092
925750
156245
819856
923829
491729
2901
65711
872313
705278
161238
868610
939913
260878
951351
832749
498415
160124
531217
988789
882910
409152
641576
580307
316000
796731
28160
907435
419970
776662
47120
87414
218764
203365
907270
142593
211446
910171
724656
600111
615450
885894
468721
71715
146772
936425
904465
161539
96549
952034
666680
495811
361186
308257
76118
193539
104988
104278
617326
41310
397292
664446
128724
616056
384163
35994
275001
595609
462518
516009
712072
594320
401904
180794
666035
65028
633571
86852
226568
246472
38887
893248
742283
916425
717857
334753
109964
339198
439032
727290
896860
352676
391736
25585
968733
775899
577931
760086
887860
40449
276096
116285
634769
194352
813431
817157
259380
447002
904009
2300
209826
942896
411901
952109
859322
129758
286862
485638
985308
242246
212929
882169
594923
121017
907754
80008
413269
2037
356446
817481
558839
148894
933766
709960
343246
747197
527117
602627
710551
431127
121279
920377
890375
533180
388838
266049
179291
675701
751688
164599
434299
480969
46768
29222
601986
470874
625582
531607
989264
982029
349089
548103
130923
282855
258063
474170
546405
301533
593149
256956
732660
714428
177334
623035
763961
566172
889085
943252
758225
157125
107851
192525
638094
670972
738099
240080
658198
363682
288040
647462
345711
637129
195565
992986
436336
969981
467156
982741
271514
576657
756050
520526
807438
449736
143561
571399
532260
548998
514651
290486
706123
138854
999363
860569
809826
253814
617002
468025
617496
905042
631839
479559
542171
343757
472546
494859
313738
456054
993953
101604
32712
750003
138482
356502
199739
282043
927901
731999
347394
442552
538837
569869
97758
538200
430439
907585
308367
47441
891962
925863
468835
523801
921775
11006
383910
910673
22217
214000
366727
16170
315604
915791
766173
454086
272293
482264
252482
716546
214264
116228
675450
269453
686097
773209
324006
632888
197146
632373
196681
89108
558236
665516
129261
996363
192874
513172
907036
731444
727172
790116
747614
559129
705907
513788
13215
494553
512404
782049
211099
243020
414629
402902
512474
617079
176111
836480
249967
373257
468853
963001
978717
543441
144869
624330
539805
854096
137502
963193
585540
381027
753309
333154
940156
975569
363294
469723
470122
875699
251773
197573
118719
182754
116827
147545
799833
292938
984025
49801
182547
969230
529154
677616
512672
674023
301947
568829
528119
439449
532022
113659
820476
801684
963166
276984
777253
326460
746708
763727
718511
514833
477652
837231
697587
594480
501128
497421
887418
485154
63574
586318
970736
592728
263934
999760
266751
565881
568589
311223
521683
616964
941234
858511
935000
904400
135496
712253
747213
882204
475980
465724
397037
953632
819307
94624
64464
320436
108397
951883
321942
171971
54553
292678
764699
318487
292439
547803
400721
377380
375378
438756
510696
316612
297267
445696
737365
432763
674301
484578
831319
666633
950302
744708
136618
285962
355685
201082
606398
464082
669317
444692
636054
723870
737370
400753
558710
546161
464908
959431
439894
840286
398187
950590
673251
211806
912639
410616
160922
103292
411546
992241
769926
878200
253302
906544
164162
608987
623978
286912
73069
293296
731604
709123
17166
985327
626229
575876
531488
607489
51659
487734
964128
966198
954677
637379
178005
867316
47995
855279
970608
975893
363872
256886
854093
617174
679782
18256
226161
303761
305168
299231
113409
553125
524706
646927
538452
667287
739156
586292
274777
790815
74027
238905
273366
28704
392636
967723
412372
956983
823002
899332
932876
186874
672571
786969
804049
352353
321577
546562
172466
626746
845793
285875
179871
886852
449155
234675
554139
188311
820967
345268
495478
894994
100525
768844
440050
493161
252919
368774
966496
75921
268107
899372
779148
940678
202694
99549
809383
524271
646111
981850
151017
8257
784077
847240
895109
233232
81915
965600
421543
419235
827221
433374
830581
444098
202218
270632
453612
971490
639406
420108
47411
423865
835833
342911
880895
38527
442460
690279
562798
88572
188481
230168
613181
972558
593760
508290
722143
192028
990242
143686
611263
333815
93412
441844
777914
811983
228828
231526
783473
384587
167986
347236
324804
3819
690148
205700
558698
132608
412331
121497
737532
600812
868017
350713
573370
978129
375355
295513
170157
881950
955552
781420
215765
565316
739617
510031
377299
484797
257909
160772
869384
425896
508009
194189
946067
714509
399889
504766
847117
328572
142615
101002
929384
526984
968067
19106
505113
859775
830972
675271
741725
302876
973043
473842
868192
229012
500226
245492
713810
758135
922616
583194
700383
430625
293735
646451
145134
209976
667569
508604
538548
326536
125958
467932
853520
610377
487039
874985
470152
834363
550256
728229
137239
39652
202072
5431
268664
702298
767275
498826
976785
689892
82021
677169
636869
892108
839972
298356
102085
507541
323312
640633
350429
449270
624918
203949
59647
628309
595286
529800
462672
145543
774381
599911
701547
976453
121694
486563
195103
888970
985390
171889
95214
583763
365410
732083
475871
205382
546791
577956
229275
870103
218590
579704
319373
359860
300005
895373
988169
895291
941525
450841
557186
715906
567104
775085
208712
688798
261649
920167
94120
247039
608408
705686
830802
973818
954122
306673
695552
500913
400982
924827
371017
135924
20883
690390
495784
837240
102115
483953
248884
43640
451146
322422
759547
18250
97508
484611
223400
359157
404778
833873
122548
13187
539559
953350
503357
493681
776375
198910
994595
177357
640089
365612
313281
177325
572354
809065
14565
674470
809370
779801
234462
260516
102224
510361
795118
716084
994972
18519
75241
399751
852392
714141
929290
391951
183843
432647
401985
960218
631557
396580
653928
787999
278544
967209
965324
850898
292627
979889
41720
618349
276043
276183
878866
378267
786544
673984
94351
297869
208855
685944
697620
61247
400085
143262
969551
583928
575909
887888
60498
723819
800820
714426
511818
79364
197988
477142
446614
6967
973383
4687
625316
249426
797222
20534
144045
100118
210871
238396
397987
419726
440692
611959
997326
357129
755221
483229
457409
847483
887469
517908
571302
688289
748686
599472
767653
946674
76614
730619
469993
566349
735306
611662
815776
532528
632196
959821
632647
359419
714570
546986
295498
671614
158946
809176
28744
430519
292405
486153
278002
696226
520413
365656
384515
269100
965128
668520
732126
558094
399139
202120
124444
650798
813782
456572
699678
962330
932745
848677
321750
647315
395664
133600
835282
70962
942776
864026
501481
751533
350179
779484
447759
870593
145140
832274
656045
626621
500794
388171
184715
416285
106643
825511
583435
436777
282083
283114
399108
214829
131791
237210
378496
43807
370810
213778
114769
313586
594156
616251
581471
460688
395735
29230
847633
57227
861504
503678
683848
878650
891849
384916
811287
998493
210427
394723
435270
492511
194189
350730
223692
842332
104292
118540
886140
991454
848671
909
821392
442827
617160
402863
903515
529247
432093
751148
102827
809949
254826
303027
204951
663028
687943
532591
177873
898371
443666
129495
907234
637855
996578
130926
480187
100870
249466
366327
92325
614489
883589
913717
57317
17101
316581
960832
62701
265026
228333
165528
74976
483159
468555
796279
662539
672851
328870
840412
571222
772536
486260
478456
410391
482838
125734
406931
583708
891552
289610
192385
506042
173199
106103
563359
706653
939036
40543
769354
204062
268876
934882
795390
268388
919789
591670
930927
592640
920540
287692
680214
209429
773952
675022
136172
256790
317108
543103
356850
208661
349066
549236
231055
38617
171691
310766
745270
110727
867661
514624
831141
136538
965858
626532
921278
885648
734554
368557
994640
171446
656249
191207
380875
946553
866229
33400
203343
183338
576503
76546
908351
441921
625782
139406
480539
797473
966524
225809
424552
834185
740434
255693
487075
706292
398577
408353
108292
133131
776911
619285
304578
949512
810492
201805
896066
676721
235205
615761
376411
328061
208659
284762
769982
834441
940520
250521
148266
907044
992683
572818
257582
249469
344864
744657
472113
743441
669363
580406
876573
962626
716043
697503
912138
526535
899308
324556
203256
134514
456670
96020
978927
665329
380782
748909
16123
837655
515783
164389
261051
24818
253560
518633
274287
598424
779643
746400
341865
449006
843158
218438
411632
559201
432293
840122
602088
331602
164679
805345
982468
621349
901365
961395
803030
798499
226656
819153
152506
258791
983543
413558
283609
237103
448543
74248
835527
228186
337001
693744
193544
696511
428535
605176
772065
860828
445299
374153
192430
126330
695850
691250
264031
597215
168997
67061
912067
912006
886215
64573
170797
386110
994483
970759
623213
443027
45007
975092
187565
898360
185188
381110
594872
613723
986286
366937
474552
947937
741090
183334
74267
953293
874585
338298
550508
559934
405360
978927
471940
807927
559853
642738
194037
554336
129849
817250
513715
174856
308694
701281
73217
493882
82391
184441
623958
585029
551378
98510
532967
808820
281844
123586
762113
672781
461885
828974
232716
383597
324253
704656
191524
884106
863746
385561
954795
993595
719163
468510
684804
544209
169791
274373
554443
768534
458814
178401
353564
526544
276911
402883
851716
75108
526469
613830
747889
988354
959156
496957
888303
283409
717966
79827
683868
581712
465388
638663
91660
700903
107173
776464
245112
793317
567189
799556
561851
26003
494309
915415
552547
287573
318298
404263
362681
844768
534445
626922
349474
493601
640232
237778
293363
358198
317605
977231
939910
299346
615894
31570
516601
239419
324386
761714
32736
891575
77622
594588
433930
88283
26355
502829
375856
344654
423445
738537
705774
957890
881812
55248
967844
522044
809378
777559
880242
643336
754790
336504
459034
887036
368075
975635
126455
208813
253701
675544
616741
847675
270132
50671
935959
296487
553501
311815
157493
976946
566705
379619
451188
448517
951220
419032
970561
760598
712943
367155
920286
467733
703659
379320
871121
588086
354956
513929
796900
125009
189473
929993
489037
975957
980664
424996
788796
534165
253163
946290
27463
819868
325909
478652
784737
277129
897684
271650
554080
126980
638805
474366
594713
342465
370039
982187
446903
724995
12468
760155
366356
201941
690148
855393
694250
670813
796741
483046
204978
49905
945688
748794
386125
271598
227446
170863
65079
641482
442513
135511
768462
81319
126230
879528
940136
496269
861715
387039
737616
874183
147195
103972
592476
837343
475718
286726
508156
272459
769772
229487
322364
715461
978281
708490
503411
722079
395705
84842
363561
838218
736706
132024
435889
862936
11552
376025
359205
389619
279417
96821
263802
426612
717145
372630
780307
192863
175708
804816
981675
461832
550655
820391
177293
45288
45233
197056
767367
440938
798251
130928
279157
534957
262952
231398
914245
790856
607424
789802
180475
403193
402975
960629
829805
120120
849611
126464
829336
25319
931280
811011
487152
481935
147754
180797
527223
192988
894206
810942
633926
692457
941871
429435
743766
721175
660834
174363
512032
784610
964165
208859
187803
367140
169489
533960
487260
19100
176776
832948
560772
108057
160311
47924
106344
308066
228721
149920
501054
122927
960862
651332
331736
419085
597120
591854
140261
774306
766217
168645
558916
730382
377504
263071
97522
63345
313383
101135
598798
490159
934083
159570
114568
610747
207494
737265
918813
952567
887185
936219
75495
364399
103903
923583
783485
701023
515438
440098
475329
281655
608743
550597
12038
986247
813668
625912
49593
643403
727047
648391
133563
177483
324313
764483
788230
531807
501748
223395
484374
905285
675966
76221
269685
779869
516157
569522
997245
31595
9620
988926
829602
134715
539524
357992
637314
869544
983905
686907
512948
227304
851650
162863
921139
175963
927346
225721
224122
429095
965468
224849
334380
641434
817422
120417
937656
333579
689939
934901
881526
215911
923827
711129
350626
979703
69121
987941
849248
569378
191200
878548
313035
559203
41411
750526
251518
968757
976248
475641
914204
458068
700490
248585
99503
517912
885354
553511
367844
575294
4764
249370
307557
444943
476851
658184
424647
545973
162477
790247
631703
870029
668795
461090
429232
226558
211617
680751
195315
704217
672744
625872
162285
889586
390809
778140
923850
276163
331651
291694
851457
336415
57417
675367
781359
534268
849903
722358
596593
12380
512605
228297
398761
697752
205739
344346
924310
417356
541449
635977
121573
214193
261849
800211
620131
652658
578351
543981
445174
426355
352028
812983
762770
409445
488350
60481
460065
338253
299191
56659
866985
328148
801308
265747
25900
7047
610093
466562
424404
151542
102540
62329
882087
880741
378892
502218
49752
957244
562551
494926
383599
914579
307909
662721
840376
796260
239555
300442
650865
538746
357101
517851
383247
158409
299950
409147
165456
426395
875710
106212
577937
494602
684894
976376
375343
580138
478594
425095
537382
557497
920021
437333
472077
744283
616407
312453
56895
372314
129247
707760
427412
486348
225611
810659
161109
41913
736159
326566
468308
611869
949130
562597
622823
150376
538973
998166
730515
533919
939614
784249
91417
859635
737935
79846
120270
354342
392299
177165
726656
37899
884926
154068
524247
626889
481080
685357
185155
217239
528275
653463
829108
993757
216061
451931
144134
755034
966449
391001
805306
906063
175250
896723
282051
913185
976569
402321
783879
885220
95839
26887
923119
497117
697308
963719
640358
178388
649076
825513
395627
693703
478977
741087
687460
695038
709370
347946
966424
675819
255299
771730
98235
430550
184805
380286
860087
161374
298959
160319
562947
911150
187206
486066
408267
884514
449785
48626
62902
615213
874139
974881
825268
353116
232320
29081
564506
941690
377027
530931
133862
148679
819013
232097
579229
3819
128735
955668
681545
944046
115987
244492
371549
819546
246911
779816
704060
213048
344794
283315
828262
218934
774548
169882
88402
6869
198963
169261
948559
92343
216544
598773
241022
35557
347222
336603
555728
992309
292271
237274
452708
924611
481766
824257
744157
245029
604073
964569
458078
948868
764236
802692
684154
538785
972574
288908
62006
171538
458169
526917
780233
674713
125691
21255
226623
472913
357858
782351
981575
166481
19625
434283
91092
17744
258540
351601
262773
378965
832523
237203
327833
596759
39895
528339
651896
528822
817248
230254
216712
791769
757172
996945
466483
399215
18200
693106
388480
892410
991809
370055
58891
11435
804338
149984
545531
579230
17937
324656
958196
850460
561860
286029
963572
118107
330721
131820
646929
147969
362075
379993
939738
635599
376938
922573
34814
911490
132031
423294
803900
123841
309702
862792
651628
114040
529128
713511
693271
547065
38167
167819
913878
116379
453848
877450
750839
300921
525622
914120
965242
887697
294114
421333
39648
187404
343906
74462
98895
475938
14109
902795
116131
323811
281939
767759
954203
811067
481270
647474
874485
35789
331645
788363
152169
785494
182165
419360
602767
707787
333480
568010
111837
627594
989343
151485
814999
333249
742300
430246
325539
756409
849393
441670
80220
131333
725781
34423
458752
723403
198250
849589
759193
529895
154304
427714
831741
852821
847074
434509
76961
180554
518871
188798
324501
508214
856635
655852
357815
115287
86098
199707
871696
451843
641377
468268
99528
883511
19044
558281
606914
733646
924222
366107
263541
78527
793821
611635
931348
157247
562496
8309
337802
81367
713459
178655
105933
86447
834507
980100
201734
436957
179807
589783
888800
821185
58051
988329
704696
77095
62962
827962
810741
987184
194070
590635
582063
504243
718622
29764
661491
281118
554425
515645
878837
267885
694300
501122
870684
45159
481222
72418
482116
661030
662201
887268
998567
236605
875597
219615
313700
454911
47577
640794
442096
757999
231429
540511
262243
466403
570275
440086
747521
641053
955731
142710
908938
166383
160184
295974
727894
641406
884744
210010
302436
63298
97278
301003
299903
489228
36970
129955
944139
84548
770749
902587
842547
518530
959451
621142
501285
529726
61228
248806
170779
533311
907868
596069
216046
68052
408395
943940
225811
293140
670302
528247
356438
767581
345603
172693
773161
382573
302648
233652
983473
589750
136240
342373
624632
95691
963515
125918
141769
541096
891076
828901
590759
315297
941322
806806
383349
349718
267098
609160
159210
937401
653760
515648
221334
515715
688341
994495
414640
507341
744499
398114
97091
880739
740487
238076
492782
220354
880346
150904
277802
771422
979805
868562
86719
437479
191720
986421
787197
458818
111933
946407
396219
282045
978407
133905
797760
183100
644752
728753
690442
389252
643219
303885
786343
900058
58313
279126
120412
938659
946382
398215
710082
926187
783129
313153
880018
974849
815926
667216
433667
927860
129975
346239
726257
108383
480144
40370
291483
124897
769123
498277
30501
412342
318515
816844
312400
376828
612322
949164
315488
558704
347379
541922
1243
130508
855075
881262
621709
671002
64830
55377
115214
194805
401616
841471
819540
398112
398193
627376
39361
167316
125653
69862
96010
960520
403059
408410
337349
531733
357575
652837
90438
221306
194759
608033
868167
566186
489295
489876
753540
70477
61605
385106
265283
979573
742930
601175
894038
141123
228551
933399
308440
870557
519614
404450
831077
439025
329213
168426
970758
203140
337615
61196
424446
48726
185582
808965
131265
674877
815194
884805
745355
876799
269912
526990
372725
529194
128165
266763
670317
873069
716514
495109
743626
236128
415912
574703
191505
745125
259482
162264
948265
113449
739812
889063
678528
925394
214381
809793
116624
545927
694598
378331
422726
480862
905321
311803
10056
549838
578566
196726
422907
811433
691835
682885
47561
107747
773941
755419
852872
33423
917683
317489
663224
657495
722905
341752
99242
937286
151545
215866
483213
362496
594197
422291
359710
15870
250447
886119
82060
345365
82845
21320
156798
774680
704205
720712
398780
478146
476131
251652
27921
393814
85494
207498
567661
324751
549250
666903
778389
217148
882769
777954
579644
993318
200245
455706
9188
967044
341825
91249
312410
424670
628921
469208
715703
333126
189920
114483
327625
666051
882487
871898
576217
484333
79396
143879
809084
628647
810782
587473
845795
209904
365427
941791
203222
82025
397497
728763
49069
739323
336364
361479
680345
965285
347040
396048
298411
536960
510531
142388
719364
909371
14287
811933
393704
93683
955812
202789
238682
282947
790262
600829
9203
672042
542620
212425
754067
940118
457540
803136
195793
793904
680968
876138
759189
544360
788539
573953
597672
815422
716341
317036
724793
246980
645322
118498
857016
601134
837639
95698
400433
144253
212880
409636
816295
755500
138414
570362
211970
112306
889851
407763
906211
87171
800254
665400
631531
588793
755705
229203
404215
472047
62592
645361
235379
707914
280211
92395
825400
117850
704446
742186
262103
917326
668174
594751
672826
322940
681465
401149
435247
571316
325264
341458
174839
125518
523210
322722
230663
278916
68278
151231
267315
647222
796592
19046
871488
593155
111442
696888
711005
815888
955426
489460
249566
623601
84211
438744
462893
282029
839893
898140
369697
165158
755950
544537
807028
279161
867259
554044
74429
451889
705275
858096
99111
18219
877142
970599
611374
504936
183840
838731
320824
139266
328191
86742
279219
928755
525487
742113
727136
365380
156605
96833
46890
912556
641370
853919
708069
24982
407963
782498
476871
629590
640594
92335
164161
34088
62934
775535
539025
763126
130618
376201
902393
458809
462944
697964
903916
988431
956429
147404
353811
113035
244238
400702
25591
401960
770973
733660
426942
695288
32510
420166
841230
189456
28853
5391
223544
91787
780926
762569
854914
911544
138771
273659
886705
601715
487975
306974
590146
444405
454378
460309
73792
214968
377363
99383
616929
148336
349395
560223
359976
898257
980389
201206
87713
9242
206597
311257
617382
503875
73827
988648
931771
728950
778659
818477
847017
266634
641803
437163
711039
612533
413824
784831
827502
791188
400566
960783
455876
266313
521006
815853
164570
17748
17059
252283
543342
223657
563541
677076
727532
153720
665724
659304
399022
444383
994133
246039
227370
152288
199554
454761
281173
613378
755945
625027
920918
156511
585810
376795
939177
623169
192648
103747
640917
209707
872383
700611
949716
952276
377688
193601
622348
43412
369257
21370
4148
879742
267409
231518
548382
983315
686279
829555
596693
442224
970935
33964
115088
73097
410759
54265
696266
603407
674364
853535
329466
546747
554147
795535
15375
931835
989136
637723
491599
874745
659093
495747
754487
442854
243617
302869
426169
446249
648776
539215
404825
136063
573179
36265
209161
500290
606882
905427
620049
281247
275315
949515
344346
829462
261402
359722
277649
766890
997445
769248
641635
172891
781348
912474
132097
24965
731695
74619
987566
380472
613834
392392
516535
703365
945009
242048
203655
551892
663828
823704
833139
939143
289571
693837
768605
550974
569911
46254
317864
83709
815502
475852
256600
113202
388326
388697
654520
120022
463316
642086
16846
593502
550830
49733
813219
495840
291782
16874
47732
955610
356930
397223
894753
162854
607412
179710
230180
177324
742316
64396
261033
74170
540248
33985
187373
444927
939034
841893
564949
402351
331
98147
512205
551162
664232
325425
563354
472366
858651
127438
944328
731934
524661
839081
894788
648425
535143
641320
825749
277459
705716
603134
351630
245965
637119
539003
690892
576154
897248
772193
494857
897579
870340
523414
965093
534572
365191
528447
523291
223843
172237
467619
472129
213250
823053
883269
861676
358196
524589
687425
152008
230305
806912
503638
476270
444031
558993
683514
536537
456241
455707
31394
870172
842399
71161
351618
893324
436352
880065
416615
176547
568655
884234
648676
781905
707287
48297
643581
581836
572886
847359
733844
319544
654271
753834
312166
614654
312827
995681
151192
285420
967740
698938
671944
326492
770099
23562
219816
722804
419980
152783
899351
988635
37017
64380
770540
260657
112677
930474
358845
201916
777833
92689
37812
948456
846523
349978
79462
675702
862011
230654
477474
829752
445945
149418
672596
732396
172981
892412
455200
109313
45195
870904
97948
598564
935284
384840
375573
564313
315314
734418
282581
609499
827107
320393
74307
189982
186724
153770
865684
48735
384424
859510
394839
346721
8929
67435
79118
698262
476199
50670
807575
37746
437926
421875
152663
889562
806715
528236
970228
638382
262655
252809
247881
606114
89555
838541
312449
792631
992311
694485
357718
893087
553996
268910
239809
79277
336345
835279
777539
328897
402301
101466
366643
840228
39693
519306
729790
362760
563895
700018
1142
342902
469180
765376
465368
75087
603917
777817
867718
596228
988655
225436
489315
542651
10698
245476
138280
347044
597107
432171
192293
999409
533637
75288
839637
573330
594595
85779
452442
674842
302150
453585
17744
771330
218961
483112
362769
339230
777282
230487
451810
765937
972275
457477
824940
982974
702954
963220
846370
300061
395391
555015
815822
445380
630303
171811
535062
741250
257591
987504
416092
559741
441089
433836
847423
176402
433301
726544
31984
726935
957031
483794
492872
445658
941272
317812
944984
160578
797384
307706
460639
709127
862721
276462
154507
493025
964625
689569
234275
222216
677073
650368
298309
634515
600556
662084
327269
550209
388628
359254
277144
862011
359400
770016
307670
817024
604180
769006
977602
917916
76713
954594
627043
939434
747408
781550
948811
712033
987471
183087
934250
180897
349807
748911
331764
950363
410996
659033
16925
315976
534639
294069
177988
410392
580438
2010
227416
184618
771016
205019
618887
364081
675965
245930
819868
423373
27481
768679
135406
531304
951766
586008
712201
817925
851272
43965
768289
778620
219351
785214
94596
270342
595635
788936
680734
176073
790946
908151
360692
78315
629522
979579
442396
305487
741861
262264
245212
285694
30944
896970
816999
499062
999331
529200
316988
850603
89518
601629
629223
308869
903195
723819
95563
498830
512756
776298
191256
820054
200801
68300
898369
346675
564231
857118
168514
306092
635734
413726
591787
183030
310696
408786
198445
826379
454338
515433
676982
60208
633414
306205
885429
52961
546377
980993
68143
575485
757291
259399
911891
474444
327699
326613
821119
891930
183731
989633
198023
819465
919711
789810
518848
746759
714948
717293
573139
685638
749078
250121
745847
382492
72679
631276
435453
135408
128621
503596
227245
402264
279348
139136
876708
607047
465749
697827
498978
165832
203812
697001
501650
123523
3163
20498
386635
234463
737791
959774
436453
3221
726247
182300
385713
315278
329929
337518
450686
458550
357466
194283
377167
636814
333420
253875
243862
315521
468055
259192
481354
671867
472545
983004
311743
992060
519854
214730
226523
773997
174504
662976
777218
417103
361629
679283
732382
207910
533153
699420
182812
406971
893704
559979
43786
743476
813855
804000
575349
798262
579544
56703
986481
52089
556059
298224
44149
592265
29306
787024
366262
203810
966352
659832
137266
844333
339115
386000
52243
388620
601772
235056
795592
11828
311387
355730
755304
641594
159730
330654
439856
255626
903709
426338
307715
976121
240914
868216
568386
270221
655240
451001
990383
137944
627185
127649
982278
482653
30001
34521
871273
631774
785929
666865
643602
97317
22595
398907
738911
698677
245913
695120
954303
665974
121458
778370
158447
362372
646586
726834
632593
818178
694187
139329
956123
321372
266978
938401
804025
296980
489274
675299
445106
275204
858516
88708
888873
397464
487615
144136
612493
249880
839256
83149
432207
477066
861519
590654
355791
508106
833840
504736
326284
528027
644065
282407
365752
427396
737160
169777
240728
226435
361428
685834
17991
736297
774542
906864
133761
778510
567352
262606
28390
922961
345755
976949
400027
207275
567604
755818
231733
401444
260555
558017
445824
420972
356777
811576
848368
610289
981353
89096
836724
859134
774930
854715
595431
549473
277931
245544
327983
361636
508150
872725
284597
853906
849675
200976
577533
417279
956795
809266
335075
733702
883635
780899
154674
240412
592475
519395
367054
90181
608491
203778
949315
383422
574846
61098
449247
852777
306642
777230
214413
331144
166307
15362
701402
15982
216339
278935
949613
689486
604553
284689
939540
488189
65588
610566
244953
658064
129961
612007
748245
738453
332138
213912
121875
906984
275010
571122
276113
98004
864704
6879
945500
31011
22241
646903
563346
238580
442190
512959
444418
46744
797648
383958
51285
863237
994525
296238
37653
124486
424598
302250
862939
756736
516162
501166
663720
307524
588640
456185
405528
969696
463064
867380
517060
485306
514283
80406
240238
472826
593365
684657
35922
391014
584967
87207
770603
579492
899797
324608
220331
324395
143210
599622
597483
659372
617141
777555
483248
722133
233741
405128
691830
696805
272508
208890
182111
303144
289296
938702
775970
882661
623359
811892
790027
724678
415451
76982
304171
315248
401590
40854
155996
544800
640476
753479
720524
257617
531035
720124
979751
764776
125252
187933
461581
914113
396823
160045
217257
202471
98747
509579
601484
238458
321471
391512
963136
736922
468494
783659
568522
386437
824513
724518
447589
981342
477998
684466
755311
9033
404590
735062
290161
46195
439347
751742
960308
352522
911787
177565
554993
526886
687144
156478
765344
524967
64342
244833
778241
49188
544844
346763
435625
885710
71282
399567
867052
65632
84033
622363
591017
488623
873778
881178
534818
829477
632920
11478
182000
61060
189043
736993
104298
392539
409823
385995
433858
474165
630828
212099
39706
692024
75215
991683
577734
662849
391250
444786
728481
475283
583502
835850
480259
973632
717028
531429
803109
866300
542908
985109
443712
248303
238455
548011
640843
648278
934006
591053
638796
81186
319505
678502
773210
394720
670185
867297
573921
577788
828435
302402
53071
411937
654604
49682
385569
371632
581112
705031
237932
124020
690140
681645
372323
444947
746008
529518
93226
680014
120572
248374
277552
440077
443228
567114
351149
629765
434411
925070
207553
262847
743824
260625
674784
398428
826659
576706
286412
407771
798089
524344
531791
4581
722341
420467
449529
468349
949985
59107
664715
586909
307481
942267
543338
750709
509382
894487
380474
460145
335909
104380
722992
596085
365005
914129
994513
191664
7187
280925
115788
805276
321622
163931
809857
43963
584398
259386
28665
50736
318493
693380
637645
142326
152000
697336
409387
661382
108175
306214
637879
444085
410594
360872
40170
775599
275001
551036
483615
798540
348313
115755
603816
669935
279687
413673
230251
864085
189412
258916
431173
24257
468648
585171
166584
620648
282507
575971
798382
390682
882185
436262
351119
292779
797134
391290
584730
588487
458678
584698
387027
806991
700453
507195
993279
980140
437220
223530
360578
626632
998798
308103
650890
467446
893274
333826
88095
692133
909797
886477
599168
308335
322739
950287
601114
636225
857929
702197
741064
316607
286895
128091
639951
987348
635286
633230
483841
72507
856760
360771
215491
371910
668874
382733
839356
78501
716559
927451
770634
626357
330281
369802
934692
653020
836442
52158
805598
694371
754355
546662
527331
41250
191106
683634
544951
342744
316864
545144
931603
689976
905915
147095
61886
91141
46180
901242
169642
762740
345046
456629
905449
675327
342783
840141
844699
179225
408651
650297
389949
163007
713312
433632
720609
420770
117266
265560
763514
950482
810704
695118
640458
232971
358565
218696
324113
921097
119938
493755
683837
981336
950384
589286
656663
809520
945779
17715
988745
354431
184364
895046
517438
897676
328678
238047
318446
962296
19960
598313
912778
347016
809783
553236
579988
684700
771932
420453
605797
408223
914208
289635
905911
380945
878921
562575
706817
341053
96642
695562
695484
281006
106961
212922
178683
435639
967321
13481
914288
503633
611794
827066
850650
937929
896655
946990
622629
668587
367443
228427
593162
798003
518062
499074
695300
913335
578001
402117
254388
674643
614032
949872
472001
720993
679146
650684
672984
162820
180518
587272
666453
308664
414339
33455
246594
310994
980445
869223
495933
864240
97650
605448
662244
132064
620874
873896
561752
715227
276014
816140
906222
406398
282365
378223
127391
477863
545260
800375
640683
725778
904000
823489
550794
318339
856944
797388
145685
353742
182964
641618
217982
796966
763418
396578
929031
384292
270475
490783
99519
62841
823275
5741
469239
621992
900317
112982
99856
445577
429709
740539
687707
333709
80380
238501
168400
453677
552242
314085
807419
251558
472056
541753
48524
751826
938332
493907
136119
725159
984690
751990
304352
324318
274084
289943
946310
174401
402925
46166
136330
348986
303058
824037
682696
383438
578890
367448
837115
647484
197886
160886
899042
186294
702640
947567
938120
157324
441474
74239
882483
942517
826230
703187
783187
616666
993130
729497
791067
912407
292016
927397
261393
595074
267786
460441
494864
846676
827890
848332
494161
25776
525570
909555
728422
228210
857122
666542
385534
814949
740782
784369
273818
83364
487556
57005
216382
997038
786502
7449
909445
594870
451198
170839
706296
718984
147632
201161
82012
975522
565845
92525
517650
91415
2081
762424
835978
375555
428967
737864
706856
686101
522234
980674
285817
526142
37679
502199
39533
340534
26000
948978
935404
477198
636169
641701
712534
783802
359214
794546
275676
925059
403424
309679
532826
405505
72103
368804
297412
17422
623021
4269
703523
661607
984943
989340
187749
538975
7891
743634
879509
33891
692613
814913
511089
845134
972966
223623
145288
332180
534522
937317
773591
937946
763348
306418
859803
351803
191574
673567
369226
814595
194188
72749
476202
179132
578442
180304
234459
586333
923938
113968
620225
132903
445233
647666
978038
418200
387642
639678
750380
438516
576995
40324
892814
340343
346742
752617
692147
54668
942536
577725
869264
136725
650474
861818
832209
745268
42122
66668
847954
482413
180636
468179
615316
142221
632197
109706
560421
19839
749385
827154
458355
326380
383830
351169
183076
730572
620138
875223
301592
79027
969300
170856
215752
619774
549027
47961
881395
591149
114629
729349
73562
811617
713880
205231
470190
346077
314937
30612
882269
64322
374118
856976
390703
757948
724498
90131
4872
860988
481706
306464
940015
451006
993673
672119
587132
542700
720080
468527
650201
351061
197876
240116
679030
428108
445347
149221
290538
760284
696185
172807
824607
586655
546135
731662
860955
786985
821793
382179
647974
303499
204995
104341
270857
198668
776461
857989
257720
12893
326517
907922
880307
40745
148038
75689
985206
593385
741262
275744
870021
437447
964903
694628
540454
511038
942642
917761
814376
280787
299940
462350
100638
504936
83043
371495
219956
375856
229485
477677
905102
72354
385599
785409
113099
49989
377450
98305
159726
118713
890401
29747
72512
855304
240728
129319
882695
183370
47080
697071
464158
347021
675773
564796
368309
758816
452644
588265
651025
682129
65942
556127
754483
967893
857888
383934
534234
235338
998592
693960
354051
888993
240060
942916
260650
480788
72235
143345
664158
119315
840416
644668
982688
32541
725817
350997
307709
178461
939263
958734
376942
521557
514861
647777
5803
889101
31711
540037
124440
546655
750350
994843
435649
990410
937759
696299
471198
526346
355996
651708
645662
712764
812729
628350
745305
538546
979348
53014
233359
434963
528101
610301
472872
559314
258078
478675
448416
806141
535065
572856
352797
285415
84051
304798
792177
21811
517449
779727
548157
873445
431435
710171
586209
760516
854874
331514
815414
350574
900880
48773
785537
428981
175426
774761
988296
433504
253437
953064
755998
788502
525920
108795
590269
126323
413593
382446
148134
447394
678525
212644
320839
626312
439167
907048
386829
294041
754914
202243
644615
172146
251017
946504
601128
942795
721266
105776
892652
491055
58840
648650
795909
101112
757445
386178
227435
687390
284976
891922
134784
963501
620918
971975
589813
576437
879023
492994
870479
150289
695238
31446
322435
462607
494303
439915
405402
731921
62043
298054
222976
637235
463056
18885
254699
736853
921415
482135
424243
206391
890409
75379
686244
27679
563706
792409
604116
959081
285404
990947
109370
980642
538746
948158
959601
33049
388073
881355
764970
966469
179410
504298
603704
642466
523183
858404
379320
444598
856891
319915
167341
263652
911647
369937
291331
475353
162346
411799
434435
447750
402747
60157
944744
941493
8315
420697
490894
912741
302053
772216
879210
481463
276514
999266
640281
799697
374022
535953
760647
747265
855869
444340
10917
283868
814277
302248
275573
976623
714048
710008
940726
633147
770166
401822
90992
294833
822520
581886
723926
124573
354102
603136
122388
630616
118755
762669
946665
9129
814975
707312
756395
187196
151652
767312
471064
482281
585913
746637
458904
816313
972998
915982
965812
259516
317805
56804
554349
656677
155042
278276
781250
509144
397764
903638
656112
32871
182659
602777
42001
997634
826441
798396
184830
494445
82060
172246
976726
184325
918884
951982
638
891882
384317
966450
667750
218474
539606
222099
875151
694648
16727
172753
203792
930844
592743
376256
963715
775402
979033
522068
289389
321826
836816
474219
816271
918877
646466
309349
619554
81702
261332
620193
489936
162001
102995
157686
380475
642602
896137
255626
337250
429217
428379
57395
360061
21122
950003
840128
312876
929037
362197
602265
767215
715365
592837
99839
150594
755655
409188
770149
353709
186872
906694
359997
348873
9689
517683
729348
168643
930172
501326
22246
875741
446057
595993
235802
983531
545996
592283
296408
991385
470832
415025
758601
186197
524214
858440
336792
796221
783980
106941
149930
970853
13635
509927
836078
539676
543962
81779
708320
990487
583105
246918
866228
545515
842911
618383
529046
388907
210666
341806
380293
681498
273184
655246
867695
797398
30038
720839
109972
814018
827780
259902
301223
357767
286182
137302
897444
830144
735433
122116
336983
834890
369034
203212
380405
728297
821595
425804
633556
32261
283962
530201
230111
557146
185447
614158
870897
215485
334998
980869
545856
162778
757123
847079
36898
43305
500733
450694
389802
752518
572810
726785
587409
458196
929997
484166
702845
267944
909970
336401
816557
193933
866603
46668
751079
52050
177179
138328
783888
512177
119197
329744
191307
876321
693175
228205
919626
710261
195251
825780
462779
768061
552566
566540
742609
998915
50707
445454
783212
960677
298208
599769
670962
164811
162790
938394
733213
339969
76722
33453
852146
712272
879549
559805
588593
89077
304363
24571
799338
499614
366704
778469
267676
919270
345010
526637
434537
912069
488444
217749
389098
786652
817519
60061
467815
496661
998455
717380
836630
591529
750834
205128
303801
630383
281285
408746
719460
585648
949670
35150
85263
316374
813620
869291
235644
674982
395928
186533
587051
400724
404283
976149
703728
738154
36210
171543
234815
551017
888924
587797
658899
156110
309277
962700
786493
590562
887799
22306
176211
837469
57456
261474
153843
387428
130765
905839
62410
43045
92372
649461
960122
13007
141963
663850
751161
694525
351746
985976
245543
240670
573773
420794
396780
883050
383494
699625
989965
787645
721931
166176
625114
295740
944002
295309
683168
591119
717500
745579
150516
326225
911392
110638
339232
53355
774489
90394
747881
126235
76370
509776
883257
166496
930570
796389
565898
830416
12366
555863
618062
734298
238391
759528
30038
698745
571190
229558
806216
805042
975137
956733
131267
886530
67371
470500
456237
358212
77246
204118
799
153616
230246
400408
836464
677168
196797
402363
507585
209164
474578
641999
459814
229322
917879
6204
928067
5421
235762
734284
810464
210900
691017
941731
613782
274740
928583
70019
149305
5829
790490
150104
675798
20736
550513
512262
697905
263662
430977
721842
472826
905556
880193
448992
134878
798072
455196
62945
803494
207311
313581
130310
934563
520950
72041
548345
795691
625
134716
461348
522806
441558
611452
198604
462295
678317
710867
676552
941980
141844
914746
931158
563752
794939
896503
698630
109363
868051
277928
429209
75362
107861
559519
9925
628812
631561
74622
940855
148538
725691
402203
671344
167249
13655
869949
145896
208325
97168
338800
666657
755364
253546
597815
319117
564837
494318
534099
674201
878722
328379
103410
954084
952593
662930
480362
581405
810843
71336
522260
475733
797027
924463
147077
964277
454470
533378
626525
662795
146898
965326
329452
902263
735224
443620
737732
300062
454290
788183
974263
333012
632915
594025
803449
585508
773307
283811
683265
100502
355147
205525
576235
668527
646340
239665
632804
100810
289395
775681
279958
436294
257359
125762
854909
992584
569382
108993
292646
540025
413528
783261
389389
46443
377286
192838
148303
666946
993001
831568
767448
348149
553445
343684
16676
199785
99701
165832
816948
389096
457865
613258
341742
715225
739020
713003
707809
824755
821996
455
881132
751877
300068
270521
314672
193706
463360
462976
860652
972713
810896
628101
320862
880694
488137
853890
80479
104190
536074
413779
493286
993940
543389
835029
709165
282410
64384
933326
623517
886381
450133
504649
154610
750201
291522
469282
943907
271234
448610
320912
243948
775859
465365
81162
656553
953502
935053
253384
57692
987479
667164
67330
981419
210553
418711
206936
9315
483096
656614
149184
885829
106747
653833
40439
373300
461708
509721
317208
732942
474684
154472
976890
250543
619837
58053
907096
89691
509458
160480
663735
496937
343996
731065
994709
554550
666129
717997
80217
149225
374612
229402
551406
481359
399587
591845
371012
861295
617918
204572
110590
608954
359044
87480
859497
978881
661885
766593
584924
687695
443426
248659
700985
787422
496076
695694
858324
162205
413691
938542
827782
304655
684296
895540
302367
83883
487385
673379
461531
621656
877951
572121
230610
236995
175953
606460
732228
354191
889405
317152
41886
332831
82163
742871
636606
578239
954917
494930
256797
884961
949824
600931
189616
634120
496472
491983
234356
500209
681714
695887
121865
559665
784360
868828
796660
960313
475288
45240
830856
881045
362392
389095
213877
444555
131966
850483
539147
603236
861765
795944
488197
327942
913227
194165
478414
409699
202501
712770
909909
884215
925009
548126
443881
225721
416954
756893
702387
408594
802134
533243
289640
164526
922338
19869
125434
570657
386704
664581
173893
764821
976877
178442
92763
890104
372607
571178
816156
91460
800300
242417
975676
241662
790543
935909
467383
723850
692802
169770
648796
494936
219366
454788
175815
141704
474657
817601
228713
861361
482182
402606
142535
975411
97400
235298
381867
986360
806476
714375
77820
123129
956792
569848
364791
747336
505757
832174
987538
198560
518297
636334
209848
737663
91123
902015
395719
82132
719616
624433
459846
201798
543391
602381
693561
640792
837679
591781
143504
160508
306156
737676
283637
262949
307525
648428
526637
813282
996954
514175
528194
31603
150509
254395
769266
757984
156410
164986
840117
876027
789419
299963
594177
332810
902344
287739
489954
256375
395872
633458
416883
702028
887487
216872
964977
195012
381652
7966
524646
378607
522141
52841
410210
189003
823588
695829
946987
979998
860815
303456
856025
166586
603419
450203
15748
22115
254294
22055
278491
166518
655513
211726
868546
543000
428599
349876
254364
810251
357842
779011
705210
396336
348204
631773
585339
171792
327602
48678
668142
188417
352135
524168
871355
471906
490723
887103
494022
261369
909158
288865
427887
81024
500591
812785
140376
445542
162661
911093
255794
36856
690104
477356
433192
554660
109129
534883
242804
436731
583561
910946
141500
935696
951466
12855
407603
442189
416311
417977
219910
841821
223194
164149
439197
723785
976935
579574
685680
655948
490667
941474
692804
697123
935182
642348
251783
44312
693583
10939
997395
277145
921885
138896
729193
873352
668103
653148
831893
600766
587477
51804
442588
810671
215953
881785
534457
709240
977711
736489
365189
984730
194315
574345
198205
129497
733046
966340
173809
426629
977279
171205
220126
899165
826453
949320
288869
10908
118820
120762
611675
706298
172566
570615
516969
904872
968752
567778
614112
946464
304267
979301
447546
498582
69999
162104
628080
803045
128444
318241
229674
105724
5798
449801
521241
348603
915473
326462
359512
34293
447224
971187
740591
136143
541802
773913
41015
510554
341691
171479
973370
162311
667133
937269
660893
737132
99373
805325
540177
227817
639919
286203
849893
162069
252356
887486
510673
167829
213948
870185
202123
661173
357724
459066
313668
415878
749331
871035
926432
91023
42514
416155
769686
225999
353424
946931
963131
969149
268609
19660
196966
908528
822216
563212
586949
74572
450698
97622
758754
664647
484159
477229
842172
841883
452647
672192
257761
201979
543227
700546
809354
102093
633053
579040
328093
502829
525971
807576
471978
794580
343589
668944
219460
165805
748508
806410
756729
199207
420384
515483
380206
420896
509064
738730
262779
961712
410922
36893
163691
470501
253791
973045
572594
886844
552085
900687
389673
594408
224616
378003
905341
568205
46947
641153
250362
311808
963915
523443
511015
384300
555279
407573
805196
64343
662655
584327
26055
589929
137572
189746
60430
391363
679143
633024
794559
747580
50064
700584
341989
791032
78587
763682
875589
641887
404835
642303
953695
368751
165746
981062
269403
237377
904987
74599
301721
567642
175278
844128
673923
829203
550227
734353
736918
229370
883729
531478
976951
933793
748414
835292
241177
343354
598974
116766
985241
3809
759069
455288
888912
924816
952702
158315
678545
857689
749266
980266
941683
924545
340747
615606
270100
890974
866311
7018
636696
750040
538496
129999
200186
803263
965291
441363
146617
80617
74482
648210
600779
833551
103498
489691
274719
56200
648007
953265
430241
397273
449883
888276
838170
790630
20234
108270
197956
402897
115289
834653
152937
170137
964652
869475
973400
446296
827191
636369
526913
418025
284579
127692
251576
904429
133736
42648
476981
781743
995913
423574
695368
445796
311850
533539
752779
848436
158161
950735
251333
789802
785388
920623
959940
266393
306450
449692
229041
133641
602414
755954
551666
886993
399999
319595
307775
533735
362243
784756
831830
874508
208331
527198
836656
36533
577089
589435
884970
735251
56523
652655
525053
358263
573278
1345
624656
879729
451038
853697
529722
53452
126004
597741
456797
42355
433688
764572
92442
795931
65681
924272
186791
790364
967822
23447
826897
544912
612883
228219
280163
669406
880875
321568
544021
970505
322914
168678
850234
290304
538727
896309
860108
181083
494050
833257
223438
927738
597830
832232
240021
179863
272856
426812
970227
240679
966611
313476
785591
579494
541696
582106
765252
938923
420026
309274
909428
742940
994304
759663
549596
49383
655972
409704
230467
666374
242962
970257
110464
357144
802490
866837
537007
591698
293649
23586
832377
776612
337062
134320
872459
878758
232778
637711
334033
652805
463337
243462
912097
973993
3125
461694
23377
175449
871398
770196
358175
630712
740453
984991
987856
59295
851828
524863
167346
661829
64801
516075
438441
401864
650396
310900
796974
399526
464964
131008
568683
444653
374470
480781
418647
893947
458827
958376
585748
330225
244924
943923
960938
985377
928914
465146
561025
780742
990010
728371
958923
571163
244446
397364
973027
411194
708265
770002
327073
173229
417362
895756
134234
791832
892889
552881
685779
351716
27609
787879
681942
272533
731802
159232
774263
177068
624378
851640
474162
130740
96363
433085
701904
857161
346801
191283
268356
55066
961285
111781
744647
894999
7537
878882
686831
900427
948115
888962
768495
492077
676841
450437
764610
924995
126021
55225
618415
266752
906865
92577
397492
3228
42014
615748
860390
388816
807032
645098
960234
284669
273231
221234
179669
280768
100116
382852
697547
564583
788167
466043
56660
981360
432832
337623
422708
75206
392848
41123
341958
816066
650053
255802
819294
692067
871551
196036
597235
194935
357486
557470
995956
630717
778704
691977
427838
395172
591182
641737
476107
379349
107780
49120
360709
56965
386743
783417
132171
295943
340893
990481
112009
990946
246283
447656
683013
634186
160044
280249
829121
517531
354071
341430
664600
649127
33407
92438
44299
624589
250528
36758
520290
358308
85878
881000
931625
988973
180769
580148
284917
521662
570629
913278
512608
816913
877286
711974
451099
37331
508575
796573
71214
862646
138003
735814
511773
687762
344605
72424
312352
595133
109182
348994
469793
711413
229994
917771
700386
927116
497919
501655
965130
68549
931286
994091
401814
808572
706065
369265
362255
214640
165838
433469
77286
820193
685636
105411
507956
546593
177835
336660
658078
803369
685654
644223
31134
432001
561994
731521
875469
59914
749528
840599
644815
197166
834690
46629
5739
57107
415894
884346
271747
98085
834168
865385
918278
36156
487148
942586
582749
181335
795598
757179
984705
997605
401402
15839
945958
963397
263712
821427
539663
529593
178378
184478
726759
529421
747459
248850
586528
679705
133197
374628
777790
967365
240013
212421
519873
243514
671359
618974
424849
466958
376153
409554
464563
777555
941746
410521
257304
721810
748300
796967
251403
926678
497797
978163
456099
245256
227013
42628
441314
876562
933608
219104
843927
173621
431525
880152
933487
619237
499126
358337
86195
875279
284243
67110
169187
225989
993983
426491
464152
742283
739811
715555
668961
237608
693718
641413
999217
437084
200393
440531
313646
134001
175987
673926
823974
123865
554078
757462
743102
53205
115799
829297
444836
400042
896407
614023
142384
890390
556867
606536
149025
296678
838443
334338
534286
48514
975751
49855
485598
176144
6738
315596
310145
182726
989522
134120
306591
59953
891582
49693
629510
523733
395342
74346
440127
808101
688370
98863
214843
245237
705399
363868
58267
60195
698206
108905
108709
190310
158761
594307
366454
165499
909903
192952
864577
415778
327072
171168
475731
735006
737213
105241
258739
648907
179587
215218
973360
384309
314082
188203
145898
535833
68423
720517
596028
282982
829423
704737
473292
988184
815396
356098
670035
241652
549050
534613
657430
392474
222133
133161
127480
475699
754754
902571
124606
450693
117790
97967
351355
431872
802522
497253
967705
870946
217771
563734
670280
563546
784823
143572
551730
600220
499670
738117
841872
565073
789082
15654
957547
11216
665167
85028
486915
419921
503951
127873
386966
621741
742192
738321
569965
544715
751927
537671
932013
486050
617757
602293
49596
918932
745865
117678
519152
761887
855795
877376
843312
644878
893030
800860
172446
558197
402240
175713
494470
906191
303586
881437
527933
562131
619758
614250
106846
371685
151921
38859
374087
286030
641152
423683
204963
903369
57713
240467
181608
913509
117844
24921
74739
10874
342133
763537
85424
744373
939250
579894
650564
759188
977683
694849
321319
597442
309100
944517
485479
977373
983376
375919
779756
140880
799602
984719
560601
857316
225186
258562
287177
859382
799835
878268
386609
141968
641805
472033
402693
97407
568279
569609
856595
545963
264459
694267
659757
89911
638784
661588
583636
138513
37507
879744
795745
353462
864463
356347
727130
606002
131261
530659
465384
931096
408927
851993
589416
567084
840378
992109
180843
925010
561718
553790
470973
342529
248057
647082
948792
403194
308670
532429
541707
862530
412173
337452
215992
792989
210151
459474
915343
341412
990133
897079
272508
915412
265425
861924
482496
105803
370385
179691
30813
932104
733481
18138
274633
497891
665220
223426
901085
490243
272207
442792
352773
200732
296596
85117
510073
506748
544591
425416
848160
534724
322496
637021
450136
587921
15297
448984
210076
385683
628675
757242
834139
878508
775380
108772
376399
956953
848550
277484
963548
637109
236628
316321
837842
533225
917790
864267
39973
462381
289684
404485
513457
128532
557858
479945
232805
89508
928929
442881
991543
73956
200123
825682
468816
491856
450806
845216
965161
299357
639052
928709
452818
875681
761382
290660
408906
679172
671280
965231
141553
960964
369716
171362
605848
443927
651307
838653
533435
96588
281534
524978
686896
998010
867012
155712
489866
317818
517280
455027
133527
156333
383736
586346
32014
145118
393358
440920
340642
64638
922503
998547
541954
292219
169909
147802
736146
821216
986455
785933
434156
784342
827263
121052
782352
694275
276764
788570
12094
310397
243597
661973
466730
143685
764671
498744
805155
674382
456016
145797
255372
378519
144344
797327
187090
830605
461481
439589
651821
964289
225522
602329
748631
52786
723381
530983
263413
516497
835905
791859
826894
79502
453833
293624
739539
734856
308720
61046
409238
281088
206843
664611
175959
867539
461938
363050
214496
439771
318991
382669
404060
60865
984998
152691
113651
708379
200026
893417
741228
35931
685276
568123
631785
139109
378099
887676
873966
686820
948722
799556
484260
671917
464167
660220
55808
442457
539622
270304
882229
858613
652973
802641
919478
637971
955333
549482
862702
671711
442899
603931
223995
128175
172054
855780
783637
66505
259809
173955
753325
208531
973511
237586
396801
437679
414158
452609
396488
953780
722914
278717
328745
892239
81359
248223
46563
553044
314057
909265
741107
756956
513196
965102
401484
201602
337235
185121
268108
597044
875428
537785
321927
848939
291723
718728
802970
222233
171338
199459
176013
410604
994528
504758
302843
592239
269334
349406
661635
583391
775024
402743
856700
804572
884197
258184
6175
737784
959657
790635
334828
351437
844772
173108
200376
136496
891836
519699
358729
579526
719158
51095
506482
713686
72205
325678
822278
341539
675084
483913
441283
966460
886656
297983
771033
287206
72519
293560
24990
548528
84195
876171
899965
928967
49279
616693
581815
457467
136392
456897
553346
371902
24344
59828
601941
96549
385506
424219
954441
576943
908132
395724
59755
311141
210059
830788
598347
798930
124348
139689
347458
208543
15860
763775
653863
581491
380468
752030
555311
33213
725279
108657
405115
265975
684837
523408
878877
586696
947627
833318
679991
372112
745394
739746
199605
955453
570535
797952
270735
694883
453993
618193
419779
469854
898320
589994
567697
278788
858376
123008
828353
100008
231665
749821
365983
432855
273229
244860
19551
220857
594530
699542
109321
856276
439288
308926
328081
526175
623230
598816
221059
77223
217009
157190
63429
115329
263536
631127
910470
121912
754135
255175
221920
502153
4996
104256
451360
794578
865468
470911
531787
976351
686805
641108
832627
126093
950034
160709
168621
573264
759525
389680
166839
492887
63222
230269
608216
326758
377748
35038
965022
648235
290214
186943
666740
811562
807551
118100
606140
189371
589011
137927
165722
275816
779035
998350
918262
245421
159059
86883
335037
918584
992915
501877
411471
56137
248498
536040
899247
142598
87430
864269
790833
893996
567564
457574
705559
375115
92026
828051
80839
681038
965979
246561
473206
261366
244911
907820
506788
920322
511055
358177
355259
503970
376406
283082
76459
141256
335474
975706
283854
422905
356328
591040
316901
923892
564966
538812
815360
656992
366864
896199
854382
849195
659112
843941
110561
904024
751761
133701
340698
262817
491879
212309
283139
384637
495392
359599
525894
347218
851657
326100
770123
207985
917140
603377
648230
482106
658541
979942
655451
541757
876141
509833
390952
535253
870126
501514
955629
621888
151567
812680
401057
159798
24989
684196
544436
36733
43795
70330
383952
411805
396430
670427
136142
829923
790156
784372
828381
965050
764314
483832
506807
156807
510018
897760
208413
380144
915626
680394
518384
67193
493074
919441
226992
34416
603638
287780
71149
163785
358110
971453
91942
270892
158233
228085
617167
948389
528809
445549
913439
809476
445733
420247
966283
472103
834359
691048
368600
749985
371443
886984
333530
380869
806426
560522
415285
926416
848302
2787
90201
722764
974240
182144
510009
132473
926581
643528
597215
455390
605429
27006
264866
51163
447253
747502
523266
797964
954902
891866
547949
326345
295203
881480
223567
101629
958354
638852
28045
323009
157991
634598
562125
648584
333094
588486
781057
259675
232015
894624
715066
837444
921631
496284
404959
885236
760138
444578
683201
715041
852796
231150
557738
147999
628982
781305
249628
103689
936510
794025
426698
94501
944976
505175
743085
278070
93662
40495
537746
842029
935119
769164
195825
856750
781800
600785
258339
58291
45363
941540
773332
898159
689042
331070
46159
834377
112376
812139
938066
565238
122517
881116
659739
67493
386291
402825
345563
996305
443320
399661
354686
894791
685177
550512
267894
466978
151297
526233
525269
196660
467773
814953
611171
673167
662375
657330
507544
291103
985822
445610
856341
108339
843078
516081
692184
745722
918906
37747
742027
878578
953761
613066
773369
638938
163578
557615
622268
314875
83848
663889
27887
67973
478842
639058
741141
141218
812741
248685
432321
798563
210648
288663
423254
53726
321096
115438
799448
240002
669537
57828
634932
139650
187246
924653
778589
350824
482269
917209
665699
566117
581099
209938
150443
576293
848996
891584
233863
178089
140269
666185
493004
867269
471200
916258
920996
792296
548048
236796
548650
733938
810976
699934
873588
998222
624587
168529
349046
623208
85739
531097
705678
183190
257387
856121
759483
106384
747705
993347
800825
404326
175884
293830
271596
163436
726440
708944
955732
790841
462092
20734
524779
273069
720668
914719
787643
861607
83249
653042
484816
685340
700491
190494
384882
957879
46615
660717
64263
310672
170416
381440
714998
862652
675270
986594
26088
401711
695538
498172
708904
157631
518906
233683
947052
755926
148402
734695
617534
748003
904089
102350
949695
604581
809196
334577
562460
372163
511647
143075
682835
682063
524515
397833
544716
716138
384428
570804
634201
596318
68977
343105
270301
104235
576788
733705
860162
241542
984753
994048
505898
888842
612750
455593
9775
421946
306523
572235
794109
818170
715310
476944
500233
756178
391129
561301
472316
291909
648458
106517
404580
233787
965974
674881
338022
542762
924939
714536
300656
909692
708584
806554
314886
837686
778500
324662
775984
601375
896897
570093
419545
128560
563389
436130
401090
470871
513784
389758
762780
162242
12627
167360
396029
978601
358594
250403
37715
283533
481292
338371
709577
706228
661278
24463
543915
956130
349125
319899
557505
762375
406345
493402
407287
969734
445884
808377
956957
959668
714487
719738
121910
727114
887098
34291
222067
245692
801047
259782
45577
282339
114505
755154
988567
292135
779618
532482
764617
645095
852382
322122
407470
775079
331876
331109
261165
777761
655838
218123
253781
370325
937861
892044
613791
341311
926335
835858
103356
727382
611992
148933
9721
726498
904088
514641
534985
200058
47123
299603
845153
415857
138077
768976
190936
469954
616437
452102
764067
272276
186577
17848
158953
124438
909892
772745
465749
352580
124955
85457
79962
736948
234391
606036
979798
654831
120677
514783
854889
684152
814386
216394
100010
952464
501722
807298
938770
118160
775752
702837
390436
962329
720685
65741
603119
146930
838486
585221
499510
479794
670678
95824
216742
421421
701860
196540
76252
338889
227675
931141
23042
42062
663888
639404
510878
165610
963054
449648
283770
255159
668837
190558
733840
905874
256300
336960
52804
611138
438533
552314
90932
109211
164491
307674
530633
866351
20566
606885
721593
248242
54379
260987
806656
718267
416743
317534
400229
896149
283534
684000
151308
952371
390910
885149
858245
647210
738461
911050
258349
176994
979716
349281
802557
144207
173308
849542
526911
710226
972780
764856
474820
27159
25843
281476
261778
958938
115362
178359
855087
398896
862359
6396
351267
253270
407897
725865
416832
146358
153267
675181
839704
132983
540815
642261
793543
230475
491804
836806
940701
464584
601662
415522
8095
143857
696998
269873
102795
812361
964584
474234
727609
826944
480630
595229
596566
888527
321094
13398
551237
474361
204932
390941
123696
262099
33203
917239
492574
41359
754045
433275
505943
872059
365149
514038
15916
578500
300263
635063
907213
264847
109298
634822
608143
106280
230051
721061
511160
67497
734460
62397
541858
455744
969691
665555
717843
519246
99146
210417
560605
369544
160044
582900
757955
41546
96938
290224
620046
913553
925287
43611
694752
550937
194785
302896
657218
941189
23957
684730
8686
274769
263479
66897
730513
233170
248804
964708
268768
347950
691477
829373
233846
851522
412273
991802
409420
25563
282026
545818
939116
723665
589429
633869
274603
784214
453117
448173
241755
477074
649255
250442
268196
912734
317339
515061
145905
82495
479770
414673
946797
171247
760399
180644
539121
172672
688798
948541
714588
970824
494359
653704
210841
600140
803925
485444
900707
257042
449969
142462
734117
99224
909256
518665
528311
742947
33726
190568
825442
513496
605241
772240
201096
881992
952884
740217
571017
641682
205111
285605
128858
215822
455661
339699
815963
259587
341496
716670
516629
307817
375484
767098
923394
284741
285763
451705
27688
319490
642273
853131
349338
763866
141723
550434
645859
94607
807004
733228
252641
12115
18833
897851
227937
990846
753902
560252
250433
611750
793274
283415
919568
168759
50513
842962
453500
336277
811019
997540
172119
453292
850671
521457
217158
992394
588244
379369
603353
395248
112597
372346
923715
647782
786549
151652
638629
540452
228257
405414
152202
21531
688829
588122
190290
739343
947436
160142
591972
758455
157683
280443
728099
524706
318252
461610
517101
906496
840979
636806
818096
469929
525505
741811
634063
312054
409816
789044
368858
638073
194459
37413
659604
883288
625535
366247
138983
89324
526389
247307
847779
200424
527750
575879
725131
362355
37489
758584
268851
394820
395390
603300
381101
437247
345111
15165
265654
754927
320561
634512
909352
515020
671925
85309
914661
813813
967908
569996
903137
494297
817304
267268
211074
861406
843147
936205
223761
396988
694789
8965
791809
606531
612265
172910
43779
957376
704427
309433
228656
24989
460297
138008
56361
648575
739669
971022
462388
707577
541019
881877
718227
874675
149145
929301
736081
992293
865506
959843
905633
76647
968808
697442
683178
581073
386705
243309
54801
607484
69094
283457
632473
529392
937818
688835
177967
193839
176209
156707
901417
233580
38584
619644
108255
187729
65297
844337
696374
447155
320532
118360
523802
289340
332154
723332
386765
718859
482994
441566
842696
552088
241376
991521
597832
179194
196708
292151
889385
372918
965210
790802
606498
3794
926798
231106
707876
992095
75443
920602
955602
395975
38962
479404
201667
371117
719089
588432
606328
202083
546350
449024
270523
787726
440546
868356
483272
637254
676859
372658
526524
642070
679812
649375
162216
606611
880481
870092
115058
955924
307047
70661
868251
346009
66417
586270
233478
785506
174702
839807
503941
237404
805183
774465
25131
762081
159173
24755
915688
836032
913765
442212
994454
593578
607939
156671
200189
488420
26763
831599
960696
333810
418612
828947
196172
485030
931569
429650
786888
106271
785809
290830
860028
590993
581647
885159
869426
740820
426266
785114
93204
340032
743679
87659
933610
351618
244330
650151
840039
787445
998102
800735
637608
416715
146035
833780
901745
77604
779782
204985
700228
81944
495815
76608
189289
593814
961767
58715
334634
904385
843830
427839
244417
103861
31850
694379
455479
276180
344530
811870
579977
342633
128958
217585
275700
791345
567717
693797
385301
347500
898782
85529
429444
910950
162137
618733
504764
640256
677448
839399
60994
37630
783590
821763
141491
331792
516143
113323
607972
377025
925193
704301
236010
54151
921887
511710
845496
489604
205507
230798
837104
104290
832679
782900
15240
511169
401633
520004
667777
595434
875755
245123
149416
175697
66887
807260
507489
583030
920583
631813
960055
362128
336115
712418
932632
774354
224128
294480
263958
945988
41630
617415
50278
390662
400315
581870
418183
318301
618226
85960
430087
10334
847436
579503
186031
914323
903115
209873
497353
340050
358038
973760
702179
210505
686178
151163
984859
426659
445643
248818
372647
487274
866233
939277
877936
782900
521147
296119
101201
655725
898431
531288
666059
745867
627144
368443
660190
46611
94668
673895
386662
452706
164008
605193
179564
366538
756356
164423
793197
718351
413241
682196
721977
795826
621473
599913
578727
658972
412384
196280
314698
827168
243921
497109
89387
387417
865552
265930
434028
476572
456177
337042
445631
620185
458587
625195
986724
214943
789618
296273
449647
719212
978470
171624
31390
599943
287890
610117
258916
700274
806398
89966
43794
566671
587075
133182
954088
452628
399112
388116
445552
855289
241511
891183
991827
700098
516378
494903
915042
822349
791176
881041
57913
769646
52665
89303
885942
340555
215773
661210
557182
538523
751176
117328
105194
338251
766862
59282
307231
165974
963750
752784
537616
205261
643967
45795
905360
676698
540698
336754
499047
848226
217795
73312
617873
786812
162615
20167
643720
378388
681377
200902
916911
432553
834582
538457
770804
601445
597739
594388
283771
561490
347172
337739
766751
991139
383534
672111
184189
440584
8865
199588
288811
743012
272900
423036
529825
435516
443203
173545
330256
124580
890799
763520
73485
725381
301977
360641
326826
899717
955029
126950
977559
302201
464689
744310
809693
848224
932774
510234
288808
457991
709823
93971
717356
982723
517007
247181
934591
960210
937078
264848
601142
827877
28368
190979
69610
330345
551621
912789
746414
23002
39739
723973
841556
504428
984636
167601
869004
433762
677835
674165
408105
387658
768136
125461
370382
285144
888994
304973
761706
826072
86173
879201
170301
114541
70180
756264
961239
138153
185405
224005
677508
225144
464331
519064
245924
965319
686665
631281
399081
364500
305446
807186
268511
589934
449000
638893
391430
337994
460218
669489
680419
546392
548690
367072
177285
135222
639688
654876
273376
825093
395234
467236
566589
859565
986300
812514
824884
189317
443795
740317
70169
265593
63855
338680
855527
512855
493925
763310
367202
954144
432799
563973
16888
981489
447397
710525
116711
87086
881754
906439
912179
276988
373675
995121
652905
876327
807635
994141
65644
767782
734458
652166
33375
798313
990846
405254
827521
484772
168564
194723
955268
601363
275048
488508
99204
722445
715385
732268
809531
113491
638707
238063
906831
528735
233184
559736
405062
557171
553877
987059
324953
804687
639225
874680
603001
146423
796286
430522
147547
964851
141597
619167
82566
416645
624027
181771
139090
339413
914039
948622
969256
69098
703037
876088
597833
936221
952176
519248
9744
506054
22659
334697
310741
178236
725729
430094
324659
522015
860616
988559
3218
518565
607726
85785
935210
231754
783908
74301
87519
214299
539275
56775
283397
242312
932863
397583
694885
885040
433183
704629
907446
972194
555678
734539
150430
797759
164634
991441
319774
541602
980000
322993
576520
104079
925130
511730
852185
709038
586031
939704
439689
641658
996479
239438
400322
445695
153373
611559
847087
586556
832540
754533
75102
388218
5424
225532
185977
686410
733326
22104
744365
713326
861449
320885
333757
786579
832615
185942
11969
934999
125646
451658
576657
638478
207448
493332
600525
360822
104891
447612
463730
937432
718497
538833
842002
723921
764365
544332
926684
14043
566436
671049
243722
427885
991934
577479
730816
340901
763422
742785
792252
405420
710795
885262
560250
918243
378594
160775
795417
483485
608387
259148
937269
843236
797981
779272
83510
78698
323604
10194
92742
406392
197595
336464
350629
705881
430295
597797
46782
193717
340582
839035
115490
567729
724297
675740
2324
619243
836516
797742
102728
961255
56890
39998
320844
371223
335622
404354
966273
175578
930900
575367
98322
128495
911831
965303
834376
858479
563100
397510
568548
420034
752897
684038
987763
993546
359779
506439
612789
712647
304181
231870
190254
877423
788220
511098
764998
123842
431804
731272
815772
362704
306639
914094
7551
734823
879397
841927
593302
442497
755790
161850
862531
508687
845889
366646
502234
722020
873085
631375
951019
693619
863245
141273
571042
651465
168724
336041
291659
600528
583665
107431
479585
890304
21525
487136
141479
417274
845416
734781
859771
601206
412984
238654
626245
258873
605300
644831
497245
994738
276207
964616
688357
139452
105889
259399
307270
790965
111792
598929
391494
211809
706361
871079
102114
244238
874567
759945
661513
719983
494727
521284
321189
907711
276291
947435
682936
397943
108618
696533
392681
384825
661149
81038
40630
283390
856790
347900
74356
484934
463181
982202
696744
169542
853281
315210
413781
244200
75155
591646
964184
86234
112930
285373
510297
905573
749160
709585
303517
857779
406118
212550
758956
583619
293589
799586
867010
666731
663838
941366
668017
127020
923568
881113
812914
293201
196323
743047
537401
787831
334693
17937
390417
963976
819663
900715
869549
568823
610300
689418
942954
532771
901969
218263
116390
195558
534201
499752
378641
198040
441118
46658
841412
881038
927772
654326
690591
640447
397374
744345
944630
732067
762282
335048
696043
581945
752115
81945
667121
362415
771363
126427
411538
673332
344690
44281
385242
878892
544033
763883
593284
501504
326894
434696
898894
771018
605374
589486
927817
2748
850183
872448
251168
612465
207496
463563
710763
475963
545508
894236
838378
316872
537015
766269
506556
881706
810550
891799
276950
354583
172034
386586
372439
498928
821282
271334
786298
426656
860820
714116
945757
711003
586564
196925
839820
310412
660488
66935
786375
722349
477523
141105
555573
14539
423726
62129
412597
234276
953928
689547
105212
125963
76133
477651
141243
413767
748985
927542
356775
126157
158010
302532
353512
260926
15809
709685
571338
192650
776620
874065
914999
254144
531522
470572
785035
471601
532701
197632
705877
2982
887179
327441
128945
479664
321445
786540
409783
586782
230434
766558
712940
388444
585443
582804
649370
601252
292489
737060
310254
585462
127477
225253
355958
175352
212177
140993
646953
744879
338625
869182
747861
742156
712976
393158
738172
34421
696050
147955
621203
926485
430865
850495
831281
532660
949652
997004
133913
242141
250416
444167
343955
894246
185773
699913
69598
397950
357258
232903
659181
695883
102085
923394
438039
331413
832904
692563
365834
528955
840518
503390
971792
787736
870237
319425
320396
819889
316429
970661
578383
83198
931181
438690
977444
116954
654956
563394
31256
12214
312649
690438
708098
931086
613832
662489
262500
446737
871405
628334
492044
228275
648076
463836
16011
518314
783261
852760
854555
616043
823421
949290
215593
754602
387981
709389
387908
42937
789135
419165
571503
101784
109603
795953
32870
723435
974795
295370
686524
846200
440057
178568
74475
88133
158756
90487
122799
942018
943247
493707
74413
283020
959349
806358
37623
863682
515747
941883
422971
304882
361048
994475
406666
470651
790428
955888
710439
765223
767611
913315
611423
207668
91884
202251
812153
250640
809090
451305
709010
752337
461364
299775
551709
420713
106133
589332
284396
621880
531216
707367
926762
408616
218194
849780
395620
8623
322021
106059
773846
89632
19374
901622
813652
627610
103873
625805
878251
912963
593462
103613
181652
54826
403389
733361
991892
509522
839046
792640
131403
886614
16359
574517
811582
234554
940650
207202
243177
262671
313261
533375
352303
848988
951349
682307
992950
571574
308112
871201
889
417927
974815
182541
989105
894556
432255
980997
404078
787653
289989
535481
190619
306349
626351
2201
540903
567001
725756
784080
829672
555369
833807
698327
404357
785157
380634
397308
356731
205098
784861
357621
139377
276028
56514
128483
170584
5121
625832
574663
309126
915822
626496
16097
222171
252847
534651
279426
336200
260407
579858
682224
815776
413665
380551
736486
715174
277537
650146
71906
998988
951359
945879
138365
227388
518745
266848
914324
40219
409033
5339
865697
841207
631836
398147
579730
401035
932798
859156
253588
709557
439014
935812
41685
369031
832716
778171
84206
110253
944669
672464
109241
896029
134695
763959
639769
169792
547159
554093
210011
956192
559433
592061
797399
707621
990208
377129
625008
923006
752637
878596
148915
191651
814409
190600
77035
647125
485124
161241
273730
429793
350057
899324
842174
484752
663283
481943
654544
210442
36037
380908
682987
595470
972969
480386
819443
963177
373868
444451
402535
126505
323048
551450
834509
653809
258402
911544
817286
743526
589137
607368
689672
939194
506692
531846
423946
686327
13790
594842
413122
49827
975750
96109
161649
948719
92847
981092
428248
466715
425543
830783
109573
264943
898585
460434
435104
156988
371978
768742
900514
477467
376111
590186
416661
882803
122033
356959
85483
135823
951801
498605
702002
443904
594714
863651
908975
203913
361095
337224
186981
302990
684359
296554
567934
582945
756988
519390
739933
645318
288133
156799
122785
664244
263338
539446
63399
901723
412757
148882
553898
364558
163839
255900
324814
274905
635903
233790
478819
996998
571014
665800
299988
255373
478706
384274
354670
235694
903665
610955
397364
191798
767755
520149
372394
547445
575947
952145
449168
988704
617380
3066
869614
781219
775318
710781
572477
411221
944571
51296
408219
515585
233448
224559
287310
228506
608834
641981
464200
512499
252936
377916
220649
537043
898065
109395
600840
990364
61540
50008
495420
678920
569426
881386
460140
861096
592167
32617
272317
536738
600265
196888
568675
350065
421448
855986
578571
30282
14319
559123
59133
783607
937039
796134
837003
351456
905529
437843
858172
967069
4204
353592
645990
89982
751330
622482
951079
859850
171451
739748
396588
771716
936637
481616
638133
874437
853954
733056
904719
384625
292179
480204
168232
745570
276338
521587
613378
181867
475783
471550
148936
479987
341494
311278
86321
92824
933760
37400
469026
105211
293501
865615
393279
230138
863583
31412
620927
717537
280820
41998
102162
572999
522202
786746
834921
314892
308334
448299
496759
300469
919849
162047
780456
777695
473326
383129
386872
407086
936882
855898
28650
230383
237865
421929
976873
101448
969694
597800
335337
250514
639798
437499
339866
678352
740598
174787
993244
565284
623087
490003
865753
59288
168402
162561
836984
641728
545690
223856
565167
482572
79754
593817
229307
317620
15746
206180
935420
501792
320332
270758
752307
960130
224609
608525
638482
965207
783312
631726
530491
406399
638081
912596
982040
806484
75157
819024
964564
137200
42880
529731
136124
638986
123548
365432
472958
655647
87964
408379
673791
408297
679137
942450
884779
903746
550975
39614
385306
334288
187692
432149
257039
825774
344746
239079
148610
936255
574455
113174
73455
617335
159258
209580
772674
799158
91364
245632
971157
179328
170363
644949
103977
849500
587399
988757
269599
138375
28371
654905
989015
216063
603406
246054
558189
948152
485134
706799
884408
59589
336326
474215
193277
495584
200147
482303
294742
291511
244287
265900
987192
414651
427201
607521
780503
14600
596278
50102
669327
141001
221359
658342
873417
824766
904397
947958
289270
905883
654758
690030
481824
507436
164246
191453
519372
880745
673756
814114
172257
918044
596366
675801
332695
23567
283322
629550
554520
395953
679653
223847
53306
417364
882190
443075
242130
786587
391034
47753
208822
562144
737783
690646
69580
418381
882100
588952
299127
72208
919418
471384
990252
32137
663537
839299
572056
463211
468850
126576
375516
664855
350424
428823
82219
748966
388250
840702
51905
779284
888455
260727
341428
142590
467725
927360
560972
349825
32664
860099
422034
468435
847835
928638
500572
511372
284290
72628
490935
269492
715557
866452
934347
65981
811627
532918
331299
199877
373620
383204
495514
778427
643931
353294
921018
628008
797007
998342
977834
829671
858441
916220
814458
706276
361210
315030
734000
645500
904011
224935
431344
619568
607739
365691
201901
935718
414962
533200
651948
304934
916404
147462
83362
76687
17108
520732
704695
814115
35426
198881
160139
893867
631453
974597
116495
509016
805980
850495
670868
226343
591782
102213
362263
199522
984256
80516
651592
399218
613716
303540
704153
46472
967354
303867
639511
984463
340951
860558
314930
376377
575792
991421
270244
207245
482371
386739
716261
804703
753586
903482
31046
345368
5695
909661
61242
989951
990177
229187
389170
120245
532727
93323
166717
16434
913542
322580
517249
254493
183138
832179
630870
275282
339953
417466
482528
822324
804205
715141
627027
74143
618623
174425
935863
140670
600438
997106
130622
590615
742645
36144
710860
275372
129467
393929
291806
559361
716509
809055
813854
415999
157587
444724
691282
497540
862190
690162
836216
182747
921655
463243
256890
56631
154020
709105
197301
754458
222563
327923
861425
965208
364067
572285
240581
9886
482566
48739
569247
715427
374147
383101
647778
48086
344177
339060
61978
722719
545574
898194
905466
467230
877789
678708
40213
31809
387814
237514
302619
610377
565438
164044
575586
445857
252681
332519
972096
735247
897610
57695
967026
271757
957149
614804
836195
301326
470217
898173
24046
532143
796367
445864
515725
674156
124573
555938
222317
512387
793453
524936
639116
875243
205332
731054
321100
974365
63573
809548
225964
961184
867244
192990
749293
824393
324147
101841
642071
794364
14
182469
326507
312734
628334
842233
986890
752907
398171
725560
781646
191624
766848
937114
583219
972181
668169
904320
462898
731742
230220
688863
209278
97464
398205
474924
438209
722352
576765
596633
516716
576779
779102
359576
405865
407436
718161
392756
676695
116332
118316
458341
824309
401516
395456
407528
890049
579977
828200
352948
311719
574773
41811
37350
188589
440016
512274
626799
162369
605391
739784
195437
698522
518886
555013
104388
926323
789526
497144
603018
905859
131812
577712
246520
533328
489520
170400
423378
69497
514953
292678
897568
606078
334489
934918
794667
290857
963544
937818
969578
568935
677602
165016
267458
196489
236381
371846
639164
25908
385342
758534
448119
517154
336246
210991
566834
342118
897743
506564
927967
929048
799242
825536
535126
650083
276806
329794
457293
240351
267612
426871
809286
945215
108239
593096
658056
860973
964942
297220
886881
350284
55754
851352
383790
908353
578695
466977
766823
476438
489893
694791
921839
805488
36679
456965
455571
313485
303111
429216
70188
87076
856088
395827
548643
964327
988923
206699
825300
470218
20271
228533
820502
592377
596237
720645
500730
174932
187622
267554
167723
193867
478697
89562
999355
515376
62879
971279
828861
365991
400495
899050
969419
772935
294877
518062
253615
800152
724761
595267
270370
261384
823801
607225
853761
936390
327870
354492
111323
31844
138398
795398
225711
617095
401312
741419
648823
980543
712698
994036
862886
629545
893086
832305
402481
704315
350367
656096
20820
591480
251363
291190
852864
591516
898415
706626
527907
742637
577470
155582
290833
232220
467332
32897
365667
868644
774316
14490
849187
487014
8526
712074
632911
417965
60731
35392
638632
411099
691488
659452
518931
459204
466995
371796
50720
881762
594774
578627
624400
688596
250561
915233
920816
717893
464482
286483
586537
238798
817325
952077
242164
825851
180503
875076
760168
241234
910468
398801
652333
118309
574605
687617
577513
41600
59413
144585
923363
170539
723213
64115
859135
490126
495700
296303
208020
960183
99138
794557
198981
916463
262986
441146
258666
443489
832574
18835
684724
743042
933988
853409
377703
508593
541026
471568
550194
116791
616154
989909
803682
855719
54024
179169
345845
549724
475472
553865
26259
574610
864775
225241
7425
127761
182739
266092
87603
15313
284927
288679
274707
218915
142088
168763
243860
199467
640331
310406
832610
256485
300315
152645
628556
870691
331814
974402
936768
807287
528267
963027
898249
909394
704620
905675
37156
887359
688119
641111
419024
973046
929790
210084
708313
588230
378847
468525
787697
535530
778932
136660
792016
595599
289305
936924
466291
137471
911326
403059
944758
955946
882438
359360
865340
587059
781387
418848
990770
469506
59959
926147
958904
989749
136231
183569
577980
31430
652094
882029
566960
947378
535041
875328
542978
824346
812253
9269
478170
723579
928680
422928
679525
327470
298640
544866
430881
80027
963714
421652
65885
540026
347799
24789
529775
382
208358
624107
31812
376805
506137
598772
324183
41178
990453
867161
381877
802706
392782
860047
42637
321462
799327
722163
165285
614320
783381
596166
210699
263447
17818
276585
803473
881969
301374
849601
398703
509733
473708
430515
886538
979845
545640
727073
537376
52445
594235
435605
855151
987017
812004
897788
824832
127683
136303
990117
742003
436036
586283
952703
215836
120454
229288
19309
518775
47014
868910
917479
73099
342619
864346
475989
838816
926338
203063
892544
978783
797298
844501
350286
784315
656505
764427
609147
784189
417082
115616
42544
853119
701900
511599
68955
338706
740887
604616
857481
787902
989879
291312
861001
848850
155659
336991
687666
81997
56406
96563
577133
853704
941064
927419
638019
113922
208198
763519
414463
625281
879135
457007
478400
97387
968607
63707
436093
225846
668323
809927
530100
658202
101239
907454
507052
773250
760797
711071
371600
817203
323986
948733
670907
265050
392504
825278
895324
600703
105149
309787
742336
984285
766795
220736
598024
251754
800795
550470
477600
985470
876749
7701
160025
977988
915155
667077
751239
675952
894500
639191
493155
218486
587924
680414
999889
496780
505692
411565
613835
610842
721353
356171
111479
4500
93259
225855
256254
894054
776325
250206
879525
653074
774259
39550
147415
205766
222979
415006
398070
633832
54197
407577
368670
158473
87991
884911
171605
110036
296477
785441
720878
534182
141612
348709
538682
751224
574564
311288
645278
867242
77846
41155
36668
852106
597057
184083
57872
336389
115441
455943
486573
169638
863520
855243
844463
951512
256507
16069
61548
552984
801510
298778
603518
459474
163839
142200
210698
738403
969840
372329
121997
47686
929836
158666
899792
43246
342749
474017
379635
974543
929960
866208
660533
309832
237803
504997
777696
494310
521066
355596
563646
838928
654374
167164
814754
334565
309364
541805
72969
795556
914134
194966
843243
843970
869984
259387
887216
729086
733404
783203
703629
179716
165763
364162
489549
403567
869159
267245
414229
906577
139194
977876
261857
309920
145040
76612
644486
970757
618417
717455
766313
48903
428773
125908
409225
298758
385296
812794
27844
635052
595997
731473
814769
278113
95635
820670
681680
481147
604267
95909
387724
743461
590137
165934
53382
735178
242546
697868
705935
377315
931675
988600
426218
360448
114509
835443
175558
499805
648237
203402
651209
760587
451227
465978
38700
63215
286648
720380
544362
407268
332641
448438
150729
922779
614372
204111
174309
373270
418331
880244
750585
350006
385196
176803
710455
499705
528599
402365
515862
176836
605768
167072
937423
56995
633050
976123
636562
436051
212855
180924
359671
61849
145715
510400
500980
276439
230864
675289
649710
649195
71885
916647
515554
457081
93451
226009
473139
138402
628374
989001
315238
750494
156073
769014
323842
305476
261489
960404
257879
990697
657681
617550
568898
803396
127950
69878
596187
875166
261519
245897
40714
849756
162545
556268
823189
772348
298629
296328
427102
927003
801682
258692
193850
957755
27706
34044
779583
805548
994448
37462
312597
168481
655012
881495
488229
299315
467725
84417
174481
245596
846666
215195
95352
9211
771463
918541
297911
70092
731222
725013
513448
532904
983706
223650
7011
527764
257694
786595
849664
768494
824057
162261
936976
995422
43756
425205
294737
27833
509622
985570
273429
356289
200766
368781
881852
488581
803675
696116
75026
534897
937481
104826
584153
437539
328476
591164
965304
102522
894111
814968
871016
718169
493582
807992
713591
537338
749550
524680
565172
775524
510250
838601
131813
227368
723735
530018
232302
527410
742486
307328
578659
679967
412154
679164
117507
256982
786680
599163
359504
680792
930483
230520
398961
424065
554865
628904
477756
304415
153584
559280
79939
180186
397881
728105
407555
637968
258123
639857
681730
516961
463537
776741
196928
392043
455905
830787
649025
758938
429950
8529
439730
360434
755401
355043
300851
310266
983947
778607
131033
653883
337887
210973
350421
252121
455430
757976
890089
713553
914185
88172
230514
377722
864913
943794
286117
837171
774582
935142
596109
720884
460023
552191
81318
215425
907234
382170
42043
407533
160777
173077
577768
15017
900402
928189
267138
355832
686166
673579
585737
116703
761751
332603
10778
626665
276397
296895
463836
567331
232038
576297
288216
208413
128488
885886
940190
35722
784408
982234
959607
461538
671663
537375
476555
88417
465564
743693
444249
668082
417272
546338
784786
179024
878941
795564
322041
671690
608811
302229
755374
357201
878526
43590
565615
523366
445828
505805
75440
230237
4391
35047
691775
192406
572422
168330
280823
37986
428375
241424
706069
361999
787762
7207
57375
183055
319123
379416
854746
927934
197997
126472
801488
76523
170062
367103
116241
132242
389260
191681
362479
910004
743080
54254
102410
315502
738936
899586
869841
167311
141010
92262
529311
928773
99469
586686
111828
934944
482455
482926
379230
680452
609398
180718
273328
295812
64173
389569
428055
453434
97603
790534
363438
840683
361141
982200
672538
100077
881786
542379
783741
22797
634641
829404
467922
250462
932442
96102
185406
414897
579029
564636
611702
704779
261707
885030
592
325880
790951
944999
779314
888554
251885
659104
245590
613026
157657
918128
229456
39443
460507
13197
578592
611500
358953
46514
378314
291395
142617
563720
706293
237998
644708
834347
942777
422767
719377
459721
748648
510328
921072
44314
915235
172958
703419
160825
785984
377428
78953
531792
416871
55812
61341
995464
183664
420294
558330
561978
711690
217299
642050
934335
455297
286758
768682
914427
225878
4411
890500
974526
31091
811573
18840
946326
984531
238611
623503
286867
616039
218808
818660
549263
274620
880001
61079
458284
816648
135761
20262
528338
353061
662312
979025
324710
465423
747707
755489
691301
268470
162342
182179
299561
973915
717371
245888
474798
955983
385743
278017
88374
604552
613029
637637
395524
9383
215068
370161
826031
350830
390423
870721
703891
569088
849746
544953
550863
113805
300443
758516
382275
462785
457047
681836
953052
174418
444076
427850
130401
829820
222219
735128
950724
835249
372765
346248
844632
587834
716409
187015
455016
623185
57736
158907
708625
907482
703860
259488
21287
4303
534356
403562
983440
991403
601750
936492
165821
45827
880694
812575
391999
102914
547703
342723
454515
920468
688971
299147
24654
921733
486162
479670
544918
543898
154929
253543
967732
858790
29383
989019
379445
563739
908933
879238
555142
27035
815730
237315
589214
212777
49890
981213
315691
597593
840288
770206
34414
529260
585705
575420
450993
588219
55091
512263
648469
726372
765806
616201
101514
795189
121572
480960
875280
546857
876550
430422
573892
208632
184089
679459
421409
233980
660672
253452
831573
500961
540010
382339
546573
125715
957760
513918
230286
12851
542533
878755
255575
308339
11308
357090
619880
649232
354402
495160
196089
230952
441934
286334
439584
626023
965793
860994
860003
142817
630798
207929
160130
170809
590268
223055
296524
64380
253325
43163
77231
795858
438270
849159
620549
449579
206249
240429
615163
560651
251941
811253
791603
693875
613939
231187
319899
96084
608533
696254
238901
239332
420535
915384
410141
10804
138439
223017
591536
391765
782532
185120
703975
220803
34279
324525
186734
240528
81306
801897
801179
333248
129502
592782
27123
743441
340321
863374
355877
465207
559629
594779
220891
980164
26515
147384
507320
164954
886753
98857
73071
669286
283977
777047
890089
318256
617924
593175
558784
215582
395072
876315
548830
524575
469097
92306
784368
325770
955680
140246
307329
31661
251377
528220
11826
794244
675604
35498
959198
562358
650707
548622
747996
451036
842021
154437
285644
459945
747612
360780
675527
142684
237095
740710
183611
222544
833016
484332
548315
788696
140930
855644
820358
908659
900217
348536
702903
575821
900386
662101
654531
67446
210723
918879
518482
52744
73316
320479
29041
820928
681259
220921
479965
918355
477983
663576
657251
310999
147908
721918
616047
288838
93915
952757
197497
994132
817645
416752
86305
234384
78854
257189
301830
805929
176068
336664
375026
249385
657143
920419
70313
338403
657692
66630
773110
135675
730207
430361
446674
394467
152280
579074
199658
246195
531831
913507
756679
349477
330260
842984
583861
409114
100173
402043
731395
276242
738707
622773
41979
395851
543193
628644
734254
200885
695275
507364
336561
425482
454077
299587
336301
606357
878661
535959
368904
926845
449467
125583
276322
779727
968568
376535
705193
585093
778578
952940
377687
33637
575714
419666
429488
635259
48311
680094
836144
743586
187458
689057
685420
157888
504997
21721
764245
900010
557681
649502
826855
523500
775085
619529
303227
260005
996064
524772
361451
290994
477712
739138
324632
53426
158805
270472
205037
723468
950567
557534
983406
654377
246591
668826
812265
267940
206899
92863
167951
764580
742365
994806
804432
33802
614336
107659
293808
126752
148783
655259
934099
626496
910749
775083
196274
69554
45555
401312
309374
512474
958846
292780
683204
721789
961606
495469
506082
684858
104684
674033
965790
363401
185191
770223
397204
315879
394234
207364
958984
543018
378975
893083
685866
289724
184518
882140
875631
746425
799804
701357
258900
275002
994138
458456
513144
472096
953925
19226
156954
574962
693259
122745
938363
394802
892968
851919
227034
287202
59283
186018
346572
954610
595453
32438
760687
779971
430931
636318
526396
230735
337675
301648
22090
848165
760104
535234
320262
230382
554460
477216
805344
764071
116313
260059
158873
9281
111979
385907
812836
687614
88277
675760
642225
683730
708199
402912
463701
139130
555582
506450
886217
409609
324450
908307
257775
84555
959893
94389
831289
514353
87957
152985
278424
204271
413044
953650
729904
41375
855909
59092
728990
460539
734853
887567
144269
959404
290479
124323
614886
362413
630773
501103
772022
471575
925763
546149
72482
885656
640538
903771
916362
728496
56756
711138
449119
986153
181140
179023
543880
553402
754468
272870
13941
489321
160437
158210
448725
967268
798885
63611
329681
946010
81066
101704
417586
523181
647853
490068
408838
288392
910192
841552
533240
483300
552690
982359
469453
733831
677734
13334
287233
432202
802556
817526
921523
962994
492088
886600
446614
290974
466563
776296
236984
547630
878000
654570
70811
42205
660991
996001
846949
571183
837553
380189
54483
906596
878900
40289
156779
556635
569975
960364
505189
372531
777890
943065
851877
269978
829665
298492
560952
296229
74788
797937
360211
469140
968859
431022
511345
629850
943376
874647
717385
297281
771188
771869
203877
650089
328510
360656
723076
898485
321020
744617
787368
98910
687682
639246
885241
33700
454090
446193
846281
45230
760482
206492
30722
729342
153866
58419
875544
613594
933066
592930
910876
704255
881151
114753
870696
726013
991762
110124
624498
312782
854741
411866
928045
542424
567464
813286
576124
537906
775831
938757
583136
536314
145249
130210
782008
815467
188630
173904
429062
121696
283186
339938
342303
680689
971043
729351
406702
962805
839475
31200
791940
694217
959419
236337
752993
43235
565975
845469
581142
341806
784226
680630
394472
445827
810841
176480
261294
999471
866737
690356
637519
149923
30294
496175
830613
1338
225526
237315
480495
65002
784868
272435
275571
744287
508772
28564
787522
74747
390385
885016
932906
174611
81999
327378
620438
892840
20211
881732
408663
886948
88441
562534
553223
635087
58709
383836
152777
284236
137504
633273
865590
922372
905708
141161
183011
930833
686077
486885
521932
76462
371902
454838
251073
453901
298569
387863
863093
835132
785947
271756
722080
874388
350642
791655
25828
409352
175492
178605
209940
829348
811878
591882
751720
233939
733043
934731
164772
935472
421616
203056
11934
309870
174247
779359
280123
989168
167222
143216
824300
469521
931324
546380
860262
281967
854387
886090
207671
29879
64695
933963
859227
876574
525845
127299
626865
775240
578382
307989
227064
999999
511045
238998
826221
201644
18357
106345
190812
701931
249561
15112
687804
697238
77844
548066
979205
932232
434156
703228
962111
15204
153543
337691
408130
195740
981342
34995
970980
559725
342984
714396
76076
370381
953394
902297
572026
488103
524994
762838
706386
774556
777951
394190
988146
855795
942257
483703
788027
892765
186931
266491
907969
856826
120534
316099
52566
101876
351094
539898
177953
210430
254294
254029
580812
207688
156327
152838
212143
681321
915676
918529
972229
693627
312719
476727
65775
771328
960430
853802
664094
147361
636645
572063
4187
273531
404515
573105
375408
755609
113003
553361
482392
367297
323743
63204
91337
480070
216042
303480
677743
131718
222009
166325
341698
51081
643052
407473
822409
603483
777627
486503
267196
930625
574919
787736
204156
979434
360841
95916
251395
990197
649278
733787
357494
489373
796991
448832
485795
13033
268664
163538
661104
490674
846215
519154
58107
5620
926627
880516
125455
220606
367020
909003
151231
941939
213091
871740
437725
573933
967656
689120
564130
133286
422908
437976
622659
736251
403160
108454
265637
671825
788345
926741
678851
634560
445895
736958
156532
888874
617474
798339
109480
500846
707343
777064
959137
920434
648804
396862
10719
616460
85983
91201
749747
25243
529178
888758
761494
448690
997213
27131
636867
785558
470224
315718
936470
432471
569028
609355
321345
702855
407694
947178
720053
115037
724242
679191
551824
889398
76053
562543
505858
678388
653745
771957
703631
699275
660716
465126
147965
174281
8609
784833
959839
995186
616903
412661
427657
702284
22016
749003
405139
429711
696181
125192
544748
936775
804383
612924
826173
396789
175468
848383
75177
345565
136693
778809
44840
313761
760287
709157
488042
285248
10342
964233
280434
627246
376894
708092
845882
398911
973447
251021
828622
669628
892565
889722
122755
213301
502647
948928
610090
194467
313663
201619
540032
450356
496780
101224
764117
257067
810381
252159
58668
820724
732744
339102
964322
109639
563546
326556
24902
536993
577577
369876
722973
986494
775950
845728
199795
794949
311008
326237
989416
624672
44209
45800
75028
540989
147024
355498
314409
957406
124009
373077
294482
856754
228531
775156
966393
792078
101712
507647
845423
195641
877523
568397
698487
653473
930477
414635
448423
241486
740872
954191
866158
785081
999992
457538
842423
147016
813036
156832
620774
937046
529909
431608
310152
758440
723116
792897
66870
341180
300544
912294
536821
178067
997043
751661
347892
927520
166296
312667
169006
907168
266859
551516
208602
783203
525407
51025
446571
338443
724209
67346
791841
254118
15306
101993
528910
738423
894890
112133
79603
195434
540779
132777
889853
537822
884438
237746
981694
50734
66765
667053
474254
849976
734921
199208
633179
260328
766585
79751
598772
490794
663449
390613
261264
195107
8959
306527
933530
903849
418660
529486
615636
475791
178615
505489
529965
63053
259587
511659
630139
326353
695064
620745
692681
429986
819954
325861
690314
586539
921964
805438
593686
101765
712404
371302
296872
721363
677829
746755
141564
612841
276241
757200
604984
971208
262690
134949
34261
38629
646609
180752
364982
858025
801497
574016
288011
621451
416229
978326
724343
338193
300116
834381
956310
12520
205683
769534
250235
399865
516289
391800
529058
308882
149000
134043
280090
928042
268992
830703
966672
431953
11455
848006
289979
329305
422022
577990
950756
838251
72668
191451
692796
889137
25832
649106
901657
747868
934993
151893
664085
967634
543693
193143
792869
209045
327186
589311
137088
596179
420015
103760
28132
947822
951766
834463
277127
373789
928806
744236
212040
1474
452039
421189
890611
994224
586647
308621
742092
521640
976866
406177
489275
520559
115672
798496
245956
442859
387807
383044
555390
324174
486804
583522
271997
954923
934338
65476
328712
863144
326064
57104
380970
778104
478293
271582
772328
581293
96555
30772
102933
73421
953301
108560
110332
68973
907056
356288
28184
294864
739333
583574
619038
742489
683449
407387
697412
617787
472864
542476
480931
315280
115933
861901
93384
110578
649835
382064
691871
746390
412836
311157
336163
882489
419717
446495
951463
843126
802784
495999
137990
58469
79574
273380
800958
763023
680768
14723
380810
669984
73551
378093
501616
189484
756346
595001
300063
406182
493417
508286
668924
906254
819443
521440
305095
239161
967935
772910
82287
287071
268910
736629
345540
348484
10009
662851
627859
207129
193926
8669
393465
267477
903114
895082
456962
659460
6435
273377
581994
499852
781663
767271
922458
601107
288711
227554
356620
256646
516816
438907
60070
785726
691888
921962
650562
218249
101165
278421
941731
295091
287090
335196
78921
706556
746630
52235
366017
269417
325612
464363
769270
623627
231634
208080
224734
36697
951986
97706
809696
468803
52965
869766
254529
744853
791728
905092
963103
892894
183513
904834
704337
986956
756382
783258
209864
19365
835493
575881
288782
677457
556597
574404
301085
788231
782485
42171
341281
734471
139878
150977
203274
709195
20743
974156
454049
328823
395600
933504
738069
95465
354690
442407
598773
627424
742017
808638
646789
93863
384519
935572
771320
457468
26328
588757
762052
808813
147281
103333
59637
803511
254310
779263
512706
791405
753419
966755
120228
665371
416611
858298
760837
771301
817057
359610
915078
75426
168248
561867
169289
69120
13791
456962
526588
40120
562071
804992
365285
709352
908325
424922
512863
678987
204186
25570
470392
473957
508677
590621
139329
925289
965271
416518
212942
298680
292480
128020
374106
460729
206240
59748
46201
220031
516710
89141
776503
78781
894134
141789
304486
318811
566711
817349
997799
287249
359271
984543
277559
384301
575164
416888
825942
56787
349758
38884
871819
642238
683257
245926
619319
889497
305674
665520
625880
338736
271014
402384
417517
681500
60525
238355
311
627236
55705
514462
430838
931328
499006
708397
315629
590522
641637
657923
647310
991395
696808
35481
149985
896417
281407
769305
785914
103433
434825
411794
442169
222191
330530
376039
903691
391055
614394
420355
534644
186451
934817
965482
117780
433823
190231
949761
540698
831868
607685
188008
339615
820845
739841
489600
717262
21249
258905
19528
124682
210083
947674
566852
432274
278205
459243
852318
669260
73637
272673
720256
260089
207490
685738
894221
157666
392321
360334
698364
740541
484371
402724
80156
305216
142565
86109
538830
680166
345014
74710
804849
71449
22385
888053
20076
300590
863648
872394
486202
937285
661419
206459
197374
385261
408549
607947
59279
317223
968282
757643
57764
452653
676719
137921
274222
335637
224030
329404
15803
85396
404115
337004
673198
942852
741409
693274
243442
605057
82020
245996
542343
259791
968807
256069
645052
893709
380369
704332
210932
865003
978327
268696
834008
171399
922969
624582
507036
663351
953987
39191
265100
874454
892548
938298
817306
633957
147924
577100
755367
229944
339448
814062
6087
308256
586483
651139
201965
966852
871823
929249
831855
366503
197945
182216
54254
637267
806798
77642
300618
760785
116833
565718
151591
525733
20368
968897
159691
168292
62349
431410
914588
401798
245472
920675
710054
831955
88167
428371
315160
476342
357620
663367
359197
555565
845583
413451
709184
652382
491093
9803
929519
124279
91873
81111
650012
628594
566360
326055
796886
628710
273817
227827
30508
519289
664854
256914
867597
269373
685285
699109
745716
42905
878828
104913
114822
724412
34717
824007
893146
42162
350162
339017
166441
958387
936480
332806
586981
19193
175213
900220
647903
449031
644399
194763
484672
309253
451677
352269
578627
136962
567730
840695
696219
446559
461960
327393
170971
496677
667752
580469
538840
17914
435838
221633
492654
372319
70791
595987
907864
246005
496207
555767
695036
656958
266882
179708
966212
234911
48330
61191
888225
616060
901886
584444
62619
363846
911837
749942
376876
579590
846763
915716
113856
282602
137349
122862
171273
208141
718850
79137
970498
215057
151256
181886
872016
934490
361594
354580
169401
926276
415771
57626
58689
834009
158422
121308
714207
586611
387603
91083
682553
234366
6799
796410
33320
660501
919272
720945
384994
638122
316434
355492
369532
984042
537378
757900
918532
415324
628832
604285
857953
44603
661911
916642
394964
820333
554302
109171
923297
941905
200255
605850
692624
207054
402260
242296
383907
837885
963242
768901
992359
796028
640745
878243
780071
178123
152495
214955
109800
781327
819241
967753
825930
997504
400747
737246
817838
955049
846418
257487
896955
46673
863337
105931
770079
781950
348227
153987
136187
827821
439240
128546
623850
79986
523142
403921
774461
675637
618876
884261
456965
954469
368366
799247
951974
285465
536494
769812
240515
382912
543651
653822
945937
406988
759753
716016
188938
624332
386355
325125
452154
825596
970024
592356
905582
493166
996277
680043
685155
131505
80657
142120
85975
965375
457720
37949
250841
994214
324113
491356
893478
867764
661530
355767
274752
937635
588135
980043
561967
974491
305168
530473
800087
275192
122829
222021
284710
635458
418416
969866
283316
499073
111986
885643
980801
86058
439944
231642
80272
764057
239350
490102
148173
900880
362221
939277
838515
950357
919320
916834
924848
740841
963660
241287
532385
602841
979660
817096
754652
398076
786962
554320
413502
415300
439963
394303
501359
879907
625945
97983
160316
381647
104438
308489
282527
466659
764118
637394
417016
199791
70580
858216
940632
34240
615855
473017
153434
595515
290113
908086
993592
593427
462406
407094
525080
418721
801397
26439
298628
943694
640774
975296
325341
745212
800137
124220
211872
564255
277966
145240
764046
348546
519809
221030
899139
135664
210400
568925
731180
500513
477011
241124
610293
455769
164570
135373
390842
482319
678164
205822
942365
318938
181118
267706
64151
981255
908278
792375
61862
186244
453967
342261
51142
973776
563291
466633
625793
773691
35558
356973
790557
28921
114449
917202
1042
795371
52575
391884
277690
247091
114058
220055
566029
295176
4113
146532
792783
428743
455259
854646
131339
425579
196907
182481
399355
276550
165467
25148
566594
717377
898473
357151
746299
529274
274353
263693
324645
843280
171930
602335
90371
285988
338742
172752
581165
859207
835637
373948
287950
290896
744946
419289
716475
458205
118123
632183
734756
283590
173683
301350
517319
72157
174853
263618
601431
965558
43664
442429
808838
215594
44764
415561
17934
899859
104665
599099
759066
940302
489400
47017
747551
750698
982658
980378
208904
100781
128913
943660
900723
302597
761362
934395
891106
936215
714365
8889
901773
758029
451318
226963
489975
12435
158876
507910
912294
779893
623361
187712
236548
112761
751081
500451
863460
733740
480829
588716
350873
126095
48728
767949
945044
810090
702344
836150
262657
416709
845039
680782
691091
812710
907745
181066
825145
582973
688976
737439
362866
312338
441503
599414
941451
192585
616217
321263
926325
613399
909979
793550
739494
958707
77851
684538
285149
780195
37040
547806
713257
882079
228588
404348
694789
652685
101766
36286
235658
307095
290077
114877
619433
731581
230643
77236
924166
846861
398500
366843
460260
824831
676745
716106
299891
754597
400644
585040
51144
954036
132847
764401
836115
877787
685101
47257
530473
786868
83543
282483
93963
373621
913712
229748
105202
660708
823336
545720
23921
221836
428915
484181
563020
105660
716639
862911
860257
633635
964303
911402
587671
613502
192155
423786
491290
393609
987395
538115
696829
70939
820598
307144
960912
250663
536892
582466
911371
360228
128186
935292
98417
557101
935825
177789
179113
652464
40700
555723
286099
521355
983477
390122
134858
175632
330260
626148
85593
317656
164263
782422
904947
501213
89566
865859
751876
142810
964677
179599
19391
609215
631243
117808
682668
567068
295597
861781
735884
852649
417504
538335
374004
400981
928457
508862
92966
258718
651362
178559
92726
815625
477334
997673
833191
566900
379884
101419
226063
344561
281019
245454
470128
428614
363262
152796
995683
175211
14577
247919
544212
948434
786255
434568
865767
714712
459783
958733
489782
111145
653645
582508
443123
130979
580181
276314
214231
476417
894085
440294
337330
691456
685748
807458
120071
565362
960254
115754
256925
491184
880025
317489
955970
666280
752058
821737
897345
728193
296823
387127
839338
950468
485988
798813
597799
582521
591479
812030
58939
485565
768677
912621
177021
970777
720080
297092
52492
680334
929198
309417
687870
809224
143259
643840
991856
895317
465578
889201
139862
762401
792681
495552
229221
795021
294366
827020
377542
885845
155402
952833
887762
924079
865455
64784
411209
585535
878228
463701
782221
323779
773118
470092
649355
432729
630284
641211
844398
95862
46765
984260
374615
839446
479813
603836
634467
774179
430856
528361
176376
102611
997547
580491
543042
863002
161627
954251
964889
39855
417952
263462
879986
707423
733554
529341
140152
880191
686905
984551
976053
733670
968811
350669
573116
964976
470857
723935
255507
418066
768648
431884
520677
766195
528727
63719
145549
690354
17971
110438
246561
435923
373901
126548
659698
623807
172241
799851
503998
859146
300754
996404
592816
269565
863425
682284
234542
334282
922571
490049
752348
691220
438285
273025
973767
967012
336745
119317
173718
871068
229755
420280
823343
120008
546828
483042
743816
719069
282893
764166
94568
99999
760570
687384
369564
623995
369669
120458
958278
292240
126860
710626
499812
81497
500004
473580
564862
353101
592897
738580
224169
339004
158860
47512
459013
222040
530554
719181
457462
329799
483347
552030
429798
760270
239414
315715
384265
125435
952525
858895
934028
595737
85874
950192
193587
585878
423772
758449
938979
533021
13381
679500
872026
172242
727012
847391
910634
773919
566572
368096
620070
566271
436478
49869
326541
192245
881936
227159
317680
350813
86054
768060
946551
171928
718253
140138
274158
658377
414939
213137
707751
428320
408989
579777
116914
136002
943520
27549
426273
26444
911997
46343
592715
348476
612564
435609
540721
10852
662768
374753
361666
748822
659166
824569
437103
893771
964707
711261
552148
895998
440751
259899
324318
849740
356028
441233
502094
815900
985134
928367
842344
897131
491063
951412
761959
103627
387021
302680
114480
566141
193786
476146
831315
852952
817067
268418
263075
781774
496032
815223
677772
936783
591475
518442
302875
463855
476027
321322
279756
461161
766041
638452
358293
257104
589864
120252
360732
976885
939285
991564
59378
649423
984062
890694
18727
801129
675464
281802
99255
171496
613377
293379
624631
721204
811821
443859
185060
287849
765181
981168
749010
531222
619620
623655
788327
209485
260260
665411
702722
715897
656975
762101
365320
641037
169147
900399
442166
844611
182201
541421
532460
795578
351152
157091
33135
162973
117302
218195
967174
882483
715715
716185
930058
335335
856192
234737
61172
632804
900148
280247
348701
73475
42348
230373
714512
211495
130772
673030
572458
829325
730803
104918
624904
81955
262010
174391
761280
895664
908938
728455
778148
624653
960992
224558
476340
817184
459295
53865
966341
875795
334112
315042
949270
376460
545416
663782
104307
192540
853164
676765
21866
100319
781684
163122
182274
560046
337513
459906
455710
246451
188361
750210
387456
149353
974768
863796
482890
950415
917661
449231
826210
251773
280625
775480
144585
342393
955614
765244
534934
808778
442010
73152
425449
740046
236274
607723
816444
90139
67630
788506
336590
772343
538717
240398
438049
29837
104194
920939
980253
538208
886522
806463
306333
683499
98296
967271
25893
53910
732515
560827
379041
690877
633979
804490
430923
386605
928566
763719
476744
512548
552226
329686
284891
90943
570084
239292
637132
674278
160231
617385
728838
563105
940201
551524
246605
38497
518795
272498
608759
767662
349677
504152
458540
500008
824995
405815
886613
753561
169535
879709
782461
721761
209395
67352
329056
779479
306645
966188
970109
983228
99926
698948
62686
40127
766824
825643
594976
285619
614493
720087
53281
964170
224240
511821
980530
49235
433989
383495
319148
603524
263204
101609
841637
988951
685313
170693
768430
508310
136881
738539
491539
753159
953839
70577
793286
720663
896220
904614
522634
510713
624702
575916
991235
365294
604089
971765
930881
554430
871612
250029
157954
651168
351638
999591
640119
36951
686636
408549
545262
339870
663440
553153
93029
133632
140082
402668
854295
36302
307282
893282
63367
448336
469198
54602
329982
589639
542719
260863
660422
414331
510892
818376
581851
378882
334320
221970
932186
537308
630519
993800
877178
810311
63305
970208
943943
203387
889228
314591
756041
712862
207873
819408
161199
193423
874010
491181
783062
933081
268397
959836
863764
295641
778213
445615
674524
628885
667585
123062
166193
814456
116862
559724
624767
696519
529932
85063
899906
935512
399654
655947
648374
607527
475355
809573
800950
865717
817107
100364
315150
601856
60201
695266
897497
354766
140881
88373
983651
324818
211435
666196
139274
844649
225920
280393
57520
272204
365456
957426
207716
765110
129725
856091
372637
121432
182016
173587
503501
515475
790304
818651
117331
850505
513917
531181
205271
171150
619554
188922
495968
347342
371470
151594
708343
597391
948340
765864
869595
313796
239642
77312
595259
369368
449755
484248
7152
631771
657836
510654
663599
964492
845657
780930
814997
875927
312111
20268
563429
448018
725542
59398
311712
97012
727344
20055
210755
675684
302271
80351
505833
541914
674015
101092
427634
640122
585340
434786
788245
759528
461792
451844
724020
823802
232775
539017
699729
61238
75637
263158
25608
801179
838908
337320
414544
82605
357376
625299
758289
175999
222002
264122
717913
896017
365214
661899
52491
466907
613038
840737
226435
74830
292581
950456
898632
41708
5825
114713
102947
81463
894224
128555
398994
733132
465876
813538
815737
339604
955190
90379
515603
177192
354501
749869
589562
236068
928120
642053
219327
541158
482790
445762
132341
291724
912570
547325
333432
434748
178391
436379
32563
72615
81287
431557
322099
63515
761448
654189
919471
232990
744568
951426
410182
615421
217647
516096
367841
145768
158150
587168
203278
157292
549283
851971
449016
461853
399297
298801
412953
577688
251532
445516
166655
332819
393426
488754
912686
154874
142943
348509
904216
887511
299936
314398
19285
33935
346847
387126
179703
21349
974295
899334
694993
523578
751305
144010
501783
666954
959163
914737
244642
210695
876605
927649
543515
270031
416404
972553
941257
559347
321063
845473
963211
137351
676224
982496
171286
23071
885974
867342
44420
860269
766676
739413
900199
34333
399775
918335
701288
358938
349424
462282
569634
226029
389932
629501
496061
806336
602054
953670
882035
439469
799144
845246
576820
475368
344094
748107
498439
230069
615449
59211
606690
898477
798624
23242
932810
714752
457929
634098
73690
807353
96381
159676
33382
486313
789177
45795
809001
907584
999466
691036
347053
314962
52635
923874
790330
913081
188333
805121
143150
320134
864332
266193
218611
179308
805787
151421
894060
263716
785520
484103
71069
398253
643779
620803
400918
949309
182951
209919
856893
698769
900955
720298
13731
469942
644172
804061
383024
348857
125534
42526
668991
989866
308719
887602
685526
630858
555376
95939
894574
857248
580042
481995
255501
740173
102799
656419
689482
802102
382690
62727
500871
799997
783026
30954
269940
943550
351367
652964
292408
476901
211842
961399
983119
520562
365354
668645
151420
437082
764584
562347
294330
860978
44342
66183
601152
663493
238954
806986
981947
621644
869714
482818
421641
652740
513772
207933
596290
865139
377249
405050
858392
589092
366450
841511
626006
248156
26509
293778
685238
791093
856125
495920
168424
416820
562103
285928
80313
801057
92914
578613
939053
478980
61431
877046
131720
91556
84980
244363
473047
462229
649413
331440
567673
532215
689303
193679
780371
715812
487458
981961
23258
343583
994233
191682
276755
556336
477610
873421
873745
86876
452034
329150
565857
29817
206197
213929
121373
291177
458292
110773
269758
107706
958565
837432
639921
164220
547463
936645
880033
34921
434958
419643
378505
429192
611325
655260
501880
605287
528681
891978
208515
497067
221128
774372
526885
427325
988302
648258
234854
446594
275383
20965
70652
750300
374749
226926
914521
922212
679923
794554
957134
114881
214197
851991
60425
341874
23603
78658
463513
68637
970636
672028
565704
708116
446401
92589
135442
951055
257200
886648
914001
48935
423965
501006
799236
798714
727932
713757
720927
407855
24663
194413
39088
755212
46404
615866
97086
586359
694524
76951
654996
665160
748979
737053
889628
711732
829642
25070
179139
603194
428071
93141
652130
852036
594147
967718
167103
838431
681475
888030
246286
222490
598795
801726
977702
645199
417592
591140
747910
112116
668091
402907
293628
933422
656312
183257
645155
485954
724679
824294
605501
669102
433787
773983
521139
544286
741701
688242
382717
939528
92624
145355
162018
691419
947082
139720
852970
364674
730860
600880
993143
915303
520139
286771
848725
176451
986380
10232
178758
227412
350879
784259
896514
301018
74594
934005
845305
816295
138599
228022
755823
231223
373378
434193
438994
836812
573913
808316
201486
821125
409197
194629
252780
445688
997753
617857
622140
500485
628090
317250
727897
495321
617861
624412
796339
692455
558417
641644
25102
697017
869667
297277
444592
759397
731470
399939
596209
821735
208255
314047
159212
133804
25029
411992
579493
539134
546201
717985
39619
174291
35235
767517
669612
169448
908281
465952
861903
983050
623948
403357
680067
9967
700634
641012
769364
432104
40951
881925
770191
249206
712325
445755
383011
737354
374099
478856
792840
920300
196841
832459
94592
748428
116328
280556
917876
24609
262860
296131
7660
886809
699488
204079
896776
400122
361443
182493
348578
402394
64418
635121
167953
776743
80876
67316
30449
454975
546172
823289
375275
259365
172101
986219
7793
288429
266776
442021
829391
529636
738152
353403
932797
437640
73834
829574
354114
435278
12067
702692
354024
592837
337813
521977
885933
935041
105645
432734
390016
168169
256024
765291
427534
944477
751511
951679
749258
534639
393700
578649
580627
648204
932052
513425
602196
5887
859351
956310
957517
871418
175354
311541
980607
29519
349871
866540
964560
455516
815627
354576
623686
588003
636220
567572
532480
387731
35604
281738
922370
945656
860388
502997
593861
308792
532774
196057
831031
392125
668720
788548
263543
844074
616442
760503
389946
966313
143395
354506
938181
959022
709083
78219
547025
861655
645792
79505
249386
197748
877596
688108
143404
254336
707457
253617
563128
240232
966027
910512
632357
634747
215412
412253
995173
831854
172756
385119
798167
316151
739626
252701
791526
965061
330920
338551
826716
976712
934409
592454
174460
812005
280562
834217
66341
988019
87834
145821
228251
53861
56333
376961
204960
271746
789214
200134
619952
478322
585253
418120
310825
841231
187173
102351
322644
518093
957255
149360
11158
891664
258166
701970
220021
538728
536187
802714
43100
140374
948535
787703
194235
521221
164664
399196
309319
953878
115682
929271
432200
217287
863743
743026
58519
50916
361729
381163
569010
318984
46876
580168
727000
305042
282138
463373
360123
334678
266087
403223
475052
730975
190926
669287
768548
355591
584835
77867
825821
216869
523490
774374
434157
387234
33752
492676
438150
395481
390191
523512
230818
437067
620032
957818
258462
418523
421192
618585
753201
203631
21808
228253
934606
212734
413892
703154
84677
515080
297373
910499
731949
820864
201225
166106
208098
234977
175134
162600
146810
565326
202465
893980
518745
822497
851799
777207
241020
789343
395792
510573
992974
417600
738826
443933
146687
669071
663439
747716
184151
960813
174567
432452
298029
375792
598559
22479
127121
290045
701431
273932
371723
903896
167912
890469
242746
536063
667676
118
841758
579821
510692
351085
513773
765870
311370
660460
434941
974809
408177
619092
451974
582744
51545
750003
474889
166456
772482
602010
972853
473914
392294
344577
894162
76559
235046
136908
612622
419074
137027
970733
515247
164071
321818
29021
929941
149540
205833
881235
124349
614010
16679
92676
713107
584576
842679
187996
267384
131514
306358
240238
121780
698653
584815
15942
775212
336213
669203
904186
755287
322582
391271
270535
486653
229441
815908
932946
378981
21741
814181
503331
152104
347213
596007
865211
931789
955038
569559
199174
602904
875917
439412
724684
90922
24227
256979
866134
876792
442534
286673
632079
765116
677944
418966
768121
907386
234874
217419
286367
772968
547953
306050
925072
895166
418409
790283
343307
889800
876194
542481
492704
752111
498245
733741
359386
38824
507072
225520
915616
949606
28545
547696
231074
706490
483014
999195
130228
234241
732966
932947
7209
280919
238998
932281
692437
173759
238916
35745
63559
115110
578226
556264
383573
76472
806357
742959
115296
313429
484832
30913
779387
513377
94961
10461
736219
94327
526008
382799
328568
258974
315747
335777
539894
71097
784410
748683
244856
23326
784428
308416
654788
362655
381032
38362
955479
703741
781321
587127
533522
266153
134392
312909
295883
745705
323370
32102
840033
849378
414902
684953
108352
247001
537083
164598
318098
321493
913282
562954
861172
697710
387722
515960
576717
285106
554322
48548
988847
851996
152028
522369
634501
286420
351630
930384
32126
675000
478839
388511
40730
893741
73464
665435
657094
610547
346385
975192
448393
259667
54498
309565
473730
958573
825525
566799
760031
896200
131700
748879
748196
283728
787600
382697
86500
655583
829434
634978
330583
308273
23489
887666
718366
96954
553101
375460
223853
899486
867004
672246
675506
921502
981811
665588
396427
323689
232387
156459
219889
364087
421690
484437
164167
725642
383486
250668
381225
212920
885646
228161
521193
425488
115827
755911
38794
185280
131371
262647
84766
998375
451246
276624
436230
949409
942212
832657
273098
174600
989116
9339
55039
410806
493776
735559
136449
393615
986227
34026
606535
388225
262187
644081
813713
378014
399992
368859
563294
531364
631507
164413
46091
599105
441037
482321
548514
383250
831331
821613
74202
820447
347304
645593
747606
841081
381152
400407
751048
883731
434433
357583
788309
696621
1664
118374
590987
918009
487234
670634
965725
635093
351399
11816
234198
792436
10490
299064
692038
841821
637029
282592
178620
984334
444538
926226
341767
342042
326633
92815
225774
277419
450398
530435
974040
968415
648809
81379
402776
136043
752013
368501
287488
619764
896669
521686
412201
907159
820751
620591
748980
457780
419536
927601
958466
864074
370179
300233
206116
696813
393048
948242
490584
359799
478677
980976
328214
127487
62355
730990
779882
330721
615843
67371
950485
512512
105409
879038
419672
442512
15982
685004
416645
435518
612605
375111
815944
499137
675345
22060
195950
68393
486655
202886
428192
965332
183862
272758
609171
246217
520100
389054
93290
135943
972777
43776
648456
78186
439166
584480
520699
455148
269484
937344
407018
398442
828807
222962
897579
504152
761375
609881
88898
248030
812767
517090
213362
996629
306201
338886
759198
826301
244292
368841
478597
217069
412617
643405
295255
368135
227885
332306
823284
13721
786002
230302
412163
614810
969617
826094
118962
730992
435975
724212
979022
765094
241303
708736
278075
63856
47622
37274
406509
291914
406115
885106
25335
335084
528511
320591
703219
272748
169249
42855
286470
955252
789510
214985
86414
759127
41080
205376
6471
993407
929589
985493
758502
687244
210581
36577
267452
774556
590203
673961
582822
512670
559068
608158
847754
603931
445101
67326
393032
614350
626533
195854
85954
416043
410839
172368
691522
968271
894097
697993
478031
340038
199838
236533
543634
410420
789462
811086
701328
379666
485047
284150
408688
560467
408660
772795
680751
853761
840121
73783
984464
983006
269637
586770
915402
196828
759139
606924
681452
169588
821270
159483
509626
21108
912368
53260
431528
701830
864346
649208
597848
349393
933359
6537
426213
342019
295684
106964
712133
135805
697099
696597
635163
966736
283367
550565
679916
558858
157490
877720
728446
978760
37203
238072
516220
465923
291332
464101
684106
672030
113309
281954
537776
46668
804843
963989
388688
616879
587305
100821
752684
284404
313770
904200
767492
597137
454765
447408
672348
128607
841481
400794
107367
878684
638867
623588
860960
446551
604041
545066
118582
717350
343372
172710
764019
664568
136699
669059
281447
724004
286232
550484
524760
116354
454684
292252
229843
909449
256012
902191
38057
97493
302986
661776
492530
458205
801716
353490
421108
405757
898556
539690
123108
758280
228752
403479
422848
365451
588890
704296
605807
875122
254780
130567
991476
709464
939171
221319
135265
195184
123511
689674
809029
942849
867803
301559
401054
185871
171401
822162
107981
69957
878205
231089
344590
623309
150920
767438
988761
739810
471734
110920
131284
242866
757840
639112
468682
213363
376783
120300
408547
16646
809974
217577
959495
194129
35488
876901
380001
206890
215416
487982
793199
609973
235423
137789
233282
386343
905228
738395
642505
893314
849316
290141
652533
123508
929253
121215
336871
306036
757867
261771
322683
567842
479348
798530
278323
31188
675432
658324
238078
890848
146306
547630
500821
898081
685419
250455
800776
106999
988851
443281
516666
354519
249774
685551
478027
179027
323118
814898
1416
80986
593021
324099
165180
588721
122629
443503
619910
314413
101828
857988
205261
764486
921970
222434
662568
607390
472890
979696
230741
978093
422978
747407
332612
672752
432958
810639
368132
756077
141889
369548
837063
734911
209999
518595
323632
332628
962098
943542
163394
580278
317883
368655
344765
239853
107442
523685
363595
96684
503381
594337
74777
442711
858096
923741
631816
291055
734380
516300
563484
392621
885848
916899
127532
612199
435494
967517
944827
397592
427411
624573
977871
261646
509581
838988
17852
617023
879025
381447
230059
898758
492136
821188
857822
350233
744929
489638
157640
995661
5938
721124
388282
408138
154375
32167
20337
589869
516036
481516
503813
943447
106090
998036
205094
615671
353376
739298
749046
232401
120745
495457
647512
612882
316645
505334
479467
577926
994972
637107
89939
517262
874583
478221
441752
545310
26740
462089
651531
542776
459957
155344
2576
82399
669733
724022
698070
23109
463320
963468
771863
100417
458925
419375
229651
291922
924709
709118
386200
436033
862577
476139
469647
253512
470713
911399
798822
13805
889840
966705
72934
349797
122050
75510
432197
791783
315884
646619
331244
295556
126440
103107
395973
101717
38834
625625
393640
963543
851095
296192
915928
230025
772332
385575
999889
759397
296974
315064
773202
186814
281769
846136
536612
920171
437998
485161
228306
753882
131780
559551
49438
774572
179010
445412
876290
217845
587389
269930
697740
954836
82474
613669
701213
854806
999244
217455
130555
296219
532519
903758
999385
330640
749894
52349
250812
187893
537510
995470
941775
185643
555021
507566
960215
250384
469330
836505
468229
56719
622787
682321
527907
705262
295990
745473
76420
295235
962928
206976
107806
11799
110734
107191
342439
376980
675893
109603
81225
213403
105074
539353
915398
176447
46919
875614
426831
516249
228471
411412
89320
851259
93734
133579
72873
906076
879052
149293
717663
358332
872621
341821
370131
499707
965365
228923
393040
641258
338526
474265
854661
959952
13618
770060
136400
576889
162026
79583
93138
390497
7348
698810
758108
101082
832390
830981
523510
227794
496627
241174
586127
885600
582995
472610
385308
548360
701533
778348
705970
556412
252613
560632
516364
782584
847044
169116
359473
525422
248700
968964
915919
256048
184126
190380
873482
532868
21361
913344
760663
34340
154518
863142
919941
253866
852104
821601
318578
553638
599949
24549
110050
368914
101533
626414
667850
464929
795531
27324
990351
560583
512640
906270
332983
696766
96650
722817
745987
634364
636161
23002
668704
307032
886144
104997
560898
738248
926598
395828
808238
526547
420377
918288
411814
38262
61055
79664
503191
372938
623340
493542
449873
135980
916165
782856
349099
12815
505673
95086
163531
658186
634440
832236
965218
36936
937233
42468
291536
380184
438297
99775
906731
375026
534415
834897
413289
595470
914562
916480
484760
537902
926375
934633
190235
842540
717489
55686
855355
739514
667124
18887
397701
301564
367475
879271
338500
821060
921740
630036
201244
360037
246163
624328
735063
780579
975577
664704
376049
890139
97537
377162
944394
23912
311795
650981
866452
545637
223019
238159
285151
890143
773398
199204
708059
140873
78476
562911
478286
516568
709299
195882
876605
955463
336562
128020
736042
312140
792725
628443
718631
406614
5605
179377
430526
317401
830358
296978
863038
569729
535137
664541
459872
824888
380098
684283
965761
974926
247194
960399
491494
956494
672634
884451
911957
9196
12471
164351
837688
321548
792794
556320
728162
798400
735697
158688
632153
82408
972018
11543
652137
23508
192436
628362
848396
572534
312645
330509
63812
76192
807261
555306
32686
479895
439757
460995
489091
968581
625346
326780
290129
934492
399452
534644
249244
651501
209684
881397
733909
698055
409292
386047
721563
601729
530761
86311
690615
843406
416820
754428
919598
224081
309734
468636
220328
265844
445983
709420
234425
587681
552552
40906
522174
468356
91902
287770
119857
301587
169168
853767
999642
94812
756166
237557
696541
286927
323868
387157
646685
257040
657937
82636
997474
967671
67624
217802
749867
513608
443574
500644
101289
996126
57903
139815
980834
149805
943938
100692
967744
113106
470811
967386
724270
743329
721295
420812
546608
45163
324321
709645
302204
982258
792281
299678
466281
859906
517480
216149
889866
961055
233145
991155
473533
291048
647323
970720
440854
591261
587764
924950
220719
58575
892337
944989
318256
613632
882153
381216
175148
206474
90861
993704
705084
883143
809734
171366
259401
843566
903867
149267
320973
137012
656774
310859
944413
304097
281579
901619
411710
869343
826569
148781
444270
235258
610123
278878
365243
8628
660094
540391
215103
750955
50447
436539
150450
860181
607905
409851
703747
28124
559118
24721
681489
215893
851932
625902
36342
133511
527521
964405
519206
354090
113186
963476
589349
239661
242354
470944
248290
418800
11335
979745
169755
61782
416284
320206
438315
540542
730057
142062
568666
805528
683135
766507
21421
535067
392409
574115
184930
436282
538520
704136
790373
168059
183964
896074
924072
942670
367018
172362
361470
894705
152107
531226
472839
84744
367784
911154
625286
614193
569568
710304
419721
252704
476812
957494
304123
385573
531610
5406
821856
586482
709542
128581
270893
409859
24655
194966
352529
908025
883680
714000
319082
35788
761578
791921
120532
129362
703075
262170
743555
788995
488826
163277
558051
965638
637123
862175
351212
685085
383933
689420
271568
93475
818001
58813
503334
842656
770131
855864
267033
653812
86216
586115
205952
847794
894388
842836
493508
113815
621358
237063
902810
110184
916692
460862
75823
553816
839389
943387
238901
223322
632807
26821
833149
450808
601987
852836
809816
372118
708700
593201
542282
311268
695668
748234
675414
590056
107422
168922
703871
728780
405985
606681
838965
322678
67543
431140
392846
423284
890879
631747
646606
40038
658569
996108
7198
776908
848944
333366
149026
73996
926567
207661
385264
622235
955895
60678
212291
579670
229600
916162
308450
151937
39195
663767
990967
623091
94907
383813
46375
502138
531913
209334
542176
706834
205442
549374
483742
54386
882740
632768
128382
325659
840429
29998
947894
312677
90676
676537
892347
836628
109051
717149
988565
148247
897269
979533
771338
992176
879698
334065
10667
411611
543399
552843
118445
748841
618570
602187
319579
17662
751308
447961
343322
591737
477959
807568
420766
84987
458
829465
921615
109509
62967
426533
774108
960236
922418
61798
468764
802116
395864
479431
213728
939263
548627
848525
204457
167197
450713
524036
701211
202021
488350
560885
310110
966309
884806
730877
567649
885264
76694
5616
511125
139661
432149
285234
99897
870919
347032
568662
673036
742896
48093
403116
198512
596720
767993
402969
280269
218706
927005
981481
937079
415355
58718
247190
898017
943524
494419
982018
345140
571113
987634
856266
227127
936136
657852
327024
807055
4884
412038
996443
264133
460132
915911
978997
573204
683905
381966
369826
418963
825323
867659
356043
757031
926377
119585
171400
386254
614004
153418
731394
701469
657404
587660
928596
593540
245512
771973
916948
766749
184011
429743
547234
160495
862007
526231
250052
545912
424549
619878
964875
766224
3889
837270
523255
930266
956855
211007
316520
570859
364425
564267
788681
538182
151927
233629
131722
913792
5602
565022
196893
189614
511118
260479
866461
373125
786710
116513
919037
727611
252743
400264
493835
256632
237535
533443
186899
194390
744450
19771
281602
108876
100390
586635
647058
252318
820264
295132
682462
342219
376507
395707
531833
887625
656186
914646
260750
959248
31160
696139
686859
283903
96403
697046
540536
850290
230489
243787
561033
974940
779910
842635
600168
880301
945622
763578
648971
765886
575062
847785
108105
951569
243492
156290
355546
899678
587289
616296
858926
618449
312435
62137
418704
925191
759183
475592
775481
989673
719379
336514
480965
15642
695501
81133
412295
641123
361063
61266
923362
936125
909051
547819
404047
668895
220462
759593
568573
807751
375890
943851
426200
204677
5988
361256
129868
281523
836849
905350
787548
556228
241864
268513
88222
937366
865998
500517
578489
227061
78135
18203
679539
503538
566023
83586
172433
786485
843179
741006
594236
219069
684857
536788
940099
207197
898044
69967
488721
734893
975317
276269
807474
217182
544783
412048
670900
927133
912566
249389
154195
990701
267593
350086
10592
349968
433672
183025
136453
276851
924032
247041
12273
125241
300181
952372
848791
198225
22339
337512
449471
997657
130133
773297
731191
191268
185345
402091
118402
97911
167832
788949
604965
951777
139035
131909
301745
572707
314934
954550
365910
755318
201591
378183
396912
18124
846907
245703
732702
869247
99567
182173
383256
229700
955470
630799
420969
657167
549242
55723
271431
717074
844672
876396
668852
500059
8305
486949
589118
839591
441500
955028
594910
159443
849564
991822
177568
696471
753877
426622
82070
853444
608795
981678
83144
80617
612477
20465
737784
161719
76188
9215
395146
437212
401963
63998
937271
926620
67299
526389
766212
25151
997770
877474
184595
847334
385648
878515
60157
139525
305137
142228
509321
430284
123906
108817
27253
736384
129283
765037
414455
721823
290605
809601
159036
208920
389951
612659
135541
457251
655401
418105
482402
653171
811931
183349
16857
197579
578216
77014
853456
399705
219242
362777
829989
343149
471594
857242
595885
600877
138632
10340
839053
945589
336294
998089
154509
726245
127100
290050
699848
782501
224507
698603
952024
36438
881952
968881
234017
976521
45896
87473
376226
265138
450250
722568
124639
921845
96162
236876
39074
751146
247217
878127
696735
99863
392568
851245
826108
36021
141295
525957
818522
882155
740912
286899
918593
622864
255780
668963
115737
301676
756436
491964
83167
723039
730884
207806
161236
827046
444683
716662
578193
208252
111142
274928
824467
20062
642525
650575
56083
300173
692884
390958
182328
433796
677857
617273
573013
933637
286236
688750
751666
42673
697066
834833
282064
427950
558991
443300
771349
520026
676314
865894
244630
787456
657174
69097
807519
299700
236025
863602
599873
928909
770912
298553
879058
448769
915826
968423
898759
202063
657173
650425
761088
870592
1610
43152
298542
560601
2804
586243
596980
679118
452137
841610
982927
625664
910708
790446
441716
146733
170400
41589
591994
941313
856494
471052
390082
772320
439475
805193
490735
613001
455618
251823
483593
973580
811327
298487
534182
330483
884731
131162
525954
853220
489124
508881
995236
399832
815679
436952
62917
986079
994893
654912
927392
851387
642316
833827
140060
598144
639020
630795
727497
610991
398971
211090
584571
726650
25929
635105
573486
427012
282619
99440
280233
771744
124673
275469
687928
456704
228774
267198
442783
223667
438462
886528
75055
80778
236707
731467
195274
392079
362262
922771
519422
277585
650213
103994
520588
676143
255451
94074
103155
54423
709866
899740
342519
834539
691562
30447
291243
920336
813997
250378
144003
252459
653258
735410
333238
889965
466877
44864
282045
345492
967636
801467
623077
617849
421813
660017
810344
193617
754091
913500
248040
463957
329592
590559
814848
21154
137358
106091
457842
951356
872822
118198
203815
526080
853608
53405
416046
836838
98270
214443
182330
582258
532262
321759
716459
470428
981777
526804
664045
252220
956656
912085
716178
286248
18996
531026
823755
156354
153470
797949
107710
26292
916147
311526
552372
286108
881283
484770
122946
979553
699213
821628
561811
747828
659739
278271
218256
641516
321427
882301
410089
278083
310738
126267
80683
329734
657293
420790
2440
327115
218740
110151
353407
134887
938029
905780
420995
819312
390550
543941
315218
606116
881921
877029
353944
541661
671652
572200
183177
993079
970853
109618
787514
797943
235885
868198
127677
409531
288988
646469
736646
507728
272972
606406
642616
211001
512186
579963
546666
419088
640257
378236
541556
522178
771617
895500
63839
443270
984052
763369
952701
471257
872987
740216
269200
108873
608414
913229
34756
413754
559699
771402
921483
832671
377808
80451
560025
406346
660414
623043
341787
817023
1279
399695
339202
772896
295196
403041
732518
795600
682762
685220
266858
555750
425436
536058
180975
33850
449288
215731
447604
525339
503485
885439
358010
397646
482242
918035
320344
659009
57430
662131
476032
58709
61827
815234
347958
873375
734628
80476
185327
417390
765696
968537
973140
191132
504596
670467
741334
470236
886198
705291
511927
389684
107082
869937
303682
589325
304325
624026
248334
361755
286158
240718
936817
864337
55953
284775
254064
306933
881603
955743
240675
647300
924281
213816
354784
945229
400635
96119
415465
286834
317762
927392
192870
424844
313681
496552
530521
134358
120578
778855
496114
923088
19574
949283
303777
591879
750410
74193
415164
632013
29937
655839
279313
954218
386007
634098
899447
786643
246569
831264
589829
80683
275008
782699
505527
588689
795603
36049
239400
432533
331256
251866
355622
867182
201149
175751
975413
951559
249945
390577
583572
796234
562769
379238
750452
948776
529688
166251
735419
292609
997515
325248
373292
788875
624299
395171
893916
419902
947572
133316
852436
795181
385182
724410
178715
102683
416513
154129
54242
182810
61058
154167
979044
623827
49757
245848
572604
95797
412099
824375
388406
925966
665976
278050
714841
290275
673221
125110
226530
137146
258426
595318
932327
159961
836080
111042
262644
252593
781523
833239
435404
842582
503758
930800
466409
69867
176649
555365
165664
588748
379741
70422
31067
45717
348472
745908
852344
538045
387370
78874
675191
162149
674192
123870
322110
510272
751265
101106
279218
532788
450697
230974
891722
954455
161774
874484
540674
338423
429849
706338
927172
325942
776760
958239
371659
125232
220499
224004
179630
124222
819230
371173
286371
493423
495044
124833
520047
762661
225939
315617
811801
192989
546591
703524
663796
708366
578008
204471
46789
524209
910809
490313
850152
203922
964904
738163
845506
185404
478519
25136
309626
297750
396310
112349
307525
407706
237182
343924
686719
979473
659542
498520
172462
206133
202044
836259
430851
296404
40730
477641
336966
467891
484306
187118
671813
449211
925281
517320
150967
403801
58808
976945
217903
971470
89294
525428
895528
326476
869352
582247
305949
528894
80768
994764
251380
799164
347375
682231
611921
904457
676224
948887
372348
676883
136005
560514
126094
577638
594186
277061
981439
652994
254006
199342
140817
859652
241122
36345
186128
110475
618593
8429
155721
215713
519545
923453
14877
866920
122037
626798
771377
798261
92037
143726
475144
228042
220592
117590
805681
814778
911003
303472
984124
681361
19167
124941
541013
776641
677639
243493
887116
296232
251923
559190
511945
287820
482643
43174
154741
121032
186325
926118
435646
278362
586196
427142
22757
806788
544733
344790
137918
455736
164614
638395
137098
183781
763336
194463
476775
957327
437957
363891
769911
206232
439433
798208
494052
438429
841383
648793
559461
544060
91264
995107
822422
193812
938602
361531
601
483335
706321
654871
455423
870936
293266
108873
571069
572955
303337
47844
530282
257646
928088
300194
463878
883873
98402
474282
322302
456137
123076
398116
197
730692
909575
338972
924504
848177
700503
441457
847864
923177
612681
303288
794113
905947
928513
881534
995254
748202
929379
525537
5848
373819
342083
469726
257692
956837
944009
579995
929327
583437
494463
929524
830481
404038
784848
271337
768568
1704
712795
616432
924881
325476
436072
235346
747775
364586
116880
743030
112788
46259
784919
118637
420078
127002
104715
677771
600191
565076
774118
529518
664865
784933
975395
495346
188971
760243
283036
473891
278299
995831
90324
203180
837659
526396
438526
101786
407334
71759
844816
36475
118018
146087
671464
54449
789441
776179
248572
389633
857608
539042
919151
522473
323975
410898
534172
29298
171142
817208
503190
965793
329391
593514
685326
683402
636262
640204
785188
559949
711963
146357
596424
346334
292444
267888
400783
81886
560419
649355
471519
418027
704749
907022
456853
28724
317921
991025
58022
5415
324585
561212
971208
653976
671078
656534
337378
823693
813091
638918
899994
525054
785275
496418
871388
77720
280658
272171
675958
357429
437878
147477
775457
142627
570851
748662
687703
888772
256039
745726
894187
580624
823290
381748
234600
10721
554634
88330
834414
367725
727248
734408
409132
28876
747178
280520
106596
544188
69044
298906
901617
23274
962735
193426
682254
533586
942088
369957
422359
198127
632035
832898
778751
455326
730998
529703
466047
801985
134385
816813
169710
377986
67573
95194
406862
331103
375715
29810
875291
444759
328716
776908
468033
291451
486687
150287
341389
428775
36597
280100
143255
668632
629351
438358
123958
360349
968062
106357
678686
618799
439522
848397
996785
507095
943591
919999
838198
835658
466161
713489
796769
794877
6750
781155
602680
493437
931442
944070
438564
484391
224170
581819
153024
369873
20178
793334
730223
504592
416044
408909
123391
855566
773658
636529
362662
233602
72880
717212
585612
539042
947054
382382
850271
470156
163537
452952
479945
611331
913374
918509
95723
653896
500329
765099
23770
36859
558433
270345
541451
974477
195606
181194
346396
969265
334075
225410
719219
406956
942622
304831
462350
406028
203565
312621
876184
367102
281925
356129
978434
711651
790991
590509
365548
291320
355608
905670
844531
914041
692367
902334
404871
887973
83528
751267
373590
933956
976677
92809
340912
435651
913993
319614
841680
117558
632235
234216
1013
430513
590346
979447
142164
897689
86308
24064
705361
441916
446086
549892
872309
138453
452226
277180
26427
52106
544799
400017
986062
521476
9179
843326
957128
439524
162940
315160
73434
311528
549376
74447
742041
656074
570246
400557
553763
656554
940974
259124
98470
387060
325368
970780
525514
777594
764312
68293
829701
309112
984662
815763
830588
510193
659090
304068
949717
338382
135580
23152
649910
684957
613951
908303
857383
184198
308861
927499
840752
249835
186623
939223
636895
511992
426355
678761
805938
190667
263406
151991
499779
248069
967755
846720
758262
143197
667140
707980
997931
802721
247484
647842
4030
861435
72497
377765
45633
381358
305264
886386
147545
8240
341961
300793
36584
768316
495906
842522
475335
759313
510866
975115
7382
994973
338187
765644
654522
521679
989976
652453
840752
753812
816647
361134
615248
889145
738900
177233
786855
560516
579971
934401
568756
921932
751546
605340
206600
247452
964215
198288
6765
475081
173403
530499
470054
27942
296144
124576
65973
802472
293381
906726
556285
110029
267860
687885
515526
523112
865118
302381
83629
961442
753134
652385
399726
504680
774078
606327
268485
254645
804615
275250
246078
494370
805750
232484
38664
618246
873412
104637
937070
166793
527715
9707
793174
795576
697592
308700
318688
79063
127434
918669
40505
880568
87407
956583
901601
861485
562910
170086
632482
883877
961688
878560
894599
283790
627396
449615
418388
500808
70605
355459
667601
598320
881518
977128
393896
579111
285828
228937
174526
413262
147606
731383
810183
751365
687966
711784
612850
767229
398222
761684
651106
359910
156596
62058
160053
783992
28025
578441
284800
98630
450252
468754
696951
331771
445882
607199
427234
731710
836136
601760
661325
500095
333143
987860
251460
21109
699644
380663
304690
614218
658699
955797
974128
815296
534207
650533
599288
562232
228975
884089
660863
195579
352843
874166
527350
798725
481365
954584
46787
317502
72696
224464
333949
922191
212324
101761
459653
428320
998776
764343
42538
657476
236492
533019
472772
770699
183552
72060
849284
412527
472501
26499
124459
825344
900665
651809
140421
382030
122746
703561
215884
711794
444377
66185
633986
656702
167947
93639
85022
683075
374334
643913
340551
610827
176932
329675
897878
360484
401736
263514
289364
874237
290013
413823
215934
707030
581984
872707
89061
704730
92620
821297
416525
536998
887483
566863
710052
571782
176854
311426
254857
551188
955339
595409
678367
132271
925084
576246
9108
843172
839760
298472
233762
646126
228647
966048
353156
810631
355107
958569
31714
447728
779867
964591
984726
667350
531454
211130
239132
224660
522556
493989
775848
477896
605750
970568
126519
47187
546814
651979
406711
902926
950451
156825
65404
695450
122873
934913
506082
477981
893482
537796
925709
673349
18739
426787
857051
550193
637917
96183
291205
676825
106525
67053
154721
228627
37621
797593
792166
100787
449572
198878
520066
916376
355703
101822
611826
994929
36735
634260
472910
930218
688408
914971
603567
707147
858110
976971
773692
12379
73154
64897
689204
696031
648303
843926
441011
202276
157871
233177
819416
607443
948407
339482
40171
304111
441304
651998
299040
478040
802610
288302
924610
491019
719625
44529
714518
577735
21500
488211
590114
611007
69460
279318
307038
717763
639596
264401
436392
313819
497579
255808
921263
445986
111642
477786
266449
69298
646136
81841
63690
448747
370143
988300
456118
89768
32830
170636
183855
54330
175199
290321
665337
244660
85992
488728
478775
241940
753129
915167
555760
767060
170975
993375
729399
282617
471161
995848
351916
117298
77690
415606
82397
964185
920259
538515
570306
953089
709151
270513
523771
400703
560835
705461
645363
646827
194189
124138
888767
463670
555658
444527
747083
726633
437902
476482
525603
425416
472330
393871
542714
66372
325829
625111
546910
246088
679978
117216
715529
905481
387729
239301
306184
948564
944762
467899
111743
655303
108390
511
635325
664048
961390
382408
907033
915645
858890
432636
857413
847573
826507
400127
430297
668689
541590
977207
914777
221568
610775
630307
643401
998505
385960
949586
463421
330722
417485
575165
502377
525875
92028
654054
706275
569770
36463
613309
1767
411705
45945
859180
775630
388805
775659
205928
57494
833601
183135
488623
55169
793911
635282
214923
308768
21242
164509
772189
868316
581994
863706
370693
624222
472086
24748
330497
558209
577563
943806
559976
989268
506104
935509
764899
411261
711168
970827
985107
544770
670314
473730
116291
980577
109013
331214
289345
646607
495723
577887
514924
594070
957945
885617
734644
946384
426717
581493
504593
4280
525300
580921
509901
547756
516430
791152
475369
227599
278331
460476
288721
948645
450558
405012
929223
75923
252579
734920
722531
264654
312807
237455
375076
787105
639424
109720
733489
66142
691214
238082
586774
732866
335355
613027
796974
851786
404179
272343
595737
682510
732819
884458
147508
699729
805822
593083
775653
58401
328003
498184
839408
157163
251991
214484
460620
891415
840557
194109
473909
48123
948543
577036
780989
283898
706415
94315
135684
110595
366658
731421
309457
615829
132231
456965
315558
454406
566400
607563
29159
410756
622099
868567
567919
874090
83052
28539
281858
439961
739000
272119
488084
687543
849155
785425
971441
555571
879740
623478
182518
246398
871251
491975
378579
3483
465293
210489
457889
31693
818053
487048
958801
956504
871968
43072
346947
471372
71611
628805
911333
326963
900924
399417
14506
266432
184842
502300
822003
64582
125778
4521
827332
997029
12848
205911
516864
994493
932752
491105
542539
267157
494506
501340
223662
366474
544413
570609
837846
132376
715766
749179
459340
616690
148596
990198
883122
849790
492498
221477
914372
134628
742350
258056
648010
271551
463967
164874
266044
913071
172332
808583
180229
666838
826276
403891
33312
370689
490852
387510
19417
722970
136689
995109
339660
801637
985308
739135
651427
994158
476964
82151
128787
735667
340207
293149
7218
320526
458023
789614
233597
146707
114550
930178
813545
940826
850421
363209
827867
341273
750719
847284
64243
403760
842394
920256
721749
344054
175743
889528
338212
169059
971679
983351
904726
828238
276500
911944
665116
250876
217911
898714
397583
332461
345244
727481
273287
195666
90690
617506
53291
357762
981142
117535
277874
339888
554143
999624
683942
246238
889152
538507
415297
377184
38210
320024
721774
314711
748320
386891
81939
966231
801957
479522
298692
147201
723355
88331
342867
814046
705837
396159
688160
686980
30046
966034
26868
100541
482010
227163
346779
887515
765670
278428
781051
803880
598452
502825
634943
863125
406068
716882
345708
208025
712757
644401
871579
952464
249084
730798
766510
471274
643309
971022
158254
189707
937057
701474
290248
935419
928637
153379
822934
210659
431808
603985
530892
546612
623163
682187
926089
29231
915422
271798
753609
144531
432551
625188
96995
681635
355986
379858
152909
515648
350880
827515
705355
804289
528990
511956
739709
973979
665335
78995
700991
613495
682981
748235
676460
306144
430422
602549
851727
345844
874347
605336
490375
306898
230524
587371
504886
102863
967229
657795
618511
834461
1663
840218
638751
47005
352174
894812
537336
533862
973807
238327
147357
173140
986562
340169
479284
933337
942719
331012
279181
333418
452700
285909
640317
683225
873280
661555
302440
356861
319350
437303
191322
321013
277521
346425
884370
146048
241237
421707
679910
731397
660034
343619
904537
162949
683789
900174
96286
142860
747538
375467
476278
200238
661376
632947
399815
51008
294502
702255
924221
613853
139558
631896
451218
933432
978321
851941
79480
735911
273648
275742
983660
933682
619361
888197
612983
819502
304723
709269
962362
52261
601089
438641
768852
778817
71588
168667
346178
366091
387275
786751
496296
43185
418647
463866
976617
913321
315807
572449
165584
589455
848191
149244
39490
467553
553793
168825
287055
858517
878095
765770
427130
995536
720763
195982
290705
792351
881002
153235
674794
268277
939987
687442
311462
358634
151309
804432
788307
983468
376881
953891
572924
225073
103135
128766
208978
173281
297591
12385
31798
692038
778155
458928
203926
498918
171263
10984
807622
52265
164219
482416
836894
104206
169859
664708
979193
837520
469140
767500
820988
362374
721392
910264
587447
340879
555382
796425
514160
852974
808810
62310
61364
103318
521239
781643
602236
208854
792627
409858
777471
956846
408627
130717
577405
94838
795425
556598
932358
780918
840450
269698
143292
561842
179963
730739
419074
251697
43516
933234
621023
368678
995545
682388
471996
33136
464031
74233
758342
256658
443
535813
729856
409070
666530
307261
503908
978307
380211
952618
759225
220662
222317
418869
298856
918632
665960
717930
170329
709476
167517
307705
78155
163062
990093
66503
712550
970476
140736
470892
743486
657532
523057
473342
582954
189587
296956
603215
684246
193519
555833
959824
414181
294502
378693
713038
729486
44654
947320
416168
270482
114837
723873
864989
277899
230318
931493
506801
200794
588581
977693
460632
246113
500750
933974
345420
206689
747282
948635
890936
940802
20820
367112
871335
315323
745805
584373
561161
306811
48046
977329
577294
162883
701202
442283
957135
931520
890128
463936
648666
478710
957982
109298
241175
458732
559625
102947
181774
306907
51582
72710
764061
72403
439822
635397
904078
701979
736122
465239
8791
784168
442569
102437
463404
660123
61072
936891
107996
951201
400827
756662
946263
875161
382313
703790
333894
941938
806738
515668
765197
858320
104730
45611
447075
60904
681008
867505
762883
933482
332745
288026
234003
291666
390463
213759
468141
967888
150650
576137
919089
67829
849152
381704
942991
231465
85494
793237
689755
408584
308905
971304
266905
929987
533267
230332
507243
730627
97838
786478
664110
946935
74505
414465
238601
981320
628224
706742
949208
778874
799232
384649
846703
648384
282705
789694
396201
884552
582931
602308
293136
408188
89964
76393
854527
623232
306726
361770
353859
920916
148249
534321
867851
739106
948786
622804
236778
577010
845898
702339
872236
645130
603340
235292
809866
886046
24986
722419
770598
124270
841079
580086
48810
447396
656480
419690
70628
479558
297812
940839
400474
962413
991513
784677
701519
940299
923833
454650
33662
769731
156989
422250
931214
760329
657542
741080
162727
198881
979852
449677
839503
820931
29764
888313
268327
686244
824355
855307
682154
122168
312499
598980
84581
304012
383657
302453
244311
307490
757103
794325
593573
430444
216576
524787
707125
390470
782220
869853
589351
762072
319530
428854
99355
349294
833520
884035
551890
657875
739342
234044
296395
51841
349376
897329
872205
733033
716134
632869
556875
989589
427194
666801
420033
160122
191588
127158
66945
973808
513363
656296
735880
832894
85151
351588
698540
435023
235623
250431
609250
491317
827
421998
543159
350204
319327
415364
599589
551813
48233
672817
541402
991780
339618
477787
668254
47558
604945
735199
21367
118309
907848
273599
467555
509351
625187
166095
944374
860810
932878
69976
352128
933706
491974
411639
283910
327653
343355
399851
879466
907941
72668
420868
416073
928638
898655
600679
976197
19953
335879
997564
654614
243727
787515
638521
753078
412703
804616
213804
789865
737495
283780
658345
187553
775755
586336
471463
103408
446044
387666
982875
870337
460335
920095
802762
905325
335103
403441
881522
871408
255672
395438
42374
499399
182954
680895
768829
112009
485511
498985
418226
739358
782766
592924
926911
74873
179260
914726
178281
141656
302393
677508
11993
279080
113956
814755
184405
965411
218197
582280
836819
473869
977718
879193
489621
677024
560088
774802
305385
561951
273788
723612
301310
572906
316536
744573
647779
12148
659300
342412
153805
478045
19921
682150
757125
650229
496906
457882
615640
231455
40162
968811
221676
534233
848004
227649
211257
924444
518804
32995
2747
792592
756607
820409
365498
589495
564983
529629
601643
740635
872041
271800
218680
408314
953951
975805
58543
967209
950039
190535
715016
990202
159346
453044
40787
7350
680694
768396
448146
199498
801391
450894
508442
557998
271303
390292
147493
352638
919921
265489
93273
791962
537289
311953
200277
491240
804110
775172
458449
754150
965708
689817
260704
125054
142862
817843
648757
823556
586239
613255
539406
387631
580501
47848
461981
851805
954492
125827
720795
874413
391316
814069
182727
928605
642374
899356
936198
446485
674529
910999
716987
156589
600817
494043
797995
743679
311886
963104
83587
898125
576360
622993
802108
156861
187193
264090
525018
141685
389917
245814
532450
297585
59883
715177
742542
702257
130886
195092
665094
805415
106092
382081
478356
223261
392476
276351
966940
704362
239456
50527
118840
815816
189872
920948
489029
893417
185038
14048
551454
91307
259862
83904
905244
836097
315433
164139
54706
446319
359231
719801
768086
465323
618234
246442
204936
10711
522794
171876
231425
762250
738755
350265
94418
444979
271214
583447
338396
972604
113847
889850
580264
373709
490106
485508
726158
805540
649647
780865
768211
525231
17018
52650
506906
635252
299092
711843
162315
338238
883719
910093
616840
138827
260358
227610
583806
47924
811058
438555
20529
441257
844757
117145
331319
334864
602653
57477
656756
768653
838342
424967
810236
371712
477617
317142
523317
293062
28985
201984
631300
429057
112077
764493
84236
888788
992103
184394
936712
319513
622949
473593
760771
467707
590738
92090
802571
709744
149567
975679
994749
504262
400646
804985
392326
394616
122127
915643
204030
667465
117628
351682
96522
229705
116175
697110
118493
624631
881504
571558
944144
504454
45151
704915
488513
635890
313357
291084
861986
462925
266763
856735
483539
183761
178072
875865
94729
300199
307861
298759
484016
425489
166794
96890
171546
282969
794000
806392
907600
675505
377950
368097
179959
423101
73012
668472
575343
386370
475908
437329
365647
259023
810416
365538
959136
988488
757755
570218
805040
65616
385329
289056
491105
552123
385947
179004
351445
179947
985396
775397
371804
363346
143494
68115
302799
732859
252939
878143
119229
245199
831824
1228
504222
642241
366766
979711
147081
640873
66281
952121
706490
451610
757530
713947
3734
143477
892951
871531
839776
878347
646928
727933
241693
790423
796048
60845
523282
48988
938988
158863
294187
287164
160091
314762
929405
43209
294473
76487
200434
877106
544960
906924
328716
302490
620872
848802
962319
30175
720333
318448
908523
367262
46381
666568
157685
842429
727413
197319
891417
182753
356182
185605
469918
32625
16719
915675
592186
827544
992162
792620
704650
53475
215897
33366
355965
836769
882169
834637
383296
602502
153085
291819
486116
199466
474740
160153
41895
718505
357472
449665
901259
230006
151622
887529
778983
168341
803204
371169
995885
311719
680142
700535
365194
896039
733901
237511
249160
132422
72148
632456
251277
741585
440628
737393
941051
915368
897547
499299
150225
771371
948964
567836
517730
100586
455365
296713
268927
258570
667883
264812
570289
348025
481699
935483
760416
215600
689346
9576
348023
277847
642032
115652
19432
82660
853045
960484
514380
266944
459783
664606
554668
925099
232442
72398
542037
687808
369111
810964
462730
553346
592128
33019
417723
590179
484854
178139
805779
174200
187715
670154
452047
829748
785806
987832
428760
155204
948316
943141
422148
924451
124099
976816
365902
872893
49214
907939
77053
934678
235255
539783
488024
343735
572802
422100
933914
574008
600239
256045
264561
787955
442552
232960
134055
228358
220792
562815
899914
685460
22308
322063
609911
146407
815231
975813
535653
380798
400104
612706
315476
635359
152490
319852
979094
241644
741952
429360
815653
858544
685406
596566
646499
127958
829526
296906
872668
50319
376073
772583
735779
398382
610998
862043
61141
426229
354208
596794
323379
754313
209501
155207
906024
878343
991412
401471
636339
733364
347183
968344
108260
32589
564910
271111
676899
394437
568017
549568
961108
944091
838503
213239
858825
965853
591634
919966
908434
945843
516761
231814
216508
242614
387021
638884
637309
894785
40355
273648
628150
903891
758345
252762
936480
323255
523874
129732
234044
91891
195652
195152
552334
34155
924744
411159
516360
516378
847478
424794
978573
880591
656608
195081
123205
559982
350318
276866
454767
907025
66866
599269
810916
825211
852032
263749
148467
892258
393481
898863
500501
589133
610368
52836
139640
535112
980347
656000
567842
827825
80794
546416
708416
253755
257849
347973
330089
608167
624839
784856
31545
691706
900478
842461
33269
268862
106210
698088
161120
499691
596952
177973
605176
207320
230809
744816
258784
211157
917168
342978
38982
997963
889394
263751
768070
663596
611724
98159
788115
236564
399367
819660
444622
816197
178474
994243
85059
284684
692332
762531
300728
805636
940505
422256
12956
687666
683425
788092
415175
600593
131070
970510
114908
536817
234261
882978
200413
845985
981137
988528
598901
896857
324541
43523
713054
503015
37767
798114
787699
246451
76997
604779
52087
533854
27036
581395
221521
710461
369487
636696
827406
16909
607206
942315
553726
357819
825293
270491
203805
322783
259020
802706
219640
99913
362582
932694
602928
916701
247160
390627
163152
324158
511759
215239
374364
55147
796634
595885
765608
682473
748934
593014
699382
872492
535329
769461
230312
876975
39952
950469
199758
815324
753175
419398
431589
632109
352092
34517
548810
599253
941497
711962
439763
453256
443553
814127
508403
240187
926365
790363
439012
675299
899729
654747
64143
951411
424208
810807
828386
980512
761276
544496
312189
30804
963894
743778
179265
832338
778296
728076
431591
719793
956390
871354
689401
399944
201834
197804
156483
128199
504519
595496
319850
404248
250243
383993
872011
190803
711153
700397
171315
988781
244893
999856
535937
725139
259987
715203
557478
38283
959631
505421
274428
916021
893128
480181
315965
94962
677985
988801
223161
698856
584297
59363
619456
834540
959708
491468
541695
670861
191865
713010
659643
953111
229219
711932
194602
489206
427135
752080
43841
386766
773854
834621
302788
666982
314802
135105
761944
509139
123906
501457
207995
224555
77172
827451
575447
36880
318919
117142
224094
27137
346505
883737
496600
575724
112021
691202
581282
539157
959635
625123
442275
733489
976096
261415
400471
290898
396521
678767
800037
36779
696576
524384
777687
773748
351835
353134
326980
187107
986629
551074
730596
333134
951163
227196
425210
63185
918398
6492
118694
394385
147967
560969
127874
124063
822385
44697
931313
735258
239816
247702
288389
936392
772086
66076
226492
640273
935563
69825
343732
922192
620899
74328
771678
88415
301524
196888
151600
736275
719732
270294
647012
384051
347615
774887
24466
170000
335936
955779
421610
575753
203481
710000
28497
491919
776076
771342
648544
227991
841167
992277
150183
978418
66605
438213
66833
884482
635101
734785
137109
871185
521431
784121
255236
869047
75360
279702
555399
411297
751833
977010
987050
471666
687010
531899
479937
979438
303241
128482
723782
660760
120759
390317
155531
703716
828531
738716
104550
979984
473502
241659
851170
994933
25781
622758
380332
101141
418813
935732
28790
170646
429094
15840
158665
116104
64092
638602
611894
883685
767084
335676
544446
404195
725994
216329
624264
70877
955045
728814
50861
428547
970474
418383
939833
996255
41142
320165
613748
459955
772249
642539
146953
201343
174731
821970
833799
755175
460573
962046
638861
744009
297722
699659
664557
540068
915988
288821
610945
387385
17635
178159
815933
988109
596542
272118
500716
637684
108635
630817
613991
397237
789708
277297
598580
964439
99267
948732
235967
76192
910778
874828
820202
208500
90839
484759
264921
523179
289932
392218
910564
307567
570377
726497
295677
166920
514967
312745
804604
623603
943562
934948
20840
733270
212245
135772
214062
311512
84504
450029
904057
995282
841209
724259
720135
932048
725370
501408
455227
531654
893626
365791
839221
464004
608641
651250
147276
639960
963996
951880
263563
423910
403180
800755
157181
615425
452880
887595
443290
537384
853976
347347
49019
211537
587958
769154
143585
829680
270562
115164
361334
680540
997307
200555
144544
122300
368158
291820
762261
332154
760053
542176
756064
163233
859284
429597
295011
312164
833544
254653
849548
687520
602000
898567
899057
706310
184073
558994
52342
970987
190510
413676
651528
187818
130583
312424
826470
498741
120597
588731
347247
880650
647260
619664
560235
506544
49261
371598
818708
882806
626251
184608
86678
744603
599528
985736
450913
299953
61082
503255
270941
251593
433283
438821
439411
80219
751245
782233
95312
871842
887317
442560
268844
534577
578576
345432
557473
627837
717030
892533
26995
343282
77141
113674
87885
193021
615762
55151
492975
676844
558406
763916
928437
508042
719089
884200
588261
470334
666434
199925
858529
70103
158837
643725
604680
737413
989157
162153
881603
706188
571038
424950
565822
648179
538624
170059
841201
670738
225210
334176
863935
299969
614444
792372
808011
333533
192925
912624
320219
375711
112549
695100
445814
271387
338826
566846
525152
327983
245351
406755
550523
816389
831706
116345
980920
886682
286405
822121
557421
27967
672649
937708
327936
803445
246432
135947
653330
439357
564923
489902
331420
677473
185002
293586
465212
523828
860432
990364
368164
622135
913472
918687
438524
745178
551385
935797
148212
354142
757918
705633
382109
946920
159693
226398
266717
406126
878697
920048
361835
443621
926302
693256
637446
111304
986842
619010
151485
363627
609374
36001
502114
39198
471040
456991
784376
22425
392788
932589
892919
667058
154574
791381
613978
314268
17779
397048
236746
896476
833448
598581
856449
759750
808189
493895
387406
311384
112905
55243
675011
238632
91244
693477
277830
562285
150468
578559
101062
543256
27500
993982
210315
182074
301715
340645
12694
319494
737693
249440
732322
571141
364374
588772
330891
172563
599019
234650
483947
228277
289893
158958
466909
381138
852436
261091
943423
519256
839650
44485
62513
867150
554819
272828
565577
856534
129825
578271
692380
867519
344064
424703
438660
708438
529827
285904
881001
128846
520554
364949
873475
810447
40259
340384
191585
409047
601476
651360
928304
957478
212198
990817
824629
767017
779997
390206
139904
909822
484829
832284
293693
828893
773339
248706
53683
819518
534610
934685
464717
571516
815986
338192
898315
856245
678577
89901
265293
796405
257613
709949
753883
469811
217118
94864
753181
513467
1422
893085
939641
486252
241721
233335
831497
15061
482041
885181
834579
533003
336218
815648
104519
152204
153841
2834
524801
832418
609087
306446
145175
383053
16395
899058
852864
749865
510275
122397
263332
511697
15482
202974
997949
773556
436309
345799
304969
434702
747332
655900
967705
599902
471549
588576
752106
625390
591410
793259
974160
716850
99706
119335
99903
632453
18393
469119
382319
45020
591517
645651
556718
123351
848625
71019
896907
801286
416818
718228
235988
680502
374129
203693
280404
845678
308621
548862
471068
416384
342122
445228
133234
958180
564563
749489
590633
99308
218608
489304
144329
326477
134956
701047
966181
499933
288418
379440
817572
705237
97669
53560
902091
471798
773606
182496
317476
82227
731358
304896
498611
589832
750124
148197
548012
831039
897686
654998
446699
632647
660654
107380
959124
311962
324779
925305
811896
613198
821098
629468
318435
918767
199380
220526
390565
972986
919374
224393
571566
167085
529289
586529
756917
795765
734727
821282
143156
632413
992632
589855
265060
653286
697236
740537
965249
22015
182194
293497
635213
3292
439317
470000
922059
638697
206879
828976
128036
126253
53369
215954
293338
99010
802483
566608
894775
537210
387890
37931
685976
380522
144139
951036
550160
841375
207925
515409
863390
390120
325258
14956
393412
764575
1308
831824
919625
208187
660800
564013
850793
230522
779967
660483
329532
98802
227091
740660
636013
614981
778591
321989
511855
922730
789377
62016
280457
997303
93777
660200
903775
419036
675156
297187
699963
676464
645363
619588
401004
306164
699953
251797
536686
996272
912280
866218
95075
139372
606878
247440
270705
901822
569429
298913
340904
875158
877281
621362
872461
487410
281562
776236
906446
473070
589776
122762
665886
235139
258702
66890
57655
958656
318687
594341
954928
747320
976912
566355
886692
100142
813795
673749
518316
899576
489014
859221
774735
366295
996935
163548
853706
278497
456137
276504
267919
45913
399266
933805
797404
174321
696
855060
132977
835735
965753
604257
583055
459017
686965
986099
75512
500760
659849
593828
400337
148863
453049
691424
515159
449984
854972
885217
244833
311109
678073
512752
873374
77340
446558
670779
251661
963606
42191
900990
799341
524296
21599
382397
499666
708564
368496
575178
725677
544697
169006
126014
693561
138408
817438
725072
588392
188762
126641
349578
499872
804714
862330
373246
882054
825240
560377
650067
788846
118920
67409
104540
159569
89009
486937
659235
313925
371785
750765
39602
916483
919771
681968
610044
574531
15758
851468
162924
204521
978109
28854
220745
782823
407536
110343
181230
232777
670721
347649
537975
305993
415059
642515
981914
20420
645804
641149
850697
17590
391914
406652
934073
828038
88620
60469
402569
620731
911937
81845
341604
406398
110699
78701
189221
34588
189044
886803
267365
376117
234453
805340
198463
165864
964208
180377
702636
610012
821527
553333
627602
729793
959985
561675
74183
564958
138496
993105
702041
50433
591302
43645
456831
702002
122346
162405
736590
827742
565560
520307
203860
800013
841999
402323
482229
806207
582700
184865
932572
920579
254551
560174
166725
214536
638202
757260
295846
776698
750365
997887
343484
341668
557884
316667
560022
680230
479072
812964
24325
44633
849623
228185
360998
691622
146860
359580
14182
245912
60797
463106
166492
315348
23280
849569
46237
177834
606829
858435
470885
873547
856323
814369
731567
414207
131036
807941
610790
126461
620905
635115
687446
470528
379652
564796
678502
526512
440728
209036
288776
501526
672142
455268
333226
211775
821189
895815
389609
944371
754251
376846
817918
126926
191215
549485
57485
838604
357426
668275
481417
494683
819742
168863
481563
715746
250011
676417
758610
690740
401806
47387
708618
73948
19007
558196
802075
840197
970364
191685
784568
724615
84883
118838
367893
276099
184675
425378
631055
58453
610006
112472
553136
946100
797687
551051
661847
564050
743820
420457
771142
145626
467844
479760
219575
486852
554309
538002
327049
524673
729687
627969
765640
814571
746807
133533
607022
931482
75263
754429
506287
685269
866901
575775
631370
180940
126826
293217
744990
870646
713674
516133
532625
697871
512245
268552
184723
66554
806554
28124
591227
536242
656093
873219
867165
919252
6752
990539
367086
82016
744968
873373
283637
128221
449148
915007
309161
575974
724576
54151
962972
954603
86636
495597
652474
598882
764149
353549
665436
570704
898025
773016
623298
70470
646235
6815
989722
169340
513706
356808
767708
775026
230181
51345
903247
195681
482705
728760
288007
723633
782911
767331
678236
869548
262929
847062
984782
543430
716963
166570
630486
614988
455938
770136
685458
618526
293303
191532
787866
323361
548340
555574
98387
294873
123271
1634
6906
122328
246746
294913
845962
29658
62245
40550
415558
841526
403965
916692
901308
637280
83262
531795
768621
539201
818283
454079
157727
111587
161964
461945
434948
226656
533871
49688
37882
657142
567674
44788
295823
814421
339702
141785
360431
918299
698687
775989
759825
102652
209033
661133
739933
292295
709280
508554
347848
527564
478985
505575
155503
640949
483872
106803
383958
17743
156491
421840
191238
724166
466628
487061
54939
322682
628846
415370
240981
843885
707711
806
946538
916744
178292
202823
209039
887572
227729
73240
931488
706714
95167
86991
864016
579040
193795
247974
596783
866638
186166
788021
107156
652794
791434
162095
491829
420280
577465
732810
264166
285176
249969
727056
718272
944613
446231
927312
348537
673960
552
280026
380674
95719
367017
761042
191111
77164
525368
787895
460155
711534
92268
567311
880681
883703
245759
888862
820335
823224
138024
600853
624753
904345
844261
343025
848958
290492
786689
197496
964452
303593
477522
861479
915665
360891
622521
106776
954408
664242
411023
414563
892128
19644
498226
772809
903347
743985
661671
240034
567210
316048
840888
708315
220393
201501
567692
69352
491994
870734
783200
456446
174327
777074
317925
606344
137965
456799
713121
608725
637393
640496
23288
529521
660140
521515
302331
79839
265500
480354
319874
349062
796402
677114
573729
533148
878615
141422
602500
370609
528508
902052
343408
702835
679126
177685
309180
333443
634484
538653
942169
271877
695501
965457
317751
355642
3324
136434
951833
785177
616788
271707
650591
929543
465173
224321
979043
343789
882095
581543
230750
410603
999947
574158
629790
679073
751844
455322
12516
902680
993975
954685
690910
205829
436495
8661
77823
956171
145095
29656
741348
278235
817716
391940
724130
282889
616261
703173
626678
14708
801068
373781
425311
801015
947939
55101
996440
216135
26776
8957
635168
537103
479994
326078
742932
432841
851091
820755
389013
512538
850412
130361
307125
668128
38653
31256
467369
171266
250781
94048
185974
568202
984181
127637
369217
932120
182739
365658
664608
725867
890967
299776
262970
887313
142206
5903
320155
509649
826658
709168
22187
193422
355881
329312
377902
394535
876920
845272
565801
644054
455672
751776
212256
439853
879413
581473
888325
578504
463483
552933
304371
870802
369061
83694
758116
27619
89597
78271
537268
432607
303791
75807
626030
176024
921472
520284
570559
798392
365556
652713
958798
337580
920841
171054
777433
316606
268880
665759
411463
248715
218692
715834
119518
104106
315880
393986
131725
405477
988609
668994
838085
292400
744801
980467
468424
182625
17103
555336
497370
382660
208049
456168
720240
128890
627223
14026
445496
896103
679785
856959
661170
414829
89146
780688
518935
405026
691026
650661
326856
679635
836007
681293
972035
97160
178112
956812
279786
195215
28500
777156
577875
236549
233324
814468
881791
376899
828494
843639
789354
24631
216951
450525
439460
822449
747565
474748
743827
438592
641761
70683
118227
477768
751976
606615
91280
446440
79779
371066
641656
108279
664574
735883
861180
414251
550351
259323
791150
895197
102962
580505
436180
319913
547382
875641
658714
294947
866741
402542
249891
508502
473225
368119
502622
741554
491086
593902
187994
87217
481321
346002
195496
662247
81886
573028
76498
148589
832351
867649
560139
935313
964506
996319
771579
511888
388312
430293
806835
255053
349187
56727
763555
338765
941198
782529
80319
948636
892784
784665
35853
890457
130668
747701
552704
728906
320729
629203
877495
153080
13204
437634
604745
977710
433954
892676
5950
822266
839322
812785
593672
188509
385864
357227
527274
843414
656109
123945
308402
548893
424963
344255
439350
71983
91956
508406
800889
412685
137609
678384
82117
667165
632371
203215
644875
582677
95891
650825
404943
451565
979963
998615
640075
882179
872195
683701
241946
44656
323999
550348
109901
748962
894604
65603
820945
502912
574009
138186
431950
227971
816570
514067
895136
965293
717282
56364
547970
329526
707189
469266
781091
203504
984233
937518
602036
372780
621220
843982
417436
945219
394330
527337
210533
805286
592940
31478
824551
166950
169664
256501
911273
502586
770568
806409
984232
4203
862773
532202
333729
86315
517820
631172
289819
502054
568691
891855
874834
189911
252189
292271
651482
162872
335960
862015
484510
928901
409845
309061
612203
95861
565562
523476
598447
852483
846237
99031
856686
709011
631234
706767
795326
149054
337939
601497
651108
422982
9705
42295
612893
778246
334566
780727
941118
670526
642742
941981
115779
568939
251042
244334
664800
816605
767810
779600
185440
130400
878631
558478
839411
26217
265245
151089
691624
119536
268938
859084
542519
794995
901379
671764
573242
235945
452492
30712
422824
611586
972693
54955
696878
223736
299290
361678
556693
583452
141278
742133
713852
536262
300611
69615
562479
82208
737056
254103
201744
5995
113188
260615
800990
530919
932380
890584
283217
901224
921297
706041
29162
893990
277348
726040
634078
576638
604071
190771
160091
745349
449256
390295
797963
266219
459911
876795
348427
196967
130898
66524
719314
760438
327139
36657
291358
775871
927241
574575
193447
364890
796968
222610
775233
590668
948650
409311
167307
552721
116435
843750
814423
82043
234045
128738
348263
210308
5533
213042
923628
652784
279566
642942
929574
123058
195951
220932
415281
639545
311859
608729
4435
625179
831339
296020
215848
296341
221684
899507
365415
854471
743257
696190
936514
493654
824928
801129
703963
830462
14172
143943
999598
810090
786885
929172
449500
982837
150105
864782
622382
978316
473511
143169
119848
821202
439190
852048
117543
660874
751555
999310
515345
11164
695500
968211
21170
520429
769341
241485
867243
299865
385428
866841
626307
172314
796013
75808
671503
462470
456942
810237
957139
930453
953406
76987
268007
908948
929035
901902
86174
196942
901213
117871
724458
596713
86083
745628
633494
855424
987114
17089
671641
372542
883930
297948
61208
196296
373756
732711
658766
830698
59300
615905
277503
529059
209244
545510
438007
654631
447413
524182
851573
864978
642053
576031
461691
244488
838012
611538
616264
825126
628627
287905
197668
512558
585854
258877
225206
475962
507940
883972
823013
567241
16230
616868
96300
741826
678731
50659
396458
642496
574841
764383
507474
733247
856767
485517
977735
694779
97055
594000
519905
242035
398257
233925
270945
500463
492802
496151
492778
517095
380123
832143
600688
912705
449011
696988
654532
644094
747647
50990
286590
838841
331725
310416
88440
188492
312286
582527
399623
925693
176527
919528
167728
91137
669806
438673
591600
678960
934824
84378
196055
831300
916521
796743
744005
881885
10083
914889
525979
274083
965879
328922
629276
813957
155690
717716
2449
467976
300243
402073
393670
993123
837953
77750
600612
507759
516424
192212
703072
967600
276591
899127
798900
709464
212223
59258
591349
222306
974147
117329
12741
456379
446251
642017
270336
118293
876085
789137
586270
692681
191210
496292
202156
545516
574042
802768
569627
90466
994980
272699
58067
787923
688179
373319
497388
900402
432577
88737
639060
923077
722418
651802
379456
685021
810171
649792
803315
686257
438929
389585
895290
146492
885877
97446
208360
459919
416566
294339
66738
411546
567039
641157
715822
771570
14476
213210
188324
963406
818299
827384
886483
540718
995538
782291
225739
322062
432083
29054
524671
387364
934991
419961
50208
337220
33759
258568
797140
450325
552908
380230
861871
636299
21387
577693
407869
552215
307255
596193
515621
125555
939929
918456
666273
451820
217099
408364
773882
649182
953771
298553
552899
888762
718514
603107
225983
268625
861676
539475
718950
930936
919705
97173
567235
941092
191219
491456
9659
498474
87649
41633
140381
543930
476441
806654
995750
693541
731371
769632
859075
685142
68185
411974
573904
303051
531434
316239
571676
393110
855714
806978
840398
775419
904152
407633
232863
611723
899089
242523
626549
503090
800508
766931
47020
276949
89937
42771
970490
821308
812403
829566
506450
396941
241540
596707
216344
772974
912946
304373
682436
285013
111351
522834
576784
531855
446819
809648
659930
862260
568523
286480
365350
369031
53411
412371
645980
143348
971494
132823
481009
300249
962389
503811
697190
203929
100518
429887
493256
529817
734260
692044
331182
361963
731231
907966
410171
694402
233966
70101
556663
318841
356581
922013
204224
409992
850736
366557
69693
338582
499380
67054
638832
461769
570865
852374
182050
187736
282261
191658
233905
532873
883703
565087
411189
131286
989405
821360
825688
223372
891461
382351
58565
764395
820717
262790
690739
187805
629347
760432
526388
128727
343838
681572
106848
914704
533946
288898
618792
332560
480557
852697
381785
880612
934136
792974
11898
923541
130686
353938
663265
22148
736290
721831
302895
557007
984621
993634
261164
130320
270419
787552
775399
614257
985476
882247
45313
35775
687497
664105
884687
684406
516802
266472
565018
450938
575799
93268
890832
706485
447207
554097
244985
699849
275928
547880
773208
776901
541515
34372
907221
811934
338277
682620
942543
840105
81219
987857
875880
768717
651962
760567
453123
168765
543392
534494
136055
119191
144114
26887
825676
107673
580985
70662
807522
373265
618542
97082
150167
676409
131455
57388
488343
986084
256361
947239
826189
337580
935096
218422
106297
587058
978989
75773
272175
522381
610267
924583
157924
754381
951470
983601
378407
48807
570615
702281
422073
189157
799364
88592
865567
447171
145980
870262
433255
918693
817501
775796
256274
752597
994218
878923
856008
489560
954696
128183
528293
81315
52766
686218
352049
520589
186171
730456
569396
756786
432737
507821
945943
232101
112765
327862
679272
775098
198125
628879
693791
531978
921028
466417
800928
431598
345341
656936
921158
300037
301471
449452
897705
354238
652022
249754
391179
838193
980210
476927
594979
412947
501101
57274
161401
613866
385137
357025
388964
99614
502257
82756
147944
423285
549173
948872
854883
410866
122160
292394
710904
423632
258198
608609
294222
910220
374715
685401
264765
354925
162328
859744
284224
179781
917018
445625
793648
818507
319003
182612
434473
821260
781720
582418
244545
330894
531290
99428
741760
653451
908174
969016
593435
166372
93977
887657
76592
468692
573058
341357
339969
251738
717453
624194
431520
150824
586171
225168
969331
905174
924132
403805
726434
705853
986223
487331
553099
33865
103112
811211
203668
11286
780228
797103
177659
390557
684760
770603
375602
774170
111961
715571
542261
345766
856117
973781
496590
442289
715301
982274
347463
155785
386079
590250
861638
888654
77581
931089
438871
180693
742301
642540
191980
38881
439643
369639
945790
640756
140242
321392
414926
768555
36964
957187
114322
409433
447320
127264
851722
678973
109538
715538
834759
11969
305788
212749
900623
383369
660191
855847
80415
402492
498387
272395
957725
454382
158386
903515
611490
814980
224908
542769
99888
778224
16308
730562
187657
463629
857826
39380
658954
967365
754918
10065
979334
577058
222815
396310
476779
883006
252157
557194
801850
266896
345941
759575
237630
20679
663090
849121
835660
404350
908242
451900
182574
924550
182462
370232
904531
40288
925964
563486
524005
197234
573551
19692
290644
312718
932354
767423
712076
700863
324618
30278
484111
186911
789853
721741
207591
969296
87214
559603
373646
511808
11503
72573
436359
193965
959157
340890
750605
401473
420728
790963
598707
510632
810655
889351
339702
259361
173126
51779
960224
14096
598409
444335
201008
904615
682428
408599
873911
285995
968202
763909
797803
979705
836482
234162
690022
795639
91405
440627
197112
512133
231590
312171
22765
558597
717874
878820
817958
891001
930599
778182
905097
45360
738869
106105
949975
421298
31056
823886
707293
999258
587796
21448
495315
940630
255611
185337
252622
863368
142317
966086
891853
890259
278258
430971
448857
512484
309791
783167
403485
240390
77702
824935
285750
816571
447392
235726
754221
478449
575964
977866
994059
680112
999315
5727
620743
771278
707416
389717
634646
849733
355803
42851
256345
634061
473822
221554
146546
783613
4721
66383
540355
82423
407670
342458
415347
855063
94536
169568
849864
670500
663787
843923
866965
663102
849650
4060
950732
557067
393777
101730
923152
749580
144581
179497
899994
618404
401051
562892
918369
922125
629275
458725
4548
36946
801183
936247
408361
895719
622168
258225
566219
285955
618500
433184
465409
468151
437244
932493
541570
347373
34223
981074
96954
695156
676924
996948
829912
594327
559840
748282
516452
705467
207007
37353
258765
8190
973600
667126
903909
112120
441703
986480
398075
60204
936017
379836
44707
889613
312329
102629
236987
862904
83703
850293
558061
276979
363593
904325
871307
439785
652607
387759
145252
859614
941464
920370
384156
431417
103848
804417
543537
545552
307250
941613
122108
243267
837801
166815
649232
150131
269444
402571
13035
869499
252864
87448
146479
616457
991774
534138
572594
160733
438249
234199
536700
379714
154569
920856
811131
774769
241626
354668
836673
548876
812633
958781
308495
650435
641948
474079
800566
911392
876651
329953
297244
645867
933754
960075
262325
925528
494213
351271
602613
932462
585470
139313
312176
740039
60170
639659
31161
818148
994328
867834
367024
806961
826616
191871
973748
468564
665950
290666
896309
542601
620620
709905
188469
70726
669980
967146
996254
680545
318417
598867
613007
903888
254533
441536
160279
314703
81195
191440
649203
591875
59275
16227
915189
402243
208098
888937
387159
390400
179604
799820
933002
316576
26077
637823
387302
696057
604969
899908
892954
439738
15127
22314
343626
269660
463850
503906
100715
61397
211698
749918
653273
787325
766145
568462
189568
490595
973751
93080
397348
153355
409252
330350
469931
435330
484525
857233
647739
89494
757141
540694
529232
772269
563008
389211
41929
543210
409469
142645
604607
137519
408915
774232
924845
175061
859046
630765
182008
832798
723845
579356
502505
649450
426058
972437
84780
910583
346022
732519
516429
619516
789565
562014
908137
352573
467577
466418
895783
877046
125415
16743
14565
534331
307327
455762
225744
166374
86528
407752
515524
326725
503461
18029
976175
445871
506818
577307
872807
369193
309827
905588
988709
99392
467602
413198
968318
935179
879616
380453
328577
5032
397196
859495
539363
704524
315257
765107
387250
918137
689211
902774
244863
709024
437155
737390
671248
943974
314698
544055
313167
140877
449643
818228
756621
433598
231426
241291
885129
627394
621745
730059
632426
18941
589554
688141
239817
421163
453248
627067
339301
658812
529841
100516
884188
966997
354258
555436
427323
185308
615843
256842
842537
65487
591422
115511
15437
339200
356802
900566
966594
978547
630625
599021
513841
736531
287162
753658
157695
256763
897078
13348
431927
943271
630216
316115
426620
500826
387904
853943
686135
3747
627137
528672
585586
218559
644183
601023
557759
517338
17942
524354
12237
648567
639727
526078
901451
443241
796089
575498
216356
209519
588846
648283
152790
735414
480751
579411
236240
868655
949706
438727
388754
576844
967400
974341
795403
127935
91716
869515
161625
109658
393869
173863
274578
549948
216293
176029
993189
528734
751527
209546
738253
856725
374181
891044
108491
371284
986807
344731
756291
936513
783459
145046
29709
267211
635739
825113
911498
727455
210980
73124
353466
121201
763339
628044
671149
979632
320425
664338
508367
588304
390236
762972
961381
764418
654016
69872
135702
157175
414603
891994
93689
714414
553392
123398
497977
189131
464863
409476
432938
192195
998952
786404
313396
278643
930800
984545
258275
767577
165236
282994
872233
555472
45967
833614
836242
216335
903486
971945
373511
834442
380291
983552
65208
450035
623302
563186
155518
604518
489014
588456
796713
4318
891213
110110
282961
338365
94655
57588
622295
776243
340583
494528
331716
902902
328143
167958
119237
747981
656255
9100
582423
552898
509004
647632
2933
648659
727170
158451
253177
216184
263260
49890
220502
670825
676352
19815
9190
287360
77403
631485
63603
934338
642366
395319
837240
970509
79630
472830
234842
735885
998282
817266
288784
507287
981250
808069
155946
708420
482873
925475
440956
746133
975365
177810
416958
168070
197625
942500
455430
791380
90338
519033
725719
732704
430705
562959
219565
510335
552141
454407
246220
550424
788025
51356
574063
769275
375778
730009
994047
858651
655484
435003
121136
147201
129165
538094
315271
326790
996946
287053
634523
87284
806087
360242
819988
236792
439553
39553
747127
991695
10313
509699
542119
798338
77408
632534
567614
453186
362543
78013
311837
534379
29369
432973
197932
158534
487419
29556
1677
717
316609
636200
88002
639048
996442
424342
392192
435995
980248
655671
944042
990561
165371
2513
788899
242779
635047
872865
212317
997590
950879
524154
48321
980248
473479
762606
655134
477250
792162
656811
477967
625123
293011
82321
264172
805805
506664
656364
758153
486912
312036
702195
477473
993759
704709
782724
752890
339756
171942
965207
853699
122821
5713
902020
619421
995544
180978
790907
472794
973140
447719
467113
114616
257082
549435
378788
62888
56099
551504
821041
59363
863540
39588
53188
373651
744297
835912
126541
84054
7854
91748
937753
647027
613813
356125
782800
609357
537104
573708
598503
26596
537779
65617
141212
311213
615052
36352
374101
187503
587857
711494
246866
967749
267435
300054
341401
11732
652318
467942
612138
660173
76043
66243
823552
689856
422369
606353
815566
475825
696413
414069
18773
750544
479686
676338
61757
611090
712690
952211
798593
816899
180057
561811
784649
447492
861865
642402
459225
514184
110344
587715
690709
702739
653959
514261
392596
76328
636966
724514
68505
333379
138583
87278
83923
134622
279968
662033
745712
992659
614244
60658
325910
794301
138821
110559
241794
517039
752961
217371
31223
379658
805086
238284
82397
459045
268897
991345
51725
905864
715859
120230
755595
370795
723861
355871
505417
3829
17904
767481
512840
632148
344491
838751
426449
483313
465662
668243
352
734976
401966
547927
630986
207053
302563
713383
666098
571460
221081
717824
993676
936940
354406
749272
307735
78267
621495
329504
598449
639399
96986
627641
787899
441477
982744
214348
441142
964759
398944
957846
216087
317262
22125
847073
524315
324688
76808
190414
896149
297889
908238
889825
751182
778996
155449
575269
857264
776944
904774
972065
932695
518112
116058
720594
475941
615155
451295
917084
579914
366591
391282
796001
683853
413408
643074
208169
738096
719882
914935
150597
534124
823173
556775
285306
602169
712224
376927
975785
5521
281701
464202
938216
799813
96613
658811
792107
711768
626458
709191
808034
993049
616825
604035
193254
30233
763461
917775
284682
999695
832710
435279
533819
655883
992054
335477
774405
220631
712405
266542
226152
510458
247097
164368
310272
343710
339531
618731
571830
482341
844274
379864
475390
461099
500251
184997
491333
263712
102772
776015
779759
935483
727646
829931
107718
719701
165408
398475
456684
394165
181370
682836
904624
428467
363556
731248
288529
219440
349979
376711
701781
194253
756575
693524
655352
773178
878521
663037
553242
981293
439052
333001
433128
683051
162932
540847
919104
844693
939322
375788
238858
637044
58624
143482
581863
938532
874730
870392
157972
224709
763455
859754
935314
36382
553278
590667
809560
431799
253704
362802
929444
209109
212156
362573
892160
375088
419772
811264
219781
875446
703404
458640
512491
762028
602122
94354
216912
993205
481099
374885
734266
244554
234639
669581
280937
304269
260248
606849
252420
30304
969652
181864
239413
181808
60789
647925
73248
480561
975541
293030
356008
678945
268022
868499
957325
386496
962853
174238
379701
443952
65475
630320
204859
300114
299901
485796
120735
76501
92645
373155
106805
578649
555019
862571
276809
132161
510496
350058
612722
2390
159440
968730
681335
427462
353581
155013
813958
832787
329251
710012
793091
394726
340332
997950
211192
640233
483746
848279
716734
92744
221434
339891
187745
292805
202462
464555
424966
229311
814613
37689
231701
974053
522771
913036
917867
392705
584401
248177
225492
913652
958189
18583
824730
814873
16534
552274
455106
16632
400553
688192
625728
621987
28084
813474
431145
746898
278029
856111
976209
608994
893800
207910
99399
932924
637299
17266
325629
221700
781795
551121
651705
739985
86056
992787
554858
618942
545062
526317
635575
461967
730861
261303
600307
275297
591129
31452
22196
869158
887563
514757
994504
297716
722668
610255
746992
876319
143873
72621
614371
925669
140094
266076
665654
742502
775216
736864
361445
836630
779533
997020
298597
26747
774675
415256
302044
365805
446708
840592
751315
850624
355350
262172
664692
594370
872427
411684
470689
16301
657
601412
941970
657103
383841
123976
399605
159057
377192
761050
995687
156726
758070
810636
183473
49098
225893
1869
414903
188953
842462
682570
555929
714164
944742
220621
308534
817170
148657
295575
833471
665666
896987
775441
322769
280828
415769
722375
956237
792961
483425
951924
949687
757848
762561
649512
806946
504806
651382
738201
210111
10196
937123
766041
724360
881866
503014
32894
215388
651672
844821
48859
317338
741808
340652
640108
538989
272773
878835
495226
65734
878612
963503
531774
636460
242416
181286
959758
263574
349020
214311
473685
875568
151435
239726
599928
549653
742741
149174
765041
910765
993995
330252
228103
252156
187256
384563
307497
460029
779750
319075
525763
658363
282578
573889
294823
41346
755176
770934
304920
620548
985245
778606
496117
653032
18332
612397
202685
277425
277924
484078
188190
788271
330682
416294
556779
517938
317209
864276
494319
96960
699704
536435
755323
498634
110324
566498
539981
381852
337432
844901
518753
839030
139859
14870
492062
674544
143619
211100
951969
421543
211530
140160
726167
542213
72806
282946
576503
906367
663575
587175
519679
363279
123610
275002
861913
750286
357853
401894
132139
211637
763148
650892
50667
419359
182114
59082
93903
842085
786534
562225
779981
998064
218737
506148
540277
807895
789094
633133
714262
452669
220308
233942
332300
343918
25296
194214
94204
383149
112460
742695
594787
391960
909939
645454
811320
92053
220888
421575
934139
7422
983800
714120
5487
718889
220268
62116
526784
525714
211601
241047
494736
431909
991341
827036
292179
16637
21250
902736
399787
650063
645431
510926
42023
555371
672732
369695
163776
893621
307623
97915
901043
807775
328387
422882
526665
65007
1351
53449
107074
212952
810848
601810
644862
802189
428846
937041
818827
966449
356129
734966
616512
1561
245892
174887
73284
434976
60935
237060
328597
368558
851328
745993
176333
696067
685227
702998
277427
686578
272800
384501
899531
83648
502663
60745
402190
931509
514138
737369
414310
870268
472335
547174
388181
234579
722062
461465
669555
299349
214877
514505
667907
582557
260498
844240
794977
462077
63591
72404
148656
336391
456905
564539
936391
959568
625284
338581
407429
655774
75950
338092
526042
64637
885266
430575
815568
123680
408392
485124
423029
623270
515981
90936
722179
292831
451529
517156
754908
31472
589560
903564
367863
562817
984455
820606
38737
609739
675540
962519
781866
267842
300611
307908
332480
702229
738484
148048
342262
146876
149524
281643
286498
181857
888932
525030
474688
340461
558538
229597
371933
664451
649513
256148
227268
633969
593106
782358
760060
268646
744877
541926
536489
561840
366187
385321
780421
621023
533369
122683
284251
199246
404327
87102
381103
293259
612132
855792
150072
170670
601741
38357
835121
767606
294505
578742
917927
403963
877452
194340
672610
138681
252618
209099
700521
618805
594420
997294
756180
644141
119978
40432
359739
40657
643886
740843
850268
772370
112987
340
459392
231080
38697
294514
998686
849554
389608
432966
253517
783412
627306
442479
922093
879924
651578
138966
15082
762350
136260
771262
922844
256238
328046
282583
813247
488284
539778
663515
260654
169117
663855
720047
400197
218904
530913
915236
68458
436873
864554
838328
220285
491860
280807
142378
888136
448738
281344
903218
727440
933956
190833
166636
706547
35231
449220
519794
523516
505350
183310
300522
190820
363517
20569
591017
582422
551482
22605
167232
504707
403511
521912
724992
895371
319072
867370
299860
767810
665066
719430
11602
599023
910263
178239
305570
461847
143811
341716
501715
649161
525026
802237
839981
404896
339159
947351
503670
406993
486308
187254
911701
889820
709167
636693
301543
28239
20416
601403
312401
201834
320834
324003
800857
747449
502242
622779
725648
162405
964496
227363
327919
5874
545953
167900
410770
401464
631603
430792
808457
634264
618047
236510
524084
327214
389556
341979
871805
409972
943383
700558
128158
780569
24561
445368
44370
43156
68147
770019
205561
548995
513734
533480
71222
576039
217733
998344
977503
365688
429137
302313
999952
47184
55175
40388
890750
444731
382368
278907
371055
842103
979465
499214
139024
4026
460934
183394
563534
529081
953413
769096
594429
467148
818928
182003
559539
553013
180347
53395
918702
609484
355708
918654
173020
927235
475395
63770
371967
374115
342677
259374
216218
322142
758588
871594
842521
219522
54988
406055
264956
8402
691503
375737
991902
510432
557740
67793
63445
738087
121188
498499
863924
993248
933506
36944
920484
408901
100715
292451
783016
959744
551825
515586
798239
826766
387180
640760
562640
442168
46815
343948
966922
254671
236037
475176
281455
793777
59322
861252
48217
180510
359752
912141
173759
293258
465437
94243
702159
82504
903046
1527
42249
454871
33465
840488
797989
420645
481248
876982
379165
44415
220930
862440
815438
456968
853968
96893
767097
913290
958146
331666
93801
317898
760159
267560
127508
225597
878155
346019
308101
781201
347546
866702
752424
381011
707190
550414
318008
704790
943748
697173
265558
164678
559613
80996
137998
929934
177890
421448
843224
136036
753114
937025
970286
29626
720937
97794
255223
115444
443813
79676
896645
791359
946379
649070
688722
653569
715836
6730
874712
659584
703903
140270
340614
779869
221266
994965
226155
399156
416413
69379
51544
169527
522757
21830
715505
243694
119624
970728
359139
563437
50405
772136
871148
513136
937558
559870
166705
653394
82952
41417
829330
303208
698039
686297
83077
919306
681262
825584
834814
97675
894963
886359
783554
417720
424541
499060
177767
544166
469788
53258
623955
36545
341746
11456
549681
279305
87678
232739
449051
170631
790508
278382
473839
488548
964679
73268
924206
645941
898852
275372
259968
793815
678083
43522
727888
102625
58934
905655
163143
45075
475265
787098
81620
817011
314906
147654
96316
402585
896745
545368
573216
687253
340102
47055
692153
821133
120323
132711
983426
19175
408084
243394
329342
86167
803268
57230
705144
862203
479237
868287
907278
470854
171738
505250
287866
486644
652904
900534
889229
66001
962254
462445
269607
302356
25852
478112
639841
146175
610824
623267
681702
535260
383013
527397
137779
702634
100979
842924
564837
580217
227563
472115
51071
399301
493717
855289
885946
662974
755824
291527
728975
718078
753973
998582
536787
296177
476695
692980
958705
603871
832600
640407
655483
215613
684156
793262
918247
785136
152538
999436
881705
380102
987903
449128
295755
481621
820770
698053
144595
576594
989581
873570
811024
259906
388505
864163
556083
865200
557144
514788
985423
389744
671548
640906
121709
355704
434168
556309
657192
103059
555745
55249
999513
60001
504378
295268
541622
325148
993322
202569
418094
982903
592491
745470
242809
980996
125986
315244
362548
199482
830033
347971
105578
17933
988877
227287
373637
939398
299948
547182
558809
372046
602431
558322
432047
623161
853590
490021
464661
363264
208942
399107
346167
801433
144578
105328
298782
270564
936925
661330
470046
766958
525654
91976
301243
30883
319263
191232
486633
135564
738414
45442
507610
857198
603764
456009
480359
973707
462382
945021
853323
671324
344128
199491
472757
5058
821171
771539
791974
758096
949222
778372
41406
474876
870348
342649
505759
705964
533882
992393
841528
788648
554187
865490
645846
674304
321499
642558
164363
783881
103931
17686
971557
448059
733529
444314
969470
554701
732206
761444
829149
681428
56169
386908
672656
926517
245909
694767
632481
296143
687160
990361
601144
757700
855851
246990
432004
693702
405900
596367
993935
509831
614053
965492
474243
863935
926159
443713
418636
174717
721509
764137
372497
777678
667397
45153
220548
429659
739920
853029
725802
943433
359743
843298
701133
731946
90289
649489
425649
12541
762208
935936
522373
892613
417781
996616
756548
860292
440329
691536
35009
678190
972026
407506
455869
639423
969011
676417
69082
708931
45798
311237
652364
405541
154535
869849
137488
761176
35690
79489
773718
797898
531777
812443
690512
949558
809059
963412
326202
765740
654949
361211
443930
626975
285069
416151
782750
254080
608920
368185
963012
654719
679422
131728
576612
350309
517930
230452
627838
553620
826293
917908
867871
358071
730351
74735
823981
539410
38147
150184
821502
693096
27747
781784
836423
312817
197936
619174
566897
806856
987359
46261
977927
183133
694342
554540
533442
212272
301344
677632
282244
127638
595540
150115
485709
325891
224850
826042
381653
779350
976226
203155
988798
3974
984940
825222
833143
182876
960748
400040
506084
464459
962654
484012
647592
656996
554904
697386
385620
856248
375019
667864
983886
970559
334332
985947
812803
75534
328342
194456
854884
304568
913964
843683
824894
898904
185257
658037
598132
146005
574430
620568
126816
537084
104580
774408
710432
659484
988146
96052
32085
363165
280268
15971
850077
614600
518271
179232
690135
846613
373688
61371
667533
804004
421406
8780
702908
606663
183169
817392
269020
757599
437961
395836
811035
58893
686596
521467
234730
674743
133871
266815
554260
414140
799138
404337
28740
833761
99921
235227
680374
989962
812951
864260
793966
234357
873040
13227
357373
56209
830619
142745
330161
784932
54934
657548
360178
741530
695368
111260
932625
829239
378075
486886
243379
693565
407575
788472
43679
507497
23699
724053
497459
353002
104665
291425
587360
977705
821004
944733
550267
651624
603830
396780
952908
658764
54328
313086
916647
749696
424346
849272
578936
318773
852510
338667
528691
260086
127139
572370
283935
667191
812775
297746
536545
917441
105523
123905
411498
926528
584990
478117
94504
188821
874897
47412
363937
929226
876851
280584
195274
817549
646209
290562
136323
498719
629230
181366
275157
272721
753736
75444
456264
82863
373190
992810
516656
995066
633067
444507
437946
218058
922624
532450
923231
797522
96214
287168
243100
973065
84105
438374
790615
730314
728937
443290
229033
874519
141008
20543
663592
411096
95987
119857
493959
985530
629019
10616
496948
262086
971475
934894
996496
894099
467344
919727
207973
563558
723248
451073
52976
807353
405800
359943
537667
651089
319585
283052
525608
460593
819947
189200
871689
432287
825409
882000
934169
970780
408968
431117
232867
380443
366011
745715
274543
349707
665443
482516
429617
905043
449942
998945
712396
855742
358888
766415
506831
194825
565819
548791
655418
385767
254343
43459
818054
596105
925460
268575
566885
850780
699692
799752
231224
582055
545468
22119
931762
727263
20987
877731
632306
470929
876677
861054
843023
751917
627469
866206
946743
193288
931349
118513
95407
185693
161973
429813
781798
603785
698388
348683
970917
398080
664788
202141
496487
726608
740612
428249
970223
761600
822333
602529
748881
215362
463583
591905
967279
607404
974463
430374
317044
905813
548888
412452
607858
227213
358617
389656
347350
57006
254691
318267
971438
435831
36761
467926
678791
777373
412527
649014
538973
234860
767895
287855
450222
747830
396112
933854
355234
370575
364228
672279
792740
429468
601083
400598
656681
959700
306606
520383
533058
561298
838651
504497
513481
875412
488775
192273
169137
901302
841287
224463
652515
609183
28670
619089
357013
424782
552943
228600
311709
433524
417231
620802
379344
534666
21400
36026
10718
328007
72761
543777
405657
427764
564626
435490
819528
53401
627763
988666
471055
985403
213129
123570
110938
241799
259012
467951
182933
328307
212903
10994
761831
630134
631796
141176
164800
653197
693554
175519
497556
282667
235648
903213
710432
800274
855055
529960
370027
482819
518626
841082
984574
248107
481005
95512
6258
740017
79815
189191
68324
292719
200186
346508
439205
831982
4036
120358
1531
213942
812229
499087
496609
47877
918652
207041
364503
773708
737002
250882
772879
771980
608316
757453
20088
89321
852965
26346
345690
449132
731890
930367
741851
932076
793227
697409
280410
797263
817767
798294
11205
629996
297381
507814
194225
732386
231208
75080
22446
968210
325962
795325
256542
934278
69130
276630
539952
438447
819329
401994
887579
67571
332361
145783
515999
641940
843192
796409
439203
660959
594703
966760
290955
408437
990927
1532
657175
222135
76612
679621
706697
402574
991298
963239
853204
60428
756222
393156
498875
575551
795151
902806
159474
643864
48589
675473
285805
891781
471882
241360
552740
582938
724473
360047
507727
715400
877931
164902
453887
954543
844523
160584
873469
835821
123823
726674
412601
880045
119830
427828
971948
431333
330634
131422
591550
379224
806895
393707
271005
795130
635067
340098
894420
875892
216497
402147
591292
94429
83401
561531
48972
444276
722115
438794
280097
845939
165468
209050
242336
801650
636878
730637
749336
967512
862059
340886
863088
185307
734593
134094
496789
886012
990544
391209
761905
207041
309708
869549
817822
393109
431081
383147
837385
153196
821941
633834
515487
987409
842884
757824
789059
996114
4813
538395
963626
866872
395633
826715
568531
130226
477161
65320
532591
984057
456529
294496
707450
282589
164045
525273
675698
111478
908420
29435
264675
730361
179621
296514
234122
538857
570690
539533
534971
575503
594281
14950
958728
989914
358017
527259
636493
351530
592580
169084
335587
565461
979932
43037
848051
660329
84662
40101
771808
993082
585889
552835
239795
765510
849349
473917
820720
420040
13451
872043
995543
607732
403345
954271
597646
761362
997883
750491
629244
590463
919575
481183
155924
899507
40573
520327
559837
125235
560429
847997
118318
662670
400832
874465
944532
250181
348383
765252
186573
361834
637296
698469
485918
40641
169092
83564
318356
166975
834056
947600
757438
269983
945136
429715
685843
985709
466394
762032
110944
543175
610029
745614
205845
10861
620080
150378
261042
484815
915630
963968
846649
69278
662437
848919
626272
831529
448835
944628
514857
799243
408580
788647
69227
353716
218362
755070
339425
201109
517102
966722
744284
127131
712336
950130
654344
848768
616860
431738
333583
532490
395706
696584
118121
58143
545503
744393
406025
994339
689021
920882
793582
97601
709529
379161
967670
444244
650583
307095
645353
684037
790169
905989
327520
18858
372471
981864
867626
989331
413603
717562
38174
325661
930498
156295
900157
992354
900688
306182
503045
106061
743416
812979
720014
969297
192141
687684
929893
842724
511132
91598
43114
301301
997588
370634
320159
370059
352499
704138
359391
282454
938052
397565
608115
868550
70212
508272
860904
970900
330806
880301
76961
590574
693281
796975
559872
885422
1012
6117
244498
512144
97716
287612
329797
611656
174599
649957
498067
527098
870447
373810
325904
808499
287727
934019
677049
357939
958644
54306
328839
805802
934607
922152
396377
627888
235480
472601
29662
236492
995070
790513
264988
92786
594477
594785
220794
769076
761094
718862
812526
631541
92672
138430
440040
380400
588802
633442
738339
547446
204100
583531
869600
655059
22035
265977
799300
773867
254930
345314
526711
250001
135827
791699
859139
246657
902837
79934
15733
663931
798796
828260
811825
407820
483042
768217
788220
71844
918011
42912
135642
122111
142795
5243
777171
164830
787572
92823
455050
558855
438137
981761
325208
573965
773461
184347
820622
192650
780633
352707
856581
95781
697319
184758
503602
180362
952976
808174
768558
870987
367438
904201
509451
510233
425796
286622
191416
729720
379445
646466
804927
333934
628227
130135
907899
918040
830835
244873
110690
611468
597581
483624
223602
294900
184734
727204
475262
137710
51730
760173
525050
419169
664374
34501
445754
606522
837475
637170
852594
733272
283636
657522
67206
428216
787657
491458
862608
618492
736331
973299
746313
333912
973275
969915
145165
158009
213471
136779
812072
265201
896952
337122
200722
561326
371623
646477
684200
725450
799999
536795
458722
83636
194317
525928
28204
981974
533738
890812
116819
270070
380463
863132
120334
353738
833047
265499
28100
46518
402279
840172
828071
299231
693646
28794
376910
581621
191623
61110
307071
991622
114257
282145
591610
308574
324425
619814
806901
858164
26979
440072
128234
407442
303204
248568
277533
652603
514068
821985
699121
916347
662157
527192
731930
872155
72338
108840
453776
780313
686303
760847
771936
800560
559344
363546
625487
883769
499713
948740
741933
43044
388812
870167
450486
208368
635088
244371
860971
149156
66356
560092
581855
244865
603636
313785
117020
192327
938978
570796
972640
625281
847995
260928
942193
407339
140827
84032
291109
640540
32772
33042
683584
937936
419562
650422
146304
54650
894794
7275
720158
477502
83719
818365
722368
203708
648502
839388
912387
587480
926537
885027
729113
774532
662308
187659
698224
803135
271691
505685
960027
820816
55079
159963
275104
474641
810385
421409
45643
221531
945036
282153
699034
545108
100518
421402
265168
749021
260790
177555
852853
187327
578934
98319
478212
241242
285978
176436
44377
74021
198473
4404
411189
253552
164367
686294
728194
491105
624055
290189
712636
85443
572343
928022
630551
672861
349424
895719
938234
126567
589626
307440
830246
168561
405759
824810
409803
691737
517598
970533
282110
716071
491289
693300
969624
655657
895946
214170
663114
520001
504359
375750
121796
593054
820125
752348
782268
169549
164419
236854
812468
754046
544294
159067
438959
950053
983877
365114
158142
501476
851999
440253
733899
343289
649905
703523
515298
62203
434045
178412
98556
454757
554162
220352
47811
890639
489052
346431
60189
653472
583286
389009
923870
127580
548076
879181
77634
48306
244295
752128
66134
96295
708733
800033
955936
358638
19909
471234
420841
453954
649646
519397
908711
720160
256102
472875
610800
745154
819306
187341
914978
402592
576350
355200
530173
640779
234381
124159
205437
995029
876287
271571
607676
585021
71604
563612
460011
607865
551198
397205
61820
200844
432954
486883
921004
689056
959758
48156
950563
779065
235497
865541
181657
328200
220742
228182
485331
971475
868693
690768
966504
261333
962339
90532
362706
550295
654144
339069
674513
721694
736274
736333
922538
685581
223216
359895
374637
699327
408051
325200
478392
643549
707094
176401
488101
927836
920936
973432
415663
305981
180552
382168
567314
142891
472700
446372
209538
643197
785442
884051
364891
38068
136736
803782
723649
876305
163677
614639
575632
88080
456191
54024
247981
163285
746777
736082
607473
667713
225866
23137
973695
406418
921657
57361
65661
910709
20086
275200
70258
805528
675603
951502
359948
328692
755284
599950
204997
435313
730941
296981
523393
703484
867357
771375
383122
614134
23809
990595
798200
249676
530084
288247
656094
968093
345608
721756
878803
365694
513308
465413
687574
705263
416915
563875
33955
688551
680177
755304
640216
411118
52285
163610
114602
919642
451337
497724
50129
475146
4672
364681
724822
534756
652928
380917
19202
514888
619025
414357
396935
132333
879770
600861
837596
813038
164736
387904
501589
844913
659560
658158
256031
711846
821768
886986
147840
273105
384710
714321
264603
389382
79002
989426
440491
731930
886695
459693
763171
505720
874050
160106
638053
270172
760967
992001
83210
925704
896257
101152
286969
555818
759310
59353
784016
97430
946339
448208
886887
847401
162530
151490
753136
757884
140916
709979
6167
27611
169672
769338
533331
560074
929444
687736
346598
206763
196090
429809
648819
92347
47313
935789
164517
322975
995142
948533
420405
457833
913094
307292
821586
591976
458782
574722
349860
116051
284701
356027
660014
970725
641717
709698
47151
87513
913786
393750
294277
109876
339911
943096
718576
903576
878885
399445
226551
390379
864331
646956
364564
777425
470600
186151
369401
445734
277225
235613
78137
561927
107993
738152
49004
749710
447850
96156
837224
361636
6258
131501
987865
346169
590949
706441
766097
469835
622238
992648
376566
486569
155956
257483
263994
626556
443634
149747
588642
720859
385361
666780
799138
493354
404932
848143
759416
369134
944299
596640
730770
466909
244493
718635
329430
835443
941428
95527
821630
563667
88175
714548
566588
244131
972031
830583
387039
932017
496682
975681
169229
882043
642461
968367
891749
563745
816510
651166
932879
277161
764158
663650
744070
525004
898637
589852
876799
356418
685379
214781
436437
289906
929329
3025
50389
417713
349960
437428
349730
846643
929462
518959
728686
88275
3679
136788
652021
820189
787954
584900
613703
68464
764902
874125
593468
179892
463978
986619
52662
149357
201400
489099
955616
130730
8476
6005
64795
358437
443434
414525
721432
889248
449837
450118
977523
453516
103258
145896
790057
407564
247149
403760
476029
12051
794238
585849
708295
258216
572469
760957
923925
773869
766408
879541
420951
774885
885547
485746
649674
845333
416624
371106
250933
382813
337576
228456
836329
440835
890705
626386
848399
137854
546499
840780
666257
340737
426630
374553
115305
515451
651862
39230
805672
418271
435124
742976
709508
320671
745074
359182
682356
161698
730288
933289
544511
584216
678097
897192
25051
568802
523579
389803
223008
586430
230583
889266
927167
173565
780171
42472
689016
432033
598054
11041
366656
33178
754017
76164
870201
499091
951698
552557
177142
198338
2198
238005
782555
680296
135198
807606
765450
175129
713761
988459
761559
944345
394077
205078
634262
174248
247550
839631
606281
361956
850672
489290
395135
604689
81806
265336
620132
33505
334246
797274
748195
336444
551632
530750
533092
686830
854709
298543
378311
568470
803354
656222
29167
197431
861300
663430
371679
625202
503061
494312
987158
870085
983602
382293
991126
581761
163982
611258
131618
498228
924885
879813
351024
476517
410564
884117
679699
781625
699012
574362
350095
502366
230584
895615
699797
91884
559045
587828
717086
578458
82140
220596
448543
582095
602890
439669
163856
283224
567279
295474
297804
492164
691639
648828
485033
102203
49297
681084
883828
748309
255446
750276
250675
486030
645891
466824
94266
721288
571004
327704
299746
653145
548301
264641
751592
667543
220662
431800
950767
304293
243626
764923
796458
935265
413751
797843
37469
463049
478928
437649
727710
250726
187925
494738
253109
350168
961562
347375
71456
532567
191432
887554
702064
739733
668547
970008
407276
405561
401808
874395
709855
645434
639318
22665
580699
569421
820508
134520
548822
815788
88522
276533
582867
792799
771271
835976
142968
249185
699703
730776
298104
407487
134683
516520
147220
803230
486528
70848
725144
888336
461595
434999
50122
100913
974016
147174
670335
310876
281694
735509
643017
370216
12042
225884
163016
299665
578212
822336
65203
794267
553112
363307
201755
204147
396180
865327
7378
882708
936176
248874
287397
397771
200225
853871
15037
174241
1045
201724
485117
799092
937233
128134
685660
949276
354018
848676
765293
448582
187364
830496
242850
256829
710156
960957
460976
106336
826284
984706
505396
762460
233580
309145
676584
433805
163017
691621
608046
164062
893345
609516
479506
830578
737650
165167
296206
608021
530195
577852
572955
717560
408348
815805
974389
118504
293114
435365
741192
119399
420072
246589
881859
170004
555734
74795
603810
235103
766416
728208
915518
659761
337724
395024
6692
591727
76543
819250
199748
606739
397102
289055
840651
321803
104861
815040
956659
397975
766757
697852
33726
703181
460793
431938
873186
532879
506733
993348
284335
273150
721556
199853
449263
575633
111229
972307
167360
187773
791558
883460
794512
705012
172515
635163
26815
793728
966555
499827
708056
249664
714031
741782
952846
174824
173720
342384
224055
680454
335732
508390
469956
573640
224595
919219
149273
335825
407879
316633
523598
199437
716445
834462
420801
888961
985977
963969
682689
952532
463796
390745
718548
177827
132528
671394
869003
822600
530130
93058
19406
865862
117801
489362
955855
342396
924934
105128
194573
332813
938114
718171
48602
654559
68985
469403
543520
54962
433372
742562
523846
413520
133307
242395
591347
782187
430141
976702
121140
960272
69761
140546
342486
703914
629909
298341
562662
554843
919822
757236
404008
857936
991759
452610
512495
60745
438365
572368
115707
388090
314930
639554
801610
964589
398301
909310
263129
828442
886012
384269
788714
472125
524815
131201
176039
671076
945894
738702
742271
865716
495938
146279
723652
487697
115241
752500
64794
553607
841220
180502
941697
156150
336408
259659
637091
734709
168969
900220
563151
54982
800841
868218
527107
842009
515771
703147
513085
461665
958201
771709
843734
970491
434340
567386
974540
549582
836238
39335
619541
677458
219837
77590
349960
72597
337249
987052
807306
506219
403624
886809
77553
720818
755027
604660
562827
270798
824159
592264
248816
782360
363973
92550
269203
314666
176288
243744
380600
12527
283079
141
206337
19268
594083
556298
91865
931332
59702
415523
953903
979678
302332
31456
700496
57360
152469
779675
328158
976628
371940
93326
275341
252265
185876
544544
83283
362165
788288
463883
891044
71367
980376
97381
606987
574459
170031
698852
22144
229733
114375
976047
725764
933060
523856
942612
990420
676325
722288
834930
652953
610580
928257
928294
862845
114133
472839
946129
992650
261127
926364
883694
848847
906741
981076
972186
481200
667459
671039
503344
413545
301766
995744
139309
234826
519600
81921
741598
712277
804209
576529
365230
931141
21138
809877
793987
135271
799068
256468
644274
576547
182832
527968
425394
89573
25396
397581
87126
692856
584972
106822
106401
403090
102566
762062
154269
138518
843983
895867
850795
164545
988748
732378
95686
9886
542255
406025
661510
341323
178845
305784
917870
361678
350104
859617
967603
375501
773550
54729
584709
874874
677904
207462
277964
780470
969524
948585
435341
329859
844453
286136
494404
349553
18514
106443
875792
77121
28820
537302
934796
207666
359438
852667
569344
225894
228636
53299
117747
2186
624381
702456
393412
302285
909918
187728
82755
395794
136314
34448
725654
497119
320585
736410
846672
855451
842853
722464
932573
871674
776118
867369
595692
651908
236388
165036
877803
465024
734687
995550
983562
359068
698007
893326
661353
124277
81055
260461
520072
217369
811261
762078
230840
131846
498488
593864
987298
341342
316329
436223
729368
608799
303592
325060
260708
56333
6448
654863
37709
257487
650413
21272
616556
864772
914598
794261
505402
512005
571074
541826
729374
382336
303904
476566
30534
802392
70431
534184
660086
903112
970407
905806
511911
790352
747218
288971
846685
753666
943834
884394
11154
594248
422018
144062
975372
852969
454675
480774
364974
25750
22600
610701
924438
842856
87267
954972
645249
157698
489157
821687
60810
459564
727494
572722
766268
991064
378045
612953
744731
321880
13700
272237
432480
435718
932651
924204
288687
387326
404979
170014
929428
943931
780715
853866
786788
867982
325191
948389
25681
814348
770076
86491
790264
13922
175565
556533
4987
69963
685838
266070
908195
215890
54659
857027
167961
987310
781231
973000
374636
186210
143014
304065
646494
923729
674283
433282
791712
999474
898023
333745
813822
184451
936588
120439
198374
628506
193324
719713
698469
395514
502135
606664
611405
556794
463691
779366
544104
244922
752366
435092
947485
895381
255509
110331
335462
929793
59965
643526
929267
957988
977271
259442
142439
913860
896233
857165
542366
89557
576878
240835
1423
79013
363851
612828
152159
827542
908546
212615
588816
177265
647708
52653
588998
419569
162984
924460
349362
222949
567987
794982
180937
545258
570776
839729
975470
467009
696894
517836
72918
790125
275023
74341
869138
155226
203522
537650
982768
112068
750265
87937
289333
914325
140590
878331
333895
819927
319144
199609
42876
887131
994591
740166
948741
81719
579895
440564
65080
793141
958400
137998
583266
749776
728692
968757
905002
448566
506407
404123
76986
256672
8412
882672
170998
665354
761003
504893
485281
596499
704502
44510
483630
215446
301028
948724
297165
397275
389288
878598
190416
864040
532948
773683
130168
261640
742440
551523
226558
765199
955646
303545
21871
480410
186217
709221
145764
463572
730466
147398
60072
951321
191908
60054
166767
9288
525130
980284
406563
914418
375234
596979
294811
908183
887014
424979
686175
145806
976502
912734
911005
448500
216279
449229
928910
918848
158450
591027
382420
888917
738425
958844
356590
446685
18899
39709
455973
544029
19993
378888
974800
395228
492219
269611
819763
895586
694590
505938
41392
187445
418672
952398
635945
151303
917979
81208
70151
76429
672235
968924
481698
927012
927768
838288
890049
463019
877997
862374
523401
414343
241262
498201
325923
249833
284164
145686
145419
495106
167976
186812
682551
586649
655562
834849
254304
573541
916057
840808
166322
104644
809732
648021
548008
253852
2661
438057
716872
397011
300431
756625
811354
58045
254826
653629
307878
538990
315667
453298
34096
483643
640110
233000
586644
812024
67849
840949
385565
500258
681757
551887
121254
7841
716260
669262
261693
718922
107319
494917
115933
407750
251542
443639
465795
22720
613620
290025
78062
445639
743323
628511
445634
899785
861511
32279
711809
445712
389580
613726
945970
587689
681966
67224
111882
398226
252838
373575
633500
360157
384845
749433
284259
152739
709424
266406
175460
839396
556431
769874
285035
816107
398385
730670
715892
776248
279301
944054
221960
668881
557780
684282
772922
756098
267858
884804
154325
520696
774731
787825
397205
159576
53611
197816
312316
279387
464222
4128
118784
537006
774002
403819
353113
688740
134489
69005
464988
413790
529411
203301
599023
603544
403935
888297
359642
188146
773101
513967
225194
64185
818145
138752
223761
388108
336568
52429
667495
317143
572909
302631
854149
863264
706451
207262
552004
357292
792619
533344
287435
322031
252997
402810
925575
173285
291108
285217
877783
580561
315537
102977
644746
650034
758081
384860
38142
94650
437289
221989
411793
526551
524621
265942
389815
747424
989556
941819
621068
782175
991515
908503
620558
244513
311314
62485
934150
118774
864055
811933
699335
179592
431262
860434
345978
189344
245294
900472
283994
198935
638813
212139
725486
163434
478081
631653
427210
983989
573472
48279
766164
81340
473134
903075
842205
300800
965560
776355
419574
829615
588288
635262
525559
19550
495696
871537
725246
257342
288361
9240
456277
927175
221379
698116
606961
215812
329769
34172
199801
419594
598803
482318
500934
71937
901745
343139
372738
867305
635846
308664
213273
740486
460278
738832
276388
472326
126722
1635
729668
931435
10875
185946
858610
748607
400414
981924
480771
730183
532448
196925
666129
131251
195595
167063
719540
97340
26554
608630
480997
178752
433647
694270
919238
893925
949455
195627
366252
592529
713614
95920
523964
724489
798218
898927
989448
198632
880851
470220
445168
413299
183497
111297
60902
379092
794713
780442
476432
337619
389073
957429
516372
339072
168052
951962
232997
117507
663941
599249
710036
377555
211522
750352
618397
9740
649279
607845
724725
46482
594417
686245
459781
777914
313894
520683
673358
108607
817478
149790
962579
722903
623572
478951
61975
791624
947265
294972
425483
611207
410574
651871
988762
622096
402223
607159
148188
567855
731357
389265
614337
842126
591862
590471
136393
905757
627506
809751
530716
961336
959542
493295
684239
99466
488598
262566
891090
952216
73891
832925
563423
484465
484796
68537
622913
403371
675697
287453
971226
923406
193071
101916
765532
784933
208739
901925
207042
836245
711677
737759
313934
187571
747406
998173
287037
752357
777092
694479
704573
850983
527404
784348
851800
528552
852885
991065
931923
44934
794870
419502
968340
987941
37770
250225
289227
246509
668502
496269
599106
896531
750380
913040
84102
14139
427566
887491
282848
204658
98322
987421
571993
142078
288121
423793
670630
141006
414858
118906
185941
209728
54760
670633
714022
608882
920858
3249
371743
105713
15870
970849
2244
282603
400242
602699
296742
344160
6542
579590
65170
104865
83363
637163
763295
371484
60956
950278
512490
992166
69184
214783
201894
640296
885417
915916
249178
322627
435517
620921
428340
451388
108122
946937
733991
24716
549636
547085
368876
72530
643027
434046
693747
726390
71209
457043
614226
648517
407321
643068
640683
992857
374204
358930
149505
259621
791198
398683
98600
226716
535956
43293
194456
644078
990230
444799
668795
56218
991884
554023
645100
151263
504422
338848
394005
575631
795891
8231
740501
719564
167651
381184
712421
541855
256466
861926
317828
47665
776961
416429
790733
312917
976074
985189
473347
482656
946340
658494
55226
454576
212518
700326
605839
716940
39174
999844
808923
835065
524427
549424
70981
208430
446961
299754
750286
703427
678032
68114
267444
454993
895
58177
284262
493321
559718
273962
975977
506058
932456
31203
960634
661326
731530
566473
894618
770704
82669
703542
122122
123448
769318
709455
331879
732631
9210
82165
952411
687242
666631
219855
142236
183879
794385
942850
677200
354103
216812
169530
376514
665621
200733
337148
326947
448615
419974
221566
735672
502643
441460
374146
626092
727130
83601
474323
459762
92811
556488
928525
780054
739471
664732
438642
923350
459117
381492
116903
329573
114657
286433
706087
780278
3518
559587
107225
452134
979561
845143
704158
998557
286603
78304
141001
13734
161905
615324
989848
254717
688164
918373
551123
427635
583105
989765
867338
558575
887609
984241
888148
2266
787026
110587
298896
790544
670174
406122
759030
166088
767617
463188
164645
54221
541492
305646
67955
703398
437322
574155
474467
125486
492528
25590
69473
591985
531707
936811
150560
419316
437404
555060
937935
224430
181999
236831
531327
852174
159305
290357
18262
926923
753546
699259
497496
811390
521257
81803
31140
958579
655958
505607
600417
664838
47549
186242
256823
95608
123054
923736
31277
76810
478796
969212
817593
177148
722395
348920
29322
398053
155629
563936
841328
425527
263195
338824
236918
300804
420627
784410
259383
76585
806370
376152
741423
853919
562394
514598
465880
201800
438334
497157
278611
433483
982721
96204
610631
705116
961476
156305
103169
117105
720241
460849
58985
499788
799673
295903
800592
220300
596665
576327
813237
403035
952479
71012
773307
31225
585611
239187
233026
540297
736344
27989
973780
719065
124193
100763
940533
602021
257068
560055
235478
977309
20904
294463
993449
820578
106718
794041
557230
703384
370368
886820
106419
322847
474184
879726
870425
576147
635265
103451
116445
371609
131440
606577
607026
771985
707341
547560
890358
480761
623967
125836
974423
644871
420300
967872
981801
43370
761914
539032
746754
648634
942204
369526
487834
416388
765604
358259
992536
400870
461710
625333
288831
109502
231910
412210
881487
455603
476122
771845
936365
100089
414033
427140
744960
834333
395012
726762
394056
673278
782146
140810
321913
240702
26688
809747
657090
792293
168006
165978
709515
146068
791311
514698
255570
539574
926908
653409
995177
403030
941606
447894
503119
355639
875034
764432
706325
786399
7546
100381
459677
789692
757543
297942
546746
784232
624041
720188
92877
308399
886167
802392
454467
193830
317090
226389
733404
760351
396150
244934
163381
337756
209180
666501
693396
600567
430933
399721
386966
954831
500102
362995
260875
773997
177290
807621
558229
801331
527809
651106
109731
413976
969850
80550
124159
803293
823292
857563
563644
219442
102497
243377
557199
311678
426230
250595
912245
857163
166668
815563
328346
183122
178558
589221
957119
355848
396842
31701
673532
924652
199159
783263
854980
685362
380165
979139
488655
203457
353055
568651
422900
455552
812028
496451
283582
238259
263398
712179
611774
430066
527742
940121
129540
222653
529342
603011
94853
442537
634712
768385
367189
833872
68000
738521
519234
448166
234013
524241
167975
103420
92892
107227
558972
421272
603678
358907
659531
867076
587438
787658
813494
115181
727779
943034
854186
773473
546046
949039
216010
697110
717425
99551
530982
301777
354425
566568
266295
104790
90809
950623
208210
700053
57850
283534
121326
177881
642441
297209
44957
229880
84867
374804
861413
328998
317838
715599
102472
380236
180990
834834
77347
898415
450738
124681
716545
805163
207602
982840
909953
298411
933463
118163
514817
507666
401697
152495
685547
560491
449704
730504
306723
50924
621660
168136
379922
455851
400087
998746
836087
581077
349933
429786
995845
800671
554468
712390
605834
278422
211582
515787
93185
661398
150302
608002
169064
68351
760497
854611
628842
726554
101467
935565
777478
239480
620053
157400
695331
536492
672499
531418
117570
22432
477557
629767
823103
548377
858509
945289
826799
70091
461076
919984
247841
127730
527987
416905
196081
804836
787868
341276
531390
405688
793193
825220
645168
929599
498973
856851
466091
171472
388269
100013
710256
865826
729780
533359
414203
588289
478648
757354
658381
456076
677339
422574
100158
721678
355832
812591
526514
143700
153867
574257
65740
947061
399477
227260
876660
898450
84111
859103
586274
988733
959117
296530
370911
688897
346241
301467
277187
824889
58821
451920
797317
736160
874494
413827
974190
230326
226419
17057
890379
380286
591314
472471
843699
507143
216084
236711
405594
300195
95815
991868
805280
54932
288399
176192
260181
634640
477659
537368
975882
52832
505640
289551
305345
896487
703379
279535
643165
446150
296592
533544
826436
404258
522368
670136
911402
738452
423199
316996
554999
519014
825216
360280
90298
629967
52824
350480
780960
46835
404200
273194
99667
909841
562745
405012
322680
782476
200900
965845
228626
497492
15742
571415
418103
538110
757903
329505
792914
181102
646501
864265
216469
988069
740897
306767
618037
793721
173599
398997
840556
577800
188543
456576
3993
751288
377940
326673
50117
578840
808870
795095
592685
824612
366510
10788
879074
124413
856645
671988
305516
19498
52606
38337
7567
793503
345104
141956
587225
35056
57305
944133
612856
245848
917061
133201
513489
295002
976226
563606
390194
785096
358701
499231
609709
725212
26371
5135
365977
883016
193476
187845
902514
246082
226182
426434
39585
571287
568390
143162
122695
625696
87296
735551
871544
520709
385104
385033
815711
361330
464991
722258
146426
340045
221489
272487
65257
764213
793975
947586
647229
987451
135432
66096
233533
361614
492530
273118
449253
577272
416281
571948
202968
19929
823851
590865
540638
208955
492250
872702
86637
473594
594960
233064
813639
332801
21903
395248
613366
815878
342834
260596
803329
478266
843044
553214
356233
851926
826333
805486
429198
758966
893787
148519
778895
717638
255736
319533
442946
747986
192235
529583
737932
303547
278999
551571
152701
300903
946819
766067
633133
289654
543015
952815
284272
902411
506029
640505
754337
332362
445992
699888
607680
339779
848407
386575
573769
104143
222461
16715
368481
931048
546299
106414
234596
825298
174337
903649
642553
121157
669716
275687
410811
729084
744854
211435
631495
250883
851941
385833
99598
297933
85721
707278
154064
450480
610206
244185
70975
832667
260901
955808
763715
323552
578574
514663
665202
752912
418312
307756
874069
604381
99795
801232
333465
844649
12667
964960
611884
864608
350793
227834
678893
952866
451465
349309
919698
61671
109847
990673
410690
887100
946482
174405
210652
525056
205421
875854
794320
623733
183610
668389
228114
799757
985973
77931
644406
514993
42892
772643
895953
910037
516829
91199
379256
968294
956860
298954
546317
66707
289628
957007
953807
752462
647765
164459
793870
853186
556666
588191
993271
256628
772932
737738
56386
275258
815669
217144
790251
374913
989787
202556
284951
506617
293755
664207
991263
766968
963161
537581
833675
769141
10940
787483
521603
175057
468294
831826
544595
541312
420017
537867
797941
709301
791957
854327
984559
123978
71471
291162
498892
577611
493719
300195
600580
303826
480754
591843
70794
960267
645776
904470
729409
173069
208305
767364
348126
192951
599190
409074
734264
535559
463293
48557
244861
255250
902884
229420
379228
490707
36935
394472
584670
530654
694667
185250
834480
175421
293446
905275
135689
455574
326097
381450
628643
50754
665166
493122
760057
780709
902196
10673
316268
365489
59230
77481
137091
478466
823254
32671
969174
860189
427144
70196
390843
638163
255447
741675
813585
65245
163302
465626
520819
489399
847076
665815
56505
28594
675289
816563
809303
93837
827236
125572
975678
402819
203053
112769
881285
542659
145440
366811
402848
88936
437008
310043
727100
208807
51719
57037
790404
215021
522663
311223
220773
886091
493390
277278
914685
685031
610193
723989
778868
953782
365913
754546
356601
85318
383667
754238
627978
45460
121050
547178
650748
74410
857222
377848
283217
908941
434885
589973
123962
473900
417548
861087
876343
910939
654718
307381
112322
781263
31370
891191
735045
913635
162089
607998
998953
62109
362237
143283
623921
999639
690462
274669
74049
547684
652518
873618
972977
603755
463591
613291
594008
881139
474379
470351
308430
129097
777732
420753
910360
325454
828296
161758
755441
506737
286108
754395
568846
648345
414030
192767
647984
620844
467437
238385
684880
636307
628355
657857
756414
91946
271149
866774
489438
261880
337126
314220
907329
631210
251325
334041
473017
79621
495799
228458
586359
781908
499205
155205
946605
913236
864325
110942
50432
848114
349327
735313
773
494035
909522
757187
585981
697023
623962
591771
958903
477440
905992
866232
108650
157317
716626
98019
753291
212425
326478
339650
510685
825683
11207
973643
738919
391884
84585
305704
239998
950264
41017
240771
444299
950539
514311
546633
647563
138273
654756
122818
132065
77100
989051
757067
234418
222029
855087
504061
950806
181565
360063
461492
7248
371270
951487
262520
279507
552424
568224
519505
19040
125593
760277
979692
76132
790940
526325
240047
445565
181081
362866
577630
258182
868269
334697
8952
90298
706136
29365
41104
887701
389428
18948
411302
277050
486787
673822
556557
39211
758398
76063
58252
883991
352692
37944
476475
143632
80621
716523
589197
778054
595741
683179
552588
980362
17876
77892
587012
240365
107257
628116
128066
13037
163417
55720
290088
650204
245894
846645
205768
4292
922708
780372
888283
791752
334668
364759
451736
415289
597634
40933
709695
709727
240464
778636
690089
774693
856528
277101
15058
480138
421569
659476
493175
584986
715197
783263
751543
961091
146261
957311
965384
585321
254035
370019
377074
588703
251130
828810
3992
365116
386096
230039
74843
626560
8675
764932
401253
381556
558385
932663
861694
979955
592140
871221
81293
307337
170837
832836
784780
317098
306499
750164
902419
76886
636536
279493
665589
887666
624656
185933
252783
527104
415973
843978
670016
941000
608911
587622
322556
683648
520285
700602
663603
112425
571824
744897
936114
742661
94085
720895
59759
916937
987411
962178
993823
623947
758024
175765
27966
899032
361698
797101
426136
777671
641079
96152
718672
766342
200126
557580
449991
720412
258183
629946
349189
346359
891195
285304
605372
501633
6199
665131
934922
509962
143661
928745
650262
418037
104510
678228
317069
982561
991681
259557
760232
149112
872062
995256
431807
72188
69189
881798
308952
843724
28096
658142
190083
919292
943446
795455
420925
465997
976938
355847
975959
636951
800944
626221
571341
421807
820801
404762
404368
328834
180672
680952
477947
52734
192561
909754
641274
261750
307904
950227
105474
852352
608369
811909
771644
551815
123716
708921
534164
100654
581120
510123
253957
382065
652697
341650
320224
989850
746413
724592
318685
927085
921896
312984
496171
114457
739090
137445
376207
563346
604024
481681
415698
212393
809942
187343
280560
933658
412616
814724
34312
993737
841200
804622
892154
10249
146272
212378
99
409037
453322
835136
852474
375218
148120
348645
489676
403562
2443
865883
966908
606467
863917
382607
335213
673859
86302
132125
607518
498918
946850
158182
492655
304402
479156
384809
314651
141781
113539
831102
550818
566861
666239
403293
942080
330711
268290
948108
734274
787085
813991
701182
909905
194260
83789
245118
868120
170091
377243
991990
669010
840445
666524
678017
144847
145681
579179
975850
287462
692718
806953
838280
775932
989544
757925
234364
320255
542568
182472
54529
846005
512815
755712
755910
223428
355853
517380
607900
42297
410976
599890
227659
251421
266414
905676
912621
412095
1207
404823
215909
210278
728128
570542
986210
717672
844819
736926
37928
903739
435750
608809
749745
464917
880873
505655
688345
236727
539388
296245
279024
950364
896135
23035
718137
678902
928711
147110
607349
929919
68286
823259
656549
796414
910153
642759
514087
754972
896037
68367
658712
331787
677176
408457
796704
74402
430464
485050
827481
969852
297647
622857
436568
710135
645892
671058
389037
574603
334520
512738
20874
402806
852349
193775
199221
762502
836534
229660
517475
248923
814379
176187
580710
7907
100996
893767
82309
47812
895169
909790
534017
192816
532647
970585
902951
178539
157995
808340
269495
492516
321079
806721
895322
173428
497
610895
935931
353383
356907
969758
118659
171286
662297
699369
695546
763293
109488
777855
327457
4657
203998
861474
713826
252997
832060
616777
947889
506407
425118
217384
998923
262549
540457
410598
435977
57306
537845
888260
927042
894753
374370
45701
582391
36667
261422
277937
316312
370911
572145
643770
891920
776143
505244
605746
545492
853656
738876
493381
360064
163994
227117
875339
942895
767575
802289
378872
341233
340135
783485
268275
751240
157855
313976
849983
194523
575399
127921
27187
462662
216418
670957
354582
508913
176202
476681
54405
546210
215557
547787
422626
895903
291256
297966
838798
58831
100255
734022
916417
956742
517507
184692
707982
191715
15021
557966
902590
106772
202239
929777
569434
418657
600735
440368
443922
293289
433401
498327
355851
648958
562466
778478
61213
853723
76444
900011
428906
693051
634034
345323
649794
667893
46368
874128
859608
61389
948446
762198
684513
150685
691976
770299
85694
809063
210667
529616
618704
160421
544296
974555
325731
106762
753033
386945
476837
345829
286956
905744
555233
437342
767419
721379
105236
813787
595507
964844
391528
60306
243395
76041
210991
935371
846340
813038
260786
573360
859006
879490
733781
403302
854045
59512
26417
123431
962809
19606
469260
249766
925350
24493
203460
209122
262224
308696
22909
857732
789893
930790
434390
33288
6831
161733
485011
369524
974771
745797
942884
833778
141639
193017
753432
995684
768881
296201
119115
731691
315808
104728
497809
757510
645573
701269
966632
907798
526318
505894
281882
832563
436684
716272
382203
959867
878005
383566
329391
852777
129363
788627
202907
271002
981644
472691
783038
750526
285245
418506
998569
601053
523234
496378
874915
168807
713999
357900
592957
756669
863794
874839
589232
816830
591111
487787
776697
469117
871353
622441
838246
716
411068
557505
788070
909065
546548
87461
659591
831793
505967
174512
949198
29201
187242
340466
714360
901241
698366
307318
657911
562160
698509
763495
378990
289621
251283
672039
275090
122636
294480
629688
639705
221901
703545
944127
130966
766445
31588
306909
598239
537555
481421
63789
83108
668663
404255
313821
86256
102621
137491
260519
181133
836000
24015
76475
641973
791650
748515
917063
430638
559347
63103
70343
781248
766648
530823
428566
533094
562411
735475
647685
616319
733248
227826
215779
918263
632082
45952
4520
251055
183443
265039
432189
19444
805406
508664
661417
113408
773531
94833
544047
332879
157936
614390
630479
440937
661565
575398
490383
223977
310873
654420
356648
560474
882246
88779
478737
30680
134732
483257
798088
318175
264649
230277
853971
586407
255293
31741
699816
28825
126574
243863
878056
800862
374605
24887
758151
36171
600285
248534
260148
427511
419306
133148
987985
301553
221927
466722
848585
873011
466332
646673
191187
247333
876950
561510
833740
648596
593251
533556
193773
236177
777419
588181
553392
152025
129420
311543
188196
246058
76430
964696
673569
495736
97844
177906
313641
836123
160980
162227
709135
143664
325252
416674
390997
718555
494536
224738
367151
604140
758294
560924
356669
52066
665457
910061
204091
794877
737957
908639
40935
330739
873335
230856
826475
487531
408762
656469
840006
86095
335048
65493
229759
660300
998519
620757
378855
493056
845495
746006
97196
120141
823282
970217
172207
5091
880279
376298
799969
134588
801289
357256
465327
674624
588113
808154
678507
996875
980975
518514
82970
316023
100359
829082
976324
98879
449839
871531
591935
811686
133890
205483
931827
473524
175700
104035
478616
572331
996685
794937
706919
797975
152193
688598
988951
740306
496753
667459
253534
477728
702325
852856
310104
802684
681938
802780
901563
131777
674311
9850
943463
808201
731685
391643
281726
907386
12030
760342
996069
8715
555279
702989
323042
223824
907939
828346
964131
404692
12157
217665
398773
714482
586873
225229
33518
268812
28009
451434
916941
702320
977636
376757
510522
709322
768400
308600
616708
780430
585294
612777
305497
140573
832118
628540
880749
740058
973238
844880
661102
985395
578897
576227
216229
165771
801456
249747
950935
345817
217533
867876
48138
195170
244633
75012
904492
13033
383612
37552
309815
968906
166681
615313
625831
515152
760205
506580
255210
733443
867813
432664
235190
446710
525244
451419
128833
326700
217518
79768
188870
435052
463997
237008
146574
708630
312020
567418
238016
211984
121322
64183
180890
288003
679496
323073
319507
956053
829653
574717
205848
697466
523734
441038
660529
48978
892457
789362
892030
626328
385483
80900
577732
849480
834260
724306
74462
146280
808076
828830
874616
929398
409366
55506
733753
605214
378579
53261
561268
724585
144330
767116
938403
184416
724507
598932
233394
616964
904647
641777
243292
290130
722677
821024
655962
556938
61682
246776
219570
386110
591959
610539
831860
1325
666045
565614
606539
560977
135227
684159
801914
795909
967628
740317
980326
692135
339250
730072
309099
760249
371849
68744
50379
610879
406120
222693
684169
984155
985821
420091
370265
94132
30630
202126
95457
213028
284092
218349
774005
935671
902508
92271
731580
870136
832588
228258
562271
688190
958331
387723
448439
846532
972819
15170
457411
895291
754215
657932
879446
740037
78024
766064
834169
108654
484542
445979
321682
768634
664328
612039
220657
83188
704310
952237
469677
53251
696848
548300
257793
171531
936023
706233
18063
425194
237755
991827
320486
991971
649759
716284
732008
727783
998700
82529
352790
483242
44860
190824
768228
709188
319216
988885
308729
539878
457475
778406
593129
154323
843058
850923
325854
295434
73508
860269
720628
311263
852096
557466
819586
18208
790103
67946
262343
788803
150476
131485
788398
195336
322310
556626
420877
641526
545512
245958
697756
519339
540716
290886
673662
383774
658161
515868
679208
248021
892489
399837
75636
260938
473655
895223
279146
263758
963169
57841
568914
113645
189327
873664
825334
27989
430290
246211
185867
492154
8521
883623
11493
549237
174509
201507
933011
349022
233727
612220
113395
126217
528409
189032
387155
2064
84255
182653
782175
47424
240494
867441
677422
946173
741105
19108
974162
687747
781671
160029
179902
790192
43653
707747
339429
734514
425607
272440
599889
659334
884660
713284
301903
929421
418668
205410
931486
502923
388063
230013
66700
144910
97454
260474
607435
354911
279582
581598
42658
577605
257979
222560
367797
817984
446660
707226
68851
872267
496018
185092
47953
897031
414728
349857
826452
833397
555267
274290
852672
459683
504303
435724
604593
118109
212550
212028
473020
8484
309978
515679
586089
84310
254591
953886
902294
217603
177464
487497
89870
189835
672589
654176
86866
87318
4033
429670
437067
75652
220313
806091
535335
240968
241816
656280
359078
454366
384661
348450
462851
210991
864129
565292
295301
635073
519179
713948
852676
212995
201445
458899
919182
390387
113075
522400
994057
633460
952071
431124
225464
688736
237215
760800
929704
995383
933432
288782
966102
318093
153585
428953
529085
17714
994245
340738
169139
29776
54686
538168
759124
772484
513419
678306
679223
142846
200707
673280
776306
669130
620756
518122
874218
374323
278922
803922
886059
728707
609057
852161
563152
762642
797466
608589
296708
308063
949328
465848
337840
520366
520368
613316
809202
33787
807974
488425
176633
525033
678057
469291
710515
815165
987413
584733
189489
782688
388656
591900
511395
997713
444061
590899
760355
241527
199489
57063
549590
148817
39263
403782
669183
75983
533450
994738
109770
341425
483163
802755
866458
161221
272046
576974
976386
775812
678059
682227
74852
66715
790479
102599
580780
234540
693498
857487
476067
892987
430903
542010
41804
986518
462144
227340
62502
995595
222078
172272
337020
221593
491380
719830
899166
763426
813156
391905
55590
491216
590484
130442
74283
380964
749393
655064
615504
442892
28903
607924
852231
459806
666286
410388
446325
128430
637728
508827
124025
376158
197451
977397
114103
688831
697228
13270
968610
510384
405175
540552
1600
995659
187347
592236
892975
936740
763652
508480
895984
792555
632756
748216
252362
299042
158604
215039
943824
312684
240218
67850
205194
954021
45247
319297
159205
742475
332567
127815
769212
254094
184719
287164
766106
372066
879400
659081
308807
643052
683913
204791
435608
316669
469359
204322
132063
627963
935713
75888
940647
692283
660090
145841
646304
705337
981491
805509
964165
314058
449676
733377
84505
634396
536893
850611
6462
416294
26044
831621
575698
709958
552765
527658
542979
22124
248332
191395
166440
184045
267283
107087
876328
927373
769281
38985
149062
750772
360846
629579
581182
810523
879308
182039
961271
416202
32650
484085
348848
575047
315707
924546
285005
384824
452205
344336
406948
700537
535731
89740
400935
319366
713180
793615
763091
482461
832600
428506
749585
193447
58085
847119
520322
937394
29159
997945
353596
578161
482030
702444
153208
314089
143342
954565
698913
595547
815254
622214
812437
350985
711954
213372
186704
425134
6987
949795
423947
355940
378301
689884
65739
952739
53356
586061
890133
598867
100358
760081
177028
582388
978877
846589
412830
122219
801154
628095
234119
616408
250309
46556
483746
478616
776280
670450
420102
299619
136597
360402
655559
31251
566638
721298
983990
619994
823711
874123
218861
440421
150556
912242
22810
129433
758831
951992
768004
559985
580087
2123
692746
830397
565031
176492
825365
341311
363294
761819
640931
16243
122221
812842
47494
688860
50493
31484
825206
390556
421959
560420
830978
88867
472662
370140
218300
231493
322132
986305
307830
902219
504780
576
248968
69812
693420
590685
927475
573066
352505
568406
589310
474726
897601
153156
679938
948094
700993
21497
855002
639304
581917
685980
728172
54579
56120
462824
286072
894604
449129
110254
796824
470262
627183
562144
540074
320603
152830
467549
410022
505335
552308
515684
496413
966261
668840
692704
430707
369833
714201
285709
9138
296118
488042
737310
867049
60514
200134
669473
955119
165616
779727
751943
152230
406910
830439
692304
243866
983269
676205
653888
488604
228513
169572
985018
194774
838412
677722
141833
724598
908275
427543
733736
204393
915585
987398
71442
976099
703884
740915
931218
385852
36994
199513
538082
443905
29953
746738
687771
13222
422944
341659
18179
167809
511231
519549
878936
865995
197271
20769
590593
621898
448312
840681
826291
880249
828079
414085
856349
531964
671352
303919
434168
708346
19785
972251
152251
49738
718989
356374
579312
658285
698033
597491
826095
725616
117040
221383
107964
830663
758504
698557
452561
723169
55591
795204
603418
883670
725641
976119
931986
396993
280039
366155
621692
299824
854758
290295
865914
90099
646670
961578
748385
861055
75422
90832
586672
708814
828567
210988
539478
587071
425897
508391
310240
481488
819948
913659
365159
61941
406130
813497
975287
686169
696004
596979
502345
67114
887274
884611
157214
50296
846190
421951
911352
921612
512783
14376
630426
341350
225364
686256
444773
651261
711000
755014
132750
47300
185025
14261
109241
591155
344110
84528
793677
556467
197859
296022
623581
601486
696986
780795
651782
59528
202746
79486
497492
231881
93862
127918
89583
835578
330527
534357
486840
557879
805723
135942
605179
990748
666555
230772
581903
10665
831653
375580
83484
29512
187955
707066
630998
884941
487861
799133
944469
206960
878619
441961
955193
488834
86231
44777
324412
933110
95486
327604
7341
901209
979898
612520
891957
646453
359645
990212
173471
191298
365793
256955
220810
553748
964021
368161
955041
968235
167294
415862
691547
562265
374175
646740
51099
976758
207869
891864
426221
303355
219468
433562
720916
715719
46083
129225
362172
922080
119438
51995
113378
485231
308951
850540
555331
789324
735053
26724
273911
418699
442586
481810
980965
333113
644903
548416
309871
852772
440280
736092
672480
176101
169655
909748
891820
732090
38974
770344
170522
158412
822340
283900
159995
647643
650792
715326
953319
385846
258402
743583
804545
217340
225393
785510
550453
386648
850279
376676
755773
806911
629121
944605
983012
315128
854353
391184
563570
893327
161529
734092
568091
500221
534344
728086
147864
185136
959764
617535
87334
218166
361118
891880
951858
102864
193742
18663
489512
44021
395340
245285
367285
540813
189890
350297
372293
560596
741482
452215
453923
419363
186307
538367
919584
237003
266453
583800
938491
742570
717687
25826
477088
78806
434058
428947
698022
144152
447610
187534
704526
359302
949172
71811
416467
655414
422108
788760
216010
679942
240975
186286
615657
943634
724653
51593
696989
507458
151745
635481
766380
869433
177659
243469
464591
128069
188768
162613
272221
636378
866499
976747
512033
332023
48558
444852
987438
987019
233613
719800
183313
990940
906086
798971
450927
147091
366916
664268
170902
518662
299749
937282
388095
993760
697103
852686
121829
885871
531651
394051
38602
914502
887150
550635
246526
452061
511839
750316
439080
261804
470116
138745
252745
892555
454068
220024
555998
820985
884292
726900
855999
700394
180535
244094
210506
877638
613132
332336
763510
661135
242739
802112
575637
646241
869099
338515
98302
380938
88831
53734
642743
75300
192480
411840
967855
162900
148216
523853
983885
548860
767106
356236
765606
947641
600330
976113
341631
729814
824801
105141
907301
583892
423605
999291
230133
809056
337806
328436
706347
426638
898522
865442
501938
607354
793634
986145
770255
458202
26350
270492
7062
793456
626729
289021
257449
227059
265134
115433
473226
606287
736926
896879
190179
676884
896170
936664
485940
233977
781452
708639
660615
679975
574081
678905
287329
884067
181402
57584
342269
207752
328077
865684
517561
954806
154705
291362
698217
419839
406795
687795
542478
143722
584675
732657
820606
480845
185673
822898
231174
967126
531538
408141
647101
621971
87046
450782
22391
784800
24719
364660
992553
869148
230344
26466
340306
385049
317828
38523
321240
724624
242671
863718
384698
343698
112727
721656
340895
814753
544554
572070
781879
592444
980211
945332
730768
583610
912466
753159
368410
937185
634171
360963
806333
380868
387429
146639
282269
221610
701515
603510
462586
460538
983580
847284
804236
612660
85292
145131
427413
146198
717201
725644
738643
697413
670976
985763
797375
583442
738922
165785
36980
889445
43101
843313
270313
946882
506305
552583
168492
724172
672445
631078
184710
172377
994714
988946
301389
596358
134077
245154
742557
367631
970798
997552
65044
158126
983315
378771
257921
238589
544556
294901
128034
104009
654566
914700
50892
677223
467283
735736
401395
656080
883167
586105
344809
394233
91403
646199
990592
225481
407705
733149
593112
378504
730701
174508
52982
230368
553279
310903
468957
614187
122156
113343
718197
776723
28043
285441
453946
11678
21177
371694
184110
420696
957799
528920
814930
49203
691471
805522
791036
99176
55023
900500
477680
302076
591360
47015
532444
660991
357918
517753
275178
480075
631096
509727
773150
659140
795168
227096
187170
332698
115142
371281
753394
72942
900201
568324
638497
591672
890198
945885
690848
945221
846385
684881
763649
437745
731896
296093
98736
606166
813846
890266
86241
961295
916346
859391
136787
711514
602840
323957
560564
717982
695238
830311
307276
111791
914987
462125
219815
805186
924362
910664
266759
770747
111897
30409
724844
360145
842854
339932
966311
173053
746551
568905
650700
662897
944648
787487
890763
63840
111444
451328
781823
323035
797991
605451
951178
712978
583929
170994
518164
508291
598010
301276
795391
709907
848037
36587
586404
207243
376520
552715
380296
123071
121620
30996
302320
66269
334835
193083
130109
962632
644411
428284
802019
958754
550088
753197
671733
650369
924191
706249
675012
522201
7525
470403
748460
371914
23343
334864
579158
916215
403932
475806
555638
41904
506803
857958
624525
357990
51041
754635
320622
211805
699271
122641
170559
765711
875839
842292
932432
316382
548542
607445
354936
72419
594200
103396
444334
617543
954613
23492
50110
874897
499298
605748
916801
522453
463706
541327
880444
514748
812314
717418
242905
511585
840060
413464
793649
232251
772109
726081
548633
837003
849878
903569
909422
960431
523318
870108
94326
994283
409952
144437
869180
909251
750185
785981
948056
213892
327308
344852
244992
139622
62271
4249
167560
418683
934065
477561
650934
706174
719994
715919
543177
86225
135841
968952
46656
659159
839060
140982
169794
249013
285419
38974
674616
551957
341307
139024
282201
668616
483877
527193
324590
62500
47794
8502
481183
981859
486063
648469
688034
722410
364388
747563
808635
500229
232867
855291
675740
588280
996273
845534
353645
798045
400860
28261
350002
742168
683637
148555
410784
167514
192100
251726
746366
239894
260229
743901
221753
262644
392370
426139
985054
273111
173703
793689
773340
922922
648980
965433
511202
161606
327319
864847
476003
728180
409460
342357
470348
93098
490912
397484
776964
683012
649210
39683
922906
425791
783584
661011
688436
175955
87151
673490
449066
260854
983532
738758
183776
148864
220543
211331
826822
547863
76178
302825
792395
1991
161534
262743
611441
652446
176579
388405
851810
342141
428088
774716
767933
728025
435728
972721
903980
522879
162563
869398
300085
146095
124508
213
811312
861404
727896
638134
409267
804075
940960
718014
322418
102494
980757
933859
271293
673688
322264
123103
15829
266705
414172
300114
511082
366252
272835
931414
405483
951751
800812
221920
97846
441672
222133
909158
819428
950030
63645
745047
270457
4605
463061
592875
623451
960170
526734
411096
633858
365350
50552
166040
148407
464724
466154
659489
830976
255342
590903
752811
207093
908067
974731
821291
866092
713216
246802
685520
179598
310447
430568
450055
315052
893629
559282
454855
370152
602368
382304
4010
484071
432856
170050
148830
413932
152557
324672
761260
407899
431927
514071
614992
339995
488802
952635
722439
202018
199437
924311
897969
509884
871231
864376
341288
764861
423659
312496
135013
542379
694800
655375
542802
644008
341778
691633
57940
494335
16305
819200
418586
448232
333271
549930
304579
338425
502565
27018
56795
702003
467682
954764
728239
338913
819141
69528
620126
759152
382024
755139
817883
593176
926867
360686
237184
268645
52319
295124
279332
584976
630676
697918
33208
480299
247848
337788
818724
750413
881158
391871
968768
865192
862988
697008
204106
198481
766536
824232
473985
664912
95724
291868
258088
22591
652554
495272
807588
221225
306748
86920
322553
937424
784838
355762
934075
549038
209902
752799
299451
607412
661022
268220
472605
524010
481580
676711
722491
248116
17295
196476
429380
113019
4697
687468
651962
173603
699092
459550
394829
522192
546470
233734
975968
847660
589496
910043
396698
315750
179194
212502
439515
840216
997074
912120
364227
478654
105183
603070
243122
122478
315899
672502
235498
320596
359970
887460
494199
575414
863363
405380
97606
926185
639115
589926
773846
744963
499969
686896
577066
679163
415750
16581
519379
412824
445053
399958
407830
550236
519381
650952
672714
835280
839806
424564
672228
199776
828377
166427
291542
691740
88160
905500
617925
243627
495426
908123
988590
995395
111372
82008
190910
43474
98589
226642
972651
543642
142952
380481
93878
662333
547786
282945
13965
387592
223861
686193
103721
568590
368973
395263
260330
973485
817116
394608
217112
312542
819083
722054
824290
446807
804063
531552
490282
902652
758194
462933
962647
901147
359766
572877
79832
907552
855822
610150
295145
596036
812695
398866
164626
181668
310481
941309
671505
127597
852269
888617
956492
671352
127024
297134
118160
931087
828686
124794
350091
103233
587727
829090
520732
947493
401968
600564
371398
774142
727066
666543
370178
539762
581761
51157
721430
408594
992466
392936
52544
844735
797905
9036
32439
924929
306170
666951
372368
651208
791745
238812
754441
895824
67902
275173
359670
469870
392090
731068
760365
119156
913963
130543
658918
495724
698052
896701
420670
206870
805989
473214
51605
603894
998602
600397
45176
304772
267348
933896
472333
59094
172708
226774
471270
756963
18300
830940
743185
410390
562008
503550
45898
475971
150446
704817
488047
848498
117870
908718
55369
923859
898284
623326
44105
896887
223723
605633
718011
7424
539530
190344
582870
228590
933471
54140
985553
951771
885081
245091
878513
963441
748641
924411
955765
415439
145580
443812
263938
263450
868882
835659
703661
283519
458985
747767
180406
199061
353400
898417
206485
409282
88762
789355
637873
22233
359847
139778
490356
244928
384869
368869
724722
649863
809632
680487
65302
955213
124299
845592
735015
509534
681251
438677
793053
656589
702796
973459
372002
56196
388228
94839
465479
993342
884194
619704
531927
760393
759482
22283
5322
660704
907504
730044
310567
717137
926883
892221
188702
51182
254166
923717
77068
451769
878746
386473
108358
581542
876284
996712
637739
264513
91551
619570
257855
492097
239274
306135
252491
515108
844770
774165
175812
752275
20561
2731
985764
947444
411305
174466
514978
665471
614535
108399
117240
493282
494872
741951
74824
371157
255015
228915
152022
346567
848485
926229
355016
604111
232364
123859
635572
77135
898024
327736
345762
434937
846820
331526
898733
258125
22344
413712
439948
636879
522111
73540
130161
533335
815491
721338
904492
70507
466605
56514
933426
831443
499096
804794
435554
731460
928654
587478
324947
343030
915215
670709
777968
762035
518587
676701
536512
540931
606765
976460
177811
645228
50000
824324
178564
381844
545662
599408
968703
528620
172275
418481
360063
671371
223275
795617
919183
151929
899448
244131
11312
814663
431192
305632
93050
949780
498685
629562
490711
105451
606022
668522
750679
172374
9199
445595
554218
71213
45004
39273
599833
217279
457754
959896
405002
681030
271866
324185
349311
171314
568316
360623
985977
515861
666255
79027
465641
164941
224941
956352
786744
347315
141227
53775
519689
150426
499371
590260
221639
60727
629533
821473
278006
87288
781369
199360
284670
53235
523545
633981
224549
608214
994605
726878
124075
177212
322257
589716
342153
547198
62420
645249
410865
203647
699025
446907
354073
198396
37167
92065
259123
183052
913538
53481
270340
211259
252841
71362
780847
292738
705344
521748
417304
699949
248627
541379
393513
87236
647447
735667
150787
226220
897268
561652
429867
596293
8559
300293
794689
562078
392358
570164
745131
305896
139997
531823
517155
909190
603186
814354
718281
308530
336103
135585
524831
101082
193317
918344
188318
840764
170363
339105
66984
67632
417110
13204
663925
425669
313497
974967
504100
705855
61483
249231
11751
717833
781054
45258
627023
900592
375965
345304
725474
712068
997242
250305
813150
190559
685002
517820
547675
855365
373278
614660
439349
790388
144216
619627
732409
457713
110946
236509
163568
172429
2092
691671
890262
299499
253281
33638
200091
629246
895294
925566
857666
892536
692223
670816
599447
377225
704989
147123
748943
78267
278135
188292
385007
422351
807919
117416
880064
918865
870278
559984
607647
872370
251655
14261
171869
21288
47899
888313
166887
459546
813879
24553
868434
506102
211722
467882
399680
916711
615005
148623
994978
893140
336915
379985
315491
661187
13753
711907
580052
884031
271891
704051
272754
39898
718313
444623
61186
282564
332936
744425
742110
663167
768979
126897
685622
980701
594779
85302
413764
726136
750277
925094
619276
603544
821431
451119
264731
351536
163026
361136
235568
951269
65187
508322
991167
299852
469297
568705
582417
318586
313131
840879
498105
598462
967776
183727
95515
78907
785381
509279
805043
535658
950725
940671
139203
772156
391790
403934
123692
71168
281422
875612
22437
346610
900286
529956
646462
885936
615014
745231
204522
928145
586111
702627
526607
70239
402707
138474
149147
188088
164105
470542
240099
114830
927566
379302
403338
835708
299588
43382
906877
581011
918995
445666
443973
335633
491975
606787
221569
106989
352019
942443
35134
454482
161423
78093
524721
80482
732919
190220
268570
897024
177115
25021
11854
104681
404323
415192
940389
220264
458574
363618
317627
893921
809285
277952
229555
301260
884739
967476
924601
753110
426272
476087
207592
587695
554180
732314
184529
803451
438886
453099
700475
616001
994473
712329
720682
398796
643873
177424
135412
618799
541042
453039
512721
350327
730991
258628
167939
132083
226104
608892
885193
168728
84979
92786
272775
639159
341452
457304
958962
296690
426756
659437
912692
421229
371766
149726
336377
531991
327150
471790
150791
868193
441181
663512
734872
172173
438492
419164
304256
180948
28056
705801
349677
113036
798587
622452
268547
656391
596109
227510
953082
22865
886947
382126
444094
775066
531852
780471
823409
375355
768613
974200
243548
209795
154064
494772
381968
592556
913936
202576
773505
458345
424729
639534
87733
223317
778338
356280
396060
374447
100142
865494
397312
503442
247620
357758
794860
779473
654582
618269
671180
423195
592470
914728
632990
262886
925852
531310
855443
356141
250238
145300
814486
674968
301186
902219
414637
79524
774851
810697
970324
391346
676192
367636
894788
923812
241747
689648
219637
896329
824269
890817
319524
416739
321897
468867
679626
247750
177
51421
603891
250416
713073
934729
441736
14259
353300
856373
93783
128151
667070
580459
35849
859614
464448
930637
299779
706195
136637
519416
118876
960907
926586
954752
893998
764835
423619
89976
12585
423797
141397
132828
190565
854470
67557
632301
385081
937209
488674
995217
65361
672096
575676
101210
531711
40124
548200
347842
746319
201189
867258
865195
162096
310196
819948
56095
75032
759919
662423
603969
700068
803821
253150
890633
174643
837059
39286
559725
774269
44312
554942
355982
232761
130618
973544
764472
170743
521744
112314
433414
722934
495924
814962
401382
322473
151262
973829
913857
911181
636253
34178
611250
956426
287328
18235
131069
124388
57522
207146
415009
618186
278440
770991
850947
925411
744535
131771
612506
782632
760437
45920
505566
256362
860882
423300
95187
12144
397130
9044
439678
33383
43222
50928
506161
846903
69163
637230
487643
643037
360729
902652
261224
639169
673643
112171
564580
934530
243943
177086
717162
4380
739359
739080
777094
116593
162381
388633
128738
559511
914029
568416
109246
473604
135696
615407
320507
204859
768989
808150
364249
646070
710802
625473
285240
900797
253996
366172
835327
497939
59611
552490
18672
798970
291570
312118
915563
970303
217104
560653
529814
131133
645421
155412
604737
297469
287171
925244
502329
572513
249746
382930
218583
476900
8403
20175
894049
262399
902700
729377
276691
962311
798219
811715
277633
606141
123833
709548
576445
340937
786554
622611
988423
948327
294376
593160
245797
581547
34757
264478
670412
284503
647408
888996
277756
655811
425523
171805
434562
328223
417534
227605
806886
215753
39320
600871
338247
679506
310420
431044
536795
613326
570007
525218
561653
864383
634731
807450
445931
669488
588280
116343
470343
235688
521691
748099
407851
463567
436257
842414
308142
853791
70019
115029
585897
625692
232252
440496
305198
542672
871540
841993
672350
441547
883564
234004
305931
518295
557806
268214
187783
146087
900909
174478
381775
938953
438930
305979
402520
875187
148393
710662
245330
734764
342043
347579
360456
574296
788075
665654
633320
175967
24000
305671
617515
907564
56027
439798
425859
613833
224364
129994
276272
641625
304472
658048
580578
743402
480379
983098
134941
628772
210113
896624
879888
552156
244203
240345
642804
32279
422351
276125
208246
446351
98148
342113
353915
154175
298263
296126
284360
522627
426120
560633
164253
246945
735033
744831
506699
215412
244282
157993
360536
970747
54617
240424
39255
298820
480769
682060
847451
903121
474537
572050
865824
572685
430515
219740
243212
728779
32218
527572
251406
974691
604557
932011
221636
339590
193195
244687
71354
953829
402680
431890
924576
457297
672315
480183
272470
669436
162243
636273
88909
153132
208323
954734
725817
638839
690826
969029
883970
723044
12954
651728
697735
617511
583740
435723
957102
293287
680411
544808
247116
83091
976699
688044
56741
165366
684579
845563
834802
363175
481836
440064
516307
690160
394798
242125
845351
85624
727506
245673
325020
740460
897401
539108
874324
997493
974831
831426
290780
655242
892586
54248
254686
869285
258644
311427
34651
943224
156990
385806
306399
155178
825870
822706
361690
737020
581183
207041
822644
825042
969066
664016
565502
866468
203124
439826
863961
177956
787604
671094
349550
680191
725342
604236
65828
500339
432015
616832
443563
105357
518990
266314
260536
344860
605372
622226
81880
702908
345620
420876
527950
314686
601244
609804
697506
804369
565983
561468
498677
869939
748914
848227
66482
990608
968816
132311
490947
917183
749143
450862
22541
784485
233528
799429
129345
838901
421655
727577
541809
283627
664805
586111
598314
266049
195915
295820
586770
278250
373640
85447
148190
122554
450027
214672
629515
935195
863335
120462
852378
128830
87677
391271
913315
321205
190700
42660
676458
128708
286589
734619
412335
951394
320730
527001
733796
32998
339174
320566
311248
712814
406014
459438
351721
372393
190463
981236
307588
53798
618050
159966
182629
705727
551238
95944
26933
258290
654957
703391
386998
941546
438011
799334
409293
275093
842687
143089
308091
181861
463655
619340
894676
386021
595130
762749
758414
785593
260337
66002
355744
878387
742321
538373
100467
293559
634317
643752
551849
289274
863495
455200
747173
301506
770886
156466
92952
613573
299555
401043
795435
279562
536735
206463
181936
648218
969212
456702
950163
745901
522705
305907
140640
781378
844280
241107
591289
478598
884859
659490
284224
748355
114690
31397
566213
885576
187863
175517
499150
3770
576561
294585
799685
629648
17400
981621
277866
502964
438323
228030
248865
477380
533937
389505
258758
378218
146965
850047
373168
548176
509538
173744
812883
140580
205142
895449
26157
909357
70966
525307
913128
163879
336244
712813
793528
353644
210786
587746
856608
649109
815776
621825
126490
866066
11330
901600
760636
674647
268000
650156
222824
777538
823900
35707
434470
545394
931156
460627
454752
518475
502286
884232
682354
354882
113397
475882
224878
324183
63629
81486
489644
395757
219663
132486
261823
747346
34087
538811
421993
302087
188967
161169
595977
12868
196877
30447
558262
644385
491075
529366
162860
509713
413598
845215
864596
526995
837449
89474
367530
417430
687313
857175
813188
423328
989661
591363
170674
540100
130175
592668
842187
319142
753837
954516
848362
467066
984964
406625
627804
992391
452343
307016
18456
865942
152231
883052
909289
506033
488879
276820
923463
692544
650347
736651
115872
640008
328015
286547
180109
974542
395567
538648
293684
665756
493165
142047
132823
994481
65024
276979
986872
33719
583995
5328
899661
252579
404733
325303
758612
409964
118475
198427
102508
768822
935079
734732
925182
779446
537631
621643
753988
933198
676644
564024
115307
169809
222423
248130
164290
803799
525109
667514
837519
625456
189194
253532
878035
110279
95187
636647
520243
213662
835075
139103
498836
286506
873836
940371
582304
927819
78366
852644
377370
755010
933020
492677
924819
155444
257159
605461
475595
298620
789327
829466
924076
978522
599351
802112
88801
694538
955111
125397
424553
306538
264500
439741
593044
654688
380112
691700
582508
458479
544344
959878
729841
477365
452555
654661
149161
709714
776474
141108
524686
565802
970575
448762
60676
569926
250874
149477
780816
205986
274874
205369
28876
55727
161463
621921
710415
57927
829973
809275
32758
374318
769153
762600
368035
738060
933613
33548
964126
710087
174656
488812
792241
145231
937575
852917
231509
704801
518747
12326
427139
309973
734047
456016
365700
411862
594289
592468
469790
424262
401743
502548
314932
170897
781500
199319
425309
715113
232867
905788
425201
923876
394600
733794
585459
848527
586712
816969
553329
621811
345647
496820
931784
596046
952836
813837
7909
63477
406305
994051
487740
808048
12951
319024
495297
794452
518344
436959
509565
267563
342747
451118
707791
737347
184913
293251
102227
287977
110220
655556
909788
972219
668728
357924
568265
621565
171761
92526
685042
578066
86577
689134
902467
99529
524511
397764
410333
559207
834723
919898
343122
177470
371017
50914
431170
72282
344165
533397
360259
970737
705305
786399
942956
374033
144323
27573
511950
832437
636452
713345
410503
239381
402479
312970
338910
926990
227087
749243
2549
578162
185494
345672
271985
72863
396586
703155
145145
740751
752904
21756
227840
458209
324507
170796
348594
985182
714721
860545
817619
351173
573890
228123
590555
492721
57445
445817
936064
800884
711413
938613
379047
896907
800637
651032
486122
197223
870539
147619
454326
623443
169375
682166
598004
10234
852962
946598
995416
84036
323495
813036
435209
413737
557511
542116
906459
131308
504286
358875
932193
215699
813840
827592
628958
614478
478624
631432
811701
349163
779051
266028
488958
948426
948194
86962
475012
317509
549912
470428
401545
873408
799816
353106
803497
873679
411575
226308
521340
915861
585183
453533
647912
915376
797477
793222
529854
276101
424654
857907
141616
203705
123935
630574
668483
588482
233888
143495
422343
783800
130275
340240
173560
446444
209698
977058
836475
621273
203366
357815
53486
304902
327700
217750
220278
125177
527324
266484
917630
951978
124391
59246
672035
248327
206172
856870
353161
440060
516717
775504
223861
646993
115744
913773
609789
325442
890831
962616
463068
610550
320432
32906
431804
164484
250657
168434
289662
294333
434918
723644
246312
559309
782891
434699
323988
989063
291570
677149
429124
808287
969005
169337
971632
601101
83110
97773
442896
490294
60390
422316
617196
380822
455222
49000
61658
222231
217434
867672
516565
168704
591317
279229
728013
890560
713928
568354
879623
521850
761855
825099
330138
730861
510788
818122
848314
110251
915896
291210
600545
976286
713526
734093
873460
685101
783093
451470
907332
516879
319143
940249
201935
910460
219478
929948
801020
449759
14654
196995
487961
776510
538447
334451
23723
49235
152574
872037
675838
584822
679600
276383
77460
909478
10476
467272
110931
309921
918742
534616
343152
237885
474865
545087
664697
210696
991388
465717
176807
6042
179065
664768
298904
717512
999220
322627
283099
668146
711017
958938
252968
906969
751673
330428
332799
278502
797700
443731
104775
716442
978347
447928
470680
969564
509367
135377
180260
17107
601095
357067
539502
296512
538188
354758
14024
537408
677386
813475
205554
904755
772413
974874
328076
40439
305302
660875
318941
619354
104606
423716
335796
82953
387996
322828
52518
413716
458206
749130
947175
575653
622550
486677
872165
160738
841436
402541
214498
35174
216016
936404
456281
988430
911278
784357
28869
216580
445232
864162
835934
549839
804230
688082
149144
192227
10911
718014
122295
985469
467145
69470
561122
606047
556148
433287
766785
913936
835828
497635
949110
568196
434039
405391
72978
345317
189748
101847
78249
151332
482361
430535
701171
286592
634969
366668
478819
162232
84682
117466
147701
68179
186936
708823
674226
743084
658462
957363
173372
10642
454998
122482
578839
405389
44225
651817
750706
750325
270017
345307
418010
752378
292194
119181
555322
927164
2201
550493
605748
603236
667959
753450
671415
854896
978625
861994
114332
153440
335709
287705
164082
790708
926539
259273
196097
487117
427443
463156
237442
213812
324815
655452
482542
617010
290986
37865
60526
809539
588358
666274
412775
256318
936076
600543
627566
914702
978889
741898
68142
314598
29603
748576
621658
472495
524202
817756
959612
951645
797264
713406
165457
122079
885211
647999
255441
692549
202216
315967
502088
790575
498594
431216
563245
434670
548111
190811
349372
527000
932709
933866
357950
478665
682443
979609
951160
206645
797365
427124
674642
110981
140530
356451
233060
25741
520802
488502
234642
723019
320821
736731
29946
819415
684299
109543
254086
232410
300354
119810
275762
749415
53677
633712
744432
252472
613321
211944
975469
927038
639068
650111
38019
295951
522914
787432
838044
43716
275934
72687
283087
113107
325770
313033
932523
526421
422576
186609
758831
239282
306419
550945
505050
876448
184657
249482
128920
314331
461427
620741
241369
616847
787204
795741
912798
310118
583173
267195
353835
375459
856234
636922
488566
182004
466308
937441
708425
405236
124050
983608
644519
946822
534553
665921
339622
235562
915403
984895
549893
893182
605636
307615
510030
392841
103356
939180
702959
686529
722727
573146
578340
578961
726421
583258
760965
709081
520700
985742
114317
161102
485702
275188
107924
20255
941109
963899
772170
372865
948794
322063
266047
554430
629678
292429
463623
733034
747962
682935
935915
470689
772433
30607
49651
498854
613866
326968
207935
134566
829063
838605
295668
314765
630145
919945
851373
571255
883844
623543
944120
348990
461958
726519
419772
91637
18949
883396
341023
283263
82683
793291
753952
855116
823898
319955
353971
954116
163276
78258
88682
992339
433215
900703
823456
63361
820648
674829
634616
220844
814724
95088
86186
276683
337959
505958
368320
356908
905706
225695
156523
988389
18986
910476
359858
359237
746783
230181
313353
910059
308439
918388
418750
741655
819091
242207
321368
156091
917036
472336
893287
731761
567424
979473
8444
905383
1783
893116
778644
907490
635163
451519
412231
170502
361995
772089
529739
625131
2270
359444
535190
827062
794184
470293
85069
129627
712500
406437
802070
145888
878773
695357
877649
962549
191182
402445
867932
192966
811913
162928
616808
447077
614448
29039
617579
492795
801129
663670
634278
319751
539466
169469
146813
333651
156114
231882
979630
868614
638319
781701
14502
517092
993410
408504
479641
184593
810949
863926
893911
139215
543206
510719
586292
674006
56110
720223
683154
373591
383893
317432
693343
439711
3253
840156
773362
159367
588391
269345
27981
226710
51046
42484
260155
44456
967340
256148
745401
778289
636426
639312
433856
179633
666383
20148
369991
238846
256723
53145
612437
640616
370578
822132
596680
373831
178641
886394
49551
767032
155739
77532
993742
206785
636368
770249
767594
603708
26398
512995
898350
662824
668660
332206
358809
851395
868707
728801
90241
125430
781946
702679
282399
668876
524811
879079
559060
703452
765473
608611
986836
921213
686143
496931
644350
838864
267180
411944
958924
809930
924940
857274
989107
593600
189481
347916
444995
574540
593069
51589
699970
891368
754268
982369
560244
795431
377800
119304
15236
143274
244267
2072
580839
446763
499003
225189
285627
282536
637134
244551
92466
78426
618178
81573
188378
324011
945842
149725
898551
538911
201314
598521
946631
471934
97243
506876
783718
475043
142532
798954
618317
903152
317378
199156
349915
332734
940698
151894
131622
577832
396445
224088
656258
530975
822014
844636
854986
284208
994361
753537
339471
712028
868411
286103
183962
965654
309331
967680
440697
968215
282986
575367
871367
600365
774523
221282
449451
715221
373176
581073
809405
285974
321513
982015
816949
659879
826651
188288
944087
337365
941825
283559
49393
810236
86014
233355
292242
395345
717388
732940
363560
374
308307
751280
117091
599182
488914
566542
830756
862091
663967
156513
664417
985481
138529
997718
645360
965180
702358
105800
818897
644184
389359
384642
970772
475373
617998
779367
387070
851738
512307
266982
852112
336966
18262
969204
452500
507177
52098
799608
885620
716066
956122
66389
217899
94651
64107
863259
576183
766466
969059
395081
927002
874770
296075
414126
866495
914073
193493
769917
765811
222152
36900
134276
559118
55162
103480
527971
78691
671930
327579
964311
387996
283701
30700
605895
894704
611160
985507
470888
893978
470918
382321
337332
345689
678396
751458
728536
108822
461304
498454
390985
683456
535354
525261
758927
106868
145093
286898
701912
817024
130829
666223
721372
414531
213276
327268
309235
340788
312775
296475
751118
783693
678796
88450
645734
873545
356260
374271
498719
333916
389077
889704
533725
440783
931318
292652
547651
592763
95902
249563
409787
226731
432139
131160
157614
161767
974780
983202
18907
803907
279677
770025
103952
474826
374827
266039
864723
247439
156662
363442
97708
545739
253146
631433
986522
700816
440437
50525
293580
536339
816441
219719
279422
248580
350879
437037
926699
842011
936591
945606
645918
732620
231983
266223
207446
123162
532262
588521
370601
688924
951963
468309
234663
721462
616094
737537
422278
56531
788062
232210
592870
604503
451930
872293
369435
319161
825682
296134
161173
762273
758092
323443
11245
506427
589666
218692
629589
121928
323565
191
810852
275529
984852
561867
513343
600947
299404
451973
657478
87467
684184
766701
208322
136114
155346
577758
455275
497380
390244
616448
776005
664689
939892
787250
171116
45910
522294
800706
167839
845860
317249
495043
121389
302101
56911
151084
419400
356315
603057
593231
960134
287241
876284
168457
423355
31630
262567
878631
529010
652811
11431
821367
317500
467675
608617
4969
513586
130912
805675
197777
976772
122924
209172
614513
941377
266083
765597
877130
138751
885006
986713
98885
172248
862997
783694
111955
410979
46261
990586
456341
215425
518370
277708
49277
502397
886325
54246
532335
533589
376273
730112
26713
499197
939285
641226
956927
721720
923175
350409
860471
808182
337122
475709
496782
200119
259403
608737
611098
822017
115676
583791
37442
150398
861499
603071
652795
747824
657318
185131
797766
33591
431595
824479
49141
887232
982058
522420
608953
421585
872829
985776
746119
209951
977837
242901
926422
753593
367991
53872
575610
483667
637663
129404
634065
499162
248827
286860
763338
906145
988343
561104
456089
419939
901936
505230
823523
883994
544002
432476
305579
416831
934605
51699
626782
428794
810952
69556
182387
178943
123428
274349
662610
761091
920105
813027
776605
168933
616240
539943
591430
604583
617400
47519
540874
519336
69101
364398
919682
613103
313226
741613
546286
764183
793312
173068
192978
604265
758976
375365
783208
882404
166067
962171
159847
86172
291550
936452
771457
907790
992748
362888
28726
126500
926759
85952
162188
995861
450350
81870
125316
279929
823483
671603
44112
133148
361023
237090
253765
120000
128808
553325
518756
294875
515496
678604
897399
807047
615056
668857
231189
124156
31745
259915
250656
958504
345868
412844
470717
312570
11066
112386
592499
350902
300341
152964
484050
177716
390054
737815
297716
35214
291140
816473
846441
322989
11429
743841
646388
626485
929050
877577
266994
960795
653845
517650
435651
999713
446847
422721
828635
974265
51459
421135
325167
351800
90451
325569
529516
480505
63384
343585
32072
870877
676410
878513
193866
687839
138706
840254
830676
67756
234183
97670
544903
888028
131673
496907
404093
94872
919628
232729
69137
487439
170216
910657
355591
260667
236226
401459
741172
299611
745044
289596
170488
421454
168110
880706
625645
823168
237312
456322
890925
471495
553992
435828
359524
202017
932735
763617
296889
368715
996346
882379
856154
166562
793036
211745
427229
29262
129557
684754
845225
874601
490702
532065
812408
175164
929123
438053
998333
166435
894375
889258
637931
964720
841438
513807
683089
774174
277424
979979
659241
790123
378710
31748
473037
171746
759845
900267
717360
889402
101373
78938
764004
592075
127355
92764
767240
56479
530817
765573
739266
941545
171183
377197
422617
12621
891004
105706
303147
684781
602037
962389
991256
980747
994137
464293
668845
753982
880912
902558
643385
982285
497848
923741
90713
141555
532857
374305
198034
580026
139878
453653
521571
827413
830850
460540
356386
238207
82599
659534
439340
200988
138275
430596
698088
648764
894889
883285
919098
775802
785843
78835
274439
800043
2576
365152
941599
535433
739457
655985
115460
395687
109638
153383
739452
456841
130276
95839
211400
729227
271725
650740
930215
410000
597688
628303
575116
8929
511589
494214
301083
813784
573050
575523
130180
91978
457027
71779
143764
712837
244116
775576
624876
353755
445311
364329
326948
91939
460168
538348
821166
731893
705440
751382
658245
303128
896037
233361
312057
923978
243927
613141
254115
816977
705016
384295
425308
162043
972426
569072
391232
216542
861000
16109
86649
306311
380438
929949
398251
356958
468297
735769
605203
173737
487151
263448
993217
899541
13161
821627
823519
773440
951120
77634
590418
656136
978281
532078
334531
950707
617502
725764
683602
478502
258225
770251
301165
638663
700201
699416
995621
684850
435186
600824
374940
438689
380624
368157
338230
910137
706136
678102
683577
657256
272088
790347
829744
250370
838777
164276
201077
456279
406392
884679
934781
664617
171283
235947
819632
387836
451715
815253
589038
403253
932429
963978
358295
829405
848488
212877
255894
70976
890979
455823
728233
163068
246171
557977
929790
84948
238605
647219
57580
161349
531899
992361
342318
219534
744660
161950
123722
712728
493555
712760
115981
942336
193091
474276
288093
557931
687154
543987
628907
94485
999811
873492
773905
762334
947822
703695
363634
702779
350915
421214
864129
399166
929928
206447
135052
190940
884750
775126
903668
378305
4238
536002
836994
197329
526630
125087
271612
730136
669075
416872
824622
185238
290364
114879
463924
238186
818575
343910
940966
685842
281477
321447
601360
211405
44246
736412
918697
928996
511538
822366
823654
32128
358368
660648
745810
884998
785735
17422
131487
971162
434294
956109
672752
241011
70988
136676
479197
405915
996939
936515
91757
278416
774314
693117
6173
818561
945881
924870
747557
973771
747236
571211
5900
621956
748211
751710
23307
533947
285484
154794
505109
719779
627255
694214
477142
698243
830890
956339
620511
827829
409207
712268
622597
183521
921738
628770
518434
383971
553641
265992
357743
817229
353555
879995
439186
101767
148057
978845
152066
433541
133639
173527
669672
277246
867741
146814
491841
214984
619506
112352
559165
545065
340973
181763
728586
779063
810533
247021
163034
364174
29365
37129
181404
899272
433476
136942
517391
581533
115787
185809
15075
765778
359337
201099
559376
743430
347914
51217
958414
483772
163570
33932
28837
504543
215695
273775
283606
542580
37148
962992
423107
582865
122
120863
482138
433598
257805
515881
531484
889944
701691
62911
172074
61028
264010
731450
320810
128276
782667
795577
612048
462589
829509
157237
483484
561556
431013
767090
104136
984513
246435
43595
567379
246557
164458
49517
196507
938615
81750
244343
344911
783441
307254
516985
360821
87617
764787
681632
215893
63807
477209
344294
526396
823070
17883
9881
384626
965248
293323
5114
949762
539758
48710
517141
302667
729520
83010
15527
668136
164760
259870
529399
948202
83477
46385
825375
171094
327524
507007
903339
907683
500568
763985
434080
323638
781869
960313
224616
747117
769988
229731
696879
826099
794793
730372
128766
40665
329734
660645
225153
494495
436868
754553
959049
520345
800938
784424
207791
644814
807784
627482
552498
308352
391468
502930
631991
173337
979595
372959
436806
749583
602690
133686
92034
913835
380410
737153
954501
710145
397798
179654
720992
834666
934207
680041
871363
251497
980817
595506
412664
788601
222989
965162
96954
130809
984444
245297
820498
964039
618256
257304
229974
737299
907342
322009
167486
287753
59162
121987
514250
973312
817994
235242
324331
268553
915283
712046
36403
412452
307553
449067
201054
46894
930581
814360
177703
431377
59657
514553
911768
194265
771857
658094
931564
195552
980103
99051
999657
555617
737390
513907
45282
71736
749149
369613
340290
180784
81659
893045
593236
905564
858464
794290
468810
305397
608650
162865
736774
184659
677418
648542
378925
449276
306636
310489
161180
803092
925892
160837
875061
663283
674744
920343
735019
423893
806308
591661
121029
887968
1058
714265
309884
859522
24908
778695
164919
633558
941560
901693
334570
618979
66587
713495
584607
889576
540336
262139
209020
982581
422976
84081
645864
97720
520777
897235
37965
327085
5249
158994
731405
6307
389611
41290
865830
414519
336337
547101
564430
794249
965147
899000
929580
31734
128847
514187
437662
185535
776326
646682
168116
715654
730764
813980
813374
251541
227568
367691
94978
749169
43037
826384
271828
432649
384026
654010
847168
720363
201112
411598
30964
166259
826950
960545
714345
955797
474732
152008
141333
767411
798690
825801
999417
45806
156134
812792
813699
383702
696835
908678
649223
739873
735062
921051
172522
635440
575062
536042
872155
776174
947641
903119
458785
290943
863664
173130
763093
854749
841490
420778
138512
640181
246579
137929
202339
402713
467073
16039
302767
163909
924717
951990
420134
176131
389394
592656
811571
964456
128698
200078
256982
592691
103197
715767
399987
483214
405249
163080
337963
246740
100210
992827
403273
346789
647108
605612
265855
114182
138003
568622
794443
62720
36965
214577
755203
426359
323585
566774
390815
452283
283204
164149
561327
902754
396268
961314
385968
801517
640746
240283
564609
740956
233110
967882
604097
880218
89847
869952
510752
227850
438575
305195
806923
991892
36124
562126
418251
359709
645253
325418
328345
928457
489567
406024
831211
885835
883690
733531
203704
524436
973814
768314
781744
723276
252548
385841
603495
858747
255794
630599
86598
210721
935795
893521
202613
488271
971999
620864
847981
617252
462634
692678
62062
952201
98702
893273
354388
982392
143157
558092
506828
116971
842758
288572
840248
95307
190765
960095
954054
446559
590694
557004
657280
42841
966877
376245
531113
938877
513461
895446
72481
976095
588124
134543
928296
203178
544169
799036
185570
687326
357129
208750
320649
716239
13674
160897
811546
204439
637344
281953
167351
228039
838957
340983
787232
322187
717229
318345
777416
230690
730143
849897
206786
318267
500793
651434
521445
44962
450471
223367
248640
323952
432117
569289
40191
962143
246539
368090
166583
883883
650043
333934
111922
5352
674917
899155
327539
392146
733852
104955
139189
463996
471205
862327
298615
971998
513761
336413
533312
480584
559780
781952
804536
508250
867593
361080
470393
114132
729170
153328
998016
895565
487262
109938
900917
678532
525445
744809
587030
775650
849764
726219
755998
837321
588546
570965
809319
618660
907378
342631
99244
983511
640935
420133
8113
508529
781213
478506
622661
26735
148187
620677
922300
635449
246968
823217
830333
288765
568026
417364
64415
934143
659935
820413
287816
764834
907731
97136
383494
815109
956119
999090
314972
113407
935575
323085
621936
233140
317944
760949
259875
466131
381627
698527
617932
144947
521745
964618
433712
606123
381982
14480
56618
558269
351245
344435
323103
258976
957923
222949
590438
430394
738392
905410
543801
673967
744848
165737
423460
579144
443039
683335
45275
341018
898215
179559
485965
419960
144177
436029
542435
42511
450509
115406
600781
801755
976193
440236
577083
450468
663186
167521
880862
917930
589284
424664
108249
334132
106753
531709
913276
549792
731397
474903
407162
629612
170814
893127
565924
831344
845509
624711
873855
296018
740117
990988
614125
232662
431225
191209
199482
610763
875082
80345
528693
464366
21361
636942
314850
644466
168652
228126
710611
416401
219381
117773
46013
906548
10901
611937
737892
372762
236648
611747
668780
493118
602736
799258
242132
550313
506819
441615
161076
898253
38312
689769
362620
59673
843063
677470
704139
528067
421949
414750
944468
157682
532524
506833
64230
59777
118770
802122
432539
871771
930222
617671
881241
49310
933281
639725
599623
440100
81340
277051
338354
119652
483172
217326
179325
326235
411148
399817
370655
349449
330919
831475
23484
863443
338309
87714
439572
973431
406189
388463
361554
852763
522487
242795
902073
455768
882521
18048
412221
480213
811451
266927
599866
294623
605
295543
137210
411753
211712
507865
277555
542632
855693
301039
922427
194002
388753
362000
683785
311294
266815
45340
164057
789302
804487
582482
761423
203360
116882
173644
683574
928333
956923
799792
222956
957528
611687
360167
369281
823400
384384
163188
882384
240077
464227
804811
950431
369333
683163
634217
680627
949979
195909
361037
739281
396
943519
500704
720109
60402
190700
403683
988735
147623
719827
728044
105151
847866
88211
990785
187618
988947
153973
70002
745377
134553
874814
212160
503886
74329
846377
184513
24308
558638
61902
279942
75387
5422
296998
795496
582176
487699
199179
570911
151674
435358
298955
773178
283224
903518
280315
470843
408818
950640
57197
154195
85193
448363
366355
589079
522693
729085
289945
547001
804075
351847
826943
879462
873621
640294
674958
455797
644345
390489
543061
796019
825847
842016
569197
625424
261887
365864
612619
670705
316505
669816
341252
401698
118180
223959
507130
640873
469396
313427
704226
273472
181626
47522
152934
55248
687816
344245
27397
332161
734734
570458
644532
76934
928827
730082
702358
190714
95946
314977
377771
412451
501145
235375
330502
135677
459334
837632
292902
928731
151059
997129
718555
849037
561003
387841
904285
248819
732086
931683
97332
466821
18493
741864
543755
947320
471946
762465
138034
84245
593794
32157
496696
94939
267532
827198
746969
726867
181182
39871
171950
848593
553352
406857
697631
114355
794698
118268
879526
526785
566303
976858
509958
584797
235075
570065
532117
223373
332530
186504
307618
926324
218661
320667
537615
486194
664217
284584
729413
845400
840808
417715
210345
394160
824572
907976
24868
135622
542597
904394
178759
108900
397605
688717
693697
149032
258782
225815
372405
107664
412319
196376
33988
147332
517043
87956
149878
697612
888892
879291
59364
729700
297006
269710
640213
637930
694038
181433
773553
236635
85827
952312
345536
999784
157382
555585
148816
932516
781400
37574
40181
710071
233950
590521
373756
267345
194829
523634
964957
83722
402926
540674
329774
216284
810384
486339
370567
20774
667772
144120
257410
269952
612784
119298
269736
286518
674883
934905
219035
972636
972479
775568
199059
206429
366089
572815
990126
77271
96450
471435
160993
15728
12109
490767
748364
338845
493459
118931
359620
161231
779403
133382
431183
908540
769032
217272
195058
960267
668529
414093
932903
641008
706013
648315
363789
588455
737482
353915
665726
350284
341702
826719
882364
353812
833838
630729
692657
327297
266012
568629
4881
45416
702011
952416
953956
987395
169688
665366
947663
838217
595812
396918
995577
301825
45233
359366
890280
299068
229633
556006
649352
571336
899077
531717
925148
249268
162446
134157
92917
944810
702787
97798
990226
921150
50215
460534
908546
736255
642253
372561
90825
238065
769479
86402
539890
331065
962121
946523
630133
191754
18881
795837
279442
917959
327554
720942
167227
6352
371452
260144
951163
74239
874295
457741
511741
440862
434628
936639
177117
76881
825552
784294
831298
595032
870697
371188
442449
349170
834063
588934
57276
852945
384771
336719
770904
228678
57661
454483
751382
945465
230979
218897
19704
105274
676639
47798
62488
627619
500789
239606
220852
326342
23900
52150
437726
410949
939690
880175
760119
773754
985461
817396
626699
370232
670467
913955
115262
244480
368438
866645
189946
115769
85542
726002
221044
278533
773800
799884
906152
790942
39490
127004
117284
579743
695506
555010
507044
635197
951537
783516
408951
936998
117264
552002
823582
787731
465957
938845
548563
350747
805490
738509
466516
891032
464512
203912
685918
754664
3797
592070
61958
559639
235427
179242
655734
930933
250604
162779
82482
202141
462647
491433
139139
579911
559787
962722
883994
25744
417919
432557
376491
223409
687419
359360
630793
668283
563272
316711
939299
83421
425134
1258
643061
176913
180500
815147
107846
431105
977926
190329
149598
956925
198114
288738
536836
757902
767812
937182
299998
185731
369740
192842
925492
57159
552202
72637
241794
631826
389349
181093
231600
330835
182351
874661
507748
879204
689808
131946
826661
184087
838627
976259
141012
553094
781349
194201
310996
549161
131383
127346
251244
17475
836540
693088
590986
905094
765726
832780
536921
671427
13874
768521
2262
712577
159534
510010
591781
365694
158308
418442
549781
996936
394702
207146
550030
692403
917699
377378
241565
565434
21076
9161
582910
857617
702250
690248
762711
984328
523029
815984
655755
53255
100857
658017
282184
260391
684379
873966
142438
842687
808760
208571
355975
719814
932069
906005
412218
849768
799735
170135
415203
820812
179296
514465
194781
397898
721065
957492
382226
244094
289829
37981
813701
390686
212350
95886
167430
896729
486204
309868
255769
294964
518439
611744
14779
966861
34102
943349
816629
350189
113484
748184
171001
809132
779001
365782
723383
500067
839627
621961
260513
129456
176295
74215
520142
388645
686453
687572
801727
689009
513792
573848
983973
548584
185592
515104
515445
736046
458453
848426
86236
88289
596611
773589
897422
375612
139372
137157
392031
495351
759118
652545
624807
935413
243112
661301
324059
445917
865226
642138
134926
379018
215986
635251
443954
917930
150356
959399
653977
125161
807826
256565
729803
920789
30154
143577
812753
685878
280734
204785
181229
39852
373682
806036
491618
616794
983690
332029
62711
848916
974167
713989
227934
190153
349240
671889
624435
15948
147640
794764
141110
471818
51329
387265
392607
81484
530842
721713
767362
327928
926498
464944
367780
300180
787332
375750
433326
771022
707779
12389
619938
681946
726378
364225
388451
75618
36114
12887
91567
700106
807651
749029
171925
375333
136294
80884
456817
183488
802597
740531
511416
729095
721827
395548
545627
509160
771299
495305
796534
479078
507694
416473
677377
750424
780698
582180
342395
333164
111419
433962
549622
435423
699343
721547
810756
351989
802432
783925
51829
605029
524456
563245
850477
762636
475145
912456
271796
762796
924114
584682
241875
948160
1155
435604
698585
298205
17784
40980
147721
129204
991294
697344
564627
206989
418891
375383
558978
737675
675660
127159
859057
200116
690404
709534
479104
681901
138342
267252
444698
62456
851935
202925
10617
853090
638529
225554
667648
172665
782886
815369
301869
290532
512713
382848
497521
447957
274583
572851
185632
950243
700010
44689
666712
906766
270575
145816
588667
925270
929421
33365
987726
781356
236290
514695
150798
391171
256601
818446
563837
555839
633816
382058
846371
662881
281259
343892
110838
72194
433095
812823
22438
133105
373864
205502
39871
644440
867670
628539
86062
797091
178256
590140
578447
930899
621188
729246
322070
877789
64044
402259
433629
214212
784318
280000
877094
581929
140245
504284
654123
573340
833459
192913
706446
207324
398415
262669
368116
782438
407560
454178
579529
585817
44318
674329
33068
665506
919927
871490
59648
983971
273750
493277
198184
574420
289629
591630
156349
946226
95914
810472
35919
929374
3386
258717
653050
918153
521386
21166
700591
928947
475344
796473
31116
36014
470802
580536
701521
390729
452026
761169
891052
725776
770798
89236
300196
576779
197218
972897
523006
809485
299722
558925
255211
819460
817642
908261
737613
855380
929427
954557
300679
921123
751030
848147
957137
738184
428683
175010
128913
880710
452531
19965
122838
223329
625554
939387
316461
822772
912284
839467
632257
212006
914744
887468
31466
732386
795729
285432
587766
241508
239989
404798
678983
507371
252945
636121
245555
681629
327483
890820
78691
780015
910785
201529
519696
536339
140916
836157
875464
569553
191976
507721
781559
106720
911542
329378
355458
707271
614810
459577
465132
371151
864375
144115
878522
117320
296588
124077
798949
624072
14897
877640
920439
442034
595522
956487
494726
736438
792645
370190
305991
500973
394263
603903
607694
305805
933281
963152
529429
64443
422729
510913
435594
287104
655028
314116
920777
467969
954545
719726
608393
485794
113719
528832
927828
709241
1671
938906
962031
310668
825448
784375
811642
219712
388278
419336
41869
837911
898840
87650
902354
837922
598563
337948
125026
253592
168416
45803
237913
122961
281882
846306
608755
911953
891490
52935
621194
893161
508194
583225
203830
333642
367600
15472
553354
272230
951160
111576
110141
850000
199226
12495
687922
797790
350443
329301
567734
518859
891456
805647
158172
689690
651953
283279
601643
59795
336215
222837
952956
844409
322415
673138
694403
206367
204962
247758
994950
156122
359334
105091
522475
558560
117587
726749
872702
984382
56050
440436
19594
463859
246083
177766
153549
414388
461046
755193
474183
313613
494382
943492
674374
333149
616630
368777
55869
821593
132887
50819
494067
8573
155910
16542
83486
789849
743292
956188
774232
315694
396625
310178
779553
159060
487944
449455
573449
465342
721000
563984
295307
215382
507476
486033
64884
640459
371163
120753
462052
504050
171572
956119
28976
843834
489014
112462
633684
748658
68650
924268
64352
981627
234446
360258
140688
238742
809713
230489
704085
530713
310825
515744
262447
818302
1778
843683
975113
372941
964436
437165
393343
652360
909636
422319
496195
398650
51133
129879
147308
119784
54147
728013
617763
804945
88271
758451
43687
414336
505292
264124
461401
332470
779869
723848
667124
297999
567532
642237
187292
48320
79402
96987
700681
505390
35659
196876
420393
86792
843107
84053
722928
897254
812066
340692
218551
416689
615495
262238
831025
120788
42715
292426
453258
338936
532627
120382
636935
616511
278971
340579
664831
358373
437566
881864
380115
473225
78740
800508
560018
921847
884562
282946
335453
212980
623638
554004
629670
755486
332595
977047
876274
375310
269474
845884
714246
318453
482618
867533
934964
761589
208112
116147
636314
645678
998012
532781
118904
593104
333290
195274
514952
734204
994572
366757
947184
134563
920762
576854
890049
769709
553902
282675
145019
339728
128559
375617
174533
127529
243150
625849
405470
967614
741996
558136
613292
256360
90917
248548
849465
940559
960174
880769
674763
954747
247526
621948
89310
684640
715154
979359
454349
785408
262034
115720
641488
906945
7689
816021
550826
767191
441870
472648
734805
700219
547136
864450
472931
638053
112998
322396
94965
589525
719517
769728
544272
967044
908028
149934
168036
623183
129293
138738
924943
907679
770810
566432
814624
778500
382453
881802
62043
340676
354450
796849
557247
901586
661299
30178
55991
290649
868927
150956
880174
104796
437037
940798
71840
345065
90732
756229
968248
736377
894967
409544
644056
665777
975976
975032
960629
874781
856834
22673
731809
727636
335874
289056
145574
997173
835587
201566
804174
220866
868874
200701
325662
305911
141499
913855
650977
748584
670084
135577
484961
81403
545121
645370
263532
521097
136754
224162
395879
509941
763187
644040
237577
99061
449449
383152
612586
801388
101070
416760
22254
969944
617461
864268
275856
275313
294475
926833
23897
480911
578762
508858
562314
123884
670580
825847
161333
807335
566361
73564
317276
329548
717605
71205
428609
167054
970709
557547
968442
71779
974307
507048
558076
108121
887668
833932
383434
182144
277117
407331
663055
855879
432541
225370
496115
619474
567569
657449
426809
133930
731013
260437
463478
964970
847994
408439
132024
335056
965986
616818
923187
456645
123866
481263
564766
11535
831547
948200
193679
108664
871883
373086
480896
820777
598456
977011
440251
166025
150812
383412
299955
881826
160201
279785
846796
8195
688224
495173
859603
170562
111991
782791
627208
752210
264054
708326
763745
95602
172879
473776
720618
561114
846862
201514
381891
961671
694878
338494
644048
845690
721906
460356
243868
882107
740141
607017
406655
944718
618542
266258
631632
730533
49049
775192
482743
829456
483519
762840
441410
172750
752968
162028
733864
599831
879895
632108
77854
574773
970602
238254
936815
692509
698610
697036
90968
955104
820405
13975
416174
438947
796586
47806
685832
361987
339351
168576
191443
339222
447768
632853
511972
200737
311234
762188
316920
191129
394296
394774
282254
364899
149380
735421
573760
847991
432457
181080
319447
252862
195056
735621
208161
507994
299779
893994
386333
639130
578922
94129
494704
26690
243334
6676
743779
554568
285217
60699
262049
679513
971825
544303
560764
121206
279725
134524
485549
712182
315605
804996
481397
27013
540617
689558
51359
840396
99904
437692
995879
678826
531821
6935
705517
775156
13612
449296
846076
815181
26348
108126
494694
514525
652429
55459
635731
448506
706335
121280
677041
538292
926276
158438
81657
983245
364348
133016
339994
464253
87061
335873
659431
135234
342808
881300
426742
872772
330597
272819
204305
873297
897297
699000
387822
66078
270811
539906
514585
493498
661186
191626
31791
103815
866416
629800
87060
747116
279169
427054
727721
882582
279279
387153
17816
138440
268453
444559
527564
115402
233730
731870
505051
647379
947222
892874
713457
734385
432780
228042
227883
610318
936020
776026
714133
802436
405827
801194
549553
201348
744600
793626
83930
23880
697131
101746
678672
965585
62657
206236
597339
812739
454458
102391
460118
401680
511617
173576
136065
460749
917970
363949
71067
853991
656327
785201
656427
578506
102747
722332
779854
363699
32311
863784
903931
729442
481883
582603
695027
60892
305192
808719
873632
759650
427462
333750
161331
939079
23678
813748
399828
941649
177697
470895
795640
350377
772448
968419
928883
391547
207104
708738
755247
239415
88874
659178
968857
87109
758134
180237
148002
63326
988956
21634
822976
416418
871736
500659
871849
895415
314408
271677
353416
8457
258924
149056
358834
31373
633827
287718
939272
840931
512808
694519
80346
118034
870050
565556
205144
628184
745793
353146
691510
251101
891132
30838
667519
762868
47850
55720
174635
362258
327397
528051
370715
586321
193459
245902
134046
827287
49972
73319
184570
79132
284190
781269
197166
154240
346825
918662
782424
92618
788160
990286
343719
679292
537477
527590
958513
585327
583310
133148
463937
427059
177552
834652
529732
371011
80554
180131
714650
646878
253450
415573
726010
537640
196842
923177
208233
543667
358191
507009
152637
146352
13648
12708
825644
551125
540298
784157
652804
639960
433658
116741
583371
611210
467745
113103
982221
64652
809586
213224
711530
63036
628797
437541
117029
825639
877070
841614
885658
235261
348623
38295
381613
362271
51003
207258
429748
107653
507767
598904
263965
941425
715645
363688
552635
183391
993143
51209
248043
802730
780785
959573
382118
409582
913466
499147
751573
790536
857113
153583
25798
205737
708230
407411
84360
275585
131021
514109
899590
638789
113013
163555
96566
345011
43595
165554
44754
36738
216763
292797
839468
997548
768722
737939
923482
682189
237086
191407
472725
94200
344990
14875
816289
53220
422287
900649
328805
69660
931110
228395
224801
560476
908302
321368
421839
468249
486922
466593
504987
220037
275742
860808
733937
560816
598747
657419
243005
352185
848826
232083
962737
710168
246958
295378
279740
185597
712380
124897
255258
159842
869644
480059
720318
294298
801427
658509
762547
804701
125102
783886
541090
917196
644694
275027
478013
759793
932446
237370
628331
297624
985805
107420
524144
232764
402799
803884
934713
115179
928781
189971
275021
314777
670031
511692
609075
987810
170201
371622
308864
811656
155509
849954
728852
316555
124982
723217
592701
573780
960588
737384
387757
946393
844804
911901
695509
247603
232138
630223
879134
677271
336546
154156
992049
522929
182200
601124
27092
868753
489099
335956
680409
160960
702262
925614
477515
343596
648831
586568
433729
125771
323952
821486
588517
168757
249739
284026
932712
998229
430601
811847
675501
283500
482355
667550
806429
664555
785026
833521
49660
274125
685829
730070
435085
904444
172036
428953
248040
337219
531873
198121
462991
372178
535959
51508
540935
785699
851886
989999
300280
798840
801846
975781
82340
800553
159683
405121
981460
461062
754995
31121
251539
957176
761191
686625
861620
449579
631930
626013
786798
680155
824134
249789
52333
360094
817649
109620
662145
185888
99620
962425
501080
417818
454559
99772
734724
130594
21245
716184
591656
776240
747305
843196
733417
24848
46173
595037
474427
194455
737402
777578
874610
561537
543719
443296
437983
877721
69268
616480
579961
685240
95257
81041
103059
549816
697165
354135
196763
718410
70319
788419
494651
333977
147967
744420
358825
194140
855809
349605
904947
593212
643535
779558
671101
187254
739206
109084
64975
808474
725564
161288
493715
337173
242329
113126
886990
455846
467261
83753
174257
53932
388524
185260
387909
536492
446032
263087
246984
301841
129044
151932
895053
772579
447842
566154
476185
187048
191590
57513
511874
433506
218801
521941
770680
977483
635067
174022
433329
618680
774127
123938
672613
162651
309198
576874
215495
271582
839961
462480
573424
485357
130764
984829
257936
578606
67336
250474
282006
258926
307987
793880
692433
526788
315822
463113
20623
467241
153487
453953
85922
927614
577891
274887
90265
403442
851761
822113
675024
208075
800945
764800
693432
931709
749630
467721
510315
816966
718195
308673
592244
542534
102553
284677
69322
934727
264142
89946
918321
417629
60251
520595
861595
638142
795482
468213
557936
647243
290326
749313
371670
91271
514113
65103
22980
780095
532824
49647
597061
767371
358320
705658
309905
977225
506687
895579
428305
770830
985525
346626
704811
562128
867221
566407
716623
179055
34620
274559
342650
841298
23872
714321
932569
54338
779424
471901
834433
828600
37900
947847
595971
912572
653505
905876
889797
160192
801455
834454
447374
303333
181080
668538
865461
564653
751297
582084
743708
785917
372996
86359
143567
913220
800680
592488
967558
96456
580741
801992
925056
618641
266191
521027
531213
436048
943255
937362
596240
744710
288169
559967
564395
985601
228505
429857
550255
979802
528293
810315
282071
901289
413026
425638
814510
213706
18126
298420
826514
598867
616764
751570
733860
882955
788949
781425
319003
248556
235139
431596
993267
523308
991563
74014
508910
736420
503871
59165
716222
548517
385832
514645
966158
798859
940283
297020
528917
474761
595441
355432
589980
212205
623354
840192
611513
928656
621617
930516
177212
856756
878464
686831
380065
870027
760846
405327
122799
781069
980844
839021
845938
366676
870018
812097
165535
326653
109117
210805
801414
220910
82589
907746
433116
705943
747938
44629
150951
885907
491497
844516
742664
369962
47699
639081
756341
808545
44408
879141
105967
541604
234514
951905
908280
104533
280354
590168
947538
389472
800973
265305
610382
883562
173051
559850
105857
437342
120831
773161
323249
128681
617677
582265
498643
665376
221346
771336
990274
782106
166829
612593
323710
917696
80850
748343
538581
361205
854863
486119
267029
655836
751424
393763
55750
440828
953614
677959
878170
590797
451120
717771
719478
585149
300037
734473
766878
37735
22162
273504
336194
188991
886097
176256
106687
483299
924599
161620
844504
779462
647740
627885
951650
399164
21649
523752
356344
491615
201712
234514
82412
169184
468638
318243
270686
768675
52716
37564
322762
74878
827420
658956
780222
713517
351565
403261
713168
792516
564882
557673
571979
212622
701910
39981
128138
723559
80086
835
215174
798150
751701
813939
967334
220339
132182
754372
505366
701250
308288
828129
292481
135708
3437
72703
365577
355002
992316
78746
147519
557198
152771
235850
286172
854681
792183
930663
94593
872269
931498
309767
670419
683199
640058
154106
419891
772240
908478
925257
473491
733119
269738
282324
868827
273176
355027
750757
144530
863695
345855
292049
420894
498626
44251
223418
869659
836435
670433
964252
225056
118283
274020
411828
317835
430430
565934
737726
202671
990764
662983
192514
723883
449074
474838
109063
722250
346217
859820
866780
726264
205675
675182
147158
220653
719433
886929
90312
72220
557362
54565
813629
675646
844937
225457
993481
275367
791391
247559
994390
298507
426894
703256
538743
875968
694446
647806
598218
40663
23978
981351
766928
746005
172885
430438
483010
892318
833719
573322
480891
907434
144239
810872
99432
505528
36329
609265
297248
344072
856824
291638
642579
283718
994895
181322
676039
205693
345480
790609
762709
369458
771960
45989
631815
944845
476427
114825
353516
826499
204500
350759
733933
865091
161631
833365
370620
197960
442630
667868
58384
815806
475858
700963
99524
987105
398638
291915
192799
744118
82525
955508
629929
854485
1497
261744
315683
994276
892922
185551
820775
613774
536310
71060
478865
214293
420777
849485
412253
379759
33705
986989
195565
509564
687952
811442
496669
86590
103357
689468
347061
185882
161328
976990
556720
679177
755086
872403
673454
164360
57954
10581
778134
110616
597994
257000
324909
18771
622837
253514
398531
656543
240503
110448
166107
444807
921890
662776
47750
25248
868597
394811
727482
546277
888153
284202
225455
159591
672957
415261
840304
247263
425842
618438
874231
23836
391790
199140
558960
14628
969006
473843
671171
209509
584291
837278
654317
506182
16406
218419
47782
401355
613230
775264
947633
17735
575819
689440
177326
765128
104701
17630
12392
46895
152421
886623
587084
544211
602116
146044
558839
571122
619887
746362
296984
720530
583640
467653
226712
116399
686072
274494
517754
815654
566111
981739
833389
141930
187531
527067
423410
292232
61050
435802
339128
213471
838778
442564
274034
957246
588608
349226
528368
724847
95588
341704
445377
679229
809357
188442
311980
495429
979288
346086
827435
545399
327826
660824
203681
515357
187892
627092
323942
248942
579246
179422
978765
934376
621986
252799
891622
726946
602025
419991
451793
213966
278047
413522
893195
87405
601964
721527
99186
581253
67613
926622
643004
911791
587446
363038
943501
291690
990130
267443
56984
85728
963217
35749
20105
101555
804901
911727
828501
923278
848070
796646
137244
126118
210168
546791
213523
328485
268318
829061
426090
335932
755683
69094
247723
859482
948484
191224
151172
938614
975019
724509
540695
938236
276610
560800
39791
81511
988879
384644
521142
836950
181290
658386
963068
907811
205178
692943
752648
989848
522004
178738
842132
794040
764184
606208
653522
712669
313784
321046
167635
288804
45555
708330
743392
322166
785482
299536
920029
774362
684180
441171
611312
381823
615910
90732
805986
821088
783675
558634
327288
822031
737372
169421
616071
17908
291981
785945
246929
605765
106992
414565
410921
668899
639247
154314
991065
424730
970202
427447
715444
170734
868618
326756
68909
484528
933840
874895
821968
233867
433529
665609
572250
687253
835030
188322
705162
127011
490619
952091
249128
597611
883008
660050
266511
38608
814364
773928
463338
300918
201375
695134
471652
586346
538242
540562
587226
472082
931809
409195
705949
365339
74804
278199
52592
426186
982873
274106
69549
989845
742550
318677
587456
141910
978727
370319
180518
309443
660600
160208
126713
378327
855342
114718
964673
393584
655280
551900
865666
587089
477447
87967
468780
68603
882519
37725
11141
381744
828183
597042
371589
87085
915719
475398
228996
410799
362069
409514
236594
22669
86075
879660
917349
941417
994378
882022
335002
166010
950274
717020
269451
944073
321340
738232
529028
720211
292309
540169
618307
120492
653563
506249
207578
569283
981647
952926
496434
860068
362440
249380
399090
448515
129040
316439
906285
123418
714813
757639
805780
665088
991011
75232
125513
312351
813464
654542
548914
622125
711063
167222
742617
364627
673471
466547
450262
171470
419473
463048
31538
298266
712428
430628
746781
357821
263419
169418
481239
978233
927057
287020
643321
918069
878604
285186
746772
208420
939728
295687
830545
167144
462909
573162
531771
136380
556062
982033
307850
975535
445081
855740
273801
673861
802721
536935
31682
66140
706353
29274
44373
633411
832646
204046
67832
711250
489233
814604
919670
945313
110291
266567
112457
573200
356081
644228
225932
912143
142613
50134
887679
104046
905875
161480
294260
708596
214767
325942
291088
921121
871568
335462
70884
220566
55860
138716
448168
61445
469672
367838
6759
579964
150757
635568
669516
506839
796149
411801
418982
938762
461935
823013
559161
884162
984494
853421
109110
715613
695715
400199
636734
567284
252013
223970
787850
824225
879038
236019
885671
348711
120209
892430
445027
787319
44350
630895
294158
840499
42696
713140
779262
20984
536154
854775
905146
37000
708196
14257
752613
403911
930808
905700
487547
699173
646022
791750
523398
525061
544121
409069
873772
180682
817851
835151
968001
862202
466046
262159
702701
508743
491652
998315
529727
544158
853090
951225
581158
561286
481834
850123
481550
412642
272175
969097
111815
918198
277199
635214
959611
821320
560635
833383
2003
378487
184886
970004
240689
650932
748516
459742
676027
240168
458058
205754
784326
311148
156980
881836
388787
638814
248311
870337
567809
520487
355786
195976
955037
149338
347542
914648
970658
908178
264383
489013
803017
449269
459018
560058
616553
207534
19800
292581
964054
477858
498335
748380
305359
171667
630216
694146
326834
394879
80835
410995
431718
952973
606971
386755
102311
954514
817755
589322
379044
82138
78335
182061
47759
537353
742119
664313
261239
278271
473246
225293
756130
487933
973673
577841
659601
120241
271987
502787
515121
869174
913782
946839
822147
37105
849947
440811
507971
667702
30133
887015
266193
108468
585428
830304
162174
843899
10969
423413
122171
484215
165059
878301
972149
655084
972494
148102
775326
760833
167241
806799
630007
597375
269990
968506
634480
636289
409317
142452
820344
955802
545819
602889
64271
131248
433193
226445
975147
960515
166210
97318
961082
331269
491971
449583
986354
980817
597685
278032
741650
281278
601183
371657
878653
387525
340164
29486
540167
265833
171938
360511
221636
234109
963400
802259
365357
912945
545056
856857
389812
711266
470527
350895
558888
478851
800478
545242
459668
914516
339626
201319
195794
457161
89328
590800
844686
429492
620286
384853
211678
308576
261716
949666
542685
741468
751925
424395
654414
296981
797604
44226
524599
268131
911473
83487
263334
711952
628729
723003
142820
484707
924322
854966
941868
530002
445766
302907
959495
582404
204112
687525
890980
465829
153543
950018
207297
905468
890765
378063
718801
688369
938642
243400
472852
850115
326888
736187
78419
471969
975542
221239
956677
416216
76206
414897
946218
521972
717804
422065
104377
921917
109590
511709
387746
263133
461727
111395
684953
352492
489459
920106
557213
944453
163507
30066
310920
6747
282605
389340
478716
258147
610579
951745
674363
203137
366643
136933
241462
84447
558999
862191
522716
184941
373900
426814
448075
351980
538210
649380
220824
544021
569487
778038
4826
249346
324456
315746
256093
123413
705086
734809
381560
832018
202907
572275
35155
569550
709208
792969
170349
268207
655160
693066
453149
545413
636232
417576
897393
174442
583308
634569
234815
152795
928959
239641
402141
253415
71740
174586
893180
776826
425748
791092
125196
628655
363367
160352
198205
588928
953321
884906
373487
124834
94324
342988
670247
730557
276916
567640
421351
860225
718561
172519
529372
647521
928512
447866
417288
252
622452
310469
293431
48200
101561
418627
676855
981281
578979
391412
570209
48653
792671
460048
173487
886995
803037
360086
133904
79953
444078
71608
456530
162639
244127
502255
810160
172639
950121
227449
689244
88925
54270
982675
137126
155831
401302
330333
653464
496634
238098
740025
61639
30769
200074
235126
434116
519463
111564
568021
599416
555642
155981
572299
718281
400108
74554
528442
89099
541027
272243
778343
629952
842865
277370
283430
998696
678673
130116
168513
175307
368214
908538
753298
915335
108612
988424
865803
628075
99988
950176
743844
655630
106157
316143
890263
506265
907049
935057
111717
448076
207300
406412
78028
50165
683783
877811
565214
878808
7927
733727
570467
892493
642265
323765
807828
267230
828541
189983
411657
928529
140160
155501
100511
246317
987996
507126
268935
895045
442184
897004
859473
165836
303416
453854
216002
503551
331665
297568
382359
339592
547647
952826
232085
706264
276591
556265
973494
105132
746248
385152
550013
402760
57005
166876
649078
45002
674003
434365
456399
116187
847721
315873
282023
151137
769727
14377
654689
617744
828297
553400
957336
375944
506227
705773
82209
782818
262038
572055
404303
524638
957207
470668
927399
14213
637545
92829
575567
311548
43546
548318
944087
891267
380543
742462
42404
150270
756840
213445
284366
585137
766846
241702
477434
789425
947475
559643
88595
725865
131698
492898
250504
605258
963567
694255
135823
117464
787084
227742
945364
830630
776060
889451
721897
156604
148265
280653
823226
421457
10451
107593
522947
777297
865647
381
83074
329475
560024
171669
55340
208074
180920
822196
813332
144487
516451
465507
778303
303535
693249
723667
650517
469310
613118
372414
625914
761383
653068
965492
699193
179871
73085
222140
957168
938733
222521
556594
268208
298897
728263
839900
506971
909183
662097
836656
570022
178548
818515
348325
998436
511765
588344
648953
497427
717814
537720
639693
479198
707140
605185
694743
887011
678271
916883
360531
133356
139404
917125
401564
438301
161740
757816
461624
70924
419913
814632
157298
114814
633148
21976
629602
144913
610320
278555
158692
328135
332627
798385
323685
39767
403570
18428
926778
598193
451663
287309
731549
591067
720786
649465
545720
882527
407282
7344
953451
343547
821977
627101
974713
971477
165429
604315
632742
292102
399223
791434
136589
731850
589819
976626
771618
509741
511406
214748
624287
963069
502058
872188
554136
222844
38006
99856
621723
961640
623552
91526
305187
961881
718628
279901
933358
400409
400568
566100
692511
799791
357534
345452
47994
463705
322078
819612
973447
349836
550712
114086
312905
569122
986274
383393
308319
24280
999601
930042
985920
623154
21569
807460
585035
256549
603713
34746
656958
4281
600846
865822
804073
958381
211274
852067
422086
49705
188031
911885
399541
738743
25971
228799
307866
528598
612192
616185
552878
611794
62579
55151
751300
84148
862611
852687
340697
466324
887433
997656
470605
488280
379830
791030
963013
107456
159449
901451
673513
863832
329689
73055
602576
872012
818206
426794
400610
946750
559331
953489
74896
621910
8640
826196
222411
387603
195236
563108
853927
82669
77116
840884
87301
456946
148267
566666
564403
307716
468118
237916
171549
797807
827323
290477
669819
161881
233623
70430
108632
309306
540271
183528
447568
65263
526077
669979
452866
237665
233088
823145
320334
826556
664029
923988
283503
328648
490654
364258
636365
958772
118526
324266
272931
462202
131095
942751
624083
881070
529533
732715
190376
69804
432596
637944
651419
475025
824276
104285
712690
573716
443782
33024
400272
107811
473364
200127
436460
964019
564385
589177
439143
682912
429795
228427
145114
560890
171178
285549
441960
217063
18265
148688
803219
967213
302984
454638
442238
127260
75275
154928
217328
519057
704304
617601
143220
177669
817728
96032
658040
898466
685209
613535
97730
115004
841962
242844
192246
529492
44745
150558
746555
63010
815598
66126
546575
118583
520764
988813
762195
112391
143741
979524
631448
364398
597125
291021
542067
931205
387053
716459
829671
72263
329994
927401
703619
688309
686597
412218
217801
731343
562776
480709
310705
378375
546835
857281
13310
583952
846094
775505
696343
506188
755029
844144
870586
868506
135165
929005
799712
522218
161816
145735
110833
491810
73137
330805
696471
276086
743023
914273
7429
822151
911334
318135
716878
458169
691768
730188
558473
54214
22046
771169
560402
293427
615313
947340
161934
266830
392697
477998
305400
554513
623733
416234
562676
213222
263391
259147
489309
522766
689772
13090
344917
601106
331225
578148
575628
539345
824688
134101
593560
363086
905270
670314
656514
36935
134007
334800
820117
526704
812798
125518
597570
952883
58104
160246
682458
321495
419393
171767
844261
109166
184857
705530
710272
32435
800030
285900
571780
624719
936354
165340
504157
357976
352007
160671
394912
486014
495471
731381
12718
824621
856899
610288
293857
431355
286886
976315
752850
706280
664434
113463
331798
365643
335346
558422
398078
135376
360675
486211
276447
297029
167903
780605
171357
519910
457628
566269
5924
953100
814003
534995
294073
670902
661635
104282
102258
948522
80597
371460
654802
261383
1276
502952
627027
336622
61374
541457
988350
938401
544020
781150
751782
228276
78107
923140
748186
535735
5761
270463
5187
819764
321810
299261
7019
983445
919895
625629
931967
516845
997089
103121
778228
998365
606073
921607
851339
183800
979417
356042
638553
39789
137192
390336
268065
215299
313476
16252
751034
319237
803067
756222
655354
124877
571835
662373
108322
491730
288002
40290
524927
801443
659763
303156
316161
782189
741115
167500
965989
720532
523542
604542
760322
177086
511230
28387
392385
824706
560991
659772
660296
880410
932346
832002
5287
504181
494375
629962
512263
298729
186604
37191
100172
846367
856699
416333
628556
114166
100186
110897
351051
140080
715440
111373
317167
226670
656112
709552
567729
733456
369324
744377
613866
301670
576379
135506
322203
587106
765468
350819
885835
468424
904362
986007
314791
277413
918693
459700
391579
18879
570597
742630
675311
802389
370355
992478
545412
542820
218383
113141
792628
104059
373870
406494
922082
950249
58352
244285
537355
340172
111456
423190
808596
15818
925549
639740
293231
360594
99440
201163
895825
670037
943793
571137
472427
314149
563615
17839
373321
781998
647332
165949
886058
21202
88795
808140
971451
147148
568777
25158
3672
196586
964700
812269
212404
890249
452009
21988
250844
551449
739503
663021
221486
683296
234158
210265
513797
314126
744456
887118
96124
391788
53067
498534
929342
141863
823026
417145
805363
908156
442303
809035
104742
407003
621304
833498
813605
589665
371838
580801
141114
111341
243822
878953
310990
994333
605570
824787
308459
350027
228258
920935
258167
281325
419470
187510
939540
758848
121007
744903
183356
563311
553939
288098
486666
691595
637949
300271
797613
9787
397424
455079
637481
641247
334032
948471
635580
455955
289610
944039
805982
517868
381326
580501
315546
317148
284363
255086
75997
405371
516342
259353
485034
586633
63804
488052
278228
701753
304676
75841
227892
702100
530921
865373
859699
381305
330196
495279
353612
619807
955670
675946
137675
336997
256448
453221
654145
540811
224660
246494
462534
741002
22200
463920
327635
86004
951973
605863
304109
256649
198057
532001
958749
245330
913727
818449
142987
243923
830080
496600
380082
302103
688898
34110
155452
945346
487331
325949
2510
228343
572444
981396
969345
110996
445317
296980
713352
397290
419196
17461
653939
133605
65814
129040
895287
495893
463841
38274
256169
293922
51226
636251
596025
740125
670361
267829
201823
674045
593778
720685
902388
682574
702082
388086
793570
147399
685066
506922
61041
104262
524383
714980
754219
106550
360372
649506
602443
824214
204133
858612
634488
771711
11216
230513
28188
197929
498342
230012
388326
608472
950697
807067
291047
169131
195153
84617
832882
880219
591540
893923
500834
632275
125255
255053
255177
485628
904560
857621
826194
625045
232585
460682
396756
243801
207547
424945
958083
222241
654957
346409
830713
122006
153476
121760
807490
348629
722730
640372
745201
830622
534296
246035
462897
659551
17440
234427
661531
438352
92048
487725
63397
840985
948407
460154
601139
155954
885099
559222
378195
56408
905631
208909
694766
575460
847021
502256
924089
569751
658981
669290
400373
193277
431677
379623
369180
449118
614050
30712
403822
222450
518437
467220
579787
466845
443726
180926
139151
845177
740148
517347
417937
162132
242608
112703
737592
89629
131312
178033
175733
790293
363676
576106
499922
311705
472081
869102
277175
602483
899814
680998
341285
418252
664570
921073
401449
108296
101999
540600
953473
358500
574299
371410
36984
816907
465
290928
422889
648129
468961
598622
438422
348989
691080
938344
660695
679514
323799
937870
281997
223613
618868
623283
158217
283438
544356
559666
908086
646355
616619
861559
521207
707270
749321
558191
524178
266139
849119
463419
914268
834433
62041
869043
183422
269473
323739
844117
948987
647538
781988
230985
871152
917208
370620
545721
716999
914976
621740
625085
77683
754711
2997
598891
461981
268670
673434
986159
534809
522554
449578
965430
356987
27971
834473
540409
297445
158212
900879
762784
805751
199219
993769
193255
116427
880741
255328
349778
795717
877068
974864
389753
631779
494213
504996
93761
279235
178430
596272
814045
217336
562203
779475
90675
106526
130300
147437
403971
288512
48316
683108
610615
247535
676877
320222
880314
73971
575551
746445
869688
968971
237661
775793
600751
731874
280789
210864
11109
975572
807136
341506
709260
885691
637333
799936
992218
767633
947373
912541
56146
995689
595649
183113
759576
788879
503336
156242
862850
595239
902687
248890
564210
140348
541036
681313
388574
821825
892177
916036
313749
215666
257542
23010
617709
894876
822946
609927
178861
286671
38821
235007
282360
634470
934473
558288
939701
954161
230882
318903
549400
133570
567794
629962
790270
108830
311276
178845
447007
719805
94881
277109
935471
868775
300119
69533
763651
639417
679460
942513
926088
234633
693872
724800
385456
144697
799440
325157
98858
30322
644061
648258
680244
728207
278221
470515
353389
105849
165712
316748
825654
776945
593857
277478
645720
410328
347011
925724
566097
542823
384589
8537
777457
594813
733337
162913
739511
49129
4422
838369
79452
648483
2980
276048
893042
281201
746563
762783
903402
428627
79532
729056
205572
189741
522886
851293
600070
869897
777017
166167
929073
677958
174705
222882
272771
424394
385795
12282
473524
390217
850652
69328
555053
853632
861728
964447
651185
608292
727231
70939
553271
323115
799995
758844
512856
839234
126489
629278
225483
419858
311798
154556
97816
2855
377438
370587
427249
279585
382870
417125
186155
749874
2805
257560
119858
864534
222007
287395
989178
465590
358334
542449
788705
674681
817645
817914
513915
460486
447192
739399
880344
758990
410307
978160
761845
304098
865100
705447
583683
764322
638924
769838
30548
158082
543750
150406
22616
282110
954153
528146
747700
312487
586947
52758
503520
920945
387024
533788
381431
834216
789539
261776
109559
199846
756288
387756
503944
137740
609555
603980
902062
248480
890170
932610
922914
433921
599368
461882
716031
553521
990028
980083
382360
93327
549193
402233
14272
936217
936021
395704
286786
725560
173832
912697
441758
446472
300453
945703
584213
910009
66035
486275
674841
956205
935238
597755
906478
534606
59637
622509
88128
566017
118945
986840
659344
184490
389073
673617
120708
325094
585673
923846
567006
275857
836543
8765
722329
136996
954468
306542
563357
20503
309170
238198
493060
244408
352305
399539
779014
928294
538400
383494
494311
657345
886687
153656
841836
275760
343625
478896
117207
445650
402742
684213
721507
755637
692978
443836
408985
163798
750379
972343
700653
575901
726893
193714
820309
595551
109605
115675
523845
648005
15522
18157
821703
902209
688165
179891
694321
548142
658787
811528
993792
577881
12094
715299
333518
705072
159135
742503
385223
425866
231198
602228
518119
474444
312294
338428
69995
421899
970456
593840
69905
985978
128349
407960
404539
332866
587851
615212
397360
246638
943093
391152
340871
955187
622803
190741
176611
298291
449596
561834
240509
680795
680415
758629
671591
992709
613409
741586
414609
583865
851778
866
86195
496480
408826
7086
345698
996677
622299
743059
759667
565392
650563
616890
36931
273367
807631
213542
88010
257227
291729
328519
454374
972144
87148
125965
964853
216910
383903
895814
800775
752034
896680
403323
248514
305506
410409
594212
818535
549060
853623
94554
630804
504187
711444
667735
293906
519075
397630
381916
292655
689359
226787
747029
177855
830288
389347
142708
47198
289602
554875
364325
41636
451555
767648
290150
273414
694410
400715
91949
243470
254338
702856
390627
274877
414300
58362
85135
449728
455992
983403
742383
661703
210191
5764
839558
556831
395111
498619
604029
684714
53494
484706
726350
21401
252355
532853
294815
463117
933568
903117
222939
704258
605973
613566
495488
20273
671929
580623
470001
644273
564027
728736
305977
774218
734501
661887
331049
645964
160506
451430
847030
730352
936136
89733
751754
704843
622586
46569
684312
72506
949686
907252
293116
72011
520818
788604
608637
709099
369228
594990
353373
449607
323727
175702
223825
58228
837589
71226
704192
998096
39008
67575
728448
491496
157308
996554
712692
779894
43124
397004
368752
509162
304256
661868
97526
341427
966825
706163
50526
852405
301153
920251
302012
624880
95953
42189
199460
933543
629767
420005
447991
668775
487580
692791
676623
644888
689346
389315
941134
248822
302672
309886
274336
606928
488106
371862
464707
454931
594377
31586
307336
895531
951837
125700
36763
564143
167889
236224
14038
797656
172581
462029
982783
660161
671172
659407
305049
876870
565074
762535
642044
867746
72421
432733
991027
76879
804595
455734
48163
915325
487320
871851
327208
955510
997552
363971
519653
681793
116547
533691
479450
805480
512072
978585
465641
699596
154344
287042
576467
719419
49577
218511
103517
638350
651244
610896
231582
972192
582983
279745
403869
586655
151596
731077
542165
665500
611400
61818
347294
727948
111861
343096
533428
140285
321681
515422
839882
476026
802464
416349
711797
368394
151212
331666
523096
318809
942563
754678
807353
41898
550775
211222
628553
218724
942299
170719
884224
553699
748889
231518
797999
377103
574614
847780
517388
412648
363202
357270
405026
682018
289971
633175
566764
441184
964841
606213
759993
423756
360891
83698
465654
911667
294920
610560
130391
237219
781279
530967
307270
46520
278838
621622
423623
369804
469402
941012
782452
348956
298282
703830
547326
588254
337005
630443
545790
818199
236656
822135
758307
597547
905833
740314
25566
200753
350874
672309
954324
132153
203277
261594
178673
482115
399568
602297
851919
868970
59661
150724
734278
874295
854554
281605
462549
191560
428400
524691
526111
665056
346826
284418
262603
252659
24732
804522
453412
375606
993183
924088
24111
712812
702035
719137
711279
101603
321434
563199
486926
897447
230275
221204
771742
601181
19161
234292
309093
447561
758983
835204
112617
622162
119623
891573
874821
660707
212447
844586
36314
205630
768674
576777
918443
470709
295914
629722
572313
617348
709273
59239
31147
455900
280443
802890
57082
815957
553534
366175
779870
828869
201380
892488
451031
837355
300413
325853
498062
29212
170439
50728
234842
455465
627506
669637
926175
923420
815712
498488
57121
524985
74079
88268
980886
870874
891158
554320
686831
444692
920495
466702
789914
638227
875542
240945
475582
692307
83150
489997
721519
769941
540725
472713
225407
168231
142351
151582
91652
958063
166422
148773
999400
240501
753393
496638
111375
644552
50958
314559
605596
487806
781261
911862
642385
173155
152808
117968
381814
752310
124317
103333
522252
665042
576046
747659
833274
234749
415593
441278
709164
98367
106403
708565
338868
859796
721555
966595
20700
288866
281154
142649
776672
578767
54511
935409
751922
207319
53377
133736
475982
694046
753421
998234
359089
845820
262245
708715
80569
677838
149993
306086
292557
772748
531003
631425
632544
252558
598020
169597
541424
879175
312246
834448
457942
883109
769858
726217
606781
339587
376305
82763
33634
646079
80997
909075
491899
859594
617790
88820
537432
284135
394906
346341
56883
925909
977766
205779
694820
92138
891728
236244
971313
203974
587045
945608
603436
873255
188177
210217
212842
80834
292980
762828
726913
890329
671903
218812
749923
806045
823985
803707
90180
218891
150048
663415
661153
127814
385547
355973
219952
277275
108569
707618
997602
211966
169578
601038
85221
874107
811255
814416
954941
620587
93596
681855
510916
281852
417019
260839
87897
241004
580898
694430
976248
730946
357845
637401
375112
259744
509726
111416
537020
134647
819034
534622
346614
504964
135660
431835
379071
463267
762603
334013
83854
856200
532220
111122
138052
949239
888313
742301
190244
469211
436731
166492
200157
310929
320245
575269
570673
829971
686685
107693
964618
22072
158667
311232
527036
810679
259420
422460
273946
22023
272825
874152
394575
805045
501626
532627
754284
389939
274929
944528
375502
228012
627372
575659
55293
947617
667280
625967
293940
870318
250012
774911
892390
925032
602495
935778
735711
861915
874590
526010
400291
147415
916514
794866
952460
418141
843846
706745
324432
635127
167625
699935
379491
794998
275594
434785
258967
459227
577104
69260
329545
827116
844171
738287
752148
446666
190417
4212
824934
65008
530222
741577
212423
446736
52795
164884
381229
896641
387981
705662
48120
555606
405597
427612
866956
197543
378749
642276
173122
955853
711536
502667
299321
72059
757306
51470
518725
947724
55682
860011
12732
102256
601588
741507
65344
654384
422743
446574
67377
810724
152236
631850
882683
74185
59462
265991
788080
954563
908267
961203
910416
136155
463870
209737
208214
221177
777559
243292
685253
349593
619655
697985
451849
221244
955844
517194
391980
378588
480120
975709
189312
632356
607559
588347
222893
667021
854339
10973
621584
278958
972176
48352
415114
952399
258090
139680
689928
35649
899324
375181
901595
518980
589518
353444
256576
545362
386990
164908
440302
383462
140617
145967
15818
748177
734314
755063
415198
588653
766037
553135
383964
254565
117839
315430
206964
375929
455110
413244
927931
870787
788425
829526
389767
894295
699322
162695
439658
602665
327603
879960
986127
468220
25927
518298
216397
276594
789713
147948
381599
72102
217435
765563
326668
335274
80993
49984
227556
52456
463229
671839
923243
768006
17717
829362
662302
233391
992057
101960
836056
836012
498272
338536
304232
40552
373186
36982
317146
162899
184930
215097
235002
918717
980661
78022
253991
61654
128006
481547
630462
107587
669738
553705
875594
687455
383067
537896
920847
891476
156208
756903
727488
170832
611791
31721
727736
984977
68703
561234
664229
769985
776332
899231
688702
756993
977253
459045
334999
621611
456945
965462
245551
126683
35519
121145
814139
418587
175393
734986
310063
847953
8241
553904
535137
620033
585625
262874
121362
170680
340460
785591
457017
116792
201174
145719
390137
178427
121116
241489
316391
578061
723303
561942
704745
758822
199439
518884
693761
891184
770222
520177
739137
778463
74081
790626
914848
176058
53500
36211
863090
393961
338154
320107
27105
539329
982178
933595
234108
103294
175084
66851
197708
414739
628793
902453
173561
344584
937689
383675
235768
224263
420204
491257
2726
494285
281884
433927
186695
335384
986490
49785
245697
324644
886244
789155
380325
868422
722750
614434
488068
414186
681285
685776
828925
826431
588229
518838
171015
42270
418865
923136
266533
839069
414393
785612
333354
696277
219539
36401
548014
722381
86186
310063
47025
972430
99218
427351
357204
338320
558137
845273
752506
755774
531049
97783
98557
635631
616622
269573
194253
35487
192709
977139
874557
123454
762751
724263
819732
498642
760665
367746
221023
363203
677809
784400
851986
293380
728103
209190
631700
802592
570815
900559
558367
618217
998342
656924
770200
131316
442849
964453
683156
151910
941592
74065
275365
220695
314680
611449
235689
591697
979195
973064
954901
173356
273817
323239
983088
518272
48781
614789
320865
619597
31700
395584
754166
30042
52508
524366
677711
11710
488819
360867
163620
946764
951284
955337
683811
265964
566786
435853
857662
62333
925269
328915
752042
199086
652154
735130
233711
700935
866271
554576
836884
897971
950160
591050
444366
519020
115416
122077
530730
120588
999296
210703
583704
950580
682392
783867
216544
765531
736072
590558
827864
661342
919473
579906
376780
87979
831389
610491
788915
697660
165067
142151
595632
631579
249554
39998
150600
881322
678427
197682
1910
677723
924737
101966
144655
607130
402186
877551
372661
138258
468110
716877
799600
387583
813136
692733
475563
644525
303224
780830
858537
984644
439333
454169
616223
688887
10519
283175
570210
688946
480858
88472
883021
921947
706791
27676
529077
108977
905228
418090
247235
889690
651320
563188
277273
464456
255921
269188
625333
75497
566370
483870
60141
5704
938040
676365
694591
464911
475892
264801
670210
473102
869626
553231
395050
576417
97260
440479
201746
518840
374922
448981
408530
26242
528521
685803
7050
300794
471344
632383
892644
37714
116253
952785
43418
570645
145502
254362
35557
621395
35515
222119
610849
905141
775350
5899
997910
388962
446379
199656
907802
337653
164990
316332
363895
693511
518488
370945
510658
506184
3328
403302
543898
635933
872439
103669
722931
534294
874383
758488
672041
909898
496959
282890
331392
788661
288790
329302
177624
251521
528959
85426
105526
693949
918111
469421
903812
952951
356718
930822
459135
876398
850476
519385
512331
722916
139406
235262
773562
13789
510102
445603
923688
7061
728493
255080
795723
533635
584382
489699
301508
629693
91477
407034
323642
9588
392807
743807
478891
749525
674629
938026
142275
525106
973764
654607
764374
113170
406221
537936
126960
916324
983539
567000
439737
228384
338432
751812
278372
922814
241511
96232
68860
849341
19619
392502
858929
412426
136309
854173
678304
327291
308551
820579
852397
282315
991538
616771
911838
397760
154707
555150
830436
654598
122150
786525
399334
460582
538338
677706
899748
296201
773939
968608
145542
309910
877463
520824
722336
530124
374997
916992
857415
199900
737572
226164
482216
729110
359287
910406
643222
30346
465556
473658
684944
104058
260184
84279
80992
314874
278337
980740
127427
568628
465701
789322
878538
859516
310146
117227
389640
201495
34219
763408
917747
771791
505924
399963
17254
865212
826721
660476
895558
292277
650487
96855
912687
427023
181134
993679
258249
975823
490772
385676
60804
956473
174998
939342
332341
1496
56569
238333
719343
607141
1741
637091
378932
24018
553406
912538
889230
896480
89367
784788
188757
256206
881643
617797
683229
579129
611476
941478
71305
102248
843506
132109
575073
534857
71451
907414
52705
644373
662100
288401
251514
180193
441844
146798
204211
511602
59337
93441
408082
665056
878230
113192
921262
276225
730989
120843
855355
342465
578673
926660
961066
422179
58769
536139
473388
646572
959906
42446
290945
622006
330847
542459
802199
289043
205610
6411
800645
781299
616204
725080
446355
10786
838272
883969
287012
569261
4812
658719
428078
583485
585379
905496
522016
160500
957988
511757
323424
917894
554203
614370
56252
401402
673181
374803
690445
395143
897566
7442
176442
513771
732522
622797
524557
87146
506766
811569
172759
511578
986640
600838
611415
88371
22686
133432
248871
980674
161541
572296
414920
715744
703018
471172
633498
892551
362328
840295
287695
259894
847737
464137
290017
96612
603287
330927
183758
626405
658848
356518
654336
645489
473708
265751
733860
496394
915535
499084
477069
77076
71380
408341
309172
290750
879514
942670
699653
758194
782965
503700
534440
147055
484190
824458
243667
87477
155385
943777
230234
814233
300295
884570
976074
290355
150322
709935
303102
65857
209019
780171
659286
796751
188512
968458
603853
584378
911129
303506
858924
694094
807207
393365
357501
807749
734175
601168
895226
889560
544946
125460
220145
361593
526383
712572
651949
676705
422507
955051
258914
631526
251574
918200
944629
956438
886659
548482
57169
314140
851988
432445
524586
175547
825810
882088
983296
559985
999608
394874
965897
60906
36687
702395
422500
563070
414967
590801
756127
837474
62204
15041
985352
830130
449594
929981
302920
852605
478463
876441
166745
846803
308887
207683
538703
134697
89771
38351
211035
89380
433226
693284
150286
986265
395679
89138
65687
810646
196291
821814
164472
258495
353207
666176
604977
802801
112509
907898
655406
590972
300691
338503
954128
609578
546187
9183
260628
152310
47534
471663
758042
480760
164947
424681
983377
76979
513819
49064
403977
226463
870878
84802
484958
224086
750978
606288
543239
863488
30538
714998
970812
331229
569853
441292
940808
632392
450475
717788
784703
498010
189451
59097
495122
870750
483778
478500
464081
513950
527564
868059
740413
914795
952861
741723
138881
703839
348011
198472
83679
378549
913470
54492
226131
483324
12136
166939
115716
462612
401079
416771
960622
106882
475869
455744
977632
959647
450596
441714
989949
494513
826125
730362
409308
778986
472086
64541
999177
336449
263013
82857
231351
176484
653701
457482
176160
665837
140773
291876
644801
541852
708648
605423
648734
700869
577520
626366
660516
544468
584432
166818
38981
410557
897180
448289
705895
885618
512830
705073
222068
775844
787930
453419
468680
441631
910901
644840
623820
51674
453068
268622
593526
678068
390397
242260
378937
484269
384978
555806
28738
485763
722624
67719
412672
136156
516009
118568
21775
545191
823641
243843
837387
127923
213614
822419
85906
124515
983611
709726
692541
436680
494700
802419
631100
885098
561031
526390
369367
462361
82196
914457
948124
321172
982177
360797
457328
14538
995717
479103
76081
819358
239298
429821
947281
452912
252240
33187
93779
235852
259265
786320
188884
753966
588739
336336
155416
666122
862726
41135
128484
944922
955593
76608
266094
454122
953757
723423
985012
465826
718878
61093
285184
958177
490914
748817
411089
259507
298356
504869
495359
73974
807541
200595
827940
912633
536931
499708
578755
399658
540843
707239
860932
12788
300200
127027
983262
770309
366802
968274
236136
85680
545720
37672
560209
552986
302842
971299
812493
117550
992520
824204
191524
316413
541151
535816
229046
78083
35524
324154
994093
92720
547745
855025
621860
364297
498404
605123
134607
381558
573397
887095
467239
635469
441119
27448
188456
260313
515099
517301
894216
23971
341506
85740
340385
399009
137909
85783
477092
689785
409937
987537
782505
957683
358915
920718
838332
857319
525841
489291
238878
615590
376386
222469
251060
333858
766269
439516
110523
281369
956817
4739
305340
814675
606832
645725
213685
744741
247861
207129
434526
657798
711019
733384
131833
69934
654102
970166
927253
179943
459457
682483
795533
352196
904952
46593
202406
187574
2461
312929
468943
475631
834021
290635
290306
440853
452713
20343
185594
700574
743825
620120
874724
454844
869856
6558
524778
523958
493076
968383
220253
952533
650867
15787
821081
72171
578732
23487
259745
97546
852769
245040
573177
203142
52028
379835
643995
504741
916531
829589
721667
660356
966061
596391
631552
352270
602949
156330
876228
96025
641065
96482
564911
808284
628621
385992
396808
723705
925832
656553
821251
294953
417946
910780
498095
469974
290616
142090
491067
207147
488031
212734
383855
970444
809125
15407
322714
928427
688089
715295
24452
329154
328129
589363
137439
473102
491708
534247
196807
933892
707152
534411
228845
641450
445191
726940
627776
735807
385382
118843
459306
389765
331577
843161
360209
657055
374920
199276
585482
63009
430923
126286
908516
759052
232002
45955
748506
723710
96554
945313
657602
320058
996076
402799
961509
441268
646091
589285
693427
31473
708129
669086
421238
556058
28599
297799
729465
403520
13427
314947
466529
444350
441234
891397
719754
673236
937352
468260
913298
550258
929926
87252
870317
926002
490051
348178
883622
136142
937463
93402
683967
161944
762488
621557
234355
791087
435708
963820
194607
449136
278768
177489
409838
236354
68886
129593
425942
522591
114205
855592
72849
560483
942844
459518
2838
949247
807696
886460
601741
261512
979862
802060
423456
258702
423617
174163
49790
859325
137984
760749
824813
933104
938238
234652
685810
523477
880597
111752
46068
994802
967344
635269
555286
426540
611140
558124
375787
935188
960936
977528
196700
940799
779588
136509
199501
719557
310672
765643
95234
965008
526393
920048
898112
464631
154700
100274
504460
35297
212026
66880
30099
695722
218502
101737
122262
829642
659861
14401
764830
620798
508281
477883
77949
804221
130744
793802
523778
441416
559446
619013
922777
602191
539061
337241
583174
210113
437516
87635
245410
165894
154515
791861
861617
373017
409951
983879
719011
586164
514633
194
723314
22914
478077
801263
827136
608821
111418
350914
566589
187216
486279
5718
789407
25340
342960
372581
751805
296828
976568
513567
462722
647436
821781
840691
20453
231732
340923
255817
817896
855556
256011
541211
878470
250440
858826
705606
375613
486596
56521
458554
190164
59152
464273
979571
600845
323585
868505
352650
620413
361425
866218
599487
8861
687999
440179
29315
436083
781102
801484
770331
636658
573847
827894
31480
824287
203073
737087
199900
689669
309960
174806
879834
369112
639079
375757
969957
479016
760614
838960
615781
122040
705178
215269
130901
909529
171800
676568
861964
469254
994404
632295
622264
568251
460190
653744
392538
179615
390831
108790
869284
217143
283597
265470
586256
439028
157580
72565
434397
434546
911525
50178
556586
133055
781799
203840
558936
953599
396760
420900
939205
391165
569548
561469
959416
546090
215214
351955
725705
122397
977097
111341
339541
777046
893164
442149
732427
567096
514714
166824
1642
942592
217002
74581
75647
515154
278421
150936
985105
675181
88188
924311
582698
657736
485780
542115
203826
700994
410422
445883
339744
387519
557225
679285
680918
966741
121434
413345
533837
152500
580169
535479
95092
313523
610060
687092
828677
404833
354380
813783
596367
442568
738094
179065
100305
740226
237532
820483
957573
647954
266367
297317
551826
339944
976602
232744
306685
614388
162441
356874
766888
742610
892353
378333
56133
18766
581777
401163
939951
936157
214946
536318
378725
469392
231736
995382
209618
469268
815866
167191
633575
598585
980860
701753
938529
957462
450849
761566
88202
613290
634792
371443
872252
527145
749776
928385
62263
847905
845900
2215
784062
60846
54885
679139
46590
286621
674522
256209
272242
490388
939752
905817
605325
920613
607570
543854
394427
58419
821772
998982
188061
456564
370425
60313
500061
636553
505050
78677
484458
350951
80892
784872
928149
652129
464011
974740
938751
654885
747301
210993
145273
203405
633162
750598
640370
240732
810804
34798
815503
148928
550132
3564
121844
920557
63877
138258
73462
568927
216935
74272
919878
814179
859144
364380
466308
839507
339120
921411
494393
602773
648756
156018
806178
281918
422969
446549
39002
750125
997699
854505
415406
547831
374421
53602
984740
438298
191860
58202
523578
925147
648826
959808
255678
507970
324188
238339
863829
179660
159750
874574
782433
324859
546945
104964
606777
969914
551513
162132
236391
65564
532989
651797
129747
907411
705400
114487
862061
413612
689041
901991
855112
337867
861800
110790
362189
702340
349129
742370
398353
25232
616945
180786
866443
163890
802102
989572
650156
353615
151704
886547
935531
684694
54697
65278
108457
276449
179765
486870
690061
385158
388862
61525
723025
767014
172316
601566
985706
37797
343937
384059
579381
477234
81198
445824
641124
883300
435397
807632
236916
587101
210531
172447
788147
265228
237726
412956
541677
933843
899827
748091
319002
805041
809616
558379
572055
498284
159946
557761
536082
20235
941821
115463
497469
23019
77640
654945
422671
513037
978929
659587
616490
189460
348387
920990
454689
102465
333946
512718
552660
750125
777161
871662
555166
586778
946394
127221
601414
622692
201335
137496
642927
659508
769312
656748
198879
846952
311693
621550
876341
290622
797490
9183
480082
662229
930173
451123
281046
780472
480194
833706
530597
257355
221721
85764
844133
168115
729337
445548
790807
930672
99396
950086
106532
385060
606834
305411
748364
434879
926962
624705
725501
240804
633889
721935
903033
80414
689411
184079
860886
169605
17785
391484
426960
755858
993600
787446
923973
722937
749346
231132
169962
365094
181218
276494
750155
788052
98258
498519
222931
541572
639577
464784
782376
789818
703072
201761
870232
392483
385840
731119
78440
919977
638955
505400
675836
632555
809198
116161
871844
558544
347294
41806
923639
528512
834653
673794
832917
932911
688665
55848
474483
328242
36985
773211
118060
740057
974972
504645
132540
877164
752116
727332
797141
391071
232732
989329
539978
41931
105491
411822
600475
969137
453629
40466
497649
804634
230612
846918
737545
919278
902767
728380
763872
939752
501591
398285
196161
992915
902930
845053
870079
655046
572385
667220
562469
805117
172902
102447
363400
278393
514269
480228
247530
484250
520694
261531
288884
267659
108450
542781
186937
527569
787513
467161
983673
805456
381798
179834
798371
284728
24887
668450
456126
597272
852023
534947
918741
541277
637394
282142
819670
668016
278722
583552
152266
315768
845083
957503
583427
469885
16636
286716
997454
804150
753878
497479
609606
135676
677313
924330
936757
218552
109132
909235
332176
477507
444183
250918
18784
81577
49412
838454
749593
844486
938358
418212
160254
299794
892067
743682
769679
908703
30398
283486
229205
300628
780965
838812
436305
458279
279494
889414
676831
388626
798649
9008
866134
759184
776278
884918
840762
342042
239725
106707
186528
178083
41271
346782
477877
933338
90464
247557
358394
637215
531043
587599
937843
828360
942763
890500
286639
222257
779914
479823
610884
94916
5183
477018
854100
297813
878288
211214
639855
118013
834274
826383
296097
391897
689517
773974
841588
779982
537883
199982
933549
585278
787581
871392
413639
730345
761893
216630
468954
58159
696453
79838
669427
217988
73208
523528
515801
951497
251094
672008
69510
601720
498391
881959
993618
187909
172286
835206
484243
226521
35188
417792
811800
339121
805536
741791
585818
567429
958421
54773
141941
171227
650963
811368
905567
724172
851248
421369
192021
618695
93377
777883
220415
108121
659843
214033
812382
348481
565591
812977
575002
117131
230769
903154
972605
36305
644945
558423
120087
603367
129548
778380
290946
780512
589748
196513
21036
957349
134234
213057
576044
743964
990940
312811
368437
167135
43197
180819
515616
608788
993796
90619
242272
740917
510125
214877
293574
155071
773300
930013
274790
419201
708393
565736
199713
814494
278601
220749
288195
412836
950158
380591
673152
941098
693402
41589
108234
736599
222408
140202
861740
732556
747173
104012
989825
257299
318889
283399
412370
608541
213413
687160
27742
438158
769248
227455
252652
47849
964556
57199
977037
914714
437790
650189
372165
131193
691778
996751
384144
430538
136953
245884
163094
884127
349896
152919
141426
668785
952671
70148
277327
166084
757308
305069
120594
42908
48877
889599
607109
529785
946798
584147
960852
384589
234336
849369
32134
442467
846120
416278
873005
499425
662163
36100
383552
12059
705371
41330
197197
658042
111478
990876
340478
385138
295945
461073
944398
861174
867024
551508
907312
813822
135655
384516
714763
886343
233885
746897
328810
596357
163176
201816
95782
341691
754268
995687
353750
459639
37017
67299
117682
664848
58175
458160
566338
870473
435585
510737
247999
302609
62245
155311
632784
714252
56179
347547
600595
290064
610797
445758
886421
290325
647574
498556
632016
918194
494243
502118
377833
47612
569418
11867
712460
627593
986380
795151
498066
421965
305888
262418
240927
884485
417729
873711
115089
473909
737610
232036
280325
348407
677794
683099
638732
841720
181655
787100
759914
192250
289219
654100
239862
858637
665967
468675
2582
652347
263826
17001
590665
86066
279419
831592
486903
213500
221655
601992
203761
959265
834028
484087
824025
28175
683538
979109
869895
865193
766210
146162
573795
55429
800262
813657
430418
466229
282332
949352
634929
62510
966353
225594
148576
762124
573538
635479
975625
795193
753823
179386
270810
104204
179825
611187
132379
863363
590297
518626
244908
356507
664788
818703
928288
465050
632361
875058
447632
431045
824410
598913
493556
307116
824507
158484
69240
914397
793964
44865
225942
64139
224252
496752
168343
404077
107940
817074
783793
214589
335701
28701
87448
489
847405
532088
981892
996118
407146
945876
427163
747908
544789
437071
55024
369296
595556
124265
800045
905872
685482
25987
486363
426086
522739
654707
346516
147031
471781
130309
361620
807482
159010
449068
324324
6415
981156
306216
518885
904654
252092
462401
652563
313233
899472
223939
682529
11380
864556
998926
433604
550039
24913
919968
976125
64004
91027
322641
211036
562808
452950
89008
886643
128313
54429
727319
651080
551937
549887
169966
456592
318331
632367
625507
631564
48191
849446
830445
575924
714003
829371
9528
780394
854284
445848
756519
918288
536875
595513
645676
616036
564815
251037
19031
693128
305466
746350
344209
857403
296237
30527
830347
614568
179246
972206
246132
743789
821653
76577
319713
52008
422300
845594
832402
276584
291442
105273
711224
828318
700786
873253
444354
265602
124290
463385
475082
946108
726087
335643
319863
22324
366170
150211
153244
61768
638769
915728
805558
460422
508657
641623
28782
930957
487217
861184
723893
778660
966458
435117
606978
183596
824722
567684
449198
465364
547421
924281
411472
273508
776276
731336
295832
658799
397899
965428
720567
36668
881156
42477
13443
389813
684101
42225
837122
171318
419762
561015
466330
386220
512484
73308
569816
853559
640992
535367
318923
188413
976000
730396
978273
752276
978084
790457
927427
375983
755885
647995
929003
153393
206824
942446
59558
890925
501024
896680
578596
437138
974047
44926
339710
486532
634587
425878
340091
791931
961245
175366
496697
453597
905762
474970
722226
883846
265428
649653
776181
537665
814000
705185
691059
20825
163983
750617
428102
181359
163650
523050
618497
137697
84329
958207
140581
718916
384086
997024
27199
861683
172391
523896
315281
594505
998867
37507
994704
780647
203512
770885
318312
17513
992422
525723
554690
672758
792693
982792
370469
956343
22195
988967
610392
106524
463526
267326
341792
363964
780702
368991
225648
469445
892888
57281
63951
408107
611140
575007
705106
814652
345892
539770
348517
854667
65494
903207
43777
858187
402352
414246
330882
424547
919565
457626
47423
899444
241304
389215
263408
22007
758206
5408
491452
167446
62689
71755
91905
190181
646762
313363
4834
509007
853134
869703
363674
918628
772911
923803
293167
691615
338049
140401
632514
773967
114379
679937
673411
355684
585504
453171
377691
860062
458580
385495
27509
37621
457251
635766
227803
104013
949130
748989
129372
802264
618692
493046
237244
907955
933201
46763
115922
787603
703516
748436
561570
817895
428373
751333
173579
530229
720856
551270
390292
179436
936766
934153
733410
910369
569919
477565
530734
35401
742906
660107
354017
877950
669505
591261
785906
602707
154376
901828
390310
857892
166617
468232
675788
111342
219565
365719
641572
456773
916990
31864
152562
370108
966017
885972
796829
52288
363537
327563
604042
622795
987670
958059
500745
657176
65673
286651
776235
220049
704832
166545
594294
387801
634777
270082
499143
370694
635801
140715
827467
69143
688931
980029
955603
171300
382353
268784
739941
262242
596348
343983
885037
100370
818394
385783
273898
884067
188786
50133
620469
409970
733030
214763
797771
884159
1197
813267
254853
153350
470334
598673
738846
159266
95054
694449
846918
993760
963234
586859
256002
75934
447194
657392
176304
265589
43175
966555
149656
748313
16688
770125
158284
266071
501240
472407
150230
502437
285674
921436
655788
756009
36461
394634
431627
131515
605435
278545
125275
85021
381757
897630
677307
828951
555022
369964
610892
114549
336519
276901
379214
869559
563378
53850
135630
64619
526258
285861
567056
328284
207297
739196
84293
243758
650182
32272
891625
771970
310818
533253
373343
208927
947235
50651
554230
502257
420615
165123
133158
757134
958376
512372
626693
521754
566223
762324
586373
608833
564537
669782
937117
771834
925330
537763
531944
575513
86387
939921
863835
397205
473174
237178
122484
420409
287829
676715
439018
708444
358190
88528
465578
316566
117253
608624
838320
199828
887300
941046
808661
451837
610828
262130
740023
536158
316245
788319
628023
402633
728240
491858
316190
717767
729037
438675
654528
16866
631742
93547
241663
989932
698427
223593
822850
815680
832217
177522
15508
235869
118568
824169
687706
729396
602652
944081
781907
918897
732400
926282
321530
976993
418141
637721
694760
663530
592748
349288
196748
224490
959187
438411
730774
657615
178357
69976
473295
526926
247498
5156
762796
366067
345677
450502
611815
948329
910936
910074
867227
643336
836357
705109
136681
254498
859182
831441
434380
451930
697082
631128
192772
656269
585892
439898
830236
764249
509874
819884
291175
757373
825040
570323
639792
170717
537178
251607
635399
448114
161682
502626
607802
998039
724087
744484
768889
99622
575925
719621
551552
789359
867101
260677
961981
452993
216927
792217
733594
726802
128453
541122
527
469845
111445
640319
640563
648623
891926
275962
96737
569960
294940
704540
84351
535379
449024
369592
635001
541301
89213
702906
847013
956315
479935
808994
925660
696862
117563
659255
423664
246017
200377
940543
715862
828174
580862
872777
476798
989141
665091
89887
559101
476383
794427
159805
528115
759803
529397
163116
817457
134963
866022
664470
607630
862309
989816
49642
559172
107379
225249
499188
353396
941978
439732
585611
770153
20594
974740
246951
9735
639832
853190
85189
632567
163970
244994
160682
440125
290743
323799
257582
942058
706173
438404
66040
568483
428220
115683
644007
51952
857284
143195
405348
799263
582927
507311
569416
603522
482052
332719
129609
638236
185909
731150
787155
866231
492496
947838
306357
783240
787989
563939
241650
10514
518696
824043
95349
463268
456078
739356
515220
313362
882552
436921
628977
981831
460584
198393
585353
458988
47464
231315
97224
749726
962465
400732
615957
454962
348570
922314
754554
652911
2606
512556
179777
37654
336599
275127
500922
309029
530835
532495
622392
929739
969416
251369
911571
946352
966115
13276
405341
529931
244591
18917
279657
207057
419649
411967
178371
284571
334281
932925
937482
853239
445481
633612
890893
298433
908739
391816
607462
955926
440663
746206
885666
926431
513928
797237
872783
996395
810513
278124
526326
55105
297042
322336
778514
716691
734303
956885
1263
584936
406162
455097
438176
367995
88709
845421
182780
513800
237237
306595
469727
194252
569153
355393
120683
83081
668982
993467
595828
479495
271591
638507
534600
568633
477195
829466
801677
211498
302703
802940
312786
708865
774389
267314
593213
379451
112736
775993
409603
866325
82588
879330
60578
651742
751075
181261
251175
420057
174728
847004
415905
962672
1863
950505
531305
479058
296324
849334
206908
599027
168626
519694
824245
943016
303361
417458
838819
416097
193451
248422
282422
276040
127753
343000
444134
395180
40614
695309
331590
215342
58665
747495
178014
60528
214352
225672
55938
510676
75006
262846
626056
243633
298893
450301
703001
602254
867759
541820
534703
61210
790242
817125
853602
434347
676478
297736
829528
717092
993046
677470
448786
568063
424965
143153
144944
155669
368825
200882
666346
960183
980081
292402
720168
795326
259055
423169
913932
126814
964989
448635
188024
755232
782112
41627
705931
458590
855715
51811
692034
848761
729281
657173
933177
670598
800326
78121
826268
685503
795355
8966
645686
775436
301368
365855
570762
560423
789024
484694
203589
270366
933329
391613
541950
231794
949592
247881
690384
805308
299693
898771
170421
545326
555944
619950
215925
356270
698071
42193
41773
493427
51159
203811
268863
868879
569666
355978
945654
875043
840672
149243
661761
290354
57208
203711
522148
6801
967944
728884
328461
267637
627655
15234
812964
699951
635185
545241
56221
849608
587434
614346
343035
154945
818158
128251
23824
904176
581
485830
295571
841253
635073
957332
647959
692281
677395
686459
215434
645340
415344
60247
912977
559351
75482
242293
259303
227019
787534
831876
76627
891320
962575
936015
46265
780733
64266
586441
201261
64847
72271
496833
422452
707344
970517
586764
915978
647913
273223
647764
293253
204919
708012
722582
280623
299846
481228
56278
43217
785114
404506
119844
676435
367081
55859
239052
664166
636477
341846
865428
217676
414117
878613
640129
637814
849130
743245
70144
13395
532820
717908
306648
737740
942272
545583
534715
758470
26811
590993
801687
328277
995499
437884
521064
362581
10095
276469
26747
646573
618315
408527
864249
32432
287140
20730
186598
652623
763975
256742
666018
296796
491003
489019
550888
949627
550954
85603
708098
94117
192948
26137
422394
704799
980373
943459
583732
990469
736280
126832
637042
354595
535359
17643
387027
338852
554726
89978
507827
318701
346720
690197
131849
354075
179216
199089
303703
246522
801044
528153
340639
993992
70642
279386
215144
51016
739197
798876
41485
475477
925708
194879
830072
977420
212522
733451
316272
767248
823429
824099
602302
686502
514296
250503
40577
209865
965945
860632
456387
766989
388785
313379
277334
975780
592765
492478
26796
331962
291354
68281
323791
217063
779512
153863
710835
508386
403666
27107
791987
227096
367558
910641
429950
398206
161144
470527
124423
127089
847512
97163
894079
752649
926894
687765
728429
519659
180243
755225
367973
471597
339858
208116
205012
119370
361979
915847
144109
765645
459306
936096
509093
343216
846737
939043
257775
7881
925923
382198
651323
773435
995713
61754
526084
922607
749519
254514
958618
929762
526091
842943
917711
382302
51059
122724
501672
413038
554923
162133
695036
530582
98229
720481
873798
944966
659525
131573
469200
585448
30124
120523
875235
542189
698629
917671
464797
448148
688537
939767
894262
214629
782711
811973
113283
833770
451049
131307
763161
522325
293441
974549
52907
391670
695030
926705
336637
870907
574631
805837
972707
121107
442712
847942
663296
141341
281966
644445
105841
970503
100565
103
701484
883276
328428
814767
233398
779478
946075
512911
301803
239516
3812
871062
147538
215195
314119
484175
86102
888750
806364
58810
526209
765428
423104
705858
906769
705070
866655
12610
191926
967220
529065
409762
366848
857494
224530
600247
153324
686957
629510
971479
442825
149675
842541
106715
364870
673012
590891
450972
561763
913607
26134
604324
679036
449239
310182
102157
670661
176838
631120
378939
660410
160185
788702
27259
534031
529584
143858
203707
216541
773368
691538
175718
923043
50431
282433
804265
723444
389676
255238
801559
819636
797724
405883
15024
246963
232418
117181
433977
925608
264653
812916
586018
941191
601618
613277
475222
131202
273487
195282
864095
563208
886820
556165
2603
937252
354951
806869
660696
260979
578459
462255
596967
376183
384490
611991
139499
616908
245525
573476
58868
510178
902744
644887
451369
504363
774516
442944
151917
48004
638226
532365
611212
41398
604882
613815
978650
959833
937036
155698
737165
515495
134305
334132
891679
35148
946124
31178
168408
708001
121006
227277
218179
23750
388516
185901
44465
163032
628845
196383
727388
267071
245100
854952
824821
849982
985120
319824
326168
922156
475522
63333
954004
126180
913817
845683
161328
376293
393213
329736
84294
514219
557013
818826
537969
461881
4727
98787
624914
633572
295170
868654
416995
56622
239959
241816
906604
225079
561640
749124
663587
553515
328809
617591
679695
242627
979626
841023
135272
372839
687111
219567
403410
760477
38393
457732
222358
43120
556519
363624
193044
368041
232279
610039
941015
472238
851855
847619
213669
929848
113096
393608
483363
441905
11200
679410
200884
507178
36785
336157
396370
723896
555724
799780
484373
110469
773864
706732
669941
846735
586708
862985
214776
818987
473024
155791
807577
841231
519763
537598
287431
149211
931207
770794
591116
458759
450204
308353
965937
486989
644510
362307
727238
716586
678440
211611
827055
968656
434695
496996
815392
21404
359981
546520
356743
349357
218664
680673
706940
254779
218271
994372
403990
149478
281518
995106
608237
248075
819811
90527
251416
464321
969186
978654
180907
647626
706618
524314
132635
657665
537662
948027
195421
413995
10899
552165
763352
229563
749190
470293
484342
967461
981017
888332
633292
262535
399791
757881
510610
219602
848408
762027
683924
817595
740681
381183
981573
963651
905498
114208
621317
443160
578587
333090
857156
589487
885255
136860
819050
150797
123505
819745
118259
104522
708077
751551
367058
107868
25784
394020
843823
874193
156047
44099
691788
413081
425282
189713
893084
847132
820274
30753
290293
398861
363844
663801
504700
765451
317013
323751
916249
440519
143496
34508
61393
367925
302411
944803
992146
328195
338824
835969
718740
11223
880068
926880
940656
305350
116594
833741
668835
936868
864494
475480
852081
228338
139281
356782
993790
972646
196885
910039
413165
856733
460899
474559
224658
279662
935714
733156
124209
274538
569125
359302
285762
965545
286182
226418
787248
402776
576511
456083
855996
957358
931563
708078
185696
587196
581212
695838
559842
778097
122229
489360
151182
99480
480271
892192
895494
415985
625349
536056
690524
710826
895358
492638
676372
181540
235408
463620
100669
328272
919703
473017
285630
367618
697447
987678
954814
278659
199869
31008
573108
322098
36720
240642
937931
516991
132835
833425
449329
758184
369481
139853
985362
781191
148843
661734
479084
900603
641706
579753
228875
561409
52770
514505
445379
750218
18536
916545
545229
218405
947554
634690
540503
984274
875332
994786
17618
8167
828212
466947
282703
714045
123152
268066
495237
788347
929800
974321
688950
571507
70426
917826
649268
639548
948683
611000
906118
967219
527545
451348
701976
991451
86038
242480
975726
961370
237266
509696
485890
581830
976643
768593
812228
616147
553011
823817
404494
999164
798138
93444
87023
384916
527622
736291
24464
476306
863643
930583
959877
391189
898283
661854
382640
500673
420686
874718
462043
174304
384414
947933
272487
361057
232879
84715
493556
785890
908532
898050
785054
223022
991495
872077
607938
519117
124721
148754
995423
988364
595689
471653
895905
493972
133507
278546
994645
70545
153264
973041
244849
54031
437326
517336
931440
670205
602051
424997
972448
26935
323047
273854
249957
314542
662284
374247
833660
787005
523002
345435
291721
118691
817088
187627
129016
466947
466173
123661
537492
135789
96702
298694
189820
50381
816030
121261
236938
934434
546258
209386
961369
869305
483241
727679
700200
145525
101926
50212
448882
624928
395647
256955
259972
729088
444582
388988
712387
427107
29001
766232
79249
642056
64926
785421
692437
397308
906682
929375
848094
969292
655114
809464
354950
654707
53495
571502
316584
155421
621714
765466
296702
17361
22421
73026
262801
983356
462014
975189
926815
7367
741421
6064
649423
322699
791486
858212
720007
214520
787588
568102
700165
959054
893918
55115
613761
947413
626617
930345
619186
764683
212163
432240
782044
750936
505266
561198
734292
483632
52739
177460
491000
310512
183524
656775
633211
491362
514988
869570
705883
818928
954024
922400
294334
364294
493867
908095
828059
636836
354792
447246
401519
566955
395838
699915
317891
901105
261113
568536
384737
313852
745996
392089
624364
445872
48865
773927
453587
80205
159850
675822
415485
113874
598222
709819
994521
92089
134266
822580
728925
489058
786178
130444
56013
182017
830359
890256
599474
607825
458792
984211
921677
721140
376301
62394
683365
941518
352673
136952
538075
512523
812774
953560
142750
927348
179731
653623
19437
313997
476203
264714
803055
778734
395158
375420
477103
741869
265676
76577
349694
240821
60788
787724
478313
953441
366470
161678
411311
719143
298630
949386
748019
627756
419298
407121
555104
115381
60744
90893
945730
53299
355607
748785
832033
267117
640557
825488
8987
906234
902065
875033
663407
479206
662757
141720
432647
545579
303399
360311
781075
118381
309697
529094
262490
245348
452567
333946
360729
513311
424840
822812
82962
780447
571597
914996
47565
728507
740484
572904
151093
158902
447937
814500
638108
627047
956220
587107
172626
775971
947418
953701
410705
773468
999147
189547
18816
451714
523493
895897
481377
948333
718709
564340
245133
806659
995688
809050
51518
252524
381954
202611
411426
346243
17111
49534
489642
489683
636642
178621
782007
100412
648674
709064
873880
647822
898611
409048
615888
422104
304946
613618
886790
540007
177958
648275
863018
689998
457325
914536
942522
355631
633499
870301
218226
650610
436187
707869
656646
72829
886490
955005
173242
51516
664069
563474
699338
79032
972523
831579
17488
793821
445197
420630
850180
139507
68905
713199
345857
42582
144087
288379
914565
777587
675032
132792
944549
111220
357013
117547
700401
759855
72552
389995
811371
252973
953470
27062
848357
925993
858641
865846
719814
820190
286476
86346
476049
871734
799545
821906
914316
459985
626637
828882
753924
301670
478026
214825
412890
351391
332373
629643
111246
921277
19639
438969
690603
973109
466031
538960
415454
841024
921158
651620
177566
207635
737966
653615
595721
537512
991873
510037
513849
618511
855271
267773
436533
333297
482598
365775
684688
331323
995418
312286
768953
15057
751256
459556
504518
217287
514868
919972
574664
436027
571592
752230
160014
309559
405846
755735
363423
397719
782124
393624
532582
637396
661397
969115
970693
660347
334890
171734
508023
846661
484020
276976
861718
751628
252884
882589
485268
767752
802561
59932
720131
890506
812162
880145
200065
734360
635880
79840
648432
934357
473464
181014
571753
651213
666482
58798
827912
1372
230532
335935
364385
230905
129263
226104
498885
382147
625045
984153
666252
427606
560437
386383
318112
888952
266529
34529
623312
418761
114369
788096
353118
587833
969111
441223
755398
151945
500022
583311
153317
246906
919246
34055
994163
564862
260159
493049
947009
885204
993554
129613
829162
553992
515997
663627
442944
298878
698156
582608
717639
328878
370705
587110
433063
856168
28333
188462
8113
44707
771773
677782
291614
207371
711837
285777
772233
488348
295178
235595
889904
288733
365208
719067
842725
397557
899046
802021
696435
597202
384629
930427
442432
271686
517537
875496
127854
62222
63958
135967
106930
352083
330102
914896
559454
41939
717025
848040
530288
12204
599987
420192
817289
965195
655611
176366
362753
554657
978387
575540
668212
879368
505967
110644
151055
539856
986140
795261
602079
566450
447581
225361
918533
777683
140257
994340
819622
857282
842380
866262
385838
442367
286455
203127
923914
458418
379493
803019
529428
874232
894912
197640
753601
400879
824636
421008
940736
810777
216269
542815
893579
663850
284528
812113
957885
941137
806453
777508
314771
165185
643770
700610
123904
446577
420089
564170
421348
799583
883542
950776
190167
778454
664768
943768
179333
489404
881128
636421
816533
97398
695588
710113
277600
980116
38578
235486
921253
361383
529346
236025
42920
689468
452987
683176
652398
873076
247346
73746
189011
647240
540874
379179
425694
721994
839299
121380
211398
236780
757801
544284
334178
969742
770749
128130
949858
325679
879968
387464
203414
925666
139841
246334
615135
592828
929510
267533
982256
693208
857631
687620
340449
914857
583151
282495
636851
938802
920227
364601
175582
194381
908885
26112
164123
195986
670595
113981
521665
550563
17797
725079
992582
157638
487765
607717
266818
417275
391602
765427
626836
765585
453047
967285
680442
552550
766132
317293
491352
686360
681894
666935
880741
107132
209399
44864
303118
879994
675197
341136
946910
692995
582567
939492
366985
70333
63561
633804
3960
455163
399231
630796
220748
368630
114433
417542
921180
880566
734835
412532
83278
933081
595819
480371
40213
321571
41587
859684
201565
716784
717172
148475
926131
816091
604319
293117
402776
667880
443273
406737
639395
842504
553885
376495
211134
184671
794037
648666
581589
45224
577550
664867
978306
173370
661590
534871
11293
703177
910907
212858
419961
144431
877686
862445
960523
482005
671914
363299
666238
115187
770036
305633
957691
840274
682129
685177
24945
476166
333843
122886
37743
911393
304105
532401
601115
965695
67272
612408
668872
494532
341619
605185
638963
219305
467630
599486
217662
139544
962786
400252
254731
249174
705886
728774
605800
904367
930303
147097
896885
264146
269983
934628
691892
574088
467029
293007
56135
50654
421768
725007
61538
763387
330193
700501
499044
314175
816340
233058
970072
295478
633311
224803
544652
855549
469930
666805
759916
400233
813902
656801
180732
600238
107782
872624
690678
574811
681983
746814
141817
103751
471821
203355
383490
318366
420209
398886
632542
236549
148297
602614
532027
297960
343769
593031
153509
330051
259836
429777
730285
590091
602930
427369
190329
710712
299993
881007
801876
498328
627821
943693
118432
615995
663401
18274
934361
83610
417161
566903
320159
565458
685869
368538
379770
545991
961569
533279
876042
737758
479408
122679
327849
82338
550048
518178
793051
366393
915537
594927
864722
543359
54972
499506
159354
718373
517780
610067
801983
934941
176971
638494
16751
379192
7032
912873
925183
968602
446152
317578
706360
925560
440257
550561
7899
506658
68739
317302
873051
984276
912229
254125
43987
967201
753631
719693
201927
271412
329761
3910
722705
23084
158757
255809
402276
165789
168682
843812
650743
131187
677742
873455
573099
117999
424016
97350
141009
9107
414652
14061
509736
843233
784538
553723
326787
538170
789769
528714
325934
119530
48976
564991
142614
207733
337152
61242
889875
22187
421406
56970
669726
99148
930426
242825
733500
870794
340176
874509
879902
271180
888570
389638
114414
673109
459713
441201
727631
249482
486267
569917
885364
51595
651260
27978
259329
988413
605573
665556
526952
26979
722526
196678
126128
169304
439503
859628
40099
296031
734137
436353
567212
139060
825991
197978
328521
802056
155531
572504
51539
158150
658773
936903
209745
310033
481234
469074
814798
86807
650982
341750
630138
373509
538428
272618
59165
494284
648598
99264
790315
899088
535617
873879
38148
877960
588209
883021
680017
743740
455525
247908
418242
114298
701163
627988
940683
698749
613414
755482
301908
264397
97232
932047
154258
152013
204665
213423
646297
369616
829040
952964
268704
364657
343196
306852
242618
931405
189873
438987
191498
161750
203247
609740
792400
904410
237728
733083
603160
851143
488565
905068
631892
102150
353467
786150
254163
74485
515925
416812
444101
344965
369776
712805
225975
229324
536009
468593
160730
242234
423932
868580
403984
627179
478320
196384
47941
232401
445819
651101
599896
934385
72522
748140
552887
425989
534290
323402
16826
566567
740214
460927
911533
626342
173732
137508
855667
226093
122453
532749
468327
62737
401329
872311
206268
396001
585047
254209
628402
30867
905311
744650
481604
494185
492790
34491
436526
543432
357893
453353
110000
614459
430632
537885
240801
120717
191745
612820
346810
830550
145569
815138
893287
63250
203801
99555
459252
788849
870116
604006
336068
291779
348657
817672
785964
357799
368515
738843
901232
726408
192196
527584
857219
139180
65469
98020
259897
773566
227193
606708
604116
372762
938198
13755
436013
141999
629662
411617
930848
16130
15623
266916
307910
364280
600940
93874
722080
969455
349069
139664
212215
57617
667248
69434
196798
249069
683807
456695
538987
911000
579755
143103
800114
517953
673210
236127
176305
819224
164096
107153
835354
179720
890422
143264
60352
7714
753491
298784
977170
618912
438448
705737
676530
622048
775172
873328
871117
975331
846375
410104
886331
426131
69559
686445
460436
259121
438925
636741
594697
119373
260247
946404
299093
667021
606020
359446
674735
875863
174582
168257
494776
613031
873995
171306
235079
165519
44634
622549
657202
891009
549005
543533
833492
134917
746330
810281
910390
701607
963374
505088
820981
739973
451492
636426
406994
57512
512224
598082
933376
686807
766339
428152
299838
156686
115810
51269
838557
160444
190170
495759
567805
739176
555644
917650
390445
818327
244283
300835
519934
207657
805923
857267
947631
773767
493694
870977
347632
5918
985411
281008
692725
751751
225512
508915
424789
341322
76537
263347
18118
266707
275458
102275
522235
831103
19925
912680
649430
780560
213516
685716
988218
535791
542984
452201
825911
553030
839530
173543
75300
824942
970903
284378
93045
196415
793293
517834
54089
386182
297533
588559
652890
572992
690834
691477
404095
227112
604158
569877
7672
334026
255593
512242
386169
314929
964443
212080
867959
320326
901975
459612
145268
872878
743990
754665
585645
53635
272499
156086
439818
86385
744645
609060
659377
435480
300537
579824
662592
421047
149701
186616
271425
405294
698859
657595
720224
663302
386027
104535
499980
288003
564147
645248
677233
308137
399913
262879
361773
188765
418965
317943
275150
679963
927003
450879
115443
227540
547055
294387
164940
696756
481003
436365
618402
179862
610312
338626
359517
996340
443162
375849
800695
523661
21098
994280
831799
937363
257159
709924
642480
192477
27867
433982
872440
471222
401213
504235
215114
948268
798622
380054
645024
795977
816420
263427
492192
426732
118405
368061
939424
77919
743910
256471
601581
281360
250752
433380
735076
24263
659656
377556
216740
203875
327891
605532
675097
729104
109767
890211
677373
424741
786618
838749
220719
603038
618528
229263
546122
736934
597324
1899
814853
857586
774722
932786
138947
25474
882518
874023
49738
542174
767931
782830
746049
95822
388363
937498
341279
14482
827710
535004
439224
614328
373753
176295
733718
508634
405558
796192
761920
519234
798091
93125
376820
572814
25912
32119
114640
908430
906142
680730
450605
190426
463561
713006
286248
368276
650505
143879
382758
478215
678883
821982
608895
568989
514629
858965
77623
436539
655157
355895
955773
969601
449020
848946
542415
474932
397417
173407
899715
303560
854138
350320
10338
317699
579678
812938
202327
230183
956818
585085
224750
635701
923420
349997
721042
438049
208962
315017
874589
380472
670912
346714
350073
119933
712012
408840
111217
109430
582247
10932
929342
436385
877604
939680
270436
457283
752618
472763
203818
709436
574201
944921
861490
497621
294918
582532
935670
503881
897550
326611
884353
568462
673326
750778
204747
385338
159618
832317
494768
258217
359601
424110
694603
237206
880142
481391
210841
632761
470507
931011
342197
44708
875932
203687
58681
170851
302572
994351
191084
200122
837315
591789
284936
510641
342567
6036
412331
18537
838353
423452
276754
197954
363914
487709
951512
244057
969101
678705
876818
955960
609717
735367
517020
485649
939055
575701
172852
757979
570052
363936
958101
923719
472077
759389
434360
814644
281777
363044
349533
120130
302848
626288
834437
666762
113997
785949
910819
599450
981007
303989
555410
590724
39357
72430
76373
494764
648131
765578
252743
734536
129514
727196
174607
601592
486585
125320
932588
768363
488364
282122
404845
791212
424762
755634
457974
538759
57936
885146
654562
38943
189135
209972
629667
228492
798755
222392
723256
963238
987970
492351
214126
633837
219547
388734
751781
222485
514054
684369
990848
518770
482843
912045
309982
907605
667680
284308
962717
725616
685806
617279
764559
874942
343603
910578
619786
658710
132970
859395
138301
637293
351746
868779
271130
87646
257513
22911
310131
287919
223632
817331
806689
706476
729376
633023
130433
913408
433684
609502
639024
635842
743133
919935
510784
603089
346865
646923
778151
479836
22670
916452
633481
890768
785232
904611
978414
559097
443874
288545
847017
667506
105876
170058
890334
351605
319434
537120
265013
269470
662974
420390
905312
406108
856677
932449
9197
203543
95724
787348
199731
118394
220153
833212
9162
5385
254175
503929
80834
698049
792474
444203
365555
414703
130614
772242
766308
966400
309362
547673
235870
972336
968063
657534
894796
824741
589983
420345
28284
202059
724046
744367
320453
944199
577579
845968
465936
831754
349897
546770
529803
658723
507326
411710
73426
637940
183952
356086
604340
9666
903760
840210
498355
871823
14096
393151
212916
120432
813497
757552
322491
53895
501919
159297
998094
79498
521617
980382
427604
871514
43504
473759
46589
550830
885470
120016
188770
585774
476102
793110
111793
896214
149672
610148
768038
163769
519651
497306
800553
333148
254859
123044
387043
756778
798693
901489
352629
320310
881871
780233
708176
441728
253993
754766
992558
655815
874782
181329
241589
867236
490791
353382
279803
640464
479882
564193
320585
999534
61499
637490
849034
316358
760534
752430
589489
559228
653919
458470
395890
52143
238703
104067
493871
9048
858833
2781
664863
249967
184110
422805
633555
674902
292539
913358
831718
288774
477551
668655
288308
539051
306145
137342
371761
583031
889772
477602
658611
60044
936072
54502
628539
691128
158569
638762
216528
17402
641543
397744
267369
342006
820549
900924
16908
629440
330635
364978
918214
808186
549985
206522
863589
372482
860217
751703
955513
266341
229305
130477
326385
681730
184979
471276
372858
343548
110038
589386
877302
267934
987130
661023
609940
324031
78299
626848
469824
408934
508178
388038
733473
574515
110913
597062
946997
971130
348765
418862
237471
94423
549339
80209
776153
734318
551485
665363
594218
177876
771101
987872
445810
758232
648895
55750
598615
243547
198950
68439
168833
223480
972830
902306
797995
83743
15721
744992
571225
880838
680206
325048
975261
229546
921609
267766
963864
989447
933129
74435
167323
704231
578659
129485
978815
743907
185235
93782
987454
900537
162222
156287
124017
651404
574946
438364
251499
590667
699708
822724
987857
379914
664124
963119
609460
585734
230885
89677
91533
680367
680464
258856
900950
259123
904693
879765
3030
606280
489899
990484
506817
652121
663124
147186
819877
754422
585550
71376
345089
285258
894100
332946
665172
74577
812417
790985
660311
559655
880662
268196
240022
561126
527052
140972
820249
948097
537089
823280
554377
26988
330116
577546
195462
993240
724732
15339
747662
826634
86716
609103
628244
497168
458402
293416
88097
787171
600753
264760
346826
481415
532956
103200
558893
576360
760524
379143
524457
297613
718775
78834
324602
48891
656380
36416
558484
897464
568107
822498
724098
654823
947954
352342
668344
922708
162111
272793
709879
762864
537554
573058
760632
70510
676258
319525
646871
436783
215020
171328
250748
933795
766515
91702
499039
939247
128118
573875
836712
696226
912725
77162
867401
860679
429505
52097
299739
107968
324891
525971
387184
378797
99029
147816
449307
291639
467342
612530
244774
198714
300211
495523
132510
66726
587225
147901
5973
231696
238128
359037
927922
150853
436200
311675
527885
382057
880125
827624
490025
721368
353595
877209
100165
968976
25026
549472
260616
8720
678355
505390
207434
978566
517265
856296
45292
104491
4197
567617
336187
242325
926655
780461
909531
879207
608488
437416
261264
488613
781392
751289
726333
651340
144850
826498
136668
169876
892323
397284
694948
570678
419027
902383
549244
936292
275031
110888
557135
795581
678505
409674
554258
121512
706487
463789
719
314976
417557
778335
319941
715302
529624
46275
366642
674475
872773
503310
360703
281448
416947
572004
852126
835974
990739
401370
288618
265770
512258
845754
61351
707116
255428
615610
344980
961916
79399
862052
793244
13309
640387
629537
728611
686364
675812
611605
877191
64938
114915
754246
346386
48214
326250
714865
884188
316989
116235
689159
582760
144846
534913
160463
851962
306693
776073
713294
784961
371825
575346
578205
385134
732086
207743
630097
418450
399907
241702
811993
981197
356617
566239
843936
404832
892490
558801
805372
725831
191388
494531
308591
336234
545796
469055
704548
368842
761480
934195
153803
133305
509541
732009
34791
757979
456104
664888
692781
372363
906590
504774
869913
779560
71014
230201
700744
479856
305354
506116
205687
496742
517000
30631
349329
579148
16038
570229
947990
777518
504424
101794
427176
530318
350155
461967
288297
322611
126856
981079
211326
33446
2205
597591
329358
73219
827792
30102
553075
133146
536219
275115
146241
569571
305746
495570
665071
838136
582151
613062
615654
602928
231208
42830
133246
97715
504798
937895
936678
148006
435326
664356
697804
437532
261948
27163
510751
89740
57265
580179
739239
109836
371646
885480
195759
193744
897402
860831
31880
995905
990245
163886
598833
737805
206717
732079
351872
227867
186327
804902
892225
621653
469258
590029
59185
247558
133544
86289
337299
707162
182820
592890
816998
554466
994722
529110
264562
408476
906293
296442
404381
896538
460328
3215
150695
183397
251646
18919
411264
437973
823821
819841
59627
809431
409871
635164
56990
59767
721453
910641
766929
420625
503531
100280
491443
498253
629390
756005
906729
52035
568799
311110
464925
545480
830677
615620
728877
82324
634539
656494
520297
974712
476335
96276
784143
402558
731441
841133
462326
969246
751774
229255
389872
771657
329535
397667
786262
475277
153673
692991
527312
238824
520454
508589
784304
351131
124209
513182
949807
275100
169676
470105
766164
162363
82733
550308
564922
814174
907793
27248
299773
175920
772855
205997
947577
618743
603664
733840
610372
273689
943183
137685
512514
979989
646274
813170
847473
286836
326352
797280
78288
12380
783737
844453
174744
866471
394761
256018
196997
818906
283266
496770
994826
572473
219119
458756
191216
822784
192596
801589
612825
652131
455626
641691
632121
618252
454862
479594
421440
781214
276874
499729
309947
576964
344182
1043
443435
255295
257061
156784
74201
56679
653555
585380
145504
872674
44136
336721
211810
753084
654662
340988
405215
110288
982679
553688
728540
437541
549634
666333
735108
342861
166062
561407
919825
26596
562450
879612
281891
335863
36396
872444
908894
689951
974176
54398
78978
18312
391119
807140
287748
45781
148128
209316
672421
130808
279356
917314
84701
828991
583647
819809
171852
749709
381216
91677
776305
460018
971289
574548
795881
7685
963344
704775
213989
937521
759174
809319
472185
666645
132811
759934
712427
280940
485602
384848
928100
764958
302162
12801
593949
885809
348963
765801
151870
246531
373830
444527
706550
861471
19075
502431
385509
982420
723559
115850
436293
482733
925169
908478
149378
574332
184764
378157
855272
670366
279358
299724
435325
581520
828878
545626
983682
177841
827780
651904
424372
201610
96432
130922
63082
115507
149706
964943
614279
873265
80793
50572
872350
522314
959051
21728
96646
660167
399886
468271
330534
679244
767995
282211
777116
113225
344189
277150
291066
171969
929055
231791
889932
25487
879065
469366
657346
28771
434309
271626
902036
515102
322198
774386
37416
797601
312467
650414
457769
228705
118685
304655
424301
403033
103218
717769
516258
447407
994920
323677
135729
923975
555468
25661
465814
434533
495027
123160
979657
929336
394786
398045
960790
233337
688784
514558
547290
1251
164972
521411
746308
800010
342418
170609
719395
445636
888378
752005
409396
399650
75682
545125
839977
147502
87138
305791
98388
582165
945304
78045
27853
340090
992442
988643
89779
681226
503201
153422
682477
184525
674833
945137
984535
533604
115746
703930
979240
520477
455936
904988
920127
47970
966465
760105
711825
53603
582248
810213
152120
527552
404610
179973
383995
397052
684968
473774
78279
704521
143548
277108
889047
818382
222246
873582
868338
854344
93865
363930
374821
66153
268919
811301
114123
751736
571406
342300
321692
153654
668865
473812
197559
73475
170138
581554
986880
371458
571680
581511
75980
715229
374971
965027
49963
113569
838609
918301
967914
932474
282231
859087
514979
551150
670388
629103
819239
758146
487755
140931
428153
156621
614743
625712
746448
301233
207266
733328
672692
778946
831191
748672
494175
206163
713699
544138
319732
68660
978791
803998
517487
261023
663086
32466
328525
849826
177921
147764
607973
665677
288695
36126
338650
419791
178190
85098
237376
385456
818427
910068
680754
649618
175092
691282
372133
405143
235420
208218
473804
214212
12216
507643
991587
675302
56461
320112
41481
234383
467877
649454
416412
272924
201932
755062
209067
380122
840160
446444
281930
174939
872864
962684
340910
564309
653966
713043
969452
405739
921261
959608
136303
933478
467251
127890
125132
523713
964354
166613
274448
432231
332419
690860
221508
534351
962274
430575
430825
802434
393371
229107
977374
266236
191792
318284
830545
362110
547679
799997
284201
985293
275958
936856
918771
259561
64746
560255
299626
29101
243221
574074
977684
91992
781286
715544
626344
743560
146120
573521
62347
539491
802629
556073
322079
510773
390709
152624
389235
938388
468974
673437
923681
261284
610293
358804
520845
191392
435412
820472
736845
678633
910898
230881
770625
208537
946426
913321
468449
608898
3195
530796
148389
805824
603221
470469
832949
993930
139445
222184
932319
124771
411973
372352
386055
538619
731157
906901
246363
682921
243725
983208
877906
670975
214089
648531
395864
676867
78205
864314
285765
597752
911462
434155
919928
514684
420976
752877
508614
76773
491413
957285
201545
903387
329638
103952
958358
577147
527205
204721
260068
770930
187929
137974
958258
918370
302857
354122
595238
897414
734788
881003
495166
646251
831510
415094
677287
768838
684323
185901
361964
175737
659539
79861
595476
989177
183813
553834
82676
711019
758555
342744
998301
462836
997070
472911
897558
816279
827034
9148
713694
78174
406504
725212
724425
754366
140307
918064
523205
340982
620318
401521
516719
279857
481382
112195
785386
181547
182381
868062
408918
457288
727158
407220
436476
240580
880131
334035
56859
223517
343183
286905
301692
266039
12118
542469
20406
668777
976886
59963
9759
597204
461484
42831
393413
459218
155026
178799
157117
853760
563213
566036
311048
806723
973256
747525
47303
369739
597912
620514
109609
457447
423772
927653
723487
435890
986474
260245
621019
963360
320208
147130
76916
298044
189961
470329
757262
861340
165480
914379
715100
728693
996767
542500
51768
970023
806377
615423
856115
920641
235938
482076
378089
659710
409729
617928
611952
912555
878173
232971
392268
714733
896453
469184
12777
86415
939514
286391
947755
621346
717122
179207
350040
713890
721707
918160
200265
528085
533584
56380
448726
769522
54808
343167
945584
464537
477447
73888
893445
871972
823211
285713
586705
719664
754897
599482
806079
210763
402225
270186
832110
119348
449393
698502
833238
171101
616662
33503
215538
150246
606236
180616
436120
661044
40136
898056
641934
517583
971944
535379
389556
795155
821092
492613
514820
92341
608448
837251
819457
10673
107438
651567
130021
556831
866421
963259
244284
483083
513115
976174
149682
119351
156791
102154
780395
196927
211
422329
230862
972155
474060
136770
283663
811504
629384
798483
903846
237832
635734
723303
764857
259524
891222
894879
816356
757643
374490
576992
757078
887605
553167
906760
6956
709958
8915
303704
423237
9126
242385
170451
497633
716446
823574
781296
527950
452958
96131
431796
207142
248218
671451
488351
507742
562673
383230
840450
836668
274073
417443
593747
161678
486962
500507
684987
713272
25774
505043
136509
551252
747428
823312
48886
463874
646886
346534
508177
616196
442666
456325
339690
690884
127777
828042
714978
206802
727624
555429
559823
1697
489224
153570
679728
976186
170429
364715
689458
196204
386110
342319
263808
133538
681983
312694
113765
328870
659229
621942
461418
618247
78267
801109
309131
722396
629151
540461
929199
873127
612242
489022
874825
101466
158944
554553
594004
845725
435620
799814
41929
821730
658485
305738
955268
340469
134784
69033
185691
310365
207327
647109
928612
285595
964570
754095
7991
110073
294557
453542
983201
906799
458916
858026
524618
617860
412579
634974
463586
364551
434789
21867
186281
93274
843957
657901
433743
495094
243287
135786
805459
450614
782896
734072
736209
263818
488167
260553
373892
299076
714095
357093
205876
173012
731471
246846
307224
660402
881820
287162
24953
316609
309030
211234
926236
669339
385487
876331
164433
628774
12118
969893
79389
311366
220317
331950
575184
224836
592503
949076
523913
822951
822521
246141
512315
553992
492987
819539
214394
891159
106702
755699
724121
932084
966933
650357
117775
868773
526688
282209
497547
55158
768454
93288
366524
505123
425239
941709
729959
534094
890785
770224
873397
713307
16365
385712
783651
25704
721604
998046
916864
344658
753745
640985
793094
237031
291342
910869
105804
334382
193078
119703
389541
477884
212992
756065
983007
154583
697774
229319
205029
104912
999543
78427
334571
15909
980491
118222
41613
702095
116268
958477
563105
386366
115814
356199
139749
923508
267069
761905
257891
976499
881608
163784
970736
610952
436201
953743
765535
133976
183062
486917
755240
182606
565344
89811
714867
545835
208033
272832
764283
840654
747662
327388
743372
863476
683588
883121
786985
467009
161378
561228
959860
559338
241364
930596
170291
677565
884340
452178
327893
583754
939095
83133
282712
20791
172944
513931
82979
897330
786764
363614
737984
534426
691002
481356
397902
890942
880829
701239
357951
42207
262467
834164
117897
503831
764760
288188
181397
165452
256719
509290
749207
195814
108776
548271
732958
281720
62203
332289
179050
848967
695903
433386
383393
386905
431094
297647
794200
311923
998887
668503
870482
777706
502667
988380
797890
267428
792920
979287
432880
49639
4929
698439
761806
630057
246711
11116
428130
825266
343405
123532
190585
39308
556919
573978
426213
988013
387977
736765
816289
386864
405269
203123
680923
907936
707855
478813
691716
500776
974452
124597
66767
495733
339388
828573
125791
586099
839689
553921
927717
699446
677453
118302
738754
750724
208632
681320
255090
596610
418085
587731
499826
823354
790854
697101
247643
498710
175914
939359
515838
150366
580308
582605
162452
919697
927531
288243
22148
283572
358516
949866
983019
552321
584520
721773
303046
793153
919445
74488
906115
337531
662219
922293
677237
453073
619395
924880
468135
795309
864240
500325
462028
444548
599283
624480
880597
526814
429075
902746
326738
787591
368964
826109
856264
953484
64235
159310
262989
983680
750150
169104
321211
412369
91398
998449
381795
227145
923329
366282
22454
303921
866608
834
264822
465891
625314
145419
509057
570741
564517
352147
358332
933481
178257
214597
886966
242492
890259
149955
226172
640410
835412
547384
569131
443162
62185
950926
670307
501866
833561
692761
805788
700169
209948
586962
682412
351614
248733
707821
922356
813251
59968
797040
746732
238225
11637
150050
997069
418249
816358
223242
575011
651770
286978
660494
94932
349163
127773
765239
367381
961334
974352
689521
177855
700652
276483
860267
52267
525217
568088
974623
854820
144408
771663
117904
382634
299653
267955
379703
234254
84313
119297
809265
252435
406275
986111
863719
271790
113884
145310
155524
75218
119662
845045
253073
336667
121529
629692
388934
163098
714132
363557
17918
858541
651572
135822
757527
467577
920129
653582
701831
520794
772880
27448
773229
695507
13560
636948
483650
127444
782258
639174
719015
418273
484219
972088
754940
122100
601781
660226
285198
315913
23783
819468
690806
191707
955291
448333
659285
875420
101916
361116
912567
391148
904917
685796
603007
918477
839097
603009
562273
137707
242183
281288
555980
242755
253377
827272
881207
371510
487498
682758
203775
27633
502226
894582
735693
973869
859267
394978
365642
477535
272446
278209
868683
177363
964005
988043
612192
319454
591052
174466
457162
349588
455754
529494
592343
225483
873119
989902
596993
360617
672660
317121
904603
174887
211703
640296
665108
587322
551626
30750
64858
340424
825311
449893
517788
305669
437936
129980
625123
28989
820798
82285
378577
276553
611780
487272
18388
484899
477174
615382
361868
666187
448855
782823
357426
176910
939471
22534
764232
7449
569637
829090
347874
394948
278984
382014
700617
233272
28346
325741
262261
849145
408026
157190
642050
536158
160814
660438
537409
637989
792172
415630
820528
241027
714805
177954
417937
654277
200488
182170
661726
770125
527612
525952
165074
322948
907966
865691
556221
936313
707784
334834
785458
632163
8377
427508
684673
169191
87946
222083
323532
880119
154065
144060
637498
868870
322014
55436
39499
522503
237606
217578
808980
281570
743530
974054
604519
651497
356098
677092
104162
63882
11926
889620
696045
20303
833480
380719
189495
437778
119154
513027
834249
789571
173440
471748
658441
495454
527184
697941
17957
281142
431871
826938
562712
175401
317344
683583
343250
189794
360675
447412
253677
888954
853384
466074
425609
686864
363145
131456
640995
998651
160836
475244
788222
334276
946992
446664
829730
990528
660957
364040
271670
92828
190978
350735
784581
24674
550670
127832
214469
911346
91596
984498
316652
944981
450572
742261
148197
330070
873718
789192
328721
550906
264437
116944
885182
727781
79960
714912
718310
740917
595304
506332
350097
786282
857067
651030
327309
407738
295214
58130
835436
386811
42628
152088
848144
9552
410701
512693
339622
800771
301886
668344
351677
82675
301640
753211
810456
381600
984476
45118
638869
579780
551451
505318
882415
924870
156348
209724
848960
967915
267854
684396
354726
826834
352836
719222
836386
279890
231915
692361
597013
50153
360705
465043
649180
178697
218254
975989
560297
202730
21107
715518
298863
88910
220836
181278
530133
893536
907354
379093
861451
175208
579842
732529
518394
449030
968103
354780
728920
716371
47141
842286
282876
924198
307329
932057
102895
41935
908046
179544
244666
445505
411414
59881
534416
148602
241159
580901
558491
148513
959994
419942
840073
539836
668824
358467
988867
153279
229599
234139
869650
793093
592777
152527
717291
900106
600936
336539
942042
508982
32435
703060
470839
443850
762941
521607
108804
520452
102508
667295
668965
62503
603590
25390
118691
272414
900209
623910
942045
129808
374402
811696
922901
967179
480575
156545
867286
81511
9436
325680
106845
41871
545092
577684
2073
308033
99292
627230
828485
201800
294525
13802
780655
898115
555544
899347
686881
455753
523257
628927
101913
897659
956975
24815
864839
437550
697712
248477
519061
223500
574157
142258
781723
119249
719942
783797
943634
819234
927379
288471
537387
221904
818625
318042
636372
374169
733741
323253
829922
256999
952180
931835
671010
425507
473002
535849
863057
687066
300678
898470
910566
874835
40728
692290
510436
760671
992439
454070
96257
919818
258893
149996
658074
77518
984391
294446
451687
718132
617700
797961
975131
86232
729797
646142
511740
719151
698343
891149
406218
999022
789620
833136
390209
346700
525426
416998
623723
34217
871068
236333
954035
646314
386329
128462
723832
370720
422908
691872
88853
556960
489833
580336
159545
735982
742830
187637
455134
957526
78786
377704
472900
384758
210840
863109
731459
252619
280107
355182
286836
667528
591515
757224
830194
494197
885686
554026
864917
308594
762250
470122
381907
252084
566811
541452
988066
309641
729089
959552
783519
807875
337256
256419
708986
64449
119529
440445
317068
915988
311979
120256
99868
903495
877480
930062
914044
763166
441
778961
588113
762691
765436
486372
531127
332247
27824
519194
158240
273265
995098
458112
597492
848707
714531
306478
913156
350412
746923
746576
782753
58903
866832
882621
478750
744313
812684
392794
23831
329477
688107
128296
92168
453543
614668
623296
302142
642492
658842
976735
432109
170292
434847
29602
18999
665730
336080
448507
16143
83004
711435
798896
658259
578268
197869
137009
838933
526905
46155
862764
856382
734262
507413
948551
704158
122081
88199
522652
280926
263393
15739
713035
433685
966938
742637
452685
632669
595070
417544
648812
678074
128980
964060
852685
707248
161929
506046
62533
688835
552201
441649
61569
802815
949062
10120
23325
587496
614671
545978
868422
878064
78069
97809
311750
45008
356799
280787
677677
951869
698331
842841
146295
827311
806901
998980
50911
485182
505026
113444
690369
573579
555094
751939
376394
20508
762059
399720
608004
893083
462050
992778
287499
540119
90588
599249
585127
447387
396388
262804
915608
94720
621997
61903
438383
428898
577235
5647
430433
82261
119091
120802
172192
190537
872741
548586
211046
151153
948306
819050
44236
410356
811829
331735
950476
418769
447337
51955
382508
843725
314760
298116
454797
453109
876371
409533
882008
453606
415180
828793
52219
50623
949595
224411
241161
822337
289349
968559
973490
754008
787609
534078
680716
115790
382165
147544
50911
829502
199500
433419
189580
30612
247887
160729
483721
640610
570262
882081
94216
501794
710874
662787
552418
660470
403550
793579
482807
209252
762138
972649
963260
66099
506727
643976
698242
888892
791521
749153
234747
991021
698925
940679
537985
946812
101408
21706
587423
188023
903788
197991
689817
131014
377131
242235
791484
297033
552166
790643
506285
830656
279644
469545
413108
786371
113522
627702
191616
421395
893207
942715
928768
592132
883394
466753
55297
501154
4811
642720
205529
424951
357063
895347
555966
250546
653934
863802
547580
722453
654446
53865
69461
934090
523411
998921
236814
153285
626623
944782
574680
519831
403849
19800
111963
803595
486553
683612
304749
7716
842684
26631
432668
199748
921978
988634
450294
92264
852436
514226
331069
23234
568092
916883
473677
607855
915804
710491
761140
542428
171625
852172
578611
575474
871972
206926
379069
874877
890539
200170
882593
733223
226801
315261
449323
665131
820247
415970
273748
189036
930196
604817
212270
498288
521700
202299
622495
953857
429142
383635
496285
600767
752159
591248
692593
624131
798174
588014
15360
688713
788185
897954
938289
531338
729567
387612
196470
66167
803582
986570
255203
733779
107739
983825
748419
145792
186125
370915
99649
615267
270902
112286
732387
23062
703534
424980
163545
501708
12995
178906
706774
317532
593212
645063
848870
839131
32675
561692
905298
836258
64614
160501
86389
172354
660679
834808
318146
363156
722075
417795
978423
992978
46433
227162
532392
749967
168495
212289
768027
697842
907547
991153
531726
500759
636216
380596
339891
185244
458641
245189
537854
523255
922043
624243
211961
582722
975403
530107
945878
213831
464254
440653
723161
510687
184168
771905
260654
352663
984194
545034
566857
891742
536187
98583
908853
688756
995531
248744
874000
454172
10286
928206
493780
448681
68801
705741
31403
560556
752201
493633
774387
216455
450638
13900
727143
634806
785805
504149
503821
770000
49183
70678
178094
101723
685613
86947
790479
681145
852044
180831
651669
862330
109037
145449
827363
177838
367543
375118
738394
119744
868751
29134
852551
319389
43034
96046
470548
828840
600196
490721
115192
165731
561400
293286
783806
763365
896585
574285
444510
748629
271468
96180
127311
380505
757981
954674
74695
641876
329792
329442
761620
714895
358576
130524
550637
917962
226570
537537
263154
343118
28258
378346
25202
106010
187984
809008
869376
84570
899646
313886
349551
171114
926418
476863
67972
684400
947889
142667
326276
794034
472109
604249
508929
347037
734773
575918
781352
477695
113455
44506
820814
141714
422853
362368
247724
127189
171376
117100
728111
587374
430987
77663
758489
357405
70878
342813
558157
18767
485480
884434
329153
473942
5035
838083
337331
739808
414001
118683
733855
527457
163190
71021
185523
102395
433389
433247
745936
121118
550348
474048
708492
497687
551711
466981
371444
138941
326146
445954
674060
811627
330388
3214
801921
851775
357649
655604
107935
288002
290640
841790
815459
453830
912812
517334
72577
346201
950582
818513
467319
17282
808913
692164
514969
876976
675497
402765
15917
1644
848719
689978
329623
695459
693192
647896
547234
567193
303500
171521
855195
594140
13312
187007
564322
442476
704341
636899
788677
654923
971765
772349
672205
780678
980865
703526
657655
656362
622644
673572
658006
987715
879902
987629
199527
89446
635525
263113
656639
939026
434635
511835
49518
447947
215194
613841
890423
919535
767092
195452
90811
255209
484153
279368
35888
465018
499247
209895
121381
121891
399819
295739
625958
279722
283369
825485
885520
435246
88599
542160
374272
523234
570347
940143
487533
785541
70336
894308
221428
837428
89760
312239
92638
90266
591608
644878
71636
90855
854773
193017
729098
254592
488757
871408
50666
288478
696894
936187
723724
301845
994699
614349
341431
81398
554492
828964
383291
624828
723272
604719
978608
329384
916959
71246
936002
24919
232476
7639
632126
87249
200656
877576
858194
205765
748984
425212
494243
962230
361399
734320
264075
872450
348669
605506
953848
419513
950822
337139
44341
190446
458211
22949
519831
375170
610548
455833
916441
359376
979824
64919
446626
180481
942495
821172
902598
691479
246384
913194
170062
124136
647514
434137
996586
996183
555996
466787
415696
506818
803926
976389
697265
262137
515690
733448
153659
642590
705633
586452
1967
685458
651371
964945
382291
593866
786117
801241
801698
32501
714435
971760
672989
361949
922249
669576
874484
478245
136363
806532
501416
456641
782921
198681
235131
814964
448481
388790
457554
154114
491595
459521
355924
142966
424466
738215
253185
210583
539457
571235
759437
770244
59347
432426
648546
981596
618354
523030
976194
271069
329563
477610
727711
628836
192643
962842
443800
641124
867984
901355
311590
359579
877228
667515
18898
818047
922082
788435
544982
977891
359670
304419
748136
419017
253198
396682
916965
871552
436064
409511
658974
281979
403473
386685
910816
596116
865879
870968
753592
250215
288675
65183
609795
165904
732698
145045
983951
171132
933480
45285
149024
293150
349705
897160
228519
119255
810194
661836
507159
246258
587700
166133
528238
991173
69170
955406
103642
935049
826374
857234
185265
115050
922417
311412
797306
171467
456457
297609
858952
906289
342894
7976
715791
208951
421488
944310
328206
748034
122498
351718
994292
226550
517851
38882
217724
103374
994288
321366
38423
337015
694952
740040
968417
133722
567804
765723
305189
540613
579684
680493
446902
922578
688469
162693
647882
626309
623355
492440
374343
262206
844158
368636
488756
878362
923870
706480
981736
434511
544198
536511
771526
239151
276552
739943
372873
844356
22018
194414
384970
601702
874908
348224
40632
79729
510918
688514
706039
650625
180955
80382
912831
25113
965370
401588
419827
889241
108068
401563
323752
168619
938075
611630
924122
730979
867925
296995
91687
889943
7761
993009
491645
399021
341234
532277
478751
852152
737144
701142
502777
918099
297876
931961
459564
263247
333549
879392
668840
957969
797307
508944
126588
251734
120574
50710
982713
988499
864057
590753
394794
871819
583762
886439
787192
924996
935068
782295
293500
672212
483437
312630
106663
781314
244591
566228
560913
578140
961972
746105
536109
275631
255049
179050
527366
891975
229760
26431
396826
93818
617184
791620
481989
200947
194411
785533
125943
129479
567829
419444
318044
567618
248426
424707
865284
493017
507287
942549
71157
985611
688654
123618
261243
943703
302668
304961
835678
532429
331392
748856
142599
948577
540476
140940
665876
734887
926473
791819
380719
10654
727615
215115
578273
976041
156174
959909
985410
179814
902459
56567
165425
591113
180186
943020
51169
482854
247981
403199
531635
579374
152056
674234
44303
692532
331526
710179
943772
774352
18350
840843
785006
262318
572310
879631
238359
728484
839541
740122
908298
258352
796689
590076
849465
493227
533096
900634
976082
781078
303834
24069
876804
972242
698304
921107
181126
546182
147638
124898
320534
165988
482093
105541
428306
54403
501524
183018
299240
341065
923140
207538
115769
719829
313966
965235
729409
363415
382221
705491
660845
202407
729560
537649
174649
944216
975108
355776
6751
122746
997026
327285
288734
995472
949178
717041
49875
450703
416411
349115
308120
339551
73006
423890
575732
903324
905477
305141
266739
287698
526984
927584
6458
772897
465233
181107
233465
956693
53235
240216
79439
50262
567502
368174
45734
516680
601567
611961
483735
534330
477429
308208
873881
550435
732098
965965
970111
153927
271107
236851
441625
798091
164435
448083
570988
146021
145543
804454
619066
198778
561022
698506
249040
128524
583032
811126
161557
700951
423088
161644
235281
900517
469852
625514
967304
718302
591479
937415
872229
862586
690618
313855
177030
371406
278290
264370
33779
423833
585176
652845
138964
146199
351351
904356
791075
450735
715483
952632
151686
138571
630629
903319
555440
100481
528833
39096
818784
120313
492863
691013
982899
183482
521220
676281
71240
315863
940652
105019
256048
525828
757864
395012
188379
625568
299369
979455
592655
14852
448439
744342
669775
79068
647661
741567
695902
176495
780663
514686
813160
789878
722051
312411
973360
243272
988693
560952
559135
929345
665971
331535
971525
940188
726548
159905
82108
25917
139360
674763
557121
104151
935457
743248
183220
583119
484815
879122
275966
781830
910160
89126
571708
632211
401537
61421
391835
906582
622373
467322
352279
804697
798858
323805
744885
41758
62
343345
67675
655774
18108
141148
759925
953566
884396
943145
53037
369211
338619
845355
151041
248779
450833
239101
397343
852370
300522
305530
275305
922896
772853
627584
727593
88063
467741
988830
129821
467803
848527
713848
123577
866635
854996
883503
336553
739392
343000
905942
624955
681620
751297
292348
446751
718482
531449
844094
570853
348324
149625
362510
787572
438830
990094
515165
43245
457836
20347
689418
441991
868874
403266
565569
251861
774614
965424
104767
514006
308424
527061
655313
506396
278359
947661
953148
996841
995462
797242
84046
343786
463219
962908
131358
418401
953003
162875
461646
927191
699574
151064
369182
84800
70682
934751
336662
845296
416527
957781
875654
724952
484842
530967
231348
279553
994980
700848
792747
506795
14443
393145
850581
994014
356054
498292
412416
309057
177519
390414
752600
393446
57831
121782
478246
128513
572886
331260
490162
989413
289041
365816
230717
773884
413136
978418
569789
924468
679266
362536
431263
210061
755682
798197
204076
111736
812841
616492
937145
990360
523258
689745
900158
581089
811527
378405
225955
900765
709665
232469
406531
515059
598285
637248
805295
527773
132018
375084
452242
327637
253973
883505
537698
9655
681702
741774
637743
10895
874618
574888
1256
397877
264633
901414
978966
592512
796171
721273
493278
22189
953742
416161
537248
68380
53409
858895
112505
185428
750331
564747
513065
4304
964605
567115
13959
162659
308890
168054
173555
183508
742942
691163
581385
7575
592577
76704
116440
905101
314329
126070
927290
268072
542231
980890
852804
111992
839785
965309
297420
106468
46409
326837
110773
11014
893953
641084
690025
719195
809139
863580
902703
552081
554743
441
76009
663673
77145
708801
85126
907826
834871
12416
692250
893454
993306
545054
5446
349443
510364
819219
455911
73125
662408
83036
84139
72713
724121
774164
791908
49612
154097
210964
118045
225192
211405
194054
405217
804902
419207
490343
712728
770430
502759
404979
663884
12417
466385
669331
878212
493101
4902
334124
566226
667310
417160
166717
740024
657633
940882
531932
707245
611331
742896
825291
836523
470653
535697
758093
275555
954905
248436
504636
241687
267548
909615
905572
279965
376000
91255
674530
385454
96157
8654
951680
763467
942166
118398
503491
116152
575632
551776
339749
186963
811024
681392
539838
281678
217090
814283
73585
688347
62720
578221
930034
330268
487836
351958
126585
380189
443213
317467
765643
539370
842473
233675
819190
300992
352073
322681
417144
927705
390809
756893
631020
201834
954638
687211
999864
171728
501494
73449
376427
80566
651671
822813
927186
655859
174772
570124
552400
134337
887591
834395
673708
730065
68071
492898
31057
420144
331931
964553
864202
239093
237798
11574
957279
192436
215137
957143
880516
232984
546944
773295
313550
198615
596109
757089
370827
287233
327213
923227
421570
731156
757623
611630
977573
825694
104528
524982
762190
952812
489535
142744
191905
243686
154319
149184
436122
885808
622679
832991
118792
169623
606286
432343
884591
202395
705784
255418
5980
32997
178645
427551
280505
452620
39181
258079
278314
660062
783061
556857
129226
788949
699601
837483
32635
370272
503019
985109
256081
125698
818100
374873
295321
424387
323568
179912
143134
29352
951682
149115
578701
646680
93018
859207
99300
648551
633638
893967
824965
416699
450824
470543
205648
666777
308026
238283
37050
811045
223393
809483
936743
557845
184356
748417
498584
24277
444681
641719
569981
396364
307186
665035
43044
916556
524242
658696
81459
157880
552663
906425
90931
519839
376968
296580
186617
201347
51215
740019
12392
790960
549502
465488
348806
250210
730257
847390
274487
174938
5461
360821
87654
828999
25856
647050
261907
66450
305747
343367
740682
374762
766144
831613
894602
659464
644545
597571
860811
212113
337590
389556
3073
403444
855044
868231
653654
585301
715622
444494
276591
237435
805315
364246
582787
347523
11296
361046
413973
833395
704413
671007
208158
986909
18972
619112
646374
663518
216683
23537
875631
70625
413093
395056
474069
268137
263288
644075
369790
495262
88569
646382
249049
410236
526980
831836
757759
54628
192883
688084
888024
413648
359091
612534
400558
378064
747998
563284
557934
481033
586821
949917
551658
999915
861325
542079
784404
124613
186154
154195
619875
791076
800577
868925
201312
327557
217113
959072
382185
926348
647156
786561
339997
522600
399095
256907
417016
663445
820191
491302
144478
407012
957571
212488
406927
818896
270919
191332
459862
457074
861879
79737
764502
662456
465014
965814
506365
198480
441238
404902
124828
88395
191464
981177
127347
106911
238084
544363
770357
574627
552017
431187
981640
509588
643676
904919
844836
914595
612603
304698
888021
990834
900788
652523
653290
882154
134690
676007
80634
575928
80910
721815
180675
788726
702992
308022
895637
457429
368737
182346
32056
920754
613534
530048
946694
773562
951320
791531
204509
563923
96229
92531
71110
997017
261406
724400
879172
396096
916760
476158
972025
514022
197973
152700
302748
417318
977075
714737
874747
345812
897084
906803
782919
26970
953204
729613
316884
904524
37496
521393
984799
133726
130276
55909
647095
908035
296662
42619
304131
213422
35130
792508
727444
233103
945209
546544
166773
922284
261281
41520
784448
674717
464676
567367
218039
417880
296981
534923
838756
850829
572669
823555
500907
219297
879465
664355
127332
692479
706974
947816
905901
258456
740324
149697
7912
201885
212593
174685
124169
473874
216206
424970
664944
197234
992337
882983
615114
805670
934259
453870
656500
506928
793777
157407
242577
673242
821762
369910
365721
45089
317726
787974
303545
58050
454023
827809
259936
666616
2495
900457
656843
218701
325427
321787
415935
834117
721122
547401
639787
655381
517623
812639
678661
311400
970047
921239
500995
308161
807501
383068
353250
125227
171043
173148
699629
141418
957
475917
808035
519804
892727
981230
738505
734506
303017
670792
568623
24139
734545
208411
679521
252168
21050
874534
79921
507449
795773
580916
815611
603274
963984
685213
244853
651379
374713
944483
792798
892023
936752
117185
411827
829479
98415
666685
563986
401432
337477
132609
941923
588375
857372
137796
356895
394775
12331
436816
902224
324456
534084
234187
444083
498069
435753
688936
149448
810466
149771
458598
702489
86524
575783
114317
432355
674198
781002
996341
591982
634831
645303
50258
739558
19027
704406
96454
413802
716737
49622
832379
557546
583707
582918
1629
598128
18671
690565
263928
345490
840337
722527
47979
926861
814662
678648
359216
5213
976002
871910
113547
127186
33565
163805
866744
52592
868212
479550
466395
101301
529173
815126
658847
629232
398044
660476
227360
416716
867394
491288
762206
707731
730167
326537
150944
544830
5186
26512
66395
497540
414774
179942
624726
448339
343748
7823
500932
728312
487373
483679
829613
532898
298805
4813
162130
696849
665289
905842
113565
49035
913483
392123
756766
643650
718661
424062
704832
240199
450575
771227
254091
381701
951170
878818
830041
811270
886641
330973
539582
890366
814652
885547
423265
629809
406712
101747
326658
588354
7590
956576
637389
921073
348699
394156
81075
583712
334570
785908
340263
301497
557135
594355
683199
24657
473173
513240
352279
876166
360565
408213
282884
691569
810113
222501
321378
216825
324249
648036
805179
331839
604612
442569
769264
469664
353077
850339
53376
687647
636247
393640
989145
709735
987995
672344
250744
977520
185584
603024
370038
62501
527589
652922
754070
337702
875424
75448
554528
199673
239836
359707
47864
360801
802276
817128
346817
155353
183819
916545
843001
336419
826537
348498
46154
330884
20842
813250
308404
722778
932626
194794
785279
460216
847717
55701
797918
239493
647501
352446
439166
887337
712154
3382
764490
30782
336862
111307
702488
520681
27853
61841
373452
854390
410339
419606
185275
947533
749209
10031
670311
681835
204826
971942
142051
568895
543995
456322
808388
191496
808768
763906
595185
37274
283640
359676
584409
620502
987335
286897
657535
531540
348738
30988
902283
275429
966946
603910
222962
232507
613941
893273
914343
335119
381567
572746
904014
925562
29068
712402
633410
354189
992660
228595
907815
276300
104623
8576
896802
608311
295473
70690
139851
160563
618030
42134
435992
584976
646044
658954
817484
776338
68579
248179
111457
966498
337277
531824
408412
366346
244226
41822
236887
753239
786770
661054
29539
407745
669631
926342
16056
481456
513384
672260
642020
131414
230746
594364
232742
876791
769671
50226
169481
838250
814757
797290
321101
152035
329114
729513
34733
89693
287688
787972
842932
74458
449026
872471
482203
635009
315165
498260
116466
828549
170520
274838
476315
401266
869202
709058
794409
638873
275636
480242
993476
606746
277533
830929
758781
606647
560442
793514
696340
848130
97838
55624
922588
63216
928096
921144
698226
759613
935756
331044
104515
106276
605882
580830
23894
991436
806240
334656
146662
81877
814898
656490
688623
92431
487419
963756
215431
47861
273622
428123
412344
371460
483748
851284
434676
411844
772428
132902
687809
708184
980298
792324
330812
102532
373155
871059
93969
695747
205715
756983
777624
536965
413473
982599
145749
900892
462707
877532
948753
736329
305655
877449
107789
789403
728734
542466
717599
17514
191720
405409
725699
688371
714085
572863
790903
603592
443922
401224
299340
165989
158207
593316
219307
571680
92268
881408
988924
554975
758940
454030
291305
64595
331479
399094
370351
60213
457912
87950
594080
165985
9711
319779
854356
240149
408994
161611
843741
369269
562836
143081
535258
237395
736398
270917
325428
345018
152325
314352
899993
911265
768382
191298
492213
616214
106745
862564
192779
81009
466866
786859
246994
992930
106638
617702
233079
31985
295666
76820
401254
858502
736254
936512
612249
989004
723782
454029
334022
876107
768382
234015
303725
53116
425314
795938
669330
48411
658502
378462
129420
641720
165321
376415
634650
788312
510469
867729
820297
806135
944550
221551
180989
680804
674415
793239
186160
398197
763620
520182
790657
532002
754197
94382
101471
695863
890320
287153
744274
65174
665615
873695
706894
830937
766462
341545
619249
276931
725626
955898
599419
670176
177449
780408
867332
368216
89999
53492
766414
853620
90026
73423
901974
844224
167805
519797
540087
574477
806951
800714
156003
988918
674409
862897
336207
957223
720794
471808
234154
446421
427706
349925
632949
121507
130334
16634
489724
736685
586478
772490
590305
676505
845913
8632
520729
530070
528429
577168
620899
851732
377882
776902
357003
568643
156151
693210
525866
876946
681371
276373
839719
109077
626298
472668
746937
756632
489302
236661
493318
75781
525503
599975
268638
887768
124959
789367
417838
653389
882887
555089
21473
260770
331991
894828
829413
488142
588039
871632
881440
269410
148005
721159
894839
774303
710180
641776
47288
199482
394789
540606
791615
436644
656933
60253
324412
781893
365972
258602
951634
248860
813691
489459
25982
662034
384288
371747
666529
488679
243379
547969
274441
391384
785481
169280
165688
495661
327409
212976
211495
238550
269934
519463
675195
443219
96068
515959
741464
978393
774562
693098
743605
588253
698910
769587
766640
83198
141334
433169
571877
901066
497490
846318
292450
282971
531950
974490
294984
375711
703818
22832
130614
973752
542295
322161
933324
154715
838120
674788
133108
612682
367887
876713
717288
583149
162652
280
666347
303987
433449
754576
205053
447291
117246
13855
730263
165548
988346
541599
57612
692164
80783
188226
182269
623078
26739
115593
294146
864859
306733
943606
993894
190972
820320
227534
774121
982972
227814
956820
803311
661263
711396
524716
108554
344994
538572
355169
510543
43270
413121
84507
251786
493904
272733
434055
633335
299472
66000
927481
680683
889086
871087
674577
80058
207759
902111
854180
707084
129925
811000
510395
307540
38749
551464
932447
383743
90036
803968
410638
649658
217089
495145
901444
227346
284230
851852
860681
100054
434204
304514
780738
323290
691953
971667
403349
899713
873779
773881
123149
520056
101233
149896
827597
139982
701360
760044
40078
307748
564012
967068
957406
297454
462214
858851
524800
262796
710703
385481
362851
144907
206347
659941
468198
898300
631608
387899
314365
505387
678132
437514
25444
779365
587411
369393
435700
805123
129437
475778
112872
209801
959198
70278
507255
421412
929129
32055
200561
156184
933888
79764
301092
140235
739705
285642
38536
371313
189893
869253
393053
868025
306768
934849
647390
410531
304242
599442
215654
950031
75220
328526
676184
34419
398805
183440
972183
844286
731847
689096
471
182088
768860
817915
322323
508565
619909
877211
396231
809802
746465
789284
194179
569585
240485
357921
496468
544727
957364
228474
11110
32584
73353
687294
583355
988510
387086
71891
832796
635286
760987
349619
817374
46200
167534
656049
554765
303795
533261
467348
113597
796078
256632
307776
882015
13469
665698
894835
74548
623062
123309
85658
171998
196662
289305
271706
185172
192743
859949
534321
344381
137288
883940
161755
183488
567827
334157
254606
871622
383770
721954
985220
179848
494939
809348
578215
508408
991398
473050
582957
130812
112711
184967
819163
825726
474272
607221
10898
183368
467170
61571
527749
120810
945512
205857
304299
513339
540014
75257
901313
923784
797211
402885
619984
808502
212234
714551
316911
719984
703953
899868
367149
816664
84835
702664
158742
75460
309885
169641
775180
293407
231212
302929
414217
693076
25138
234868
722767
565152
826477
624081
5288
623689
26966
141624
432191
755552
856175
265454
991889
560128
165322
359038
893145
766510
578054
51887
358322
887939
737880
649854
697698
485445
952783
628267
178521
494274
379488
901289
59426
205965
41722
581067
346006
68688
722691
778198
824241
95219
43652
816130
655347
725327
691520
64844
8189
269574
633084
882863
673865
887316
532717
887915
372761
1852
516182
67635
496126
895670
485276
71905
617988
526998
652972
963994
595686
892015
258544
419927
987234
818549
752409
158934
60228
443929
740130
68417
229855
889566
467632
903720
776883
349
791635
149644
2201
824170
217279
14680
236192
702555
602937
854180
745905
772261
334527
341592
664276
593071
277871
167863
411620
30281
843149
471848
990562
583279
56617
220418
472846
524249
640490
249729
40950
948478
915725
559504
772648
649357
574184
8840
868264
177121
379373
614170
949382
713900
955762
130010
306971
749985
297873
234944
296618
141022
706792
803533
240654
279762
540303
713500
320363
180793
479581
361314
129271
395306
437170
901919
561015
11354
427112
429280
704827
806485
43450
170561
520385
515564
816923
343708
265549
631149
578652
78520
288523
801797
882053
529177
81559
422356
759029
401922
603149
754962
279588
248773
666621
716758
667044
227636
244464
94156
656916
465643
416993
216718
152556
453730
732282
969480
797439
514184
600629
376091
592704
405504
177888
474757
934682
775799
413465
210063
694074
16614
965026
973662
781739
631647
206773
448784
375635
451237
59292
32552
916881
992638
249270
585789
446368
497905
555269
760159
12089
672250
652603
604793
77755
830491
595902
528789
122643
9367
738852
816717
542333
703878
306731
840425
851877
513504
805561
227513
481094
381205
776417
914327
373843
25687
500116
336564
39944
55386
96723
52033
727636
749326
173178
321743
96170
285432
850532
735165
294799
589385
551882
353485
809615
374965
193910
177845
888470
515823
921710
885916
897028
698127
800243
787224
240166
300359
123788
280111
355745
736863
332144
599734
486190
21675
437829
98712
307107
288362
833877
118259
394099
902111
471744
720066
793428
182006
897911
198250
697829
819621
84166
111209
34100
884409
898433
274267
184769
22221
554378
56866
759085
402874
172952
761627
424549
610782
376691
731657
899144
726920
366268
293243
145383
838012
13309
938811
536370
427573
653414
750551
763546
737580
861760
797647
138342
760194
71914
323111
298767
626292
896329
574204
545518
69282
852183
486420
680064
228874
218077
579208
472146
584345
388803
617529
938709
918464
72693
991431
346037
726107
741982
625936
980039
120094
423583
118381
396640
495497
957844
695408
638141
854174
785964
183659
923456
638148
670079
603520
383374
404508
699080
855521
505205
604235
989402
960266
522699
578447
951697
385089
304554
210031
11025
800946
846478
434608
919327
243118
446457
877172
454878
84598
247698
240843
784609
171154
395343
971041
291026
778717
375549
506458
150590
397107
110693
656345
873725
149744
234792
825423
51185
55699
551806
62210
856645
398284
13170
775972
157755
975979
169496
612633
60577
417194
369828
361539
104700
765171
332580
912078
60241
224481
418536
210831
621588
45581
867176
495314
195326
101969
837089
246511
674020
905247
825074
530665
303532
354596
822989
977639
330576
992486
590272
907505
926032
960101
269044
30733
241624
117976
942811
301865
342458
877700
29049
480398
923281
412577
492064
634959
30898
845505
397823
704918
750753
222897
235583
570637
93845
58573
548276
940773
51059
654900
848279
493443
615001
633675
524176
856626
751652
983340
674843
94110
377392
703892
90860
300673
116470
582925
935633
147368
428430
333456
852287
179183
72705
604222
266172
682902
662795
330800
623676
230206
985701
471955
723650
600702
621982
764178
973680
373634
263870
164876
984096
641262
385120
74957
458288
501590
174234
910273
165311
602664
243729
533950
298200
832786
138172
80724
515688
317320
411525
139364
547526
397226
127671
787528
514280
266006
68059
487961
155992
848281
169189
140089
489544
554309
731398
464184
55900
905632
374457
737563
24648
618186
787865
839200
967324
926037
919925
999364
759709
331450
138729
823588
728676
782752
611116
242956
565110
195527
247269
721103
43809
416458
861192
49705
487120
108942
513889
59372
530926
888346
796935
555574
22884
584800
394775
506560
27189
314700
505924
786899
162502
161005
126839
891178
943758
254307
650486
25220
449835
414108
746323
9996
346918
123867
59701
834038
232809
89942
893410
763735
978288
206697
319310
517524
791497
230437
24084
335039
61489
530008
638290
223991
691014
765129
631521
151124
19436
282007
176344
985623
212467
922668
995619
559386
46535
55320
393424
795697
145262
803187
559432
639902
9884
395094
157426
317734
625531
697862
652773
203372
227871
807415
427363
435237
572544
58884
586361
591980
857244
279057
577604
586063
201725
89575
145449
764613
661248
55226
560310
322862
374765
636094
962765
384649
31189
636543
702383
173072
334406
871508
376445
78629
678923
320160
513866
767819
895397
616579
359800
268993
895636
453756
855056
613714
59683
516858
378327
720931
88436
938637
43794
463201
574731
6559
847850
122272
159454
66586
295345
10212
938094
188142
88841
133370
508302
119059
901189
920051
735638
777341
189044
147627
747449
44101
761341
807133
77311
139668
528064
165747
594657
88210
628948
685740
94769
993150
808013
770576
59736
619710
780788
514183
807852
385982
163905
832506
505041
65094
268910
757032
358788
457954
421011
622589
18407
182352
429722
95718
838372
474139
261465
433029
562349
406765
118769
173471
399916
443134
460399
459652
62844
241187
490187
387048
143521
654092
735907
648563
235539
4817
921947
594327
462771
342958
216916
481179
41662
162991
93249
880034
153482
871067
313063
232183
277832
948184
922006
677748
391319
382405
653753
454163
139945
143940
357564
283466
314385
93471
448381
549924
98288
370328
660603
561059
229638
393871
558590
271300
556862
168192
151334
226696
39259
980749
458880
833443
928934
897238
511192
320253
279644
681297
290768
419589
341589
648332
219407
655974
741803
667789
205898
840091
554469
382853
917503
784108
776725
476093
571760
333587
644285
723095
76636
199896
703844
51868
33340
149130
949106
60884
469383
745102
742181
760152
681043
600122
924836
900451
256097
666640
568240
978347
23083
122709
361201
940586
906817
137926
933032
478578
987865
93669
718025
64501
293566
938221
116369
843258
87352
581828
904142
73087
326930
162675
349591
7974
762797
274428
908425
535246
941068
476665
513594
964151
115726
391147
421090
538896
529073
354122
533826
33290
447791
251851
614144
257709
190072
246865
100967
793776
828693
5109
866864
155624
684136
216455
679950
446934
490883
588375
982180
948303
581392
12126
428807
697118
403273
849897
236014
448698
204019
286192
481989
168162
538043
612485
425872
244468
859350
526839
554596
688044
48301
421460
360020
732437
154268
39970
695723
645151
144697
677904
109807
726089
690030
538614
939559
93304
904863
691926
58354
625234
978118
56695
793396
32514
669180
735620
276982
528531
778812
347930
732927
827113
769391
609299
75902
923659
649269
771626
85162
310318
449530
711321
36407
655912
766287
492318
265568
671150
184244
323923
812736
678715
380618
122485
711229
566151
858105
504563
94682
636917
852493
343961
980382
138236
953260
56285
578247
118881
827911
663410
429199
277441
891083
981958
449705
657371
474276
715274
844873
174873
555549
173962
853588
936167
296447
564817
502318
154552
585732
113352
307822
438225
457313
288204
576462
926925
344489
671061
45806
688752
334471
991357
482545
741907
973315
932251
399278
447592
163877
760503
622465
719426
934465
992405
655593
230912
557222
674264
901817
659306
303968
725991
613883
277634
14195
706697
204559
875037
377759
766718
80141
228582
758075
562687
970489
731391
494938
886119
695335
658815
646623
317800
378241
97440
826557
550186
844705
383779
740802
262874
559437
561123
988865
173320
838757
519412
880018
559668
910801
257777
842738
990943
486359
117166
553630
973201
848557
564920
859320
60244
740087
22295
894396
634680
636088
720953
184866
480793
621084
442021
260019
180521
3144
248884
870193
358253
284648
750211
434273
195450
524340
277012
186393
527052
394178
256375
500253
759087
821295
875925
335683
77734
898221
230079
712414
50661
951032
413632
531454
88468
855653
307825
268989
375149
556709
139182
249754
841357
405746
684028
553159
930086
961040
739552
973490
871570
512279
473743
147009
849926
866021
482692
927660
280594
229123
640074
331255
180155
53707
379061
268623
909360
686886
53964
800862
243595
709498
50616
601304
115244
734644
154464
561683
212036
410368
535173
599958
922648
8917
263319
772574
874938
746011
216587
155532
975134
856661
3139
671641
910368
382200
456616
336081
69086
26932
653295
829033
736431
703911
946689
851675
954908
101153
413358
166944
27874
464884
283255
466874
473801
546574
755800
865091
808938
972387
536975
300424
829049
56466
972066
255769
438666
945034
108202
24104
971967
761497
853137
708398
465409
316178
76425
420317
417332
6136
103613
961558
471020
386868
428432
461173
449795
700584
842616
258733
672972
895943
559157
18373
952409
47575
274142
391075
992610
382345
931531
480929
660194
784668
705679
125603
100846
782104
62272
34530
304592
682238
512440
775612
585458
457224
753137
35253
157809
595753
810338
830781
491696
369496
365506
960457
933423
639648
351532
442385
538345
799415
923314
198540
100435
628993
840495
717634
927450
419120
752164
232042
101358
780957
524007
686816
238181
277144
238422
395990
872898
48760
743123
880946
934608
108629
841404
868032
264630
709288
310417
319327
508704
750084
517867
609139
895429
874715
326773
822879
293835
595290
571274
911545
376247
95281
114713
130780
372425
353135
526771
761675
918248
786246
642622
852856
894876
484026
237240
159506
709666
64010
478833
218370
330446
513053
343862
225875
904120
670635
48755
714307
265925
620029
142204
158524
231662
256917
289305
604087
126405
332428
365763
44653
118674
524737
413861
529902
525115
167454
689408
234781
231464
684594
969504
561910
713999
313366
304137
134471
984001
352892
848778
766279
489273
507334
441155
720935
764251
246812
841375
890656
579240
723490
935309
214267
764579
865523
744169
289694
32977
949930
40827
780793
150876
10331
859055
864875
323697
163192
515698
824051
32437
880828
106682
521710
388162
64189
758998
152413
311002
116725
559422
890242
840215
11083
104509
604794
876606
848679
410840
909583
314961
451667
206728
465837
461999
65783
330712
302048
228976
362762
642451
261413
243590
265485
299475
631752
329675
58473
300517
157029
691550
859939
47271
531765
871023
668133
652911
263981
33164
63751
689917
348125
515419
896645
813962
493770
962429
661026
312170
707757
23788
954622
485522
783730
736459
784997
931834
582486
359823
748703
739515
51373
608643
786787
99491
996018
971272
752402
259999
520788
816154
466268
868913
847925
362914
199227
341695
841695
376605
653865
549452
916745
124839
34974
700475
861299
336323
148661
443785
696146
897364
183301
263872
22359
486440
363363
18377
974064
115765
794729
494852
931919
260997
363765
779844
140263
79344
637891
981958
455949
291757
531410
372694
416596
82736
589521
794247
419060
738182
754385
115206
635546
937686
895430
657906
940478
258793
192635
914542
374559
503716
409394
822830
281066
289511
119027
421329
368855
756918
403288
341156
565027
934698
230202
497976
17435
819723
292223
952847
557905
46608
584405
709803
500646
479836
884061
441124
738629
593049
872018
629540
96765
281412
452371
894183
570923
87750
315513
456130
844668
718801
797286
926048
169851
543840
424024
703638
363563
232599
656485
437820
795560
240891
663976
812558
720727
64389
770035
975708
657438
642053
605249
270556
923466
57620
164739
10741
145370
480252
983224
506390
715405
296862
948790
885257
840703
372814
588895
204266
121766
245381
158439
433678
2624
822415
246236
723351
886804
16271
699059
60595
658325
304308
331151
98143
878280
12242
625236
540002
8847
608460
46393
724252
905323
995183
609509
262378
884350
198405
466644
522468
960138
625083
956146
962762
963850
202382
202465
850655
735006
417876
911250
909683
722185
758753
524178
116817
770995
149414
656820
296194
274227
219565
20447
695902
731100
146308
958280
615450
861065
941276
137918
821203
82712
610416
300317
46562
329151
502782
413569
580509
920659
841171
490192
159196
599924
530722
276013
887272
196488
449185
183466
470715
668750
720265
682969
399851
866574
641249
531653
727639
98878
185924
65195
181590
796340
365512
744504
641843
384647
674426
222352
821658
515597
712544
980854
631874
759618
773219
35498
956107
738757
735316
426822
407507
455582
109792
323710
838508
267393
371716
82499
366271
557640
147694
64213
870332
29559
325070
512176
930558
999496
734528
752216
31445
963425
249422
663319
723043
538993
698817
679150
277750
950486
105973
201610
406068
732117
41672
760928
515862
413388
843427
398486
487380
507474
462699
357713
53385
787769
869889
983943
303617
120769
252511
335063
84194
18285
998382
807238
73630
213552
486388
351381
164038
108713
69343
86458
357182
627367
363738
873045
557108
207165
271531
44488
230991
250582
918553
284376
554704
304794
784671
858321
425564
37182
193384
509758
571819
708119
833348
645450
438023
836089
513183
118413
944802
582526
204871
301985
726245
568609
691382
283353
292126
962913
844194
523118
729847
762747
323846
284551
583894
108518
142873
9458
662052
852609
35568
233872
560728
385269
879322
515103
221358
392505
633516
166160
491383
354739
984497
217628
439700
192231
17334
248179
671496
377880
771297
401344
656979
95143
685895
240873
720013
345120
250331
382066
197730
802252
615938
274810
187521
495260
789914
408879
887765
939782
91391
379148
294522
592241
113128
734222
784472
646814
498753
455969
24694
270050
373665
681674
881546
59560
922547
601559
921033
689231
499977
118763
7835
115915
393573
195356
611175
699839
120587
15292
639622
211978
910792
934144
320571
540273
184718
105044
187087
683472
77365
728134
469874
451030
409808
867772
26942
848707
985684
947975
54290
485661
583090
62125
117929
493016
257481
245456
192855
894420
260749
348829
622751
687893
799325
943322
228166
984044
564718
931606
183868
642083
659740
170094
609465
585900
554219
152760
434607
539903
617087
488898
541916
200178
67375
659845
209546
841209
421654
402401
735629
682403
751231
358380
886648
550556
301703
631167
50952
866421
562773
751172
24857
738865
437619
150674
841117
991838
303434
275724
48093
436874
280974
106361
153404
348350
766207
362950
189559
187861
765351
441540
386616
32934
799921
789616
99843
617976
420783
150795
749
499908
418320
25606
755125
855939
176281
596242
364129
996067
388319
928574
432941
669293
34935
586345
533995
317494
949295
239906
21707
230999
681447
408323
263933
997720
714292
363776
615696
135075
30924
616445
151336
965596
158404
906461
337887
334685
19056
218368
847104
407375
146942
280046
593020
181877
382743
127016
499372
332039
883274
521079
79390
81073
445755
343323
78793
160047
223452
210841
811474
770728
343639
479162
736324
502043
901976
590563
353080
921032
808931
200184
844759
955873
480230
437779
654102
862974
81147
153474
711365
964422
190906
790755
45495
153013
650430
640641
313060
390234
851482
640886
160962
195121
636401
413638
213516
538377
4201
566596
975761
329484
766781
820520
285357
763363
258299
939460
142689
339447
609286
370406
303869
800192
161161
865716
469557
327944
506357
298969
718178
357840
939856
395493
69313
92609
325483
282830
630986
846037
365778
123099
175521
132559
943619
977231
412275
201918
433043
554964
57717
42329
441723
361586
358874
602884
743655
828431
447180
250012
127401
165359
124204
583609
77204
193518
676218
402687
992700
823556
765076
358478
946655
940598
7390
890274
917829
419665
608544
350872
490981
666262
909553
932704
544200
268427
51941
287855
613211
499121
54220
256964
180832
178424
840573
258036
888294
33143
177076
880994
373051
942152
755825
319706
399102
279567
726332
833283
215584
851228
700507
706565
517490
610061
155622
578043
394840
723915
382250
8051
223036
436470
781367
920221
614895
138292
694609
19541
171435
388037
416888
60838
330190
172713
896896
245644
968632
623228
78928
184216
990809
779435
890781
24651
389496
562755
602694
300689
286670
984945
825092
26059
421415
606460
462632
552662
744752
157241
572204
432540
545279
505444
493378
391821
678157
906627
637465
163141
529855
716393
347357
37016
12181
238138
61668
401677
317246
664362
218718
120268
165659
43811
146327
103427
650271
608959
656089
911375
282553
744645
860267
827832
250089
353646
736005
444598
260273
373470
607739
306480
606216
955096
859849
618397
709587
921517
536426
543185
585879
755145
663453
267891
315308
809781
371318
965579
935092
543759
393306
217645
288405
253574
561829
54846
123572
297834
15797
900197
187657
139888
723029
310225
611337
582878
444974
320924
504395
981400
864109
606627
252897
43914
874518
568205
853695
245836
50136
305140
305947
443443
522785
110704
697017
600967
165551
336941
415153
697700
237138
602810
837588
960167
429387
448925
543046
874361
286201
47441
855762
666662
654068
625011
710577
44938
709569
564272
807126
759705
385764
113074
719500
908550
223778
932869
25869
905681
269810
441022
603381
506948
560185
440970
467116
989572
889895
526514
863934
176097
573955
236048
359111
744376
377411
69688
305666
86980
633961
112793
363038
536077
742219
82538
960979
965997
15408
986848
871679
285218
944223
991412
308519
504408
432382
291987
10332
838630
818501
874266
531079
908808
626666
890190
653184
520430
959879
958851
607410
110192
587996
970448
646269
330215
52987
607249
296212
584747
110449
684243
386317
54672
675656
694836
559080
624390
503175
85765
979372
321676
960031
510451
230485
103050
916994
400021
623480
876873
875224
747242
503417
463220
717691
666038
793435
287030
273287
606000
388129
900089
806595
774446
954761
998603
985635
30194
622994
488810
115959
602366
810487
592342
629170
557324
211744
546164
957345
835224
939389
832570
98819
442806
812142
816510
108844
121930
619892
898484
727930
8021
314925
50877
298819
269686
49481
284454
816232
672475
773265
932191
791193
100104
40886
420363
657428
252630
482879
131125
604207
422268
480047
703026
865074
292190
35888
490271
414120
655780
905107
658402
180153
220032
709279
478972
6070
758760
763427
822303
947587
53044
270846
255133
153148
311732
191848
326928
80715
674728
974405
201274
613348
454453
904300
994775
262995
940188
485046
193467
112320
906505
851869
292473
126537
77500
287797
132607
352613
51224
471262
816552
620620
742109
71685
290120
570193
779886
617048
167260
454614
591454
368534
584314
562259
789186
579089
341606
729374
580487
535073
358046
486992
903294
166871
129881
980794
454669
778841
849759
22245
766455
666312
642866
24916
737997
932986
595110
517883
66387
278722
488849
657841
647257
589516
736452
436443
168605
78058
682170
749093
613131
556568
752437
516425
723440
398671
13571
178109
177512
863331
200354
943967
529643
359572
968884
783992
292559
80346
818228
358946
359068
823429
533139
522677
412945
269591
475473
581551
864001
673995
846996
477132
230563
115785
509909
954003
514456
39832
648464
691968
419515
365171
152288
465510
724743
637524
249503
17302
717870
584083
892600
593290
407512
425739
632320
336810
211682
624145
434713
75683
298140
798061
69167
45055
913846
95428
515411
428303
135261
680227
636623
71128
45398
788911
536639
770142
942787
302494
787444
660657
886577
680045
770300
810441
622136
918972
663603
833819
543117
98316
909502
357609
896377
495022
919016
810224
590450
434427
754879
242063
114655
391502
313192
160053
696766
366183
446547
639553
668677
233992
816563
71606
430389
103215
882047
52525
22187
62003
402696
81656
160319
828551
439265
573049
323573
874633
383273
430375
825413
654504
672439
456420
46006
501983
132825
259124
868166
579373
898678
536843
329717
231593
608449
760106
334808
6848
328983
356995
68851
248032
955003
745523
76583
910620
318572
916508
785253
218197
346883
610666
872701
19322
67086
435059
37657
199912
694184
905823
779285
592862
959018
109002
824455
567467
385460
675615
90668
230795
548962
675871
478827
503965
421394
71762
414585
256318
988270
199838
474515
335154
326857
863568
870828
393943
298628
424838
110207
992812
330661
889492
102026
289680
514846
442833
373499
416658
118448
980519
647454
667410
656391
642633
687727
594137
714396
102312
366808
219018
818502
357675
70524
145359
221244
457705
539303
36224
882543
649510
29036
213204
55355
647414
19236
86553
90247
909088
503212
725047
889607
667018
908809
62350
826003
596536
656488
56751
215200
539648
275770
33702
897323
862646
179062
634919
320351
234717
671143
719246
400579
216531
932451
972286
863945
468039
58840
470544
377127
78404
195591
266735
261774
620752
845437
87777
217288
501925
660881
432488
557925
936651
466191
455249
315649
161605
606520
636001
912674
277664
355247
313253
10547
804050
285540
390845
788442
860732
861389
165569
455488
573333
948656
717262
194085
794094
321391
927726
812371
982272
360214
370297
435275
342757
341898
750925
20714
948418
903278
933388
742434
774877
246642
752982
95280
48534
660179
883722
909266
521568
565643
364754
611253
30652
598368
805339
824746
919759
249417
153469
902032
609631
40118
337307
468741
898368
88232
489455
363139
507862
422844
105573
282740
185838
374907
378020
234372
35086
778094
659990
73007
343737
24744
684260
374389
623112
5951
715487
59223
255368
868957
961255
381352
425427
298563
366445
323796
903147
855900
686935
411010
278744
308860
210102
464582
200120
104474
215306
751558
882568
875296
340917
226305
416392
541530
117047
39504
63833
832534
615080
835554
217843
576335
216906
643271
391250
583351
967067
810750
955603
170354
738112
750700
995566
948214
731634
195686
52688
946941
463597
935256
822237
804514
677913
238630
862396
794960
794486
926230
143847
409566
761784
361690
502254
495042
521313
893504
594745
488380
704254
550348
175086
442366
817400
170653
906932
549035
882691
959620
12328
862640
411228
834565
183507
605494
589547
45903
916806
900386
972133
60653
826304
250269
938696
328558
745311
460009
738415
340056
464742
442669
406757
639828
401388
224157
326833
308320
289544
209525
784293
301872
72165
711873
652790
255672
317367
758689
817928
234174
659075
790061
811179
1732
556683
749875
846642
301994
209885
585057
158403
674627
544079
81512
314455
461819
822021
157641
770139
111566
367166
70784
929790
955683
782658
582580
727708
616377
341270
545636
850551
516697
852049
661731
34781
408732
927958
881424
710727
137843
466481
385482
328822
10560
466994
159630
472379
289015
317271
758871
916933
200789
346007
846724
156472
128665
945656
884180
261395
803278
429816
111946
319976
281866
290029
354757
690598
734340
752533
917677
388535
219015
819511
717358
745927
286505
393340
734659
91873
710611
493530
525158
911400
355889
888234
67872
484555
833891
468405
262302
637169
414573
890600
473497
696439
696982
344607
903390
431322
97140
337419
819857
832507
156931
53567
578435
959788
446907
313094
568013
157518
322976
609524
585270
678865
497758
169495
679772
331649
637900
942074
485171
52473
832675
958668
265265
529657
819627
685007
960979
916768
538778
297188
749275
212061
350756
844062
688202
797663
157156
256215
471534
996484
865739
56804
675350
879850
226299
871474
211499
380551
813549
213022
433025
162576
688043
214642
692233
507670
416001
169564
940790
954779
983104
206418
166841
333860
566832
855043
647876
723989
627610
119410
236825
9702
176214
428527
889552
918866
300002
101051
299417
629903
830426
248794
792479
518469
463436
1064
542491
879437
170628
483282
350569
670084
206052
517410
3945
772884
888805
651821
13225
516415
771231
250051
526117
463797
678578
415669
899015
494932
33073
198433
124835
863499
447227
917314
898320
427016
918378
440811
822805
605358
440445
173374
275443
646497
207136
795740
935734
95941
447561
948959
128709
735144
715362
654826
715293
910293
586848
614309
405225
136273
329094
530061
516124
292673
447375
414444
719689
882106
855255
58847
3816
295701
232221
795611
458550
439358
591351
394284
51651
555264
859596
180360
806760
574958
351539
522054
1603
454739
652715
406829
591012
498161
453242
107136
790834
416969
37932
26876
299075
893187
85723
302892
705240
317944
614855
680143
273654
206207
590779
325306
761471
450375
22018
568232
541686
373557
606638
543289
828296
775705
466470
935660
273866
919712
42796
581052
336682
80728
607928
152109
490268
693651
971353
711860
527948
586209
392003
801602
792416
982783
643260
70239
949510
665279
154823
7548
38836
277813
67190
383485
53518
533660
835497
843736
969725
394646
941141
306407
991726
549069
458516
481994
759073
429870
710207
287021
16079
618562
88623
324847
601345
248236
395086
67208
913515
549910
591108
468703
344075
658298
368540
397594
191959
204038
757682
161684
598684
698823
984443
590410
764245
442959
588757
523318
389181
298964
810339
921612
917526
415314
246459
35224
663550
157898
618784
93417
707808
209892
562121
51883
868191
930661
965829
576502
651051
239864
254538
249735
455039
238981
356498
219284
198292
461607
258954
587474
760571
585645
25438
194449
960
271898
746025
180862
429796
881161
274280
653956
91054
352753
222191
475597
799766
704373
52099
450818
460589
822989
216905
915628
61970
89755
651265
776614
551362
426571
880440
828285
12217
905879
539087
529529
694129
801464
710391
640277
682626
501023
294233
773680
853776
32776
765629
169895
253501
817728
137065
714090
157069
870322
146071
219039
960078
313688
512005
27792
256611
392446
372430
268828
298325
911517
798357
992454
712981
25101
632731
395607
526124
443316
685639
896253
992444
451268
582500
762298
785348
719565
992740
942417
589887
655163
677808
66317
968851
189814
94110
741815
582260
466540
10643
396937
894409
325353
905743
123742
350454
54826
35702
392930
14494
721341
805535
523290
688962
388035
285588
990662
623952
278329
933080
730192
933492
127240
312861
418696
317054
406971
160511
415666
389863
687506
328955
800624
12859
751050
924367
879665
805876
960069
272596
336722
197762
594483
860013
403076
498871
145601
393739
122823
940282
326819
369367
390127
970411
682229
325175
803818
605552
485686
735836
511768
689544
64792
312392
702404
815842
753111
582069
138071
229532
371017
474793
427295
481853
334806
830371
980724
996760
740462
619899
453394
583633
989267
843521
554045
671496
168696
357863
793400
170734
93699
305168
376631
674843
133913
79035
490686
887024
177456
145109
632909
64826
619902
576556
546679
471061
923279
43755
984173
663742
663654
437567
247375
652921
797441
801420
840769
482489
675635
150522
653224
769335
455690
29855
444178
105955
625242
451216
509332
319050
596325
142241
900228
732580
718797
446907
203641
642076
7014
187814
305818
670669
141733
69546
839942
939174
870966
197064
421664
546602
347586
591240
832289
319628
137447
792819
425584
279041
244036
934916
114443
356713
77157
14672
89293
795954
977931
292934
954382
984946
997100
776553
655615
138834
846099
495557
594360
233417
692621
16024
780019
556559
123616
128660
876188
777415
921480
301772
56456
681868
236688
170900
38581
830197
701924
127875
142503
679855
937161
96885
664801
934262
873438
836768
589448
235889
848678
183808
469307
57651
716185
765678
614211
356153
894339
490399
133569
332171
308523
706377
14039
545211
393629
52620
375408
95553
696847
517911
775409
634009
131148
956562
84623
520939
793331
190423
756828
642009
890583
742487
699660
123120
508166
313871
479274
918857
320622
129195
251028
629145
835572
265067
690708
745554
834039
582468
841107
530887
100379
616516
164896
747880
573079
765871
268819
882762
956294
541999
524771
846877
284487
740783
969998
792653
54655
965624
227862
891629
94819
478890
520775
446743
260309
727835
192297
610700
310304
33405
141587
410683
166273
822835
674915
255704
588706
460086
138466
61352
2086
179589
424582
286573
920373
394580
595578
491380
876556
339792
383009
971375
818682
420136
934470
595343
147972
126768
206043
458276
676525
347631
385311
359150
686818
60227
614855
791877
520313
753321
853229
38751
449263
277811
841676
369636
188743
437254
861016
65299
777046
244025
553026
112080
180514
487497
223775
328486
130617
429819
786762
807142
293802
172073
166292
496972
748652
297499
288849
785318
567173
658431
824069
16436
452594
665746
386072
641338
619352
763440
222989
912751
523817
776016
541183
704331
779865
764959
32817
910482
194778
335931
233976
4932
508005
916620
501904
773009
730472
307106
558327
297645
965537
898749
830433
418131
564495
732857
575821
183847
496297
315163
612950
20114
607531
154134
724446
387396
919093
273615
814230
630223
609547
564558
635155
633904
997530
653411
923265
728002
960517
481593
541999
442406
380342
372432
376890
461189
105289
469063
161388
601586
784226
774339
138053
391757
928473
378851
295505
363918
652466
109735
994141
262013
190645
145648
412269
188176
315411
335535
916178
275929
333480
458178
234687
230174
346962
611577
691363
452252
80641
369103
53838
381219
143442
708243
289329
588267
87094
584834
468537
739561
210922
462678
517926
401567
124678
446548
106095
440090
782083
538626
232371
115563
513156
467058
862089
860118
594988
69804
312370
191981
438907
882561
89552
98702
590804
378881
203321
677899
963716
671859
933812
690990
650889
451738
608909
775568
414638
715005
732010
196721
769983
964381
828636
283139
947791
690725
143257
59131
760529
971980
251112
715789
370893
340665
814491
961697
719546
17812
155948
199614
206023
606112
406956
856913
57851
15866
632481
472489
247223
880843
185563
17206
845224
530551
300345
309367
737629
959954
368499
14510
931934
135963
730299
302827
476628
61142
780877
712527
78955
453177
428493
284978
59290
835450
141891
633493
851316
290724
622334
98539
687919
324249
115745
49495
854801
932442
358863
592430
892396
727362
606940
340683
863325
853592
159862
856306
914734
457091
85185
510041
910269
513678
311372
485911
349128
969615
119404
716796
260340
258090
815335
464611
582340
447432
514107
437141
379874
872970
545923
788623
116684
669215
129306
496361
522807
805520
869019
953894
262612
954204
463935
689233
467883
775307
175144
333363
744923
294548
50160
521615
552638
865495
502578
134978
829280
16685
88471
725506
889655
150746
30481
522691
819962
676139
19053
859121
481660
404424
813015
744272
358629
793303
949857
826512
84962
125001
159875
346237
419549
726387
384204
488539
108235
886783
139870
937515
903468
744693
179373
309476
895440
209855
832167
715402
885994
367572
90875
367654
771997
420243
628278
646978
213546
578135
989842
814860
219488
149717
161098
155389
392457
61654
643929
500692
948437
300151
438207
851906
44844
133932
677734
940284
343787
26253
172038
229782
910178
262914
113788
682175
683157
258419
845505
413055
352906
835347
227915
572395
501416
905365
727784
893873
967020
888065
394565
915457
188216
349124
283715
749413
483057
477801
206049
826844
504055
378088
572978
414233
157354
203119
612760
356863
977890
458265
286270
330796
293612
514185
419543
795028
935903
147328
205254
902923
35393
599819
334732
739962
948944
134800
489375
948353
612601
695424
291549
633008
589864
380880
47241
263570
583999
660001
620433
561889
634618
423055
409037
444582
937241
828581
239611
389496
492261
444865
808771
44006
561036
143503
783968
26332
794655
789695
974685
407257
1472
266235
40265
107688
163467
603859
371259
747466
780212
508044
825707
414831
931100
234744
859413
384693
579677
615376
774189
71938
576593
582960
115945
653982
242815
416265
680314
37471
205961
171352
961080
723785
953939
517697
831473
117406
637908
202732
381224
418121
227129
206931
349304
674581
958027
725069
59274
537705
856798
349815
609643
433391
449127
725588
603725
208294
141854
284040
762117
864167
455392
723197
587952
925683
757247
419425
43089
911507
138510
424313
845980
881991
631244
195284
556572
105623
436706
132198
643328
293504
482013
252972
243247
447492
494912
846973
655786
153118
131013
417904
533637
102757
657453
121589
28440
931052
57367
587881
842560
712229
12194
688540
110572
159790
400177
667144
265413
836883
799342
425094
130387
797707
194418
373634
245199
689330
220607
417337
358801
867972
835241
892438
487081
9047
530380
31873
940099
104099
619754
782659
816328
148300
987552
443252
824442
387729
110396
606208
740964
426090
31302
871351
740149
225720
761337
501700
431402
981945
919037
790203
366269
270631
198994
853351
279678
729374
885224
219777
349825
21331
518789
166153
169631
22693
125757
510426
926774
236153
116634
667738
178595
664288
539089
918744
890008
816778
936796
321410
315075
855833
627966
681345
126464
826960
51048
922494
72686
452624
142272
422511
473955
177413
105016
159939
200106
230773
186717
643232
983278
303351
310970
161873
483991
366411
596969
373999
183189
533765
211761
498265
905950
356079
695962
548767
183039
747010
471261
772077
715986
129885
194588
189942
307298
815956
866233
23756
46729
569302
666988
546359
389005
494310
224584
872996
860721
821553
246995
43911
871670
975108
58528
293973
331188
754490
842740
30579
17852
830353
802657
733838
960239
513597
440132
783889
329554
822717
323998
892635
392019
507338
438995
781024
1649
663579
654020
862370
1485
417367
422633
389507
392476
997513
683480
723664
752003
526220
270595
769855
356574
73252
20046
833165
103202
460178
617054
949108
282896
457404
841743
674915
964743
797090
972292
482744
977022
626312
861466
494859
43680
284100
884366
436156
797965
567847
676172
549969
610419
946767
836176
483345
536372
372574
316510
639574
832753
449917
105034
632001
907321
463129
823268
388416
260220
795560
871160
753594
421873
732627
248453
981905
533079
132819
934413
331044
700666
126937
397365
827438
73704
749894
310783
126428
638820
627294
282354
471573
593563
387388
619926
17236
850518
443195
405653
627090
238755
793165
380684
176980
42144
629137
675237
575223
278308
609650
422620
495327
736587
336337
322765
326644
602583
633548
453072
241404
777194
251779
229329
370757
639167
849256
904346
6037
292451
309999
633127
47558
619516
530163
224539
661661
675652
899776
236884
953961
25779
175856
449288
762366
28546
772053
605362
631129
921953
58435
388885
215500
310214
618215
586257
465733
983823
490603
471771
276274
316954
621250
323832
936471
151414
64723
598132
827066
480852
351368
781027
22983
43577
746667
785349
588475
35072
390712
219604
957026
965499
124842
172526
792065
259409
275135
257798
243232
282091
245921
519506
115397
867172
359690
568220
18586
940766
682704
362004
937970
550425
143032
960953
594002
406051
746302
182477
441124
653366
918433
914502
135217
43275
603380
927282
819036
394867
701433
62268
193310
947354
581774
308708
814526
457817
876928
349464
398583
75985
711469
336553
626410
370853
297506
220412
776904
560160
919241
734380
729879
354026
648882
865096
913654
252262
792379
732690
647130
493812
794959
840440
957518
893085
665500
772045
350902
58781
637861
265837
134766
349330
602390
761176
236535
416248
497940
13440
976409
417181
747820
222640
287559
913055
87736
201213
681669
396467
933904
845151
406631
245215
201944
364150
138300
867444
652547
489203
442577
290408
755040
577343
156091
873783
338519
392626
290031
352811
922418
782792
286344
186591
5432
573904
99646
609521
291469
297667
5988
225373
142819
412620
470588
344763
776770
608889
728559
429317
614444
171137
236077
369484
748480
392168
759619
603352
784795
49651
956163
707213
348795
758860
410156
870580
332764
509802
480101
624233
807470
486089
365959
466641
415061
352899
811404
708183
478140
539963
137500
92584
227452
889930
978421
492285
282098
738040
95637
66893
304043
568152
290459
652839
327012
700615
523419
176128
726770
519872
316714
50592
5961
682673
517233
937375
35572
844989
645558
30065
901304
299411
122649
128757
189341
617422
621042
471439
871815
233031
54685
175858
317535
861496
345049
644548
78463
384820
337028
805233
904692
653742
372177
427006
852767
405762
364381
404692
767103
9939
434757
668408
309350
73758
313517
498691
691181
450911
970131
562996
200294
24816
255206
517829
886312
600256
162377
964775
985076
15758
286361
889769
669500
174890
316775
38620
97005
681156
443312
864108
207447
878069
48868
516798
951827
878737
15489
159360
329648
501972
238708
529942
43140
493915
47772
445804
94171
726501
926932
595599
258611
213293
485368
928112
904535
318495
966732
1540
516003
926396
382001
723451
804465
430869
240249
272644
309607
772090
948357
155607
274063
187065
201902
833555
680980
766026
279360
291503
8879
206292
887103
267491
419585
372471
711955
840472
207319
195039
358365
723322
121435
740366
963125
925900
687587
203374
714896
997194
491817
663253
669154
282232
366671
871056
115787
47651
153434
395147
339155
162313
601439
226258
429804
537376
115081
141759
377849
838752
336798
736214
78427
458233
992932
41552
900485
680519
761279
131734
194066
253096
311339
863220
51680
678010
250628
167467
725662
920414
562615
581169
82727
164054
323779
512532
217783
955212
170643
111984
793965
23794
364550
388744
998379
357482
430296
898865
38001
191575
546951
748419
961023
858290
611639
12703
536301
378619
180171
778315
299033
259138
359484
898113
939544
199615
926997
157327
154827
97640
785663
465144
637786
150213
853888
636166
507695
284185
51383
62049
992112
598334
810468
469488
456624
938460
482191
509277
833431
178714
287592
132465
954204
163428
546930
893749
363043
473927
567428
517871
87919
353092
499367
725706
503305
353256
361872
527353
153793
413255
589402
145905
527941
399870
131745
984565
854682
130289
493843
688114
309003
297787
820579
263208
461216
367509
673309
824259
357788
240737
858482
445707
593829
357850
171413
613487
227458
49637
140840
381251
979244
730242
43508
507185
646464
175254
8103
501147
305543
18298
189261
130898
316085
526192
910458
293653
410053
583767
117913
767841
824505
492747
729900
934686
850597
417666
548173
594407
467303
689013
975658
446548
419255
19167
470085
582072
710773
478188
83219
16316
496486
788832
663566
328924
315024
574025
622577
725077
157792
256842
9270
498649
749590
739170
433336
116539
156836
981509
710947
140492
186875
202957
103392
122482
738476
573477
704554
449249
568018
787773
981917
64504
576605
645484
909780
407981
219509
532358
649410
893653
305552
175032
392303
55142
914203
341991
688034
587391
323500
398981
244235
26727
601938
347627
149210
340415
437457
853764
306016
5475
157890
287934
586331
250847
449770
496112
658829
185631
544822
824591
79284
850374
999624
987939
421869
430179
329930
109903
533922
653431
25236
778158
196510
627174
642137
345720
483941
79594
199485
306310
85069
357375
110596
187753
124574
560366
200217
783403
745997
745039
607995
341633
111765
123971
329573
533634
554150
659503
159889
88072
829286
185125
866230
25797
328652
24720
371517
812593
104314
87354
635255
705736
961081
745851
893489
85656
306217
93706
385411
568566
355097
509758
910200
983214
633729
239773
516849
704231
899276
676738
792304
244915
861864
174886
270712
190516
199606
158581
519461
820273
245936
671069
526009
723369
416920
935850
809025
723138
545908
710789
291704
417357
220547
718256
400571
370629
958029
917420
74860
373658
110511
383516
134925
488727
74755
405637
195595
274361
80570
231408
610986
842858
902477
136995
566228
319398
589197
891605
558888
651457
602394
366944
68814
339294
85201
469386
226275
559582
903158
817487
449592
530021
201004
584517
18748
275759
506506
730695
66472
587077
962104
677459
429935
380933
330806
512515
216683
436356
404121
775571
87813
522867
658868
156628
378513
744069
142366
121140
820003
45524
938628
269596
575546
655984
370465
594294
448095
876972
841342
30919
980401
803446
224730
926688
700731
71889
439204
917415
508245
359677
692986
596058
398896
351854
269038
293762
612275
411404
414902
948631
456929
869882
734579
548827
42218
105044
659473
6665
498368
500815
37585
995121
820613
778667
921810
521345
850556
877366
438760
358801
753395
648098
471212
668643
516305
256602
962405
128580
184359
893660
593563
157640
279894
328142
706467
838465
433187
365940
845130
447907
866756
399067
443029
203721
177735
881191
725066
544643
274909
680178
903445
544656
328277
891009
213299
360934
663963
692057
5866
848322
585717
599430
5962
381963
927572
712429
220428
877111
594722
65559
841371
461478
980978
800752
181551
158713
681943
906618
703357
473204
586796
123154
17860
431425
530515
747511
792359
194478
439568
798226
559153
541637
914008
565115
923601
841580
793897
144029
235044
388619
209588
76415
366449
706919
877167
548000
865632
75462
970970
85341
548666
74119
724847
82878
505544
255362
346741
814256
966193
786310
128834
525346
327947
42842
90461
251548
400774
400710
911930
635818
789329
637870
228585
672130
344789
105752
220131
726774
181214
707453
812115
246232
781572
536963
845462
803469
792325
192204
617725
274870
494866
262911
800216
822813
822105
407030
590714
222879
807740
18996
375050
113422
656866
603635
785552
1656
225740
522035
728430
923306
745841
56897
685891
527413
593860
531353
330882
902538
239909
464959
177408
734775
727870
977625
73941
66327
901007
181007
289207
708747
200003
180609
338521
856869
300596
640426
374877
526336
678813
103307
449643
424654
160205
651886
952068
270417
183239
799302
172955
939501
264262
866716
674276
508484
360693
264569
574812
261700
445576
380371
486799
645579
560980
825321
18801
377928
982099
393678
904265
660912
13338
870260
85567
689895
522146
553987
960312
221737
353289
649620
677590
133903
516336
868219
642388
877029
132788
733552
655081
94717
113923
141880
256648
191255
483553
275449
569183
465652
185480
473448
126565
198818
860060
728484
405065
898558
798823
365377
636648
152112
531349
314238
802368
47685
182457
444756
441066
831598
694660
96147
926315
808583
754380
182963
999838
237933
458413
569021
219938
160245
558822
862855
875415
935234
591339
280480
833793
390162
162209
986793
58626
693559
301031
377346
257596
999841
338454
215015
831439
33114
827514
757754
841697
581894
457069
841535
336180
915482
926909
556118
592079
485731
935325
467494
937317
526664
747974
771110
433178
910184
274255
8156
120095
575287
901855
377691
91480
240309
592706
922919
273424
420221
197025
115121
518467
654094
473009
854647
85929
399918
927117
678008
402001
862442
661855
339318
905458
409829
626781
854988
836365
901036
379497
956460
992675
281352
334152
600507
521661
443210
523426
795085
863431
236803
426559
381899
890898
415920
752898
493179
815838
680016
687539
734191
58810
349394
589861
964269
275576
732994
819257
111941
150383
715106
584754
143058
996458
435258
743566
518120
878468
783344
829557
258252
20148
256116
640151
427398
672036
909401
436929
4226
589417
124468
254769
648228
990215
360983
128849
265791
93977
464458
894084
244360
179565
478838
387419
176023
914096
647337
694143
792565
947033
40053
567169
483533
296169
207320
427283
484558
116721
864212
5136
222491
505033
259906
387071
495248
620889
515920
277391
231218
980378
171475
475579
159943
650314
379350
335967
80762
543039
546462
389679
490072
586515
956848
973606
399037
680520
400889
399947
797242
781454
405083
536085
286487
181341
923156
298087
318582
439076
575478
549801
935806
746953
541732
95750
913619
921082
948069
994382
464121
10883
900413
470545
597399
857262
444151
512788
537782
361393
912735
851376
659199
834170
387461
945686
15512
826969
760125
850446
782397
335603
916599
718204
598908
458331
330306
512528
379413
278375
23262
359886
289258
440027
830432
403009
297289
790935
432149
351424
668680
344884
202800
327879
695407
106614
789917
227271
449935
550042
77717
232333
401997
994317
466889
906
969000
797195
29786
864766
591922
569400
224652
397532
9427
571436
316894
823069
878724
749043
174493
63756
610280
893645
907988
305687
516611
697905
49310
966547
764300
643379
198880
166297
637696
182121
167203
123049
979316
196989
987815
87590
282741
728819
485122
292169
816608
318368
115238
695332
67412
289731
275440
194044
699728
183428
16083
216340
881334
65393
182887
645634
708772
898119
811931
862821
80240
495487
985870
575908
208828
973685
179850
491570
702504
664972
300091
35464
499693
415329
730796
567105
221412
522589
761149
921140
706017
293584
653832
103703
358977
836719
749337
67749
251190
77621
930570
331430
89460
432792
423690
298288
922829
603540
306210
141686
784865
606301
177150
284558
537982
424299
368015
275746
946888
645516
713239
652905
939100
367071
756609
298077
720143
22298
882178
971333
616271
329101
819116
222083
278245
242806
520372
201075
362699
342934
342761
663916
465588
519911
948474
3570
944210
832841
279317
891098
994709
508908
60356
933809
875979
333317
748238
596122
355615
146768
83808
488239
992221
902924
710322
270467
145730
747046
471542
24781
89981
814303
688697
71921
850566
153523
75491
311129
502716
871160
718579
497425
380068
778935
947586
772400
112252
695824
884874
984220
358945
968682
988811
351166
871606
699133
621633
533689
962532
93175
558470
568865
423830
763520
640786
274397
433395
716277
585526
936112
103790
304105
433537
210
599393
381124
772610
227997
593300
173837
212217
952245
142519
201028
819764
14126
416514
441397
547815
379046
50925
622637
947911
474755
902509
105049
265504
335905
821326
367382
272017
441468
671488
221906
441679
787233
119382
730641
15230
712683
904478
743800
181280
563350
461180
1044
577476
394046
958794
641643
773092
9719
780632
237355
484474
683142
342404
266331
535399
680083
633713
807416
637903
821553
29322
595934
608786
665057
326576
140369
377740
747406
884169
75372
310756
861701
76417
404584
255748
551563
46227
545192
561282
343212
782548
562108
26354
641304
828439
561753
321387
978505
885521
959291
800058
431195
555225
925197
96252
398153
65566
990344
661912
466087
65717
489020
327788
658486
893605
583536
210049
456184
645081
287683
799396
427629
366143
342102
68933
194583
420207
906673
689440
822080
382316
489498
769628
453893
414695
865880
368399
996613
372577
30311
462700
438294
35683
306841
613132
929288
406729
339533
901825
51810
627216
701221
479439
509711
559676
64725
220646
496235
487750
910086
318316
386418
399585
87944
840311
330632
470176
725062
327246
842753
271725
306298
797399
307409
613139
926883
753049
19869
266416
654874
71679
409984
872448
67471
919696
432124
648548
140342
444711
652650
50429
763027
39068
966366
367323
395731
813350
353852
120794
140596
196605
392519
963247
510357
216280
576386
437240
969330
112607
220009
624204
700639
629993
496652
284462
66041
445128
933010
206384
889840
102012
773165
169219
141080
255883
536543
536811
69233
406747
173957
726182
603352
566477
689429
630061
782757
782167
67302
752087
894775
803663
892644
111766
433656
389296
396228
16050
834425
845590
222434
724265
947602
511951
409836
88682
767834
462731
141845
837067
869478
315803
563249
989183
398632
769030
619244
697741
551198
202898
966181
962325
6561
858825
74091
956570
248121
986671
972620
598898
832261
711406
839515
779863
223357
249352
384897
507543
712083
43094
860962
97914
358897
940564
87097
273881
709594
706341
971623
777144
425592
454156
739469
948505
312981
329912
905075
77454
316583
394047
192705
665196
105453
32220
961411
845162
797924
346308
869057
26360
905755
730020
124274
264652
670584
211371
54886
896530
434064
542861
673675
376008
997017
929496
324514
826350
775761
745941
420156
608696
139989
612861
273893
761794
161434
235304
123309
959358
97965
992366
985718
3720
238738
109992
784724
909322
837715
355962
322205
788132
898823
995880
164140
895840
441728
488654
238542
217489
750948
658699
826186
890937
271560
616431
169083
432994
368087
808744
908705
982404
317463
894423
502476
556201
520768
803553
981876
874835
159515
304081
662967
58339
816313
827108
470531
258041
832114
709074
991883
583062
367773
334421
990351
155685
950852
159435
105032
835291
484531
13737
817696
801994
908160
320172
358196
945280
123725
340072
820116
799593
160505
483083
857932
976818
826543
844815
234859
658658
553889
226742
241720
438014
561163
232072
110052
28367
907859
215084
863659
392390
228821
197707
194385
653333
34231
68933
114966
674309
409005
451434
473902
85862
450869
848186
62680
277413
693001
297539
936071
763243
40634
694143
717609
118149
442567
827661
146517
350426
559097
526528
259169
304270
240587
969906
957604
274818
38839
588922
949127
964196
40356
939381
50058
491225
787567
112738
768638
996921
926629
221061
760164
483615
431557
477773
601765
874124
821787
264634
740903
380884
307514
72
685155
548101
486330
159111
822919
525169
748033
288399
489365
788389
744132
55775
795966
531700
684865
564605
528621
611494
302018
805137
95110
249927
799262
213227
124052
621049
477861
381307
518286
785375
897731
719793
333476
384061
395256
672747
909230
143289
477498
914947
448030
221631
487074
760348
269683
171939
324953
798304
783433
143324
119793
394895
393251
919055
608122
33655
56457
85983
414962
91095
387710
829045
810888
237538
213106
206144
426638
638688
865785
904136
553635
830167
125767
40709
590515
395450
212648
431821
710106
512434
91497
829899
423681
1100
265307
31804
34756
321764
634139
966070
412859
21850
795116
740099
775740
524574
462595
202378
163263
844732
106515
716898
191251
748634
273960
298118
660437
2960
246291
886895
31746
337788
233147
455428
338889
498454
487232
889997
336570
637723
372419
265781
175925
683887
5880
951666
208462
984827
154044
371725
829559
776911
604975
537162
525546
878935
835280
702335
398248
81572
589230
429994
935712
822377
885422
274601
320831
889006
680950
173753
526730
569722
439534
702655
253609
961766
654321
462071
946593
324718
350148
292504
101629
955124
829666
143527
350411
181299
362214
265011
262871
951445
695006
198583
290174
96780
989537
611006
502139
186839
301111
28869
756561
740646
247876
526523
702412
902198
504946
165358
743268
855095
457862
361249
326571
803881
21129
193334
985180
383343
458346
764403
851140
669704
479338
141315
282836
985227
268673
784975
172067
569784
813844
444980
826782
61721
971503
529195
480271
476450
210905
739891
847897
668767
101140
174468
989000
638621
884154
490532
538317
858852
254935
389457
528556
250626
530772
811393
235853
799445
112720
924272
885582
442917
369253
712364
504638
857108
757911
501261
333558
968816
757504
181455
153936
374996
872275
659288
13618
272782
149821
551935
131634
921108
941392
176543
171734
988517
987936
923940
304314
617008
848212
706248
59925
733817
418613
80915
590926
692876
98528
924484
661693
856032
622292
331981
231029
10919
991269
760999
283701
141090
829286
931688
62199
287030
108231
750285
275547
612519
674225
96214
229527
38790
802462
289453
772607
737427
370368
363533
430304
985249
804370
608349
841281
943014
940330
588662
953933
931599
349661
753987
589042
178947
685675
167593
465978
310258
917878
257877
922777
108456
354091
668656
147246
156554
958109
436205
410333
844830
799739
840637
830079
120461
448986
187712
63475
389316
776375
17408
837268
642388
287747
426310
337688
489774
593903
803666
800032
28133
577895
239161
652941
931987
907818
316539
604893
382279
752745
15226
743461
68836
372216
89892
189297
821202
277605
252772
726871
570332
786532
564139
729072
74280
506801
66760
80406
617056
870426
880439
645189
964674
119600
814483
896661
543770
131022
17906
926050
883767
549484
185863
468955
921700
275756
658252
259255
69713
427376
986126
640045
730261
550265
369117
320893
573418
435878
401299
190474
822656
798090
352015
303682
434043
166498
200343
977813
813873
734601
420215
213992
800438
606079
682948
722138
881835
857552
981393
951548
284929
483871
107945
531542
550488
993414
852435
123906
945644
253734
830732
284653
568177
182748
588335
2220
865598
305031
980033
679471
39632
916601
893464
356422
522680
92764
78561
920867
950316
576306
388767
751597
60178
496712
283139
127018
6478
651926
250925
952123
422013
81657
236776
990190
780757
825111
992410
162708
130142
488795
842179
686127
405396
251995
42549
928076
861111
637462
848943
327780
213769
754062
79377
790299
250774
878869
433669
257253
47147
684594
209376
469160
282604
962504
459350
579713
787615
451760
742421
434110
940556
100953
120237
862304
352948
679138
790381
730412
316601
155676
58192
46722
909739
653921
353373
676865
532790
787042
450470
96290
471637
176198
565450
270593
138702
24801
850306
442670
992913
592728
876780
449821
693681
513369
312126
562981
192507
618859
293393
509108
290887
867937
72182
716978
521859
425555
393844
571001
212598
360666
667291
200587
536865
232742
471180
191919
773895
321486
150941
766808
430566
544073
216630
124247
57442
45108
203581
766302
663967
496974
791762
954854
881264
863945
671833
403123
289500
582029
490476
502098
459047
157768
702685
512264
906862
690217
220536
680757
11704
371477
963917
442270
915551
180547
82870
489345
225655
286451
771999
405974
299777
563762
877181
181041
944059
549014
100516
233559
647395
590993
252010
622794
265113
471047
135059
171975
161265
355595
369084
689321
243424
333001
647943
675327
29901
730813
164673
771908
533616
453024
177883
833394
16786
55064
530787
960845
120430
147656
710757
284177
738649
479119
906971
3762
950166
42030
692089
627783
913977
61173
317104
673754
394174
965048
349081
424075
212213
30106
195984
745830
483131
890219
95576
16269
945283
142715
493467
582065
290371
204224
866242
545372
199695
773213
65486
666213
331596
757575
293997
761925
335100
127453
435679
729275
608853
784761
669702
821067
814867
382038
83249
814350
788609
695177
830620
733892
837892
324087
315957
644616
44663
698551
189988
244358
471765
255475
910571
319713
529402
720920
81638
864503
848374
33670
110130
457227
818431
296184
794646
149650
678223
877895
480353
466832
89424
310973
717077
927317
635060
549386
571933
196075
247938
278273
440433
236055
533748
867356
555768
579503
104629
153758
444006
953003
187428
554136
926582
5859
850320
237581
671862
44895
115476
152215
28080
721253
979540
745157
648570
130952
810895
736855
327027
575185
531480
283812
811240
65229
667520
883360
161084
772149
37119
605090
241504
224547
159226
684439
746759
525898
922020
934973
570794
553848
87188
115226
275101
583080
376735
440023
714032
187630
176878
557411
762816
708359
841223
90408
289940
25095
973769
451024
797245
10888
572466
555101
235435
248044
239540
498546
773942
161560
433519
861088
715409
37059
976314
990510
620139
353049
430534
850523
57032
123764
407934
336200
348475
765509
942960
154767
790605
916729
122143
104202
443969
694609
659303
195757
459005
415196
694303
232948
576756
127823
610388
808517
164882
103055
799028
301374
456104
745914
151897
29488
386030
559832
882040
250858
841693
825001
405625
632298
741730
44121
252852
185700
255082
912156
897809
714088
843704
592112
947036
420460
236287
73776
745330
917522
176831
544358
218896
149288
806624
887145
178776
709006
446977
60817
959864
805023
402170
365490
437321
143900
409611
690174
845952
664693
118682
260113
378781
962386
852226
842169
899198
604865
432298
644528
522387
609129
705238
257635
758417
28214
144781
453546
737221
108110
30715
697085
913133
432885
578927
350455
93137
988538
556981
455442
169584
192015
715555
64717
670753
84133
423239
569951
688999
855537
730832
211386
981018
436070
469022
739436
980637
130155
709334
717858
238265
256401
931295
151399
205638
510223
18206
815127
15113
91539
270569
184697
283554
986125
765767
954307
586610
189006
40610
275609
560895
771442
3348
541913
723865
472370
797701
220854
118877
23387
938712
357142
279788
870007
508541
1778
380230
43099
816906
911696
134638
87475
96393
418192
589952
378512
888851
176563
567518
445814
968524
644765
217256
971872
186679
457473
960594
500732
678327
79471
524120
133391
436614
320260
3399
461507
322039
899981
504607
138945
811677
155597
742772
424423
90142
849077
802935
978993
541992
886806
941159
510516
47923
158416
998741
234602
132241
959335
251687
326921
38807
775807
460312
991773
96067
980063
969632
934458
396397
474239
73403
724426
146189
332528
148849
236331
697957
468137
731676
239949
871295
672836
266817
435570
347604
265558
186525
479845
741246
438212
806766
296405
214019
783431
288178
826438
763494
257810
760897
159891
248402
350652
400670
910943
199532
65871
147274
897489
50360
395302
653790
921655
68138
920608
873578
932094
702518
60103
928292
443764
498315
251410
740169
228686
34841
544699
55124
314688
318862
332373
990931
567264
683026
391601
994559
398910
457473
141833
296400
507833
53487
950190
945841
637978
387150
819419
570072
89669
395874
14716
49785
894189
266127
789955
639227
817320
334654
694351
132008
169868
543077
122940
737132
226103
30893
248043
625013
488366
389876
437765
512552
959716
387956
974745
597694
291458
310516
167766
897479
706390
698835
947265
116931
964962
737220
756158
782282
588226
450509
430643
758095
993586
553583
11579
736041
100828
259623
877407
105547
165851
315172
618099
125567
219480
109196
239613
27291
419712
923732
924770
126102
622567
872035
759385
587529
125607
515543
886163
230186
482404
316806
504633
992343
386741
516212
728384
487570
292187
122143
593117
974391
953668
727568
616310
689500
836764
855924
716791
772828
296008
157914
415282
918575
29949
174667
506104
155557
690210
908619
902095
172614
225426
406728
164957
612167
439292
409694
99737
731480
48189
209206
222223
1857
453126
354885
207710
289890
210809
924501
579070
506817
82415
994352
941744
628717
169019
964200
300626
375581
872820
202721
548196
98246
609449
229505
226765
48741
155551
842855
296573
203741
52061
518796
205598
505188
390034
413308
311430
600843
854162
890501
624013
452929
401205
565757
597998
86577
46310
898624
462158
919130
101345
526706
17376
227146
756212
760493
792240
911763
603348
88813
631856
171762
123962
837455
193302
513996
767115
504732
631191
137629
911585
771556
590559
312791
853666
188557
915720
899976
603534
377878
819106
221231
904585
352834
448378
177149
113327
756970
605264
233028
845783
237121
404790
486097
590928
598092
516445
874395
619176
147637
12025
530762
919193
118936
359905
289211
823845
275625
189187
427379
169855
8293
648611
74440
877479
613341
767941
507159
370311
889558
740187
732446
643031
144977
218544
750311
259421
734989
624706
878597
398978
153083
925711
834524
272019
285616
123735
95865
77593
312923
523244
247449
837568
688207
838241
231400
817900
122535
738559
188211
12093
478746
437010
655124
140075
171906
921787
915848
423247
546493
794445
822226
699577
720157
173102
487948
522125
296837
583813
599719
126112
623410
363520
480033
311617
201761
711433
129518
324296
966344
834081
336389
445090
787443
507865
101517
959349
946004
533717
382597
492498
328162
721175
708427
564671
894277
196375
603149
707466
296541
202868
833579
919951
566388
313612
231568
284501
541397
877438
608798
507741
227872
461539
469183
15315
485757
87052
491017
431761
620769
389966
440611
948931
111141
149038
29955
521770
861766
633104
229236
158307
352324
62815
78258
435064
892779
826178
719565
434176
219969
328363
458269
964193
306255
927452
495860
792012
14504
986877
223773
151625
376843
664385
616909
4336
329775
646864
526106
191541
796320
271695
866200
148644
334510
944458
583708
743642
286989
303273
694170
506958
147989
152440
471151
454244
596244
967011
246256
127101
470241
986381
278726
363436
167118
895635
884125
496894
58851
410231
204787
855171
198278
70988
3815
532789
531798
103875
792783
818787
923501
3305
842097
71490
155745
313248
525734
268342
796612
288342
911795
783205
274723
190521
662993
441842
602509
547118
938736
177712
473702
659875
32884
671980
730863
553051
721121
262662
173279
513904
597801
96780
517210
439899
168270
189307
269499
210356
974001
582463
498698
885796
365668
773421
592670
28662
215263
711531
575780
670351
889243
565834
330227
438479
237815
577442
991531
958936
356456
681162
989193
954258
777942
22755
394157
946212
728414
180008
156568
702416
762472
171618
104564
644492
945039
697234
673154
160303
925117
765287
347006
814361
331121
677233
252840
85288
254676
760723
560577
127484
958237
549770
81742
736179
88877
992251
198743
817291
172260
871663
36059
934732
43281
656976
579224
988321
870562
768731
664976
795680
50370
11982
610041
897843
205568
379233
983132
976596
656309
543709
104080
614546
609831
702175
867078
215060
694426
65821
32351
383038
937485
584763
317770
497118
241739
413347
485439
112301
698430
666767
424333
748800
195102
550726
646643
400670
929960
146127
893618
102621
206188
514050
233519
332371
216225
100597
547431
910652
166419
96135
293690
620256
680898
127813
633726
438989
57512
635518
551290
755942
302285
975624
21094
497387
526350
184089
414409
972662
330217
824379
591635
52757
338430
825155
385129
554655
925752
932560
981659
608523
28695
791702
745131
225945
919515
378858
664934
493379
14376
732577
249321
833013
224553
786767
846753
267255
970856
777514
756270
817425
601894
347905
870183
940324
689412
771664
11331
131517
220576
992991
256392
765624
784693
1524
991569
220560
896734
172856
713939
427462
905433
479612
776827
646338
266379
623580
913593
753587
917447
186215
571013
519341
534121
957548
976017
739885
245564
503700
871402
466140
496691
127795
231764
797736
645671
739686
18296
542405
912542
248587
486219
334327
728199
263046
980665
510930
402979
410610
264518
320426
596826
351883
356119
647299
825783
848488
387184
71347
352188
258587
53839
848880
386382
285604
162968
548405
25290
697617
607162
454184
946204
93381
788511
190756
872779
769176
218038
792110
179786
482556
112536
292964
350791
985007
940263
692926
833495
327448
764273
185684
586035
334465
550916
488769
620069
713884
553526
161711
411501
160688
132247
874058
770421
920758
64814
643200
206286
282852
435311
902424
281761
64199
195389
148904
49207
135652
841831
882702
463100
122456
584738
565487
456921
135654
570608
593342
849539
640486
271405
777392
801174
403652
651450
571595
840762
232616
731148
47048
515469
682811
949473
313582
747010
661214
462486
312569
796866
304317
711624
776319
943126
296362
858158
916399
432017
945119
509742
797908
585605
297499
91652
903132
217504
743103
991079
58266
975719
722227
621667
7540
405038
87492
321122
668401
748706
299961
980970
61924
604278
208946
354595
63756
505309
212754
980156
453678
674225
6250
767938
776182
820101
859590
679314
37605
119045
670394
612224
94765
908973
750243
618657
830364
837735
939780
498765
102793
239741
996087
681069
360371
205034
35665
940480
226695
764771
436988
680373
438996
443238
448311
731530
263339
824253
410845
817297
943299
597591
429521
554416
22916
179764
173073
853280
533851
629205
868397
636644
385298
380837
317713
262022
102223
869730
202502
845270
634501
639490
525643
589849
599080
490306
321380
378771
830911
248577
196068
774210
362520
625589
328626
385436
321705
18052
755069
371908
163609
139818
8552
548908
37007
842618
327282
139230
228700
529784
984500
863202
685626
26495
453051
801058
33153
290783
179829
380417
539360
375898
154627
418232
517839
999606
803669
355897
534010
75090
727805
697619
214908
252710
762879
768268
95328
90161
907498
324028
136297
408351
703582
821923
951198
672986
622981
500704
963769
319163
881121
19482
695061
552100
437714
212900
551706
757735
568797
602068
832825
812955
299688
564086
65665
578919
332354
677345
669081
756204
1373
805378
680907
221308
143654
148458
894294
282987
649162
858063
602150
46635
877545
813563
598735
831612
542816
666794
589347
627965
268862
422173
440920
84902
502611
506585
663822
351317
183930
849255
623873
701656
170985
304781
922964
314639
969591
817258
113979
618753
191673
232481
181740
585571
46045
780475
417183
588861
963621
6530
733178
748836
945055
174099
350090
964018
680684
13912
315335
864615
379519
939209
566271
550505
760342
5587
381496
729933
822845
11827
865038
530870
244309
46778
116441
806706
343605
49976
911919
823579
56507
645097
572415
517914
819196
922505
481933
16233
452770
797268
880848
832289
252829
963471
899146
529523
969058
796995
259456
308255
808822
124494
355477
569483
687624
988271
376189
31230
38247
804460
854809
611106
965910
943576
129021
301458
866081
610954
317691
835203
924574
714891
183845
693756
194714
82991
223279
680124
879986
999088
504731
205161
123582
860209
774644
327559
364832
667186
358789
403079
471646
729950
14186
953908
673526
659559
255367
55959
270513
89410
891163
711439
320654
75008
921547
515368
674351
144827
711845
70690
143915
216576
275851
783849
593137
50495
111408
957969
717681
986549
877401
705680
716499
407939
175940
906377
67498
947659
962337
338011
553422
369852
565802
874076
961212
487350
905796
635563
148529
617641
222605
292444
350570
498456
592645
460059
548952
704054
934381
782985
690603
811782
5017
923455
219721
180958
829832
287219
644969
308521
141582
198391
678373
223736
72467
155937
711086
494616
791501
375967
112257
14106
668411
979179
28915
777409
955591
94219
481463
889972
877204
688418
218106
398574
128225
954179
95884
474410
757750
740853
299283
415684
939245
977657
639420
528064
649946
866859
22680
957799
242826
134938
971906
427590
630469
517173
204999
586060
611392
202814
992384
4948
891232
210490
919874
535810
681021
15758
10220
438771
756612
309503
854455
212209
803512
10228
740273
453459
877087
762954
411258
119913
414244
899516
547503
44713
416689
268854
147126
544433
471668
655862
65734
362901
382705
985608
415063
63726
1367
425283
18850
274331
251138
389657
486540
571003
399885
743165
24462
276972
506119
952072
913238
920363
367941
977093
481429
300982
245948
144907
845416
717616
800769
911150
596869
699826
413110
528284
763553
414477
953567
298755
205160
721058
688412
691700
292061
88298
434866
832875
881622
457337
784947
794860
894053
669240
288306
375482
970223
534254
36741
331991
768222
837510
243141
881444
537337
656251
409728
817242
587081
879648
115997
792241
600706
804409
294
409119
409059
951512
241994
290682
408849
543293
85542
302902
212534
373848
194736
699109
424454
231477
31100
709029
585340
790593
590473
639029
963196
516553
972623
550277
396201
88620
858871
513259
409381
375517
438730
818441
327029
680724
625475
252230
740370
711017
71485
469256
601218
266221
684717
542024
14051
715817
251053
599391
506410
841526
238420
985958
358080
727395
52588
270633
332367
911459
783893
741748
803328
222623
76541
130357
419700
702016
898939
676422
929386
970424
662030
46956
236646
346747
588980
250697
62564
840034
366440
85326
197912
121212
71284
72344
848607
123872
342978
180974
551683
643223
439074
355011
865846
31968
1720
801898
250336
900660
994672
696074
871084
656702
743030
624082
3449
332011
391131
582365
688397
757571
184043
402661
878783
255328
475006
243742
895552
817984
424716
963588
461207
380143
834951
843405
412111
836672
161656
178799
253684
156328
874874
641120
813031
617904
265203
332832
466267
656334
915198
671016
930258
615593
73678
325393
870921
548684
569136
282826
883020
510204
762766
344227
890347
597717
703984
818810
950741
865640
997610
720777
538321
388836
361898
351352
6740
627101
200536
989360
799787
632086
660376
730045
247680
250406
55439
634953
799090
140927
917779
682110
651131
196897
542689
57831
310967
763026
876641
261708
145018
390603
982486
683339
779439
344384
551043
302532
487837
751580
291892
803976
383666
468620
50374
631346
235379
622165
782652
34469
763092
216783
232932
414223
413681
291973
472054
724648
54999
865048
502708
200018
772003
1546
399709
551443
345930
950753
853975
350119
702333
662219
670448
602351
647191
720822
750050
882570
342987
532702
433392
106079
749485
182676
36654
679518
474649
25061
404166
46001
406461
423227
762371
178464
424773
162080
729907
287056
629185
100234
637175
847870
278805
307623
450222
925997
544797
200272
808567
887784
249326
758311
510215
515163
940987
546870
194682
415637
88283
115200
977990
494744
538427
256713
189560
479553
935145
919468
766609
564331
536054
920136
412201
814860
744112
862423
740857
288909
579047
65776
176694
344725
824088
203261
859889
765075
266483
570923
697064
354766
202475
191406
365862
257255
448119
555423
736808
383265
991243
503417
947596
527297
423553
359797
342157
684017
738573
599366
972927
833972
665143
665973
695050
5583
869234
71291
770658
135718
642214
984075
6836
361041
175481
372699
618296
623601
444474
871456
523218
435717
891225
470814
479366
831131
346963
337876
515148
601888
937242
488075
952213
118737
154048
647263
124320
23283
718554
411331
675353
877120
395406
682189
238161
87239
571240
372810
710840
532066
244266
750410
484135
651844
221224
963502
482975
84540
301378
998123
202780
238620
486199
154993
873710
640247
802256
998030
179882
37162
409361
855235
914282
321119
53777
668796
408359
141369
557958
635551
673436
318576
385962
157571
970420
123538
121073
453395
724430
938803
451519
927211
693776
937718
82204
567486
94317
400813
81868
274200
437975
491230
645787
868610
328701
215916
537406
253412
357286
611716
405316
30722
930292
307630
704645
900713
947520
342071
354108
671951
280874
321979
599162
491002
259697
197718
58488
870367
598531
140357
660919
552859
147939
306706
421469
992992
38975
475227
246405
396261
86943
168073
943335
17235
475703
647980
434300
423223
506403
788409
611526
303630
110388
210688
794632
886438
924759
369473
756805
523290
26182
417724
592501
690473
240782
13970
683465
279757
5549
446222
192370
92492
130647
652057
626080
606350
300038
60380
545926
322793
365141
157452
626423
991882
884493
937408
394672
809252
306881
667829
848894
849415
601905
441396
539888
359039
971718
739705
638797
977268
702280
347519
586112
832927
999577
212192
955630
815967
788925
17908
138760
670418
175360
281536
178652
576205
218944
573324
385457
42177
757505
234352
407944
359410
192100
464184
718450
163818
203889
873599
141086
422521
221118
727199
771801
737047
455743
727431
553014
761020
261691
208127
947791
437051
489663
126443
13257
224959
216120
915066
783488
973625
665770
191432
849388
857870
171968
567838
538041
892209
441437
195479
314731
178907
439030
86532
915955
894774
330315
985321
172146
108358
193448
119937
545409
199463
246381
75018
940774
978853
506437
240614
952478
172207
432046
801866
546430
120366
886056
84471
12576
843845
279950
327307
22753
718981
930191
455060
130107
776858
440381
302253
885216
150182
938543
946977
865997
701276
538348
806772
680129
44785
47386
632607
733344
995785
950826
796126
632503
836882
396949
645079
680728
193252
488738
219833
912233
418929
674893
558692
712139
631626
377297
113707
298160
315840
60685
680510
17116
115385
487282
697245
676522
51020
846205
926218
563157
313383
722345
195661
666617
119294
357092
863697
312546
845831
83530
741131
264760
274775
299823
493252
422754
193473
606959
720914
509313
183996
401424
42782
299381
405058
256379
492255
972431
618936
418474
51940
932319
140819
763953
598937
776465
121046
462634
605364
966877
62517
346495
747989
337292
162671
757593
760046
356144
364553
997313
381809
64901
915089
940943
364283
836500
197323
856538
325283
816259
791364
893575
264931
932183
657529
380220
225001
294927
359206
830365
778156
421723
693212
42497
759016
855883
800091
35414
728379
164644
549079
626541
229545
980521
83836
110180
817021
281159
483071
658656
613771
790787
552231
395054
722971
726112
775274
464324
537391
134480
294689
315547
556204
987901
358045
831572
360137
158136
383338
604868
839132
932418
747761
585029
429291
831598
211562
246312
112757
210985
421320
242880
1772
973551
637934
241095
216016
929560
705419
753407
64041
516460
585307
136597
20714
943352
484521
897203
617840
867859
502071
973324
316629
249833
74705
745920
81431
802619
508584
710540
13604
446256
469773
531729
419808
624059
289176
152176
553620
510948
905583
134013
27408
7242
786962
564474
950594
271483
461677
84786
655694
480101
574462
488676
729934
649168
234596
327717
451787
259533
554609
981744
705789
540734
29825
641949
164794
319001
310477
234766
829949
732413
368779
373710
739655
672093
938184
206602
943576
399862
291388
115622
396315
382203
604298
642601
31371
355247
970318
999510
131132
41279
497606
836921
582014
527431
995223
263160
846433
305700
497926
192734
554465
383057
566444
294121
55150
504629
500723
515078
420843
308463
630700
817158
690666
751351
459759
238389
106598
946429
754252
237730
987708
251858
591003
86074
295642
102578
349234
658427
924631
847160
851161
479096
746569
417606
289569
801719
922235
790292
833149
343078
615108
980202
676588
305774
731553
136347
60516
838151
599128
814768
592233
103188
582978
699588
189263
878620
318519
54849
537047
243150
418362
388209
238598
164931
322167
528168
483003
244402
318460
316152
103832
933568
296354
296772
755695
27907
433119
816211
382410
548599
147331
490995
651787
730309
706936
357402
125282
25455
412252
178681
268605
830614
566890
507203
995545
889057
551723
994900
649811
386536
311053
269995
836456
123759
566767
592151
668019
516238
924714
566781
64837
588397
57777
232977
318707
764713
590379
443989
306520
2631
139022
575125
349597
705913
598680
861495
111322
666756
856395
277486
53292
167448
547481
889748
807560
114249
998252
475579
146839
439318
42360
211677
27716
100137
444654
346423
381202
35033
306764
204074
554017
445786
779199
419966
668051
894232
281461
295726
77340
137857
573212
130632
821657
637045
20380
629217
267646
534984
621148
414486
974303
663509
626163
2019
279998
587169
864794
177553
138554
171558
381627
208923
133696
677179
628890
318100
87763
910351
613826
165103
564560
703390
295735
386218
856787
832467
531787
124434
367452
152936
55272
858107
332797
681435
860126
612795
784956
724920
790348
923510
412830
171976
132434
62878
365507
277676
380978
453270
188027
511156
618373
752588
730898
430460
655158
587686
779279
186945
228472
146731
856233
283744
521190
189030
481531
381316
801826
266487
622588
108526
706349
551770
796854
355135
614649
162361
632811
511979
131983
337191
23136
750356
89779
270386
697168
261289
858072
476448
448234
602896
139531
820820
886640
660722
526202
884523
558390
844380
667362
180979
952907
373712
249101
266113
245199
863750
428475
394363
375730
560458
731554
915218
827167
337685
185604
40687
598974
560029
517135
563560
162925
656667
900732
565918
833741
426935
450441
392131
271315
117804
89462
224222
7868
338564
490336
769419
718666
435163
680134
610748
511973
928040
42318
855492
265725
744275
896180
381051
304304
929667
460964
983581
102686
361696
65851
936427
304983
516293
844911
576299
150449
934373
316873
674669
789289
323561
444088
24308
275076
124223
635056
787050
568615
193727
158894
350693
938002
571426
731744
242306
501094
709060
742239
603780
70757
808091
56560
375740
840736
901471
468391
991185
352196
785265
665854
141486
625178
626294
682146
900255
266869
833554
687305
835485
27281
362551
186178
965283
933978
434274
723941
435072
143335
466181
38852
730444
790624
95412
622536
631360
513235
90928
138897
865432
392545
321103
523270
17723
947397
205416
917978
214267
38970
121635
566104
582604
484187
752282
547887
418165
186556
788181
853237
846243
254362
408441
576687
561338
20206
199224
709050
533441
806504
847947
915225
199049
169050
954847
216772
632799
160263
134751
363418
715586
256386
929522
298190
740573
198156
362429
158738
901065
150610
528327
747308
921324
453121
323996
999014
989679
39572
708064
39472
846076
556011
954698
45125
241413
909545
261897
874213
586161
913000
753983
818099
169387
683506
632641
426312
881662
995070
101403
782727
662033
629730
46388
583357
599203
370384
582372
588882
926308
290436
628355
772384
362800
99405
333861
120565
525302
595758
511130
111463
508759
265114
929562
194498
464972
562203
620810
862986
73626
238565
645714
735659
384648
208454
319016
983851
578838
417740
89086
21498
224529
717441
793882
587329
333198
127743
707894
858500
239853
735377
969964
264964
491
415878
975814
465463
978082
596625
328449
568060
835190
490515
303719
219838
698969
622735
720042
794159
556828
809128
815657
781357
42921
125891
368686
376119
253634
592932
234619
9840
328309
720935
791156
845152
136814
766971
310615
631248
363596
155417
199308
715138
162284
503027
451329
861254
642114
171371
171765
198942
496851
503775
980299
539772
629666
865337
915891
399653
458270
666862
409493
302931
387798
200649
148084
524612
967620
975051
155860
847568
646820
871520
79059
809105
374547
530388
186711
16661
218111
358476
731956
714962
378603
712255
771086
8270
93945
686977
407923
68567
353839
333768
371498
257989
50769
35934
782601
534742
527338
454813
898662
174158
326333
977721
499615
217232
24461
686326
750246
758924
561155
482202
990238
939758
710809
761324
948028
804754
964653
872303
873321
834845
722423
761172
92834
773193
797106
391788
307935
324444
846601
206597
14955
689287
700671
514570
906519
241484
200897
173117
409
278404
655319
990647
218162
882481
751972
682543
203587
232977
71198
76909
67822
793622
354433
160657
566815
151539
552445
391102
992336
915398
114051
523643
604685
814722
38213
27557
56207
755462
200674
572968
33866
372346
563615
768381
254827
831939
967276
458414
581269
38474
51675
649091
832096
406108
326100
398911
74000
394897
306365
582688
310296
420417
106331
431333
751491
660896
975242
324050
416359
175917
897018
450225
64615
976986
734958
319442
325277
702234
294208
906546
740709
345884
555638
89157
268344
398090
4421
858696
792988
310786
441384
619636
247555
64067
50969
999047
724964
542564
839449
141323
718481
736468
107900
783096
229806
359211
618890
555083
61445
913098
461630
318506
775334
533620
407664
560031
931710
412085
418727
241050
239223
376464
860686
486779
440531
428008
2178
165495
486924
841627
823170
205405
94447
447423
504853
324253
806634
640095
395689
868079
69545
857319
702938
844880
907291
626954
921263
355353
555391
339990
112756
794614
232806
489794
797745
673338
917802
799923
355185
404726
641551
694708
126483
252350
142131
147688
576604
948765
304135
972293
333196
373681
345964
36134
734913
769607
663088
656176
124960
218479
512518
754068
529446
745325
243863
327191
418663
161665
127115
290200
82744
285018
984908
725579
537368
127039
389620
630324
592156
693755
118969
925353
67436
464933
961487
318701
234540
140928
974877
875853
875759
487396
629921
405205
232721
873784
248749
167736
551802
892216
457936
150898
177234
959197
392829
230954
86236
782449
377631
678393
992557
496600
120098
576345
477886
597937
895047
228778
738865
869924
104631
130977
873672
250905
536182
622745
641041
301283
306833
709195
193499
281122
376445
370733
240319
769275
118040
842907
68076
12023
37652
60633
508623
157750
636979
986509
755688
48378
731640
10905
918302
836271
658234
308327
603528
710769
447424
760922
12052
754258
470117
205552
35380
846563
92637
275699
132190
210677
634958
200266
739052
672611
777252
247676
346713
414231
750537
102401
978961
482177
629659
413615
834801
287893
721942
954681
998662
169367
715603
10715
923625
185721
732619
475357
548636
825256
267408
680826
552286
902366
881092
291338
574977
658344
55366
921691
588927
805904
540444
567888
804433
686455
981504
155586
490701
219798
110268
5715
905517
825871
532782
829142
527944
265401
820851
76580
90658
88259
273758
642944
990626
154851
934282
81955
329547
989649
519998
434827
311905
576795
519067
632690
263250
16923
788277
270303
236722
414897
276019
142239
240768
808801
487734
285065
74203
308585
877997
681213
913197
151756
324157
903823
822959
258439
985778
668858
764440
22129
103685
76345
598924
139105
709036
862174
156028
13665
648830
909102
428562
924849
51342
185682
250002
55428
470747
324205
880365
348745
5418
793562
16853
845927
213737
839812
620719
715868
25022
385159
737997
128708
977857
336921
784165
686893
715447
940193
700558
364277
849296
129120
289126
416990
314802
55481
988770
301902
379686
869135
166999
901457
179050
183852
747384
909139
540016
884455
625007
565038
269615
363004
210098
247472
216277
994263
450717
931725
450809
151275
812354
300105
796747
101481
233447
627901
156962
222217
446155
53000
607704
613154
470809
786754
313358
734546
695894
369726
619001
837253
451117
888616
716610
661215
652440
932887
171831
103157
864612
138992
770784
676967
955449
83883
294800
188896
711785
968114
927465
674292
537466
535169
287447
524628
838276
117157
259174
50522
486884
394527
887775
454353
799496
604385
631920
451936
537273
320103
71446
918237
459095
842230
111556
414544
926114
922708
119792
154251
407174
47257
828543
460993
582427
632342
985621
937055
265852
761147
987577
269088
672026
391704
723441
471522
996090
355361
439811
49715
675465
27609
484304
134560
869839
112213
65457
312305
551273
185249
982908
474800
232507
811452
935793
331286
960146
437766
268341
225998
715265
255918
11438
387291
163974
734879
375166
160064
606593
331329
726131
282058
358938
726788
932970
745129
839001
998427
57435
906626
700029
40343
381426
932536
368147
317219
263822
844646
271337
48515
586996
986602
820785
598435
890246
984759
333314
781764
661176
939907
629445
387307
738317
988383
630447
187640
249864
469448
186067
823651
376075
402448
863995
757501
334984
748494
591073
115158
593140
378762
163673
180137
881717
500810
778572
771963
485570
628238
70079
146746
84498
699524
50405
822815
204259
680853
10455
454123
666653
712875
277775
559080
115323
658122
832934
966660
922968
424007
81818
32461
802769
761844
212598
684486
779006
507522
972801
264576
652112
559232
927674
736610
775108
978080
559426
979367
658933
86233
949843
325586
315460
743970
884667
430784
918444
717601
397444
841412
657960
995614
390225
977081
273810
602823
177920
52817
626697
667073
833745
795162
226306
761420
531772
517766
739500
607550
13486
914785
210136
963329
756723
525596
223651
641390
956380
658447
875343
870176
16211
49655
382143
406437
543089
172305
525612
721009
741474
668662
904434
575220
463824
647092
336640
995596
164859
592492
119499
178345
507277
329635
658026
264000
855231
398029
421743
811612
56476
813438
198140
72687
863094
580283
479124
406183
268941
4737
643544
10415
673399
547978
585635
653575
195071
438627
649171
359930
31119
768670
54627
54748
614657
712653
318749
469889
110682
256844
797853
683510
70282
995993
756197
449728
92629
751674
372263
361570
272763
532159
371985
462514
80138
473973
116089
791561
912600
281612
667843
943720
566635
722470
998468
181292
951475
833569
651181
578509
606765
449034
262019
677048
961380
534568
643128
570361
802594
531744
448283
75357
63903
336620
54223
660393
810593
170312
968306
723194
451925
636149
183266
534912
874971
698086
716204
342798
48008
883738
921307
654773
332772
699678
848173
810504
234247
491302
897217
553193
539398
345500
628551
119653
682121
682774
780047
9066
369439
748353
248612
337716
900855
431878
872628
775826
646317
105184
634977
694325
988922
556284
349098
838047
255963
713624
648551
6562
204926
62121
76107
260676
407621
704658
380329
606094
903785
676728
131513
789576
941434
380125
643644
842289
328356
516272
134467
974673
621456
769444
185350
126731
842081
50800
964778
614396
764424
129681
137310
485702
191802
213417
746378
115776
434428
643060
238222
338213
319788
369735
644141
261222
749861
287785
103511
78217
320409
754331
569242
458217
40127
270944
584948
882208
321744
549726
496604
86169
679408
633914
571871
387562
847332
834602
503338
281760
477662
741561
136325
313802
111296
780466
575025
377509
584603
194888
972078
905012
949219
541320
363229
989347
812264
948178
387907
650361
497904
884512
736530
693664
34778
824753
81227
882110
175707
100917
680222
169721
842478
816547
483524
470127
113365
58549
363988
697968
769789
336067
602980
235361
393739
482562
224708
722356
430740
128967
372717
444996
13479
625599
138661
48258
966704
736240
446720
142412
837157
126943
312133
679636
459842
795657
666115
89560
370558
30103
303880
140348
366170
423213
375709
276262
905775
116769
998618
852867
245736
371335
297863
775568
513286
436524
340178
479990
689116
786898
138754
526274
430193
450888
722262
406388
762897
388377
12300
649808
934832
316180
306508
817355
255745
682217
93617
677872
315338
92235
530739
77426
979922
828603
369346
493208
781479
709524
489550
470596
12775
628305
996870
959320
595545
235484
365708
358442
623861
894360
524602
75045
726893
831110
892400
982638
29679
502369
660511
861369
110956
707602
938796
90878
536205
824494
100438
834037
534019
589989
304633
546794
734646
817855
22466
330191
53339
904527
204985
193552
798887
729588
268597
525780
77050
677350
24771
623082
179719
685282
484451
290676
392884
939599
897906
445442
764094
998345
279479
814465
104686
100464
877611
839332
918319
900077
685875
488010
804604
890860
681562
603492
136800
466511
645624
213851
143861
670395
836933
839933
872029
837736
646961
781266
777336
544867
226708
57782
59564
22539
872247
164250
123003
266210
519934
557674
166287
205809
45684
970892
96670
243598
90736
233470
710109
736360
963673
370323
923108
316958
726608
795137
154695
373569
576403
448383
918436
319463
22517
978001
342002
894764
658603
981357
677326
178538
55383
843613
900699
101067
330857
997369
861017
937945
747192
87479
190658
227217
457802
113766
544176
700762
908903
215223
74331
1659
663606
992767
837474
686123
487120
179477
97239
145724
677186
774565
840614
732570
134530
741313
349989
465388
255035
211007
403333
518579
298486
593991
745796
272640
224109
806324
973402
133013
21547
564085
651024
685153
73204
488498
887628
560325
184327
501219
222401
377866
792136
63015
110436
926667
804328
976777
908407
575715
187784
828092
94294
2622
938436
356443
791614
162545
162767
281368
811910
700667
845453
462934
385820
918658
467785
789801
995335
652112
807372
217736
546330
599509
280751
656766
42528
601431
149896
950935
693499
854032
779027
787793
856655
233815
660588
164621
396361
823356
445990
208271
524023
807795
187558
426195
242805
655343
732348
238140
823807
539721
455876
370138
655582
252979
543256
698110
854411
693152
165397
547910
547185
460776
852055
920192
694592
512644
601165
90953
852352
563507
815576
892727
371303
3134
835274
614108
174829
83975
368601
998637
140048
824477
885127
311982
77457
428383
10092
448220
637888
691841
512482
701425
152617
880889
137969
847209
909885
739134
454514
278589
302642
270091
171316
190297
273225
522943
804405
448055
123270
173006
963044
263318
513836
848171
575300
107645
792906
101744
72217
947146
793585
101051
648571
462554
981940
302892
826116
891826
42027
280630
170415
861021
550721
858084
51318
340299
897379
372075
788354
20649
61434
267750
800319
575270
115921
891971
199267
425179
510067
271484
372326
820004
888887
537249
282558
870827
840142
108674
279005
398521
905657
449421
259542
456378
823857
827212
796677
721236
199287
101383
258237
260721
885485
574908
352343
517758
983231
67962
942938
493298
855798
315264
313302
744685
368865
112212
615513
209007
737239
894518
607528
642896
860291
383422
615626
684148
210634
928656
921736
409922
546391
696325
186995
431877
787585
55691
949635
770816
123653
892573
264114
979452
724189
93768
724137
93055
722333
339650
818414
459572
750521
942295
102468
610812
325717
234446
811313
52704
163102
249401
978978
709494
462079
165973
141371
249664
221664
91006
20481
345318
499932
800947
324770
740473
894716
565259
833528
133401
421262
168295
592973
171783
110590
211793
298947
952659
446239
626612
5363
609342
876014
984341
835188
854445
666667
492911
104109
404683
583917
640942
750001
600201
441890
591123
340675
852958
672735
690555
986359
93997
858850
579332
782132
485792
307477
81079
438452
753716
707692
960167
879410
100058
460861
230950
954503
127528
723861
574964
532211
824131
215907
798565
424332
657797
906040
281359
510755
578775
971915
13466
189124
347117
109150
971256
832910
416627
52336
787714
686695
276380
747881
82458
892790
725094
313408
363645
852622
553622
938609
901186
377753
154516
216103
318437
328665
638495
116149
355772
733623
88064
369238
922747
951533
478388
894004
300795
411367
462692
88509
98063
255424
352743
696873
148214
77837
10281
511859
446812
80255
966820
347998
458008
121337
80453
292798
966354
718948
408947
322127
452571
13363
207717
375319
964896
202458
785675
265692
613825
248367
870553
228240
503791
223296
925113
168357
817486
451747
196568
264298
532002
163388
128648
990011
801077
209101
799161
767432
444401
208108
605911
896973
221471
813628
788644
702719
16086
574319
968411
146264
339038
355317
374504
842829
94965
299618
527538
912451
751365
724106
693101
283367
403846
338101
789730
721276
547202
588891
488708
991604
313351
610971
404929
534822
940951
193573
753894
957038
767892
722305
103302
106930
593974
994158
466111
688940
293776
510001
117743
561493
234107
810845
361213
154305
148946
150943
875581
212501
256187
880641
720457
85890
491612
125386
137065
432564
835311
890959
905954
603203
129616
525608
226485
723591
519766
208948
928883
329895
718949
46626
891388
953056
373823
252601
623713
39122
919897
499295
251623
692436
379936
488432
778326
387901
130170
915391
336817
965481
806350
759123
85036
935967
284731
311521
175910
320849
520469
104793
650744
755770
151419
542133
225178
41595
794734
848891
80717
230983
348186
848692
923419
244475
337124
701746
148728
467294
133489
485545
949127
939840
244668
34163
392159
45751
345684
84421
366600
382505
189214
17345
138275
856985
75830
363453
898580
386916
728696
979297
617900
593235
344341
541319
837710
681465
759417
986438
665111
892907
988335
614238
832747
749355
648401
741258
795106
510437
825679
678058
409294
531245
695403
63921
388230
